Eval_AverageReturn,Eval_StdReturn,Eval_MaxReturn,Eval_MinReturn,Eval_AverageEpLen,step,Train_EpisodeReturn,Train_EpisodeLen,critic_loss,q_values,target_values,grad_norm,epsilon,lr
-709.8646,252.57066,-492.9083,-1356.922,96.3,0,,,,,,,,
,,,,,75,-150.07765,76,,,,,,
,,,,,149,-101.939415,74,,,,,,
,,,,,244,-117.153275,95,,,,,,
,,,,,347,-204.33167,103,,,,,,
,,,,,430,-378.06482,83,,,,,,
,,,,,526,-398.34885,96,,,,,,
,,,,,640,-469.15915,114,,,,,,
,,,,,698,-137.00708,58,,,,,,
,,,,,761,-58.684704,63,,,,,,
,,,,,849,-145.86438,88,,,,,,
,,,,,921,-149.48947,72,,,,,,
,,,,,985,-77.793236,64,,,,,,
,,,,,1079,-96.295166,94,,,,,,
,,,,,1151,-162.65887,72,,,,,,
,,,,,1228,-267.3828,77,,,,,,
,,,,,1332,-125.09596,104,,,,,,
,,,,,1395,-169.54056,63,,,,,,
,,,,,1481,-119.71453,86,,,,,,
,,,,,1601,-183.53636,120,,,,,,
,,,,,1663,-123.68572,62,,,,,,
,,,,,1742,-261.02155,79,,,,,,
,,,,,1848,-95.45679,106,,,,,,
,,,,,1923,-140.93658,75,,,,,,
,,,,,2024,-99.94946,101,,,,,,
,,,,,2114,-135.62813,90,,,,,,
,,,,,2194,-349.54617,80,,,,,,
,,,,,2299,-104.26267,105,,,,,,
,,,,,2411,-356.965,112,,,,,,
,,,,,2507,-86.07114,96,,,,,,
,,,,,2657,-107.82543,150,,,,,,
,,,,,2787,-308.33197,130,,,,,,
,,,,,2857,-145.70547,70,,,,,,
,,,,,2924,-164.96954,67,,,,,,
,,,,,3003,-104.15932,79,,,,,,
,,,,,3098,-362.98996,95,,,,,,
,,,,,3221,-232.73727,123,,,,,,
,,,,,3315,-52.05777,94,,,,,,
,,,,,3403,-61.36974,88,,,,,,
,,,,,3509,-581.23975,106,,,,,,
,,,,,3629,-321.84912,120,,,,,,
,,,,,3736,-498.96844,107,,,,,,
,,,,,3838,-217.90366,102,,,,,,
,,,,,3934,-113.27344,96,,,,,,
,,,,,4008,-98.03891,74,,,,,,
,,,,,4093,-122.57313,85,,,,,,
,,,,,4169,-81.531815,76,,,,,,
,,,,,4241,-346.55884,72,,,,,,
,,,,,4331,-386.78937,90,,,,,,
,,,,,4418,-198.48041,87,,,,,,
,,,,,4506,-246.06686,88,,,,,,
,,,,,4582,-72.164345,76,,,,,,
,,,,,4655,-75.1254,73,,,,,,
,,,,,4746,-383.8919,91,,,,,,
,,,,,4862,-142.1682,116,,,,,,
,,,,,4957,-127.11548,95,,,,,,
,,,,,5055,-89.53505,98,,,,,,
,,,,,5170,-97.27737,115,,,,,,
,,,,,5258,-114.42412,88,,,,,,
,,,,,5394,-200.85385,136,,,,,,
,,,,,5530,-97.28273,136,,,,,,
,,,,,5604,-196.53485,74,,,,,,
,,,,,5691,-187.6095,87,,,,,,
,,,,,5849,-135.47993,158,,,,,,
,,,,,5937,-373.50195,88,,,,,,
,,,,,6062,-152.0474,125,,,,,,
,,,,,6137,-102.69298,75,,,,,,
,,,,,6251,-135.54529,114,,,,,,
,,,,,6350,-296.05096,99,,,,,,
,,,,,6445,-129.82603,95,,,,,,
,,,,,6517,-128.3601,72,,,,,,
,,,,,6635,-126.648315,118,,,,,,
,,,,,6723,-192.18822,88,,,,,,
,,,,,6818,-301.28644,95,,,,,,
,,,,,6892,-126.516266,74,,,,,,
,,,,,6962,-144.41739,70,,,,,,
,,,,,7047,-100.26813,85,,,,,,
,,,,,7125,-139.77347,78,,,,,,
,,,,,7193,-140.08511,68,,,,,,
,,,,,7319,-384.5581,126,,,,,,
,,,,,7413,-258.44476,94,,,,,,
,,,,,7517,-325.84436,104,,,,,,
,,,,,7609,-208.26292,92,,,,,,
,,,,,7676,-166.23923,67,,,,,,
,,,,,7775,-267.7139,99,,,,,,
,,,,,7888,-301.4599,113,,,,,,
,,,,,7965,-102.212105,77,,,,,,
,,,,,8049,-156.53946,84,,,,,,
,,,,,8156,-111.2423,107,,,,,,
,,,,,8257,-91.648224,101,,,,,,
,,,,,8379,-335.25775,122,,,,,,
,,,,,8494,-439.44687,115,,,,,,
,,,,,8578,-144.53075,84,,,,,,
,,,,,8685,-142.22191,107,,,,,,
,,,,,8769,-111.06567,84,,,,,,
,,,,,8877,-64.55346,108,,,,,,
,,,,,8948,-92.05725,71,,,,,,
,,,,,9037,-379.60098,89,,,,,,
,,,,,9110,-75.57941,73,,,,,,
,,,,,9214,-337.57693,104,,,,,,
,,,,,9288,-125.63347,74,,,,,,
,,,,,9366,-172.22137,78,,,,,,
,,,,,9463,-396.71576,97,,,,,,
,,,,,9561,-205.30994,98,,,,,,
,,,,,9634,-106.91377,73,,,,,,
,,,,,9755,-292.70547,121,,,,,,
,,,,,9889,-125.406586,134,,,,,,
,,,,,9970,-355.7364,81,,,,,,
-693.9627,215.84135,-418.49673,-1068.1543,88.6,10000,,,,,,,,
,,,,,10044,-300.08728,74,,,,,,
,,,,,10125,-100.13094,81,,,,,,
,,,,,10193,-117.59731,68,,,,,,
,,,,,10270,-162.192,77,,,,,,
,,,,,10404,-418.4109,134,,,,,,
,,,,,10541,-168.27118,137,,,,,,
,,,,,10620,-295.51413,79,,,,,,
,,,,,10694,-69.49987,74,,,,,,
,,,,,10830,-415.91986,136,,,,,,
,,,,,10902,-76.48533,72,,,,,,
,,,,,11016,-162.04611,114,,,,,,
,,,,,11109,-130.95676,93,,,,,,
,,,,,11184,-111.391335,75,,,,,,
,,,,,11283,-372.3591,99,,,,,,
,,,,,11430,-145.95943,147,,,,,,
,,,,,11549,-100.19326,119,,,,,,
,,,,,11645,-102.069336,96,,,,,,
,,,,,11702,-81.58266,57,,,,,,
,,,,,11808,-120.76379,106,,,,,,
,,,,,11900,-53.471573,92,,,,,,
,,,,,12024,-377.92477,124,,,,,,
,,,,,12122,5.6882095,98,,,,,,
,,,,,12195,-67.97873,73,,,,,,
,,,,,12330,-137.79297,135,,,,,,
,,,,,12428,-177.51498,98,,,,,,
,,,,,12506,-253.23067,78,,,,,,
,,,,,12630,-267.8037,124,,,,,,
,,,,,12714,-137.46326,84,,,,,,
,,,,,12798,-65.16319,84,,,,,,
,,,,,12881,-80.18146,83,,,,,,
,,,,,12975,-502.4911,94,,,,,,
,,,,,13107,-286.98196,132,,,,,,
,,,,,13189,-133.86394,82,,,,,,
,,,,,13271,-249.92856,82,,,,,,
,,,,,13412,-320.13904,141,,,,,,
,,,,,13486,-89.16905,74,,,,,,
,,,,,13593,-181.17622,107,,,,,,
,,,,,13687,-294.38693,94,,,,,,
,,,,,13761,-99.67944,74,,,,,,
,,,,,13867,-403.14914,106,,,,,,
,,,,,13953,-135.06267,86,,,,,,
,,,,,14075,-88.882195,122,,,,,,
,,,,,14165,-209.08742,90,,,,,,
,,,,,14229,-99.54584,64,,,,,,
,,,,,14330,-262.94287,101,,,,,,
,,,,,14406,-104.27273,76,,,,,,
,,,,,14515,-306.19962,109,,,,,,
,,,,,14600,-256.00745,85,,,,,,
,,,,,14736,-386.162,136,,,,,,
,,,,,14867,20.623108,131,,,,,,
,,,,,14955,-127.37221,88,,,,,,
,,,,,15069,-283.10992,114,,,,,,
,,,,,15136,-88.30899,67,,,,,,
,,,,,15271,-318.31616,135,,,,,,
,,,,,15381,-444.34122,110,,,,,,
,,,,,15489,-262.1427,108,,,,,,
,,,,,15598,-112.34955,109,,,,,,
,,,,,15664,-230.53925,66,,,,,,
,,,,,15768,-511.5946,104,,,,,,
,,,,,15835,-100.83126,67,,,,,,
,,,,,15913,-286.9102,78,,,,,,
,,,,,16003,-42.60676,90,,,,,,
,,,,,16093,-449.7194,90,,,,,,
,,,,,16185,-382.7686,92,,,,,,
,,,,,16257,-322.8708,72,,,,,,
,,,,,16406,-253.15031,149,,,,,,
,,,,,16523,-152.58148,117,,,,,,
,,,,,16603,-164.14993,80,,,,,,
,,,,,16747,-118.081894,144,,,,,,
,,,,,16869,-150.05688,122,,,,,,
,,,,,16939,-255.1932,70,,,,,,
,,,,,17034,-118.42629,95,,,,,,
,,,,,17119,-142.13608,85,,,,,,
,,,,,17203,-57.391964,84,,,,,,
,,,,,17292,-441.53854,89,,,,,,
,,,,,17427,-289.52,135,,,,,,
,,,,,17569,-160.38634,142,,,,,,
,,,,,17673,-162.55527,104,,,,,,
,,,,,17808,-512.4323,135,,,,,,
,,,,,17935,-440.93307,127,,,,,,
,,,,,18034,-107.01292,99,,,,,,
,,,,,18172,-384.82318,138,,,,,,
,,,,,18263,-220.75351,91,,,,,,
,,,,,18331,-325.29037,68,,,,,,
,,,,,18461,-293.00824,130,,,,,,
,,,,,18520,-134.25653,59,,,,,,
,,,,,18584,-67.539734,64,,,,,,
,,,,,18647,-113.97695,63,,,,,,
,,,,,18792,-429.19733,145,,,,,,
,,,,,18888,-288.2705,96,,,,,,
,,,,,18984,-369.06183,96,,,,,,
,,,,,19055,-87.971695,71,,,,,,
,,,,,19157,-21.744957,102,,,,,,
,,,,,19276,-436.8185,119,,,,,,
,,,,,19364,-142.84393,88,,,,,,
,,,,,19438,-98.73309,74,,,,,,
,,,,,19542,-395.4884,104,,,,,,
,,,,,19680,-124.89753,138,,,,,,
,,,,,19746,-174.18243,66,,,,,,
,,,,,19828,-218.60957,82,,,,,,
,,,,,19942,-37.122757,114,,,,,,
-1029.3586,385.60663,-508.67938,-1911.6876,131.8,20000,,,224.599609375,-0.044523708522319794,-0.9705791473388672,18.476119995117188,0.88,0.001
,,,,,20094,-73.96333,152,,,,,,
,,,,,20171,-105.9334,77,,,,,,
,,,,,20273,-325.4642,102,,,,,,
,,,,,20367,-97.0066,94,,,,,,
,,,,,20460,-122.27158,93,,,,,,
,,,,,20570,-340.69373,110,,,,,,
,,,,,20669,-30.379623,99,,,,,,
,,,,,20755,-270.5904,86,,,,,,
,,,,,20897,-329.99274,142,,,,,,
,,,,,20987,-276.13135,90,,,,,,
,,,,,21000,,,65.71665954589844,-3.1514406204223633,-3.9755969047546387,37.044944763183594,0.874,0.001
,,,,,21145,-261.4046,158,,,,,,
,,,,,21260,-226.33238,115,,,,,,
,,,,,21361,-97.835846,101,,,,,,
,,,,,21433,36.317062,72,,,,,,
,,,,,21534,-56.088852,101,,,,,,
,,,,,21630,-390.39328,96,,,,,,
,,,,,21733,-57.01358,103,,,,,,
,,,,,21841,-128.97325,108,,,,,,
,,,,,21951,-99.18399,110,,,,,,
,,,,,22000,,,1.6941959857940674,-0.6519978046417236,-0.6416518688201904,10.757184982299805,0.868,0.001
,,,,,22024,-90.96755,73,,,,,,
,,,,,22098,-189.97632,74,,,,,,
,,,,,22228,-101.038506,130,,,,,,
,,,,,22331,-123.11248,103,,,,,,
,,,,,22423,-183.34706,92,,,,,,
,,,,,22541,-136.13235,118,,,,,,
,,,,,22669,-364.84354,128,,,,,,
,,,,,22777,-105.97354,108,,,,,,
,,,,,22856,-81.32301,79,,,,,,
,,,,,23000,,,33.78889083862305,-3.6640830039978027,-3.539064407348633,30.8712215423584,0.862,0.001
,,,,,23022,-469.96674,166,,,,,,
,,,,,23099,-87.16796,77,,,,,,
,,,,,23188,-63.889057,89,,,,,,
,,,,,23257,-105.21774,69,,,,,,
,,,,,23374,-161.29214,117,,,,,,
,,,,,23489,-12.863937,115,,,,,,
,,,,,23568,-344.43378,79,,,,,,
,,,,,23672,-86.64787,104,,,,,,
,,,,,23782,-83.83717,110,,,,,,
,,,,,23914,-55.218445,132,,,,,,
,,,,,23995,-83.353806,81,,,,,,
,,,,,24000,,,23.260522842407227,-1.8142536878585815,-0.8356572389602661,41.83974075317383,0.856,0.001
,,,,,24115,-114.935135,120,,,,,,
,,,,,24275,-170.33069,160,,,,,,
,,,,,24381,-211.91354,106,,,,,,
,,,,,24488,-113.54301,107,,,,,,
,,,,,24573,-59.28056,85,,,,,,
,,,,,24709,-148.3086,136,,,,,,
,,,,,24774,-82.9114,65,,,,,,
,,,,,24850,-168.22778,76,,,,,,
,,,,,24940,-132.60838,90,,,,,,
,,,,,25000,,,112.69163513183594,-0.7115830183029175,-3.0818634033203125,132.907470703125,0.85,0.001
,,,,,25006,-278.89307,66,,,,,,
,,,,,25112,-118.17058,106,,,,,,
,,,,,25231,-88.56119,119,,,,,,
,,,,,25327,-122.53877,96,,,,,,
,,,,,25425,-204.09729,98,,,,,,
,,,,,25512,35.273727,87,,,,,,
,,,,,25637,-108.155685,125,,,,,,
,,,,,25726,-102.744194,89,,,,,,
,,,,,25830,-46.019676,104,,,,,,
,,,,,25942,-81.10273,112,,,,,,
,,,,,26000,,,13.339848518371582,-0.670549213886261,-1.3607447147369385,42.833770751953125,0.844,0.001
,,,,,26047,-119.76468,105,,,,,,
,,,,,26188,2.8996353,141,,,,,,
,,,,,26308,-220.82964,120,,,,,,
,,,,,26441,-82.121185,133,,,,,,
,,,,,26502,-142.31322,61,,,,,,
,,,,,26589,-91.0128,87,,,,,,
,,,,,26728,-159.16208,139,,,,,,
,,,,,26792,-86.943245,64,,,,,,
,,,,,26930,-101.89416,138,,,,,,
,,,,,27000,,,1.785926103591919,2.8602421283721924,3.647533893585205,41.32129669189453,0.838,0.001
,,,,,27016,-166.46924,86,,,,,,
,,,,,27100,-103.68356,84,,,,,,
,,,,,27231,-166.66112,131,,,,,,
,,,,,27309,-322.97705,78,,,,,,
,,,,,27429,-122.97208,120,,,,,,
,,,,,27519,-148.94391,90,,,,,,
,,,,,27609,-54.11567,90,,,,,,
,,,,,27750,-323.53696,141,,,,,,
,,,,,27832,-57.709618,82,,,,,,
,,,,,27953,-191.206,121,,,,,,
,,,,,28000,,,24.23404884338379,1.3190650939941406,1.0759472846984863,62.863433837890625,0.832,0.001
,,,,,28082,-105.271324,129,,,,,,
,,,,,28147,-73.32838,65,,,,,,
,,,,,28276,-66.715675,129,,,,,,
,,,,,28398,-106.64696,122,,,,,,
,,,,,28514,-97.10858,116,,,,,,
,,,,,28599,9.180084,85,,,,,,
,,,,,28692,-196.0914,93,,,,,,
,,,,,28805,-89.63374,113,,,,,,
,,,,,28938,-202.83475,133,,,,,,
,,,,,29000,,,1.8670012950897217,-1.1281507015228271,-0.9459611773490906,25.330717086791992,0.8260000000000001,0.001
,,,,,29016,-85.75894,78,,,,,,
,,,,,29085,-122.48766,69,,,,,,
,,,,,29172,-78.41352,87,,,,,,
,,,,,29294,-181.71971,122,,,,,,
,,,,,29382,-50.16872,88,,,,,,
,,,,,29453,-75.607635,71,,,,,,
,,,,,29568,-20.38823,115,,,,,,
,,,,,29647,-82.69685,79,,,,,,
,,,,,29768,-96.644554,121,,,,,,
,,,,,29838,-57.01262,70,,,,,,
,,,,,29922,-84.32415,84,,,,,,
-472.35385,297.92108,-121.00222,-1020.6424,742.9,30000,,,6.031769752502441,0.03512310981750488,-0.05984044075012207,42.7789306640625,0.82,0.001
,,,,,30022,-216.7795,100,,,,,,
,,,,,30102,-71.35274,80,,,,,,
,,,,,30187,-79.17653,85,,,,,,
,,,,,30312,-145.38744,125,,,,,,
,,,,,30423,-195.40625,111,,,,,,
,,,,,30532,-36.128086,109,,,,,,
,,,,,30632,-142.70685,100,,,,,,
,,,,,30749,-112.69244,117,,,,,,
,,,,,30890,-83.078094,141,,,,,,
,,,,,31000,,,9.848299026489258,-3.644263744354248,-4.122750282287598,54.11358642578125,0.8140000000000001,0.001
,,,,,31012,-164.04228,122,,,,,,
,,,,,31140,-85.99698,128,,,,,,
,,,,,31239,-117.69798,99,,,,,,
,,,,,31321,-127.3868,82,,,,,,
,,,,,31446,-210.88062,125,,,,,,
,,,,,31589,-71.331566,143,,,,,,
,,,,,31698,-172.64403,109,,,,,,
,,,,,31825,-40.989235,127,,,,,,
,,,,,31905,-70.20191,80,,,,,,
,,,,,32000,,,1.2810750007629395,-2.183286428451538,-2.3723886013031006,18.146677017211914,0.808,0.001
,,,,,32026,-53.510292,121,,,,,,
,,,,,32119,-90.977,93,,,,,,
,,,,,32242,-58.139675,123,,,,,,
,,,,,32387,-249.22903,145,,,,,,
,,,,,32481,-100.5549,94,,,,,,
,,,,,32560,-91.53201,79,,,,,,
,,,,,32631,-112.57,71,,,,,,
,,,,,32726,-31.18097,95,,,,,,
,,,,,32832,-104.90308,106,,,,,,
,,,,,32932,-120.640396,100,,,,,,
,,,,,33000,,,9.824691772460938,-1.4059596061706543,-1.7309997081756592,42.51262283325195,0.802,0.001
,,,,,33016,-67.52078,84,,,,,,
,,,,,33124,-81.5083,108,,,,,,
,,,,,33209,-105.32718,85,,,,,,
,,,,,33391,-100.79174,182,,,,,,
,,,,,33531,-50.97963,140,,,,,,
,,,,,33624,-91.20746,93,,,,,,
,,,,,33796,-46.707195,172,,,,,,
,,,,,33899,-86.763725,103,,,,,,
,,,,,34000,,,0.7206729650497437,9.111673355102539,9.299921035766602,19.041790008544922,0.796,0.001
,,,,,34014,-172.01521,115,,,,,,
,,,,,34144,-211.31772,130,,,,,,
,,,,,34198,-214.03622,54,,,,,,
,,,,,34263,-71.02667,65,,,,,,
,,,,,34377,-125.87518,114,,,,,,
,,,,,34442,-90.42204,65,,,,,,
,,,,,34517,-106.56184,75,,,,,,
,,,,,34620,-123.7043,103,,,,,,
,,,,,34686,-121.735214,66,,,,,,
,,,,,34773,-118.876656,87,,,,,,
,,,,,34863,-138.30792,90,,,,,,
,,,,,35000,,,1.385643720626831,3.597473621368408,3.688213348388672,17.803449630737305,0.79,0.001
,,,,,35003,-79.27073,140,,,,,,
,,,,,35137,-119.82752,134,,,,,,
,,,,,35221,-34.268295,84,,,,,,
,,,,,35295,-133.2631,74,,,,,,
,,,,,35383,-86.902725,88,,,,,,
,,,,,35534,-60.644867,151,,,,,,
,,,,,35613,-63.147675,79,,,,,,
,,,,,35707,-84.363464,94,,,,,,
,,,,,35772,-74.867226,65,,,,,,
,,,,,35889,-2.6114502,117,,,,,,
,,,,,35971,-57.638554,82,,,,,,
,,,,,36000,,,11.425063133239746,-6.235241889953613,-6.01112174987793,40.51926040649414,0.784,0.001
,,,,,36081,-186.00844,110,,,,,,
,,,,,36198,-94.99968,117,,,,,,
,,,,,36332,-57.730988,134,,,,,,
,,,,,36403,-45.826996,71,,,,,,
,,,,,36476,-107.47508,73,,,,,,
,,,,,36588,-85.66172,112,,,,,,
,,,,,36660,-102.89932,72,,,,,,
,,,,,36725,-69.86606,65,,,,,,
,,,,,36798,-62.481606,73,,,,,,
,,,,,36915,-81.67896,117,,,,,,
,,,,,37000,,,14.322651863098145,-0.6454508304595947,-0.15029311180114746,71.44084930419922,0.778,0.001
,,,,,37005,-84.263695,90,,,,,,
,,,,,37140,-35.08757,135,,,,,,
,,,,,37241,-187.80156,101,,,,,,
,,,,,37336,-328.02365,95,,,,,,
,,,,,37445,-74.41421,109,,,,,,
,,,,,37528,-40.493874,83,,,,,,
,,,,,37622,-98.4159,94,,,,,,
,,,,,37737,-105.87657,115,,,,,,
,,,,,37859,-62.5185,122,,,,,,
,,,,,37950,-48.108215,91,,,,,,
,,,,,38000,,,20.64994239807129,5.999345779418945,6.7902960777282715,73.38129425048828,0.772,0.001
,,,,,38032,-114.03501,82,,,,,,
,,,,,38174,-53.48153,142,,,,,,
,,,,,38312,-95.454414,138,,,,,,
,,,,,38390,-42.933506,78,,,,,,
,,,,,38480,-71.09807,90,,,,,,
,,,,,38566,-106.16358,86,,,,,,
,,,,,38649,-83.16227,83,,,,,,
,,,,,38775,-49.45678,126,,,,,,
,,,,,38863,-88.657005,88,,,,,,
,,,,,38978,-96.99339,115,,,,,,
,,,,,39000,,,5.216716289520264,-9.529886245727539,-9.60519790649414,35.15256881713867,0.766,0.001
,,,,,39053,-86.05258,75,,,,,,
,,,,,39174,-36.565063,121,,,,,,
,,,,,39238,-71.10976,64,,,,,,
,,,,,39333,-86.20827,95,,,,,,
,,,,,39450,-62.864883,117,,,,,,
,,,,,39570,-27.973694,120,,,,,,
,,,,,39684,-51.497265,114,,,,,,
,,,,,39771,-46.261436,87,,,,,,
,,,,,39884,-104.55438,113,,,,,,
-152.71088,90.05412,39.815323,-265.7885,755.6,40000,,,6.062752723693848,1.9879848957061768,1.625662088394165,59.48258972167969,0.76,0.001
,,,,,40017,-44.691563,133,,,,,,
,,,,,40080,-55.27143,63,,,,,,
,,,,,40198,-103.475586,118,,,,,,
,,,,,40317,-130.08992,119,,,,,,
,,,,,40399,-87.61804,82,,,,,,
,,,,,40548,48.823486,149,,,,,,
,,,,,40657,-87.211464,109,,,,,,
,,,,,40750,-79.36894,93,,,,,,
,,,,,40868,-71.3358,118,,,,,,
,,,,,41000,,,1.7185537815093994,12.136518478393555,12.389997482299805,26.0433349609375,0.754,0.001
,,,,,41010,-77.58888,142,,,,,,
,,,,,41110,-114.900734,100,,,,,,
,,,,,41186,-93.99754,76,,,,,,
,,,,,41315,-36.559,129,,,,,,
,,,,,41449,-85.71942,134,,,,,,
,,,,,41573,-102.77246,124,,,,,,
,,,,,41683,-49.141827,110,,,,,,
,,,,,41790,-51.367847,107,,,,,,
,,,,,41879,-92.04912,89,,,,,,
,,,,,42000,,,9.036114692687988,1.4968550205230713,0.9513144493103027,62.37763977050781,0.748,0.001
,,,,,42024,-75.47294,145,,,,,,
,,,,,42138,-50.901115,114,,,,,,
,,,,,42296,-33.004242,158,,,,,,
,,,,,42459,-107.87071,163,,,,,,
,,,,,42588,-42.195496,129,,,,,,
,,,,,42678,4.9802246,90,,,,,,
,,,,,42794,-71.21991,116,,,,,,
,,,,,42866,-83.32874,72,,,,,,
,,,,,42995,-61.43563,129,,,,,,
,,,,,43000,,,1.7474392652511597,11.155543327331543,11.075510025024414,18.377758026123047,0.742,0.001
,,,,,43080,-102.56909,85,,,,,,
,,,,,43197,-71.54892,117,,,,,,
,,,,,43291,-65.43456,94,,,,,,
,,,,,43357,-57.641605,66,,,,,,
,,,,,43472,-54.20685,115,,,,,,
,,,,,43585,-81.12885,113,,,,,,
,,,,,43694,-93.52558,109,,,,,,
,,,,,43775,-43.40216,81,,,,,,
,,,,,43893,-62.819405,118,,,,,,
,,,,,43990,-38.634956,97,,,,,,
,,,,,44000,,,2.165597677230835,17.39457130432129,16.494720458984375,80.98106384277344,0.736,0.001
,,,,,44103,-55.94493,113,,,,,,
,,,,,44204,-83.978745,101,,,,,,
,,,,,44329,-97.46667,125,,,,,,
,,,,,44428,-91.31477,99,,,,,,
,,,,,44551,-173.68222,123,,,,,,
,,,,,44661,-58.059055,110,,,,,,
,,,,,44764,-38.05999,103,,,,,,
,,,,,44877,-156.4021,113,,,,,,
,,,,,44960,-103.80833,83,,,,,,
,,,,,45000,,,8.40157699584961,6.220578193664551,6.172868251800537,64.15888977050781,0.73,0.001
,,,,,45099,-88.24828,139,,,,,,
,,,,,45176,-72.27647,77,,,,,,
,,,,,45263,-94.489624,87,,,,,,
,,,,,45359,-118.637024,96,,,,,,
,,,,,45451,-104.840454,92,,,,,,
,,,,,45543,-37.057854,92,,,,,,
,,,,,45663,-18.253098,120,,,,,,
,,,,,45788,-74.40049,125,,,,,,
,,,,,45909,-69.02685,121,,,,,,
,,,,,46000,,,4.364459037780762,5.246851921081543,4.426262855529785,82.9980239868164,0.724,0.001
,,,,,46041,-63.671448,132,,,,,,
,,,,,46129,-105.58537,88,,,,,,
,,,,,46196,-47.251663,67,,,,,,
,,,,,46297,-82.26214,101,,,,,,
,,,,,46426,-111.56127,129,,,,,,
,,,,,46512,-77.64981,86,,,,,,
,,,,,46605,-97.36538,93,,,,,,
,,,,,46687,-84.43396,82,,,,,,
,,,,,46815,-90.76614,128,,,,,,
,,,,,46940,-71.3602,125,,,,,,
,,,,,47000,,,2.533928632736206,5.521247863769531,5.623350143432617,35.81575393676758,0.718,0.001
,,,,,47026,-35.574417,86,,,,,,
,,,,,47115,-53.34935,89,,,,,,
,,,,,47230,-71.46407,115,,,,,,
,,,,,47300,-98.88002,70,,,,,,
,,,,,47388,-67.01598,88,,,,,,
,,,,,47497,-130.29726,109,,,,,,
,,,,,47655,-132.82266,158,,,,,,
,,,,,47736,-57.839607,81,,,,,,
,,,,,47824,-48.304768,88,,,,,,
,,,,,47896,-84.33363,72,,,,,,
,,,,,47992,-56.764256,96,,,,,,
,,,,,48000,,,2.124380350112915,16.158416748046875,15.857954025268555,25.38570785522461,0.712,0.001
,,,,,48080,-75.99451,88,,,,,,
,,,,,48198,-121.25967,118,,,,,,
,,,,,48259,-62.15262,61,,,,,,
,,,,,48370,-114.85874,111,,,,,,
,,,,,48456,-60.521713,86,,,,,,
,,,,,48595,-70.636444,139,,,,,,
,,,,,48699,-66.71681,104,,,,,,
,,,,,48803,-68.11699,104,,,,,,
,,,,,48870,-52.73853,67,,,,,,
,,,,,49000,,,4.526268482208252,11.728610038757324,12.051523208618164,62.533199310302734,0.706,0.001
,,,,,49042,-110.95752,172,,,,,,
,,,,,49142,-107.115776,100,,,,,,
,,,,,49243,14.520943,101,,,,,,
,,,,,49348,-49.08105,105,,,,,,
,,,,,49448,-78.773834,100,,,,,,
,,,,,49575,-59.523254,127,,,,,,
,,,,,49688,-70.18553,113,,,,,,
,,,,,49779,-12.117653,91,,,,,,
,,,,,49846,-75.06329,67,,,,,,
,,,,,49962,-51.662945,116,,,,,,
-160.96805,55.21644,-102.713066,-269.17944,391.3,50000,,,21.786462783813477,1.2340373992919922,0.5665695667266846,82.29735565185547,0.7,0.001
,,,,,50042,-43.654213,80,,,,,,
,,,,,50117,-119.175766,75,,,,,,
,,,,,50188,-18.97313,71,,,,,,
,,,,,50258,-48.612015,70,,,,,,
,,,,,50420,-28.174263,162,,,,,,
,,,,,50511,-93.782196,91,,,,,,
,,,,,50625,-47.91943,114,,,,,,
,,,,,50739,-80.242645,114,,,,,,
,,,,,50835,-36.303185,96,,,,,,
,,,,,50937,-91.485954,102,,,,,,
,,,,,51000,,,10.255657196044922,10.363333702087402,9.790406227111816,72.9228744506836,0.694,0.001
,,,,,51047,-133.42343,110,,,,,,
,,,,,51164,-68.01076,117,,,,,,
,,,,,51237,-41.337467,73,,,,,,
,,,,,51321,-69.98933,84,,,,,,
,,,,,51436,-50.085968,115,,,,,,
,,,,,51529,-50.143463,93,,,,,,
,,,,,51648,-50.645008,119,,,,,,
,,,,,51752,-99.91874,104,,,,,,
,,,,,51833,-82.41922,81,,,,,,
,,,,,51942,-69.023575,109,,,,,,
,,,,,52000,,,3.153989791870117,15.972697257995605,16.611228942871094,58.38645935058594,0.688,0.001
,,,,,52018,-34.03415,76,,,,,,
,,,,,52102,-97.965866,84,,,,,,
,,,,,52166,-60.12319,64,,,,,,
,,,,,52276,-89.57765,110,,,,,,
,,,,,52378,-77.02409,102,,,,,,
,,,,,52499,-127.00677,121,,,,,,
,,,,,52602,-68.822174,103,,,,,,
,,,,,52701,-55.59977,99,,,,,,
,,,,,52799,-79.32027,98,,,,,,
,,,,,52908,-106.11515,109,,,,,,
,,,,,53000,,,11.566394805908203,11.96802043914795,11.022663116455078,103.24864959716797,0.6819999999999999,0.001
,,,,,53026,-52.770206,118,,,,,,
,,,,,53145,-67.44835,119,,,,,,
,,,,,53266,-138.82585,121,,,,,,
,,,,,53331,-43.636997,65,,,,,,
,,,,,53453,-87.00861,122,,,,,,
,,,,,53562,-43.111725,109,,,,,,
,,,,,53648,-27.686852,86,,,,,,
,,,,,53728,-94.02209,80,,,,,,
,,,,,53825,-59.48,97,,,,,,
,,,,,53928,-88.74768,103,,,,,,
,,,,,54000,,,6.75272274017334,19.86012840270996,19.692325592041016,42.545387268066406,0.6759999999999999,0.001
,,,,,54006,-32.429047,78,,,,,,
,,,,,54086,-53.6719,80,,,,,,
,,,,,54207,-88.086174,121,,,,,,
,,,,,54297,-64.561935,90,,,,,,
,,,,,54383,-30.545303,86,,,,,,
,,,,,54467,-57.600327,84,,,,,,
,,,,,54580,-83.2375,113,,,,,,
,,,,,54671,-46.840622,91,,,,,,
,,,,,54787,-131.18051,116,,,,,,
,,,,,54868,-45.857952,81,,,,,,
,,,,,54967,-58.46678,99,,,,,,
,,,,,55000,,,8.733377456665039,5.113898277282715,5.07061767578125,41.681434631347656,0.67,0.001
,,,,,55056,-38.281868,89,,,,,,
,,,,,55143,-98.337074,87,,,,,,
,,,,,55240,-87.856575,97,,,,,,
,,,,,55317,-55.092102,77,,,,,,
,,,,,55435,-72.55972,118,,,,,,
,,,,,55554,-84.78322,119,,,,,,
,,,,,55653,-75.21346,99,,,,,,
,,,,,55741,-123.91434,88,,,,,,
,,,,,55815,0.53030396,74,,,,,,
,,,,,55890,-27.508682,75,,,,,,
,,,,,55989,-65.161354,99,,,,,,
,,,,,56000,,,7.523811340332031,12.342568397521973,12.103561401367188,91.15228271484375,0.6639999999999999,0.001
,,,,,56064,-60.269077,75,,,,,,
,,,,,56156,-33.1734,92,,,,,,
,,,,,56270,-78.2142,114,,,,,,
,,,,,56389,-51.69101,119,,,,,,
,,,,,56507,-29.542412,118,,,,,,
,,,,,56571,-51.592487,64,,,,,,
,,,,,56701,-20.604248,130,,,,,,
,,,,,56769,-72.378235,68,,,,,,
,,,,,56843,-29.074104,74,,,,,,
,,,,,56930,-39.572384,87,,,,,,
,,,,,57000,,,2.2201778888702393,5.980358600616455,5.379410266876221,61.934173583984375,0.6579999999999999,0.001
,,,,,57025,-41.733643,95,,,,,,
,,,,,57107,-14.850784,82,,,,,,
,,,,,57222,-118.801216,115,,,,,,
,,,,,57316,-49.969597,94,,,,,,
,,,,,57428,-56.899662,112,,,,,,
,,,,,57510,-57.080723,82,,,,,,
,,,,,57576,-85.834175,66,,,,,,
,,,,,57648,-26.642792,72,,,,,,
,,,,,57724,-71.66774,76,,,,,,
,,,,,57812,-39.323296,88,,,,,,
,,,,,57880,-36.87629,68,,,,,,
,,,,,57981,-69.86865,101,,,,,,
,,,,,58000,,,14.119327545166016,19.88030242919922,19.536209106445312,71.10487365722656,0.652,0.001
,,,,,58063,-45.587837,82,,,,,,
,,,,,58157,-23.442879,94,,,,,,
,,,,,58238,12.41008,81,,,,,,
,,,,,58329,-54.094074,91,,,,,,
,,,,,58397,-79.99939,68,,,,,,
,,,,,58492,-66.75391,95,,,,,,
,,,,,58607,-63.629116,115,,,,,,
,,,,,58702,-51.315704,95,,,,,,
,,,,,58804,-57.29306,102,,,,,,
,,,,,58918,-98.78839,114,,,,,,
,,,,,59000,,,9.127601623535156,18.515579223632812,17.700946807861328,101.70623779296875,0.646,0.001
,,,,,59034,-187.09323,116,,,,,,
,,,,,59119,-46.04019,85,,,,,,
,,,,,59233,-84.4719,114,,,,,,
,,,,,59303,-42.32555,70,,,,,,
,,,,,59394,-102.73657,91,,,,,,
,,,,,59472,-40.388348,78,,,,,,
,,,,,59581,-28.411491,109,,,,,,
,,,,,59678,-85.85102,97,,,,,,
,,,,,59777,-59.985107,99,,,,,,
,,,,,59853,-73.98984,76,,,,,,
,,,,,59956,-73.40657,103,,,,,,
-110.26465,47.27547,-27.99128,-186.50769,255.3,60000,,,13.172517776489258,19.662683486938477,20.070545196533203,105.45757293701172,0.6399999999999999,0.001
,,,,,60064,-75.33526,108,,,,,,
,,,,,60157,-165.66365,93,,,,,,
,,,,,60256,-31.390587,99,,,,,,
,,,,,60380,-90.64769,124,,,,,,
,,,,,60507,-9.15023,127,,,,,,
,,,,,60607,-79.16784,100,,,,,,
,,,,,60680,-30.473915,73,,,,,,
,,,,,60750,-47.39919,70,,,,,,
,,,,,60870,-76.65699,120,,,,,,
,,,,,60941,-78.84431,71,,,,,,
,,,,,61000,,,2.328799247741699,9.096431732177734,8.722055435180664,42.3536376953125,0.634,0.001
,,,,,61013,-67.8949,72,,,,,,
,,,,,61112,-54.726963,99,,,,,,
,,,,,61221,-30.50328,109,,,,,,
,,,,,61292,-92.79714,71,,,,,,
,,,,,61402,-85.319016,110,,,,,,
,,,,,61503,-62.53202,101,,,,,,
,,,,,61576,-15.844498,73,,,,,,
,,,,,61650,-18.55429,74,,,,,,
,,,,,61754,-130.87321,104,,,,,,
,,,,,61854,-67.01401,100,,,,,,
,,,,,61943,-67.22026,89,,,,,,
,,,,,62000,,,1.796015739440918,22.22542953491211,22.09280014038086,27.254060745239258,0.628,0.001
,,,,,62018,-9.820503,75,,,,,,
,,,,,62128,-63.825325,110,,,,,,
,,,,,62213,-88.86403,85,,,,,,
,,,,,62284,-30.33731,71,,,,,,
,,,,,62360,-39.22298,76,,,,,,
,,,,,62454,-45.7503,94,,,,,,
,,,,,62551,-53.765446,97,,,,,,
,,,,,62622,-80.3997,71,,,,,,
,,,,,62735,-34.225662,113,,,,,,
,,,,,62823,-72.32139,88,,,,,,
,,,,,62885,-58.981956,62,,,,,,
,,,,,62979,-32.75936,94,,,,,,
,,,,,63000,,,4.647029876708984,22.768726348876953,23.369976043701172,45.68303680419922,0.622,0.001
,,,,,63120,-46.259068,141,,,,,,
,,,,,63203,-43.874,83,,,,,,
,,,,,63285,-68.05938,82,,,,,,
,,,,,63381,-45.467377,96,,,,,,
,,,,,63479,-72.94186,98,,,,,,
,,,,,63581,-88.96401,102,,,,,,
,,,,,63662,-62.06887,81,,,,,,
,,,,,63767,-81.42169,105,,,,,,
,,,,,63868,-31.361176,101,,,,,,
,,,,,63986,-5.1786423,118,,,,,,
,,,,,64000,,,14.083160400390625,23.43979835510254,22.664915084838867,94.35572052001953,0.616,0.001
,,,,,64054,-3.0379944,68,,,,,,
,,,,,64142,-30.812485,88,,,,,,
,,,,,64216,-65.89725,74,,,,,,
,,,,,64310,-107.592766,94,,,,,,
,,,,,64422,-53.728947,112,,,,,,
,,,,,64501,-16.026794,79,,,,,,
,,,,,64576,-16.283363,75,,,,,,
,,,,,64673,-36.30609,97,,,,,,
,,,,,64775,-78.16711,102,,,,,,
,,,,,64886,-113.33817,111,,,,,,
,,,,,64994,-148.05981,108,,,,,,
,,,,,65000,,,3.5799684524536133,23.433650970458984,24.251096725463867,100.99302673339844,0.61,0.001
,,,,,65111,-28.574127,117,,,,,,
,,,,,65202,-42.792416,91,,,,,,
,,,,,65307,-35.009987,105,,,,,,
,,,,,65440,-27.828453,133,,,,,,
,,,,,65573,-7.849762,133,,,,,,
,,,,,65678,-39.16725,105,,,,,,
,,,,,65795,-139.26129,117,,,,,,
,,,,,65863,-20.31491,68,,,,,,
,,,,,65947,-136.20288,84,,,,,,
,,,,,66000,,,1.8434040546417236,17.53917121887207,17.859413146972656,54.63388442993164,0.604,0.001
,,,,,66046,-45.486664,99,,,,,,
,,,,,66149,-51.71747,103,,,,,,
,,,,,66229,-37.55626,80,,,,,,
,,,,,66312,-93.95475,83,,,,,,
,,,,,66444,-3.3511276,132,,,,,,
,,,,,66539,-19.541946,95,,,,,,
,,,,,66647,-83.848114,108,,,,,,
,,,,,66728,-19.689133,81,,,,,,
,,,,,66824,-69.187256,96,,,,,,
,,,,,66945,-67.26515,121,,,,,,
,,,,,67000,,,14.783255577087402,11.98751449584961,12.753777503967285,63.825252532958984,0.598,0.001
,,,,,67053,-70.12019,108,,,,,,
,,,,,67133,-54.41578,80,,,,,,
,,,,,67205,-6.0501404,72,,,,,,
,,,,,67286,-54.56273,81,,,,,,
,,,,,67402,-53.497044,116,,,,,,
,,,,,67495,-33.709435,93,,,,,,
,,,,,67578,-70.24996,83,,,,,,
,,,,,67693,-45.885395,115,,,,,,
,,,,,67775,-56.664993,82,,,,,,
,,,,,67875,-108.31619,100,,,,,,
,,,,,67935,-69.767365,60,,,,,,
,,,,,68000,,,10.861019134521484,21.548633575439453,21.503908157348633,54.76161575317383,0.5920000000000001,0.001
,,,,,68064,-105.469696,129,,,,,,
,,,,,68182,-78.95043,118,,,,,,
,,,,,68271,-60.320076,89,,,,,,
,,,,,68344,-25.936752,73,,,,,,
,,,,,68418,-54.83973,74,,,,,,
,,,,,68510,-30.939186,92,,,,,,
,,,,,68607,-47.50395,97,,,,,,
,,,,,68705,-75.87537,98,,,,,,
,,,,,68797,-49.329563,92,,,,,,
,,,,,68913,-48.69042,116,,,,,,
,,,,,69000,,,6.142277240753174,13.314691543579102,13.589658737182617,52.0722541809082,0.586,0.001
,,,,,69046,-47.24823,133,,,,,,
,,,,,69115,-32.29933,69,,,,,,
,,,,,69213,-13.886307,98,,,,,,
,,,,,69300,-56.97499,87,,,,,,
,,,,,69384,-81.324905,84,,,,,,
,,,,,69484,-48.613434,100,,,,,,
,,,,,69585,-43.913258,101,,,,,,
,,,,,69685,-50.02311,100,,,,,,
,,,,,69767,-62.58615,82,,,,,,
,,,,,69877,-43.072144,110,,,,,,
,,,,,69965,-107.321686,88,,,,,,
-67.557556,106.490974,218.66504,-178.07951,320.2,70000,,,4.354524612426758,18.090517044067383,18.257709503173828,46.125083923339844,0.58,0.001
,,,,,70032,-86.36859,67,,,,,,
,,,,,70143,-22.935654,111,,,,,,
,,,,,70275,20.288193,132,,,,,,
,,,,,70337,-66.228226,62,,,,,,
,,,,,70459,-67.27231,122,,,,,,
,,,,,70569,-38.413193,110,,,,,,
,,,,,70683,-49.360455,114,,,,,,
,,,,,70760,-27.529549,77,,,,,,
,,,,,70870,-75.10445,110,,,,,,
,,,,,70978,-127.58616,108,,,,,,
,,,,,71000,,,4.434478759765625,21.344148635864258,21.319934844970703,32.52106475830078,0.5740000000000001,0.001
,,,,,71110,-118.27105,132,,,,,,
,,,,,72000,,,13.918478965759277,9.28210163116455,9.44774055480957,42.817047119140625,0.5680000000000001,0.001
,,,,,72110,35.836952,1000,,,,,,
,,,,,72196,-66.62131,86,,,,,,
,,,,,72269,-16.689125,73,,,,,,
,,,,,72375,-76.50774,106,,,,,,
,,,,,72482,-63.9215,107,,,,,,
,,,,,72558,-64.676346,76,,,,,,
,,,,,72650,-81.45489,92,,,,,,
,,,,,72775,-41.440918,125,,,,,,
,,,,,72848,-20.008331,73,,,,,,
,,,,,72933,-0.8631592,85,,,,,,
,,,,,73000,,,25.915441513061523,30.47522735595703,31.063995361328125,56.415409088134766,0.5619999999999999,0.001
,,,,,73012,-25.090393,79,,,,,,
,,,,,73092,-67.53075,80,,,,,,
,,,,,73210,-44.32495,118,,,,,,
,,,,,73292,-26.436363,82,,,,,,
,,,,,73362,-68.16618,70,,,,,,
,,,,,73497,-24.48655,135,,,,,,
,,,,,73590,-29.528343,93,,,,,,
,,,,,73687,-39.632732,97,,,,,,
,,,,,73794,-12.310989,107,,,,,,
,,,,,73873,-42.206367,79,,,,,,
,,,,,73999,-41.96723,126,,,,,,
,,,,,74000,,,87.54531860351562,18.265676498413086,18.5194091796875,195.4545135498047,0.556,0.001
,,,,,74109,-65.93441,110,,,,,,
,,,,,74195,-50.777596,86,,,,,,
,,,,,74320,-9.957443,125,,,,,,
,,,,,74402,-96.09573,82,,,,,,
,,,,,74479,-95.322716,77,,,,,,
,,,,,74576,-32.895607,97,,,,,,
,,,,,74669,-79.32207,93,,,,,,
,,,,,74740,-30.267097,71,,,,,,
,,,,,74822,-45.656044,82,,,,,,
,,,,,74898,-56.02398,76,,,,,,
,,,,,75000,,,3.7207422256469727,18.415599822998047,18.867267608642578,59.8052864074707,0.55,0.001
,,,,,75004,-195.9536,106,,,,,,
,,,,,75110,-29.12751,106,,,,,,
,,,,,75190,-86.79128,80,,,,,,
,,,,,75403,-129.16257,213,,,,,,
,,,,,75490,-11.58728,87,,,,,,
,,,,,75577,-43.047195,87,,,,,,
,,,,,75710,-11.118828,133,,,,,,
,,,,,75826,-45.921196,116,,,,,,
,,,,,75952,-125.68606,126,,,,,,
,,,,,76000,,,4.989630699157715,24.10712432861328,23.765628814697266,32.53024673461914,0.5439999999999999,0.001
,,,,,76023,-41.32735,71,,,,,,
,,,,,76123,46.654297,100,,,,,,
,,,,,76234,-83.50884,111,,,,,,
,,,,,76318,28.004532,84,,,,,,
,,,,,76389,-25.91858,71,,,,,,
,,,,,76748,-92.097305,359,,,,,,
,,,,,76865,-32.35824,117,,,,,,
,,,,,76937,-67.168,72,,,,,,
,,,,,77000,,,36.83924102783203,30.36119270324707,29.754745483398438,127.24968719482422,0.538,0.001
,,,,,77066,-7.483345,129,,,,,,
,,,,,77147,-34.738724,81,,,,,,
,,,,,77270,-36.891747,123,,,,,,
,,,,,77387,-53.40891,117,,,,,,
,,,,,77494,-54.323425,107,,,,,,
,,,,,77614,-91.712555,120,,,,,,
,,,,,77737,-116.40196,123,,,,,,
,,,,,77840,-30.580559,103,,,,,,
,,,,,77975,-65.96429,135,,,,,,
,,,,,78000,,,4.467564582824707,23.934965133666992,24.065227508544922,48.11522674560547,0.532,0.001
,,,,,78154,11.787674,179,,,,,,
,,,,,78282,-68.02959,128,,,,,,
,,,,,78407,-10.6899185,125,,,,,,
,,,,,78493,-81.080734,86,,,,,,
,,,,,78595,-18.827988,102,,,,,,
,,,,,78720,-74.71957,125,,,,,,
,,,,,78865,30.937653,145,,,,,,
,,,,,78980,-69.69172,115,,,,,,
,,,,,79000,,,5.636076927185059,32.555908203125,32.97566223144531,55.786380767822266,0.526,0.001
,,,,,79089,-10.882408,109,,,,,,
,,,,,79195,-20.303123,106,,,,,,
,,,,,79274,-34.00093,79,,,,,,
,,,,,79385,-84.56018,111,,,,,,
,,,,,79449,-92.17918,64,,,,,,
,,,,,79545,-17.558098,96,,,,,,
,,,,,79648,-53.523346,103,,,,,,
,,,,,79747,-68.59705,99,,,,,,
,,,,,79846,-13.615974,99,,,,,,
,,,,,79958,-48.3184,112,,,,,,
96.376526,148.8175,271.02588,-105.66557,299.6,80000,,,6.520632743835449,13.5235013961792,14.137490272521973,94.9097900390625,0.52,0.001
,,,,,80077,-109.02231,119,,,,,,
,,,,,80145,-50.400673,68,,,,,,
,,,,,80256,-15.681641,111,,,,,,
,,,,,80348,-67.99439,92,,,,,,
,,,,,80498,-231.61893,150,,,,,,
,,,,,80619,-26.719376,121,,,,,,
,,,,,81000,,,55.436893463134766,28.132389068603516,26.639801025390625,310.2007141113281,0.514,0.001
,,,,,81619,101.938866,1000,,,,,,
,,,,,81713,4.709961,94,,,,,,
,,,,,81823,-46.12584,110,,,,,,
,,,,,81945,-15.731949,122,,,,,,
,,,,,82000,,,4.071033000946045,12.316274642944336,11.960367202758789,66.47949981689453,0.508,0.001
,,,,,82069,-82.17242,124,,,,,,
,,,,,82152,-105.33119,83,,,,,,
,,,,,82255,-18.606552,103,,,,,,
,,,,,82386,-16.884659,131,,,,,,
,,,,,82490,3.3657532,104,,,,,,
,,,,,82577,-27.461838,87,,,,,,
,,,,,82679,-37.665806,102,,,,,,
,,,,,82758,-41.45604,79,,,,,,
,,,,,82878,-68.77277,120,,,,,,
,,,,,82989,-77.50141,111,,,,,,
,,,,,83000,,,4.723504543304443,22.298574447631836,22.199127197265625,54.35361099243164,0.502,0.001
,,,,,83073,22.234772,84,,,,,,
,,,,,83178,-1.2472,105,,,,,,
,,,,,83268,-47.920227,90,,,,,,
,,,,,84000,,,3.4810614585876465,30.860614776611328,30.999107360839844,38.208133697509766,0.4959999999999999,0.001
,,,,,84268,90.83572,1000,,,,,,
,,,,,84338,-75.966156,70,,,,,,
,,,,,84446,-24.052246,108,,,,,,
,,,,,84560,-109.87054,114,,,,,,
,,,,,84690,34.566956,130,,,,,,
,,,,,84773,-40.83218,83,,,,,,
,,,,,84849,-33.172974,76,,,,,,
,,,,,84941,11.59716,92,,,,,,
,,,,,85000,,,2.9561948776245117,24.18545150756836,24.06338882446289,31.61830711364746,0.49,0.001
,,,,,85056,-10.913544,115,,,,,,
,,,,,85187,-70.718124,131,,,,,,
,,,,,85297,-47.66177,110,,,,,,
,,,,,85427,15.529526,130,,,,,,
,,,,,85531,-69.85057,104,,,,,,
,,,,,85598,-28.828957,67,,,,,,
,,,,,85697,-99.32774,99,,,,,,
,,,,,85788,-70.79014,91,,,,,,
,,,,,85875,-23.537025,87,,,,,,
,,,,,85976,-67.32863,101,,,,,,
,,,,,86000,,,2.385591983795166,39.358055114746094,39.49565505981445,31.555421829223633,0.484,0.001
,,,,,86101,-33.95288,125,,,,,,
,,,,,86261,-136.87482,160,,,,,,
,,,,,86339,-4.843483,78,,,,,,
,,,,,86440,13.562889,101,,,,,,
,,,,,86502,-64.740616,62,,,,,,
,,,,,86641,-25.608551,139,,,,,,
,,,,,86728,13.530632,87,,,,,,
,,,,,86809,-11.774574,81,,,,,,
,,,,,86933,-45.477825,124,,,,,,
,,,,,87000,,,11.95777702331543,29.620616912841797,29.64617156982422,74.02713012695312,0.478,0.001
,,,,,87013,-42.753735,80,,,,,,
,,,,,87092,15.929916,79,,,,,,
,,,,,87223,-174.99997,131,,,,,,
,,,,,87305,-61.446083,82,,,,,,
,,,,,87380,-31.771606,75,,,,,,
,,,,,87476,-61.225254,96,,,,,,
,,,,,87676,-32.307472,200,,,,,,
,,,,,88000,,,4.040709018707275,27.1865234375,27.211639404296875,42.29763412475586,0.472,0.001
,,,,,88293,248.85036,617,,,,,,
,,,,,88387,-16.552979,94,,,,,,
,,,,,88488,-64.00098,101,,,,,,
,,,,,88604,-40.807037,116,,,,,,
,,,,,88676,-29.076431,72,,,,,,
,,,,,88770,-10.2738495,94,,,,,,
,,,,,88850,-69.40604,80,,,,,,
,,,,,88963,3.918335,113,,,,,,
,,,,,89000,,,5.637388229370117,25.44403076171875,25.19788360595703,45.5469856262207,0.46599999999999997,0.001
,,,,,89090,-96.24504,127,,,,,,
,,,,,89171,-57.028725,81,,,,,,
,,,,,89265,-37.07359,94,,,,,,
,,,,,89370,-61.859295,105,,,,,,
,,,,,89483,5.489975,113,,,,,,
,,,,,89581,-38.248737,98,,,,,,
,,,,,89671,-27.281815,90,,,,,,
,,,,,89754,-110.55794,83,,,,,,
,,,,,89870,8.124695,116,,,,,,
,,,,,89978,-39.7744,108,,,,,,
61.89449,154.72493,254.5917,-120.01289,467.3,90000,,,15.925766944885254,34.950965881347656,35.849517822265625,81.99921417236328,0.45999999999999996,0.001
,,,,,90094,-71.543564,116,,,,,,
,,,,,90213,-7.6845093,119,,,,,,
,,,,,90311,-2.3811417,98,,,,,,
,,,,,91000,,,5.463204860687256,31.706165313720703,32.074790954589844,60.498878479003906,0.45399999999999996,0.001
,,,,,91311,68.08635,1000,,,,,,
,,,,,91419,-6.7765427,108,,,,,,
,,,,,91517,34.744537,98,,,,,,
,,,,,91654,11.423164,137,,,,,,
,,,,,91746,5.1197205,92,,,,,,
,,,,,91846,11.452873,100,,,,,,
,,,,,92000,,,4.7676825523376465,35.53289031982422,35.94181823730469,53.653202056884766,0.44800000000000006,0.001
,,,,,92846,-2.3789973,1000,,,,,,
,,,,,92955,-31.32927,109,,,,,,
,,,,,93000,,,4.372985363006592,43.5836181640625,43.585723876953125,36.49468231201172,0.44199999999999995,0.001
,,,,,93955,88.31022,1000,,,,,,
,,,,,94000,,,128.8620147705078,27.800809860229492,28.921436309814453,132.5018768310547,0.43599999999999994,0.001
,,,,,94060,-23.71225,105,,,,,,
,,,,,94378,-60.473904,318,,,,,,
,,,,,94543,5.26429,165,,,,,,
,,,,,94628,1.2365112,85,,,,,,
,,,,,94720,-35.238594,92,,,,,,
,,,,,94824,-58.053764,104,,,,,,
,,,,,94921,-31.18341,97,,,,,,
,,,,,95000,,,7.673702716827393,24.378244400024414,24.64783477783203,50.41195297241211,0.43000000000000005,0.001
,,,,,95703,-246.48624,782,,,,,,
,,,,,95787,25.708382,84,,,,,,
,,,,,95919,-6.6560974,132,,,,,,
,,,,,96000,,,4.467892169952393,41.41593551635742,41.01580047607422,43.2155876159668,0.42399999999999993,0.001
,,,,,96039,-0.46303558,120,,,,,,
,,,,,96148,-150.82703,109,,,,,,
,,,,,96267,-5.3800354,119,,,,,,
,,,,,96391,-7.7207184,124,,,,,,
,,,,,97000,,,7.215097904205322,27.023347854614258,26.735980987548828,54.31749725341797,0.41800000000000004,0.001
,,,,,97391,105.51668,1000,,,,,,
,,,,,97495,-22.45443,104,,,,,,
,,,,,98000,,,3.811671257019043,36.93755340576172,36.67525100708008,42.6483268737793,0.41200000000000003,0.001
,,,,,98495,54.2496,1000,,,,,,
,,,,,98614,-8.508743,119,,,,,,
,,,,,98727,-27.744446,113,,,,,,
,,,,,98851,-0.9817505,124,,,,,,
,,,,,98961,-13.086662,110,,,,,,
,,,,,99000,,,6.421063423156738,45.79209899902344,45.04038619995117,71.1551284790039,0.4059999999999999,0.001
,,,,,99083,33.23848,122,,,,,,
,,,,,99185,32.66478,102,,,,,,
-37.44215,27.190174,-8.284378,-105.643326,894.7,100000,,,28.800289154052734,33.98857879638672,32.657814025878906,150.549560546875,0.4,0.001
,,,,,100185,45.83183,1000,,,,,,
,,,,,101000,,,3.5896663665771484,26.79763412475586,27.04949188232422,30.283357620239258,0.394,0.001
,,,,,101185,73.13589,1000,,,,,,
,,,,,101258,9.819336,73,,,,,,
,,,,,101343,-1.6651764,85,,,,,,
,,,,,101469,23.041672,126,,,,,,
,,,,,101560,4.911255,91,,,,,,
,,,,,101674,-21.45671,114,,,,,,
,,,,,101788,-4.427696,114,,,,,,
,,,,,101916,-5.1345673,128,,,,,,
,,,,,102000,,,29.634984970092773,35.542152404785156,35.896514892578125,177.60379028320312,0.3879999999999999,0.001
,,,,,102088,-119.30595,172,,,,,,
,,,,,102171,5.989357,83,,,,,,
,,,,,102301,-2.3964844,130,,,,,,
,,,,,102449,-41.21032,148,,,,,,
,,,,,103000,,,4.575303077697754,34.18722915649414,33.64112854003906,79.82574462890625,0.382,0.001
,,,,,103449,23.142714,1000,,,,,,
,,,,,103911,-131.78127,462,,,,,,
,,,,,104000,,,4.515809059143066,28.817768096923828,28.71544075012207,38.673091888427734,0.376,0.001
,,,,,104025,7.3021545,114,,,,,,
,,,,,105000,,,6.201318740844727,35.49263000488281,35.223411560058594,56.00034713745117,0.37,0.001
,,,,,105025,53.327583,1000,,,,,,
,,,,,105193,52.738983,168,,,,,,
,,,,,106000,,,6.7087483406066895,25.584970474243164,25.27145767211914,37.68018341064453,0.364,0.001
,,,,,106193,46.78833,1000,,,,,,
,,,,,107000,,,3.324451446533203,51.66297149658203,51.22212219238281,56.53070831298828,0.358,0.001
,,,,,107193,13.831198,1000,,,,,,
,,,,,107660,-230.91449,467,,,,,,
,,,,,108000,,,17.704683303833008,38.83592224121094,38.21772766113281,77.54883575439453,0.352,0.001
,,,,,108660,62.79066,1000,,,,,,
,,,,,108797,-12.935326,137,,,,,,
,,,,,109000,,,36.62643051147461,39.872806549072266,39.671722412109375,144.10403442382812,0.346,0.001
,,,,,109534,-114.51924,737,,,,,,
,,,,,109804,-128.47525,270,,,,,,
-49.934986,71.66441,70.283,-203.36128,973.7,110000,,,5.162359237670898,36.44866943359375,36.88796615600586,70.36319732666016,0.3400000000000001,0.001
,,,,,110804,18.901669,1000,,,,,,
,,,,,111000,,,7.082911491394043,27.201805114746094,27.62238311767578,58.903141021728516,0.33399999999999996,0.001
,,,,,111804,-48.17708,1000,,,,,,
,,,,,111962,16.667374,158,,,,,,
,,,,,112000,,,7.102230072021484,29.557283401489258,28.455982208251953,131.8375244140625,0.32799999999999996,0.001
,,,,,112962,5.4598145,1000,,,,,,
,,,,,113000,,,28.652938842773438,35.624916076660156,36.851287841796875,153.39950561523438,0.32200000000000006,0.001
,,,,,113092,14.14183,130,,,,,,
,,,,,114000,,,27.52229118347168,25.915367126464844,27.405536651611328,163.71534729003906,0.31599999999999995,0.001
,,,,,114092,24.714931,1000,,,,,,
,,,,,115000,,,25.29094696044922,35.74901580810547,35.35315704345703,94.85769653320312,0.30999999999999994,0.001
,,,,,115092,96.4847,1000,,,,,,
,,,,,116000,,,5.34812593460083,28.454221725463867,28.051929473876953,61.76333999633789,0.30400000000000005,0.001
,,,,,116092,112.03262,1000,,,,,,
,,,,,117000,,,4.457808017730713,33.33386993408203,33.06819152832031,42.2757568359375,0.29799999999999993,0.001
,,,,,117092,86.25474,1000,,,,,,
,,,,,117240,-3.9819336,148,,,,,,
,,,,,117370,24.979355,130,,,,,,
,,,,,118000,,,6.2993316650390625,31.554126739501953,32.22632598876953,77.98363494873047,0.29200000000000004,0.001
,,,,,118370,-17.943245,1000,,,,,,
,,,,,118486,-24.527893,116,,,,,,
,,,,,119000,,,7.597879409790039,23.127090454101562,23.03712272644043,44.272911071777344,0.28600000000000003,0.001
,,,,,119486,29.873514,1000,,,,,,
-140.11282,104.083565,147.86722,-234.81873,455.4,120000,,,8.11821174621582,41.74707794189453,41.766639709472656,40.728553771972656,0.2799999999999999,0.001
,,,,,120486,-35.698093,1000,,,,,,
,,,,,121000,,,4.588657379150391,37.20132064819336,36.77589416503906,50.87020492553711,0.274,0.001
,,,,,121486,-26.22359,1000,,,,,,
,,,,,122000,,,7.217552661895752,26.49243927001953,27.245361328125,69.65694427490234,0.268,0.001
,,,,,122486,4.1900606,1000,,,,,,
,,,,,123000,,,3.639305591583252,31.972312927246094,31.791236877441406,47.93638610839844,0.262,0.001
,,,,,123486,-44.49951,1000,,,,,,
,,,,,124000,,,6.88850736618042,44.260650634765625,44.0433235168457,60.14522933959961,0.256,0.001
,,,,,124262,-149.72318,776,,,,,,
,,,,,125000,,,9.401848793029785,35.59626007080078,35.338531494140625,51.66493225097656,0.25,0.001
,,,,,125262,-12.820656,1000,,,,,,
,,,,,126000,,,150.75164794921875,35.89247131347656,37.47759246826172,366.0030517578125,0.244,0.001
,,,,,126262,-16.901688,1000,,,,,,
,,,,,127000,,,12.905202865600586,28.63909912109375,28.610366821289062,59.0402946472168,0.238,0.001
,,,,,127262,58.174885,1000,,,,,,
,,,,,128000,,,4.7385053634643555,39.81927490234375,39.3653564453125,81.47700500488281,0.23199999999999998,0.001
,,,,,128172,-62.375156,910,,,,,,
,,,,,128521,-185.5623,349,,,,,,
,,,,,129000,,,5.54485559463501,28.053524017333984,28.180110931396484,51.765411376953125,0.22599999999999998,0.001
,,,,,129521,51.245384,1000,,,,,,
80.03368,102.82461,241.62308,-65.72177,787.4,130000,,,10.995336532592773,33.699737548828125,34.2078857421875,50.09306716918945,0.21999999999999997,0.001
,,,,,130521,137.93575,1000,,,,,,
,,,,,130639,-7.673134,118,,,,,,
,,,,,131000,,,3.3061001300811768,36.02431106567383,36.571720123291016,62.14973068237305,0.21399999999999997,0.001
,,,,,131639,67.59987,1000,,,,,,
,,,,,132000,,,56.16179275512695,37.23103713989258,38.533485412597656,196.67076110839844,0.20799999999999996,0.001
,,,,,132639,113.49267,1000,,,,,,
,,,,,133000,,,33.031166076660156,42.31623077392578,42.229835510253906,106.57037353515625,0.20199999999999996,0.001
,,,,,133152,-9.960381,513,,,,,,
,,,,,134000,,,4.269508361816406,33.171913146972656,32.967193603515625,49.173763275146484,0.19599999999999995,0.001
,,,,,134152,127.372765,1000,,,,,,
,,,,,135000,,,5.012301445007324,47.86618423461914,47.51494216918945,53.99317932128906,0.18999999999999995,0.001
,,,,,135152,98.225235,1000,,,,,,
,,,,,135397,252.16031,245,,,,,,
,,,,,136000,,,14.27219295501709,39.21034622192383,39.76234817504883,69.93991088867188,0.18400000000000005,0.001
,,,,,136397,159.37369,1000,,,,,,
,,,,,136868,211.62308,471,,,,,,
,,,,,137000,,,9.352096557617188,28.645206451416016,29.08390235900879,66.97055053710938,0.17799999999999994,0.001
,,,,,137868,96.14419,1000,,,,,,
,,,,,138000,,,4.742693901062012,35.404232025146484,35.5949821472168,61.69890213012695,0.17199999999999993,0.001
,,,,,138463,298.96393,595,,,,,,
,,,,,138787,-163.62192,324,,,,,,
,,,,,139000,,,15.757696151733398,39.46228790283203,39.45573425292969,60.196876525878906,0.16600000000000004,0.001
,,,,,139065,248.36603,278,,,,,,
266.65375,36.799,306.07867,189.37987,321.9,140000,,,5.523326873779297,27.979188919067383,28.155284881591797,54.55485153198242,0.15999999999999992,0.001
,,,,,140023,208.00185,958,,,,,,
,,,,,141000,,,13.662002563476562,29.822324752807617,30.576122283935547,81.6814193725586,0.15400000000000003,0.001
,,,,,141023,92.02039,1000,,,,,,
,,,,,141544,217.91603,521,,,,,,
,,,,,142000,,,9.376373291015625,39.26287078857422,39.725189208984375,69.83502960205078,0.14800000000000002,0.001
,,,,,142232,280.62012,688,,,,,,
,,,,,142566,282.95813,334,,,,,,
,,,,,143000,,,13.39295768737793,33.870086669921875,33.04644775390625,81.086181640625,0.1419999999999999,0.001
,,,,,143198,268.99374,632,,,,,,
,,,,,143556,303.26343,358,,,,,,
,,,,,143875,-83.58036,319,,,,,,
,,,,,144000,,,8.51364517211914,28.67836570739746,28.367517471313477,53.87026596069336,0.136,0.001
,,,,,144875,57.671974,1000,,,,,,
,,,,,145000,,,6.043369293212891,34.12193298339844,33.70765686035156,35.656742095947266,0.13,0.001
,,,,,145677,132.70609,802,,,,,,
,,,,,145970,253.35468,293,,,,,,
,,,,,146000,,,4.464100360870361,39.72376251220703,39.989830017089844,46.64708709716797,0.12399999999999989,0.001
,,,,,146321,209.96826,351,,,,,,
,,,,,146686,253.1537,365,,,,,,
,,,,,147000,,,13.89608097076416,44.879173278808594,44.82723617553711,56.119022369384766,0.118,0.001
,,,,,147146,265.72345,460,,,,,,
,,,,,148000,,,4.3152570724487305,40.990543365478516,41.069480895996094,32.073951721191406,0.11199999999999999,0.001
,,,,,148025,274.4168,879,,,,,,
,,,,,148628,262.87366,603,,,,,,
,,,,,149000,,,7.070107460021973,50.241302490234375,50.61745071411133,41.678680419921875,0.10599999999999998,0.001
,,,,,149120,181.09615,492,,,,,,
,,,,,149911,241.93004,791,,,,,,
122.40686,118.146866,235.6533,-207.0094,762.7,150000,,,9.272650718688965,47.173919677734375,46.702030181884766,73.85762786865234,0.1,0.001
,,,,,150375,216.75955,464,,,,,,
,,,,,151000,,,5.775684833526611,27.452167510986328,26.894611358642578,55.52259826660156,0.09946666666666668,0.001
,,,,,151375,-4.8058105,1000,,,,,,
,,,,,151790,251.03326,415,,,,,,
,,,,,152000,,,5.485032081604004,36.87516784667969,36.97661590576172,63.26848220825195,0.09893333333333335,0.001
,,,,,152346,175.04776,556,,,,,,
,,,,,152585,230.23004,239,,,,,,
,,,,,152933,277.9378,348,,,,,,
,,,,,153000,,,5.979267120361328,43.46730041503906,43.49701690673828,40.20873260498047,0.0984,0.001
,,,,,153817,244.47731,884,,,,,,
,,,,,154000,,,42.43135070800781,29.60039520263672,28.17882537841797,134.34506225585938,0.09786666666666667,0.001
,,,,,154105,265.48407,288,,,,,,
,,,,,154938,240.34355,833,,,,,,
,,,,,155000,,,4.211595058441162,45.180721282958984,45.13762664794922,41.30272674560547,0.09733333333333334,0.001
,,,,,155520,284.87097,582,,,,,,
,,,,,156000,,,4.409467697143555,45.24641418457031,45.58681106567383,41.18684387207031,0.09680000000000001,0.001
,,,,,156185,280.25793,665,,,,,,
,,,,,156706,205.1081,521,,,,,,
,,,,,157000,,,10.870439529418945,37.7369384765625,36.85211181640625,87.93246459960938,0.09626666666666667,0.001
,,,,,157706,44.952732,1000,,,,,,
,,,,,158000,,,9.00640869140625,33.11787414550781,32.73030471801758,50.041297912597656,0.09573333333333334,0.001
,,,,,158346,265.0542,640,,,,,,
,,,,,158707,216.44208,361,,,,,,
,,,,,159000,,,6.160900592803955,48.76009750366211,48.832069396972656,44.52388000488281,0.0952,0.001
,,,,,159091,250.68105,384,,,,,,
220.61865,46.674667,286.25168,161.69183,336.7,160000,,,5.149848937988281,48.945396423339844,48.69999694824219,40.33578109741211,0.09466666666666668,0.001
,,,,,160091,111.29382,1000,,,,,,
,,,,,160813,203.2248,722,,,,,,
,,,,,161000,,,13.085254669189453,37.0743408203125,36.44575881958008,74.26397705078125,0.09413333333333333,0.001
,,,,,161813,-17.861074,1000,,,,,,
,,,,,162000,,,14.814667701721191,41.33599853515625,42.01133728027344,98.8715591430664,0.0936,0.001
,,,,,162813,33.27621,1000,,,,,,
,,,,,163000,,,6.294244766235352,40.866050720214844,40.64415740966797,50.69947814941406,0.09306666666666667,0.001
,,,,,163813,80.63196,1000,,,,,,
,,,,,164000,,,2.8741931915283203,53.989524841308594,54.329368591308594,39.22232437133789,0.09253333333333334,0.001
,,,,,164592,249.4178,779,,,,,,
,,,,,164794,292.65472,202,,,,,,
,,,,,165000,,,6.0916547775268555,34.1961555480957,34.79946517944336,58.53920364379883,0.092,0.001
,,,,,165067,265.54135,273,,,,,,
,,,,,165245,264.00272,178,,,,,,
,,,,,165509,277.52863,264,,,,,,
,,,,,166000,,,11.085798263549805,34.657814025878906,34.838680267333984,58.67177963256836,0.09146666666666667,0.001
,,,,,166072,232.61516,563,,,,,,
,,,,,166906,185.00497,834,,,,,,
,,,,,167000,,,4.077846527099609,38.90851593017578,38.88422775268555,45.551822662353516,0.09093333333333334,0.001
,,,,,167597,279.61908,691,,,,,,
,,,,,168000,,,4.4210896492004395,41.286720275878906,41.95909881591797,51.05576705932617,0.09040000000000001,0.001
,,,,,168023,146.72595,426,,,,,,
,,,,,169000,,,5.452582836151123,40.306156158447266,40.34792709350586,37.11497497558594,0.08986666666666668,0.001
,,,,,169023,54.813683,1000,,,,,,
,,,,,169473,237.76514,450,,,,,,
179.00798,70.398315,276.10614,33.34551,646.3,170000,,,22.145505905151367,39.82354736328125,38.96503448486328,112.17040252685547,0.08933333333333333,0.001
,,,,,170285,253.88782,812,,,,,,
,,,,,170812,153.57904,527,,,,,,
,,,,,171000,,,5.721480369567871,35.96147918701172,35.79966735839844,55.36383819580078,0.0888,0.001
,,,,,171812,96.49673,1000,,,,,,
,,,,,172000,,,6.024459362030029,35.041404724121094,35.362953186035156,64.14875030517578,0.08826666666666667,0.001
,,,,,172156,232.07738,344,,,,,,
,,,,,172258,19.255936,102,,,,,,
,,,,,172515,226.5999,257,,,,,,
,,,,,173000,,,4.251017093658447,45.24756622314453,45.64384460449219,60.10734176635742,0.08773333333333334,0.001
,,,,,173165,212.45477,650,,,,,,
,,,,,173558,291.63254,393,,,,,,
,,,,,173815,232.37816,257,,,,,,
,,,,,174000,,,55.62215805053711,26.372703552246094,25.191879272460938,125.52703094482422,0.0872,0.001
,,,,,174396,292.98218,581,,,,,,
,,,,,174978,256.2989,582,,,,,,
,,,,,175000,,,67.20256042480469,49.109596252441406,50.497310638427734,166.20745849609375,0.08666666666666667,0.001
,,,,,175523,247.83112,545,,,,,,
,,,,,176000,,,4.805404186248779,41.146732330322266,41.08562469482422,56.40937805175781,0.08613333333333334,0.001
,,,,,176258,212.60495,735,,,,,,
,,,,,176694,302.33728,436,,,,,,
,,,,,177000,,,7.800605773925781,43.92152404785156,43.58203125,57.02324295043945,0.08560000000000001,0.001
,,,,,177581,172.76468,887,,,,,,
,,,,,177907,243.64087,326,,,,,,
,,,,,178000,,,19.57037925720215,46.186607360839844,45.116756439208984,69.18721008300781,0.08506666666666667,0.001
,,,,,178246,258.7223,339,,,,,,
,,,,,178614,272.41888,368,,,,,,
,,,,,179000,,,4.69974422454834,43.984275817871094,43.819244384765625,44.653602600097656,0.08453333333333334,0.001
,,,,,179282,266.14026,668,,,,,,
,,,,,179654,-321.45502,372,,,,,,
149.06076,140.223,284.38,-160.45105,450.7,180000,,,24.948129653930664,43.60562515258789,44.341888427734375,59.25811004638672,0.084,0.001
,,,,,180112,169.90436,458,,,,,,
,,,,,180513,218.23227,401,,,,,,
,,,,,180828,273.0498,315,,,,,,
,,,,,181000,,,34.73554611206055,47.841888427734375,48.40327835083008,159.5828399658203,0.08346666666666668,0.001
,,,,,181245,184.7712,417,,,,,,
,,,,,181505,251.39272,260,,,,,,
,,,,,181952,276.7875,447,,,,,,
,,,,,182000,,,5.1404643058776855,53.26001739501953,53.4463996887207,44.20595169067383,0.08293333333333333,0.001
,,,,,182239,288.31403,287,,,,,,
,,,,,182942,267.0517,703,,,,,,
,,,,,183000,,,3.870651960372925,43.198577880859375,42.939613342285156,51.78256607055664,0.0824,0.001
,,,,,183241,291.5946,299,,,,,,
,,,,,183891,-98.954735,650,,,,,,
,,,,,184000,,,119.55790710449219,43.742347717285156,45.00411605834961,57.13081741333008,0.08186666666666667,0.001
,,,,,184232,229.06467,341,,,,,,
,,,,,184436,13.829468,204,,,,,,
,,,,,184639,280.58038,203,,,,,,
,,,,,185000,,,15.20302963256836,40.45015335083008,40.05677032470703,67.01317596435547,0.08133333333333334,0.001
,,,,,185068,153.00485,429,,,,,,
,,,,,185350,214.66226,282,,,,,,
,,,,,185746,260.85114,396,,,,,,
,,,,,186000,,,7.397154808044434,42.64104080200195,43.72779083251953,115.56576538085938,0.08080000000000001,0.001
,,,,,186049,237.35976,303,,,,,,
,,,,,186309,227.72647,260,,,,,,
,,,,,186789,228.02098,480,,,,,,
,,,,,187000,,,5.479567527770996,45.95124053955078,45.50408935546875,44.99277114868164,0.08026666666666667,0.001
,,,,,187789,-105.25652,1000,,,,,,
,,,,,188000,,,3.8020031452178955,45.622276306152344,45.029052734375,51.629573822021484,0.07973333333333334,0.001
,,,,,188544,251.2968,755,,,,,,
,,,,,189000,,,6.382453441619873,45.731666564941406,46.43019104003906,53.83762741088867,0.0792,0.001
,,,,,189352,179.39256,808,,,,,,
233.61568,51.65272,298.05316,126.47119,468.6,190000,,,9.539135932922363,40.74443054199219,41.27442932128906,44.789241790771484,0.07866666666666668,0.001
,,,,,190091,254.82187,739,,,,,,
,,,,,190712,280.35788,621,,,,,,
,,,,,191000,,,13.018710136413574,43.52928924560547,43.61994171142578,62.134037017822266,0.07813333333333333,0.001
,,,,,191306,166.66864,594,,,,,,
,,,,,191973,191.95805,667,,,,,,
,,,,,192000,,,5.343012809753418,47.312744140625,46.74815368652344,41.219886779785156,0.0776,0.001
,,,,,192679,145.7244,706,,,,,,
,,,,,192902,251.47626,223,,,,,,
,,,,,193000,,,6.259623050689697,28.298080444335938,27.677536010742188,43.600067138671875,0.07706666666666667,0.001
,,,,,193902,60.40189,1000,,,,,,
,,,,,194000,,,12.32490348815918,42.799476623535156,43.10498046875,63.41462326049805,0.07653333333333334,0.001
,,,,,194231,298.13864,329,,,,,,
,,,,,194804,229.65329,573,,,,,,
,,,,,195000,,,2.631493330001831,47.4435920715332,46.936363220214844,37.7253303527832,0.07600000000000001,0.001
,,,,,195341,160.36525,537,,,,,,
,,,,,195765,286.93817,424,,,,,,
,,,,,196000,,,8.035521507263184,39.656593322753906,39.08632278442383,68.86907958984375,0.07546666666666668,0.001
,,,,,196095,249.42784,330,,,,,,
,,,,,196413,233.16568,318,,,,,,
,,,,,197000,,,59.747528076171875,45.82659912109375,46.75530242919922,82.27710723876953,0.07493333333333334,0.001
,,,,,197413,45.77951,1000,,,,,,
,,,,,197648,247.09155,235,,,,,,
,,,,,198000,,,13.125686645507812,40.50979232788086,40.437686920166016,69.29427337646484,0.07440000000000001,0.001
,,,,,198228,251.96867,580,,,,,,
,,,,,198685,260.67065,457,,,,,,
,,,,,199000,,,3.8336048126220703,51.91061019897461,51.59947967529297,41.210636138916016,0.07386666666666666,0.001
,,,,,199170,220.69165,485,,,,,,
,,,,,199572,237.5775,402,,,,,,
,,,,,199962,217.53383,390,,,,,,
259.45465,13.091487,278.44327,228.96297,238.5,200000,,,6.001724720001221,39.651973724365234,40.3411865234375,87.94099426269531,0.07333333333333333,0.001
,,,,,200206,260.08572,244,,,,,,
,,,,,200816,271.39886,610,,,,,,
,,,,,201000,,,4.797701358795166,45.7604866027832,46.11607360839844,69.05139923095703,0.0728,0.001
,,,,,201640,262.7704,824,,,,,,
,,,,,201905,219.80545,265,,,,,,
,,,,,202000,,,5.293315887451172,62.3665885925293,63.397884368896484,84.97693634033203,0.07226666666666667,0.001
,,,,,202153,246.57104,248,,,,,,
,,,,,202460,233.56577,307,,,,,,
,,,,,202833,235.4782,373,,,,,,
,,,,,203000,,,6.014366626739502,41.00661849975586,41.06005096435547,45.79127502441406,0.07173333333333334,0.001
,,,,,203435,265.51117,602,,,,,,
,,,,,203781,222.81793,346,,,,,,
,,,,,204000,,,3.836928129196167,42.206329345703125,42.76457977294922,44.956634521484375,0.07120000000000001,0.001
,,,,,204020,240.46677,239,,,,,,
,,,,,204305,-227.02336,285,,,,,,
,,,,,204721,219.81784,416,,,,,,
,,,,,204933,231.71909,212,,,,,,
,,,,,205000,,,14.311878204345703,35.262001037597656,35.38739776611328,102.76226806640625,0.07066666666666667,0.001
,,,,,205428,212.94489,495,,,,,,
,,,,,205679,-215.32495,251,,,,,,
,,,,,205949,286.81067,270,,,,,,
,,,,,206000,,,5.822977066040039,47.088905334472656,47.278099060058594,44.23468780517578,0.07013333333333334,0.001
,,,,,206325,233.99716,376,,,,,,
,,,,,206842,267.8717,517,,,,,,
,,,,,207000,,,5.926493167877197,46.5447998046875,46.939414978027344,41.256805419921875,0.06960000000000001,0.001
,,,,,207122,-178.02028,280,,,,,,
,,,,,207370,244.18724,248,,,,,,
,,,,,207816,216.54718,446,,,,,,
,,,,,208000,,,9.223560333251953,47.830406188964844,47.79281234741211,50.714744567871094,0.06906666666666667,0.001
,,,,,208069,284.6657,253,,,,,,
,,,,,208671,250.01999,602,,,,,,
,,,,,209000,,,28.680702209472656,51.03982925415039,50.25965118408203,218.8890380859375,0.06853333333333333,0.001
,,,,,209081,245.06303,410,,,,,,
,,,,,209360,281.72803,279,,,,,,
205.425,106.41481,315.59735,-90.47891,352.7,210000,,,9.591866493225098,44.09619140625,44.266971588134766,48.971412658691406,0.068,0.001
,,,,,210211,194.60794,851,,,,,,
,,,,,210575,271.10526,364,,,,,,
,,,,,211000,,,5.469199180603027,48.90847396850586,49.56422805786133,58.2937126159668,0.06746666666666667,0.001
,,,,,211321,211.03418,746,,,,,,
,,,,,211514,238.54361,193,,,,,,
,,,,,212000,,,5.534664154052734,63.39108657836914,62.92388153076172,37.59809112548828,0.06693333333333334,0.001
,,,,,212031,219.51138,517,,,,,,
,,,,,212281,226.70834,250,,,,,,
,,,,,212734,276.24298,453,,,,,,
,,,,,213000,,,2.2752671241760254,44.68267822265625,44.334800720214844,26.05901336669922,0.06640000000000001,0.001
,,,,,213193,187.8269,459,,,,,,
,,,,,214000,,,50.30215072631836,50.149864196777344,50.744903564453125,177.72128295898438,0.06586666666666667,0.001
,,,,,214193,74.32764,1000,,,,,,
,,,,,215000,,,5.478239059448242,46.930572509765625,47.04467010498047,47.79334259033203,0.06533333333333333,0.001
,,,,,215193,-71.07117,1000,,,,,,
,,,,,215614,244.74606,421,,,,,,
,,,,,216000,,,24.254682540893555,46.91865539550781,46.64112091064453,125.88089752197266,0.0648,0.001
,,,,,216484,159.93378,870,,,,,,
,,,,,216984,281.1762,500,,,,,,
,,,,,217000,,,10.230513572692871,55.42390441894531,55.066558837890625,58.123741149902344,0.06426666666666667,0.001
,,,,,217414,164.99652,430,,,,,,
,,,,,217750,252.08554,336,,,,,,
,,,,,218000,,,12.374371528625488,51.35676574707031,52.35064697265625,76.34648132324219,0.06373333333333334,0.001
,,,,,218046,227.14127,296,,,,,,
,,,,,218470,223.07938,424,,,,,,
,,,,,218905,166.40349,435,,,,,,
,,,,,219000,,,4.532497406005859,56.83763885498047,57.237510681152344,47.34744644165039,0.0632,0.001
,,,,,219298,169.51541,393,,,,,,
,,,,,219827,217.14992,529,,,,,,
186.33615,37.15569,234.69539,106.03917,568.1,220000,,,47.7622184753418,51.675697326660156,52.57354736328125,122.510498046875,0.06266666666666668,0.001
,,,,,220115,236.93561,288,,,,,,
,,,,,220464,240.73624,349,,,,,,
,,,,,220781,212.17894,317,,,,,,
,,,,,221000,,,6.878888130187988,52.73338317871094,52.70933532714844,49.919883728027344,0.06213333333333334,0.001
,,,,,221147,232.55753,366,,,,,,
,,,,,221454,172.50822,307,,,,,,
,,,,,222000,,,4.312696933746338,51.453857421875,51.1240234375,47.79640579223633,0.06160000000000001,0.001
,,,,,222190,237.2407,736,,,,,,
,,,,,222520,225.34668,330,,,,,,
,,,,,222956,241.50201,436,,,,,,
,,,,,223000,,,62.13172912597656,56.86334991455078,57.32162094116211,164.7200927734375,0.06106666666666667,0.001
,,,,,223457,144.26186,501,,,,,,
,,,,,223766,236.5862,309,,,,,,
,,,,,224000,,,7.395539283752441,54.862396240234375,54.46913528442383,74.39623260498047,0.060533333333333335,0.001
,,,,,224235,200.89828,469,,,,,,
,,,,,225000,,,6.040031909942627,59.352516174316406,59.156211853027344,43.49357604980469,0.060000000000000005,0.001
,,,,,225235,103.92364,1000,,,,,,
,,,,,225636,-252.81091,401,,,,,,
,,,,,226000,,,6.256634712219238,50.08772277832031,50.17924118041992,44.94491958618164,0.05946666666666667,0.001
,,,,,226072,250.82321,436,,,,,,
,,,,,226437,258.98474,365,,,,,,
,,,,,226903,246.61188,466,,,,,,
,,,,,227000,,,5.140204429626465,57.88823699951172,57.8354606628418,50.537994384765625,0.05893333333333334,0.001
,,,,,227297,266.0692,394,,,,,,
,,,,,228000,,,23.2017879486084,53.022220611572266,53.75009536743164,96.26435852050781,0.0584,0.001
,,,,,228063,227.26326,766,,,,,,
,,,,,229000,,,6.348967552185059,44.517242431640625,44.47751235961914,44.691200256347656,0.05786666666666668,0.001
,,,,,229063,84.88196,1000,,,,,,
,,,,,229420,276.87698,357,,,,,,
,,,,,229732,248.53355,312,,,,,,
176.31427,79.861465,261.7738,-27.928396,645.4,230000,,,2.981907844543457,49.81855010986328,49.69071960449219,40.953330993652344,0.05733333333333334,0.001
,,,,,230053,258.2644,321,,,,,,
,,,,,230317,260.1969,264,,,,,,
,,,,,230607,251.8279,290,,,,,,
,,,,,231000,,,2.612234354019165,50.314910888671875,50.24525833129883,22.578927993774414,0.0568,0.001
,,,,,231174,240.82951,567,,,,,,
,,,,,231507,239.45676,333,,,,,,
,,,,,231816,237.02126,309,,,,,,
,,,,,232000,,,95.93926239013672,38.605384826660156,39.037208557128906,82.12875366210938,0.05626666666666667,0.001
,,,,,232142,262.87164,326,,,,,,
,,,,,232595,239.3105,453,,,,,,
,,,,,232816,274.81448,221,,,,,,
,,,,,233000,,,15.474700927734375,58.50420379638672,58.39686584472656,92.57725524902344,0.055733333333333336,0.001
,,,,,233277,164.2953,461,,,,,,
,,,,,233731,245.8546,454,,,,,,
,,,,,234000,,,6.862882614135742,60.49346160888672,60.47714614868164,37.93033981323242,0.0552,0.001
,,,,,234189,233.79648,458,,,,,,
,,,,,235000,,,3.6393587589263916,49.754554748535156,49.79472351074219,39.02478790283203,0.054666666666666676,0.001
,,,,,235078,214.86823,889,,,,,,
,,,,,235281,6.0948257,203,,,,,,
,,,,,235789,226.55438,508,,,,,,
,,,,,236000,,,4.355877876281738,51.60578918457031,51.267555236816406,39.865169525146484,0.05413333333333334,0.001
,,,,,236789,101.2648,1000,,,,,,
,,,,,236957,254.63919,168,,,,,,
,,,,,237000,,,7.221005439758301,50.31459045410156,50.33085632324219,54.73883819580078,0.05360000000000001,0.001
,,,,,237218,209.25607,261,,,,,,
,,,,,237608,279.1463,390,,,,,,
,,,,,237894,230.94107,286,,,,,,
,,,,,238000,,,223.73341369628906,57.826148986816406,55.42478942871094,88.40221405029297,0.05306666666666667,0.001
,,,,,238349,237.1794,455,,,,,,
,,,,,238572,277.61902,223,,,,,,
,,,,,238757,247.29063,185,,,,,,
,,,,,239000,,,10.817068099975586,53.58333206176758,53.861900329589844,84.36796569824219,0.052533333333333335,0.001
,,,,,239111,-95.566124,354,,,,,,
,,,,,239394,1.5061569,283,,,,,,
143.89627,112.74815,261.75128,-84.34741,625.7,240000,,,11.131994247436523,43.66096496582031,43.34278106689453,63.59442138671875,0.052000000000000005,0.001
,,,,,240346,227.19972,952,,,,,,
,,,,,240689,252.27599,343,,,,,,
,,,,,241000,,,93.94511413574219,45.944183349609375,46.86463165283203,78.57652282714844,0.05146666666666667,0.001
,,,,,241237,225.51965,548,,,,,,
,,,,,241615,231.42534,378,,,,,,
,,,,,242000,,,5.87991189956665,43.96199035644531,43.75082778930664,44.11874008178711,0.050933333333333344,0.001
,,,,,242312,248.74382,697,,,,,,
,,,,,242510,245.29616,198,,,,,,
,,,,,242687,276.06744,177,,,,,,
,,,,,242931,251.46704,244,,,,,,
,,,,,243000,,,14.158273696899414,46.441802978515625,46.988067626953125,67.10603332519531,0.05040000000000001,0.001
,,,,,243171,-6.768669,240,,,,,,
,,,,,243706,196.68085,535,,,,,,
,,,,,243999,254.51906,293,,,,,,
,,,,,244000,,,3.0045738220214844,47.668861389160156,48.13575744628906,27.264738082885742,0.04986666666666667,0.001
,,,,,244246,246.50783,247,,,,,,
,,,,,244642,212.28712,396,,,,,,
,,,,,244912,255.2646,270,,,,,,
,,,,,245000,,,16.61612319946289,46.863216400146484,47.68922424316406,89.72992706298828,0.04933333333333334,0.001
,,,,,245397,253.72089,485,,,,,,
,,,,,245956,216.12326,559,,,,,,
,,,,,246000,,,20.22226905822754,51.927642822265625,52.36915969848633,104.58199310302734,0.0488,0.001
,,,,,246280,248.44376,324,,,,,,
,,,,,246628,250.48936,348,,,,,,
,,,,,247000,,,13.690958976745605,51.42386245727539,50.33631896972656,73.46829223632812,0.04826666666666667,0.001
,,,,,247426,140.27711,798,,,,,,
,,,,,247917,249.32654,491,,,,,,
,,,,,248000,,,14.40939712524414,49.295860290527344,49.803714752197266,119.70024871826172,0.047733333333333336,0.001
,,,,,248263,241.66127,346,,,,,,
,,,,,248667,276.84625,404,,,,,,
,,,,,248964,260.82275,297,,,,,,
,,,,,249000,,,7.389484405517578,50.14861297607422,49.707820892333984,50.57213592529297,0.0472,0.001
,,,,,249195,264.2198,231,,,,,,
,,,,,249651,282.67316,456,,,,,,
209.6123,64.57992,251.20074,21.85743,428.2,250000,,,6.4266204833984375,53.91155242919922,53.29866027832031,52.680362701416016,0.046666666666666676,0.001
,,,,,250291,233.89111,640,,,,,,
,,,,,250646,221.71365,355,,,,,,
,,,,,251000,,,66.91716003417969,47.20845031738281,46.01483154296875,124.7817153930664,0.04613333333333334,0.001
,,,,,251043,264.321,397,,,,,,
,,,,,251268,246.45491,225,,,,,,
,,,,,251970,274.6621,702,,,,,,
,,,,,252000,,,10.834339141845703,57.06214904785156,57.170074462890625,58.51142883300781,0.0456,0.001
,,,,,252396,216.40994,426,,,,,,
,,,,,252833,181.29016,437,,,,,,
,,,,,253000,,,5.449150085449219,53.781578063964844,53.556007385253906,47.816558837890625,0.04506666666666667,0.001
,,,,,253193,241.26176,360,,,,,,
,,,,,254000,,,14.102031707763672,62.35964584350586,62.40733337402344,70.6373062133789,0.044533333333333334,0.001
,,,,,254019,222.87471,826,,,,,,
,,,,,254239,267.8344,220,,,,,,
,,,,,254482,11.133514,243,,,,,,
,,,,,255000,,,8.73653507232666,52.47466278076172,52.48668670654297,47.959712982177734,0.04400000000000001,0.001
,,,,,255322,149.40054,840,,,,,,
,,,,,255770,243.19942,448,,,,,,
,,,,,255987,259.3994,217,,,,,,
,,,,,256000,,,6.086308002471924,56.94096755981445,56.77150344848633,37.26734161376953,0.043466666666666674,0.001
,,,,,256320,225.17596,333,,,,,,
,,,,,256641,246.85478,321,,,,,,
,,,,,257000,,,3.807020902633667,48.65234375,48.58775329589844,28.15203094482422,0.04293333333333334,0.001
,,,,,257136,186.42538,495,,,,,,
,,,,,257871,170.40454,735,,,,,,
,,,,,258000,,,5.342605113983154,58.99992370605469,58.365806579589844,60.8358154296875,0.04240000000000001,0.001
,,,,,258229,272.02216,358,,,,,,
,,,,,258550,273.68335,321,,,,,,
,,,,,258778,242.34619,228,,,,,,
,,,,,259000,,,21.20574378967285,53.872100830078125,53.410606384277344,74.0640869140625,0.04186666666666667,0.001
,,,,,259026,-19.061958,248,,,,,,
,,,,,259208,262.2199,182,,,,,,
,,,,,259715,200.58142,507,,,,,,
,,,,,259999,214.64664,284,,,,,,
79.07057,149.03079,269.56958,-243.05246,519.3,260000,,,4.405455589294434,53.582672119140625,54.159828186035156,47.72777557373047,0.04133333333333334,0.001
,,,,,260290,257.88574,291,,,,,,
,,,,,260499,282.93207,209,,,,,,
,,,,,261000,,,3.7819149494171143,62.90013122558594,62.62364196777344,33.24415588378906,0.0408,0.001
,,,,,261007,260.7608,508,,,,,,
,,,,,262000,,,3.643385887145996,69.07989501953125,69.47882080078125,47.57102966308594,0.040266666666666666,0.001
,,,,,262007,-90.160484,1000,,,,,,
,,,,,262646,232.82309,639,,,,,,
,,,,,263000,,,12.921107292175293,56.80686950683594,57.446693420410156,94.74340057373047,0.03973333333333334,0.001
,,,,,263289,235.61786,643,,,,,,
,,,,,263529,306.39252,240,,,,,,
,,,,,263814,221.58748,285,,,,,,
,,,,,264000,,,16.44314956665039,49.42953872680664,49.211708068847656,86.50013732910156,0.039200000000000006,0.001
,,,,,264195,250.91362,381,,,,,,
,,,,,264461,230.79103,266,,,,,,
,,,,,264726,256.34448,265,,,,,,
,,,,,265000,,,3.3840274810791016,49.11023712158203,49.4912109375,44.76130676269531,0.03866666666666667,0.001
,,,,,265038,293.48108,312,,,,,,
,,,,,265565,185.1277,527,,,,,,
,,,,,265827,252.81607,262,,,,,,
,,,,,266000,,,3.421760082244873,50.621131896972656,50.24751663208008,42.9854850769043,0.03813333333333334,0.001
,,,,,266100,282.27057,273,,,,,,
,,,,,266592,259.28754,492,,,,,,
,,,,,266772,274.4345,180,,,,,,
,,,,,267000,,,5.792778968811035,52.808021545410156,52.48377227783203,50.62274932861328,0.0376,0.001
,,,,,267087,276.14307,315,,,,,,
,,,,,267414,288.21295,327,,,,,,
,,,,,267695,226.71664,281,,,,,,
,,,,,268000,,,6.865134239196777,59.77381134033203,59.500244140625,77.18305206298828,0.03706666666666668,0.001
,,,,,268168,247.74272,473,,,,,,
,,,,,268602,284.9442,434,,,,,,
,,,,,269000,,,10.734153747558594,54.90599822998047,53.84032440185547,105.75592041015625,0.036533333333333334,0.001
,,,,,269155,247.19537,553,,,,,,
,,,,,269427,156.37451,272,,,,,,
,,,,,269736,241.33368,309,,,,,,
153.55853,95.143364,270.62192,-22.5094,468.3,270000,,,4.775357246398926,59.592323303222656,59.28586959838867,45.914710998535156,0.036000000000000004,0.001
,,,,,270099,-226.04395,363,,,,,,
,,,,,270575,279.44788,476,,,,,,
,,,,,271000,,,12.68372631072998,58.282657623291016,58.03077697753906,58.72963333129883,0.035466666666666674,0.001
,,,,,271112,243.43243,537,,,,,,
,,,,,271434,229.14375,322,,,,,,
,,,,,272000,,,3.208101749420166,62.29941940307617,62.71622085571289,48.75410461425781,0.03493333333333333,0.001
,,,,,272284,-236.64948,850,,,,,,
,,,,,273000,,,4.904637813568115,56.2138786315918,56.446746826171875,36.94438171386719,0.034400000000000014,0.001
,,,,,273078,277.4449,794,,,,,,
,,,,,273881,209.39415,803,,,,,,
,,,,,274000,,,80.62615966796875,63.22667694091797,64.05256652832031,70.7095947265625,0.03386666666666667,0.001
,,,,,274193,205.80518,312,,,,,,
,,,,,274555,298.94455,362,,,,,,
,,,,,275000,,,6.059994697570801,72.19528198242188,72.0096435546875,55.62034225463867,0.03333333333333334,0.001
,,,,,275121,257.5569,566,,,,,,
,,,,,275814,200.21487,693,,,,,,
,,,,,276000,,,158.3623809814453,66.02119445800781,68.43711853027344,78.02693176269531,0.03280000000000001,0.001
,,,,,276361,269.73544,547,,,,,,
,,,,,276883,210.26651,522,,,,,,
,,,,,277000,,,67.67202758789062,52.17644500732422,53.218544006347656,80.47119140625,0.032266666666666666,0.001
,,,,,277487,245.27417,604,,,,,,
,,,,,277741,224.23639,254,,,,,,
,,,,,278000,,,11.118780136108398,62.09407424926758,63.05650329589844,101.5692367553711,0.031733333333333336,0.001
,,,,,278234,191.84882,493,,,,,,
,,,,,278574,154.1328,340,,,,,,
,,,,,278838,205.7805,264,,,,,,
,,,,,279000,,,3.2852163314819336,64.12835693359375,63.88752746582031,32.71207046508789,0.031200000000000006,0.001
,,,,,279838,69.60566,1000,,,,,,
244.51572,41.87056,276.3537,128.55336,331.9,280000,,,4.483860015869141,58.10057067871094,57.633338928222656,53.23713302612305,0.03066666666666666,0.001
,,,,,280556,214.16176,718,,,,,,
,,,,,280971,-105.72826,415,,,,,,
,,,,,281000,,,7.000000953674316,52.35247039794922,52.720458984375,63.315799713134766,0.030133333333333345,0.001
,,,,,281254,278.29892,283,,,,,,
,,,,,281511,256.12683,257,,,,,,
,,,,,281708,221.4544,197,,,,,,
,,,,,281945,272.4171,237,,,,,,
,,,,,282000,,,5.477100372314453,55.83967971801758,55.228172302246094,47.16680908203125,0.0296,0.001
,,,,,282304,276.62396,359,,,,,,
,,,,,282636,211.09476,332,,,,,,
,,,,,282860,268.1784,224,,,,,,
,,,,,283000,,,4.241605758666992,68.23517608642578,67.79427337646484,55.67476272583008,0.02906666666666667,0.001
,,,,,283153,222.7981,293,,,,,,
,,,,,283667,226.60172,514,,,,,,
,,,,,283918,204.91634,251,,,,,,
,,,,,284000,,,13.645069122314453,48.56421661376953,48.64422607421875,71.15380859375,0.02853333333333334,0.001
,,,,,284132,-60.976116,214,,,,,,
,,,,,284461,279.44928,329,,,,,,
,,,,,284744,214.63089,283,,,,,,
,,,,,285000,,,3.7477426528930664,53.91712188720703,54.15369415283203,38.54869079589844,0.027999999999999997,0.001
,,,,,285436,255.80536,692,,,,,,
,,,,,285629,269.59055,193,,,,,,
,,,,,285957,272.60056,328,,,,,,
,,,,,286000,,,6.310626983642578,59.74529266357422,60.09100341796875,71.49043273925781,0.02746666666666668,0.001
,,,,,286407,286.01978,450,,,,,,
,,,,,287000,,,3.6737985610961914,63.6474723815918,63.745235443115234,42.29629135131836,0.026933333333333337,0.001
,,,,,287002,222.14658,595,,,,,,
,,,,,287278,284.1875,276,,,,,,
,,,,,287505,230.40538,227,,,,,,
,,,,,287760,223.49326,255,,,,,,
,,,,,288000,,,6.157731533050537,63.97822952270508,63.45820617675781,75.16867065429688,0.026400000000000007,0.001
,,,,,288077,244.3883,317,,,,,,
,,,,,288400,237.15393,323,,,,,,
,,,,,288747,234.35133,347,,,,,,
,,,,,289000,,,73.60993957519531,53.18193817138672,54.33232879638672,67.82707977294922,0.025866666666666677,0.001
,,,,,289133,279.72754,386,,,,,,
,,,,,289368,205.81131,235,,,,,,
,,,,,289608,-34.097443,240,,,,,,
,,,,,289875,178.8465,267,,,,,,
242.4762,31.319914,268.73474,165.28293,326.3,290000,,,3.778712749481201,61.6678466796875,61.444488525390625,44.95487594604492,0.025333333333333333,0.001
,,,,,290284,237.09396,409,,,,,,
,,,,,290580,274.5916,296,,,,,,
,,,,,290820,271.55225,240,,,,,,
,,,,,291000,,,9.620481491088867,56.66284942626953,56.209842681884766,61.98117446899414,0.024800000000000003,0.001
,,,,,291015,241.12987,195,,,,,,
,,,,,291107,35.79947,92,,,,,,
,,,,,291401,199.78331,294,,,,,,
,,,,,291688,297.85168,287,,,,,,
,,,,,291940,218.62375,252,,,,,,
,,,,,292000,,,4.308162212371826,58.32196807861328,59.020111083984375,49.18189239501953,0.024266666666666672,0.001
,,,,,292257,246.23134,317,,,,,,
,,,,,292835,202.18665,578,,,,,,
,,,,,293000,,,4.223207473754883,60.265586853027344,60.19835662841797,38.93785858154297,0.02373333333333333,0.001
,,,,,293098,277.31067,263,,,,,,
,,,,,293302,260.5893,204,,,,,,
,,,,,294000,,,8.910361289978027,57.8216552734375,57.40591812133789,55.70886993408203,0.023200000000000012,0.001
,,,,,294056,202.19608,754,,,,,,
,,,,,294208,24.027863,152,,,,,,
,,,,,294466,213.09377,258,,,,,,
,,,,,295000,,,71.68677520751953,51.0263671875,52.35017395019531,213.16220092773438,0.02266666666666667,0.001
,,,,,295167,216.11188,701,,,,,,
,,,,,295394,291.56775,227,,,,,,
,,,,,296000,,,4.089029312133789,54.24070739746094,54.2413330078125,40.33106231689453,0.022133333333333338,0.001
,,,,,296018,140.624,624,,,,,,
,,,,,296365,251.633,347,,,,,,
,,,,,296560,278.50317,195,,,,,,
,,,,,297000,,,3.889984607696533,58.69398498535156,58.67473602294922,33.05341339111328,0.021600000000000008,0.001
,,,,,297546,207.0224,986,,,,,,
,,,,,298000,,,17.889495849609375,62.142642974853516,62.57691192626953,117.25804901123047,0.021066666666666664,0.001
,,,,,298068,233.67064,522,,,,,,
,,,,,298416,227.74338,348,,,,,,
,,,,,298659,254.74841,243,,,,,,
,,,,,299000,,,8.766586303710938,56.516014099121094,57.04569625854492,77.99046325683594,0.020533333333333334,0.001
,,,,,299163,176.05148,504,,,,,,
,,,,,299419,316.83398,256,,,,,,
,,,,,299649,254.26485,230,,,,,,
154.8831,196.34985,300.51907,-274.1938,381.8,300000,,,11.543118476867676,49.9636344909668,49.507389068603516,94.77554321289062,0.02,0.001
,,,,,300050,190.37996,401,,,,,,
,,,,,300196,268.81445,146,,,,,,
,,,,,300596,239.53598,400,,,,,,
,,,,,301000,,,6.202670574188232,63.302696228027344,64.06702423095703,49.27693557739258,0.02,0.001
,,,,,301095,274.0628,499,,,,,,
,,,,,301450,284.09882,355,,,,,,
,,,,,301896,208.71413,446,,,,,,
,,,,,302000,,,6.255825996398926,64.18533325195312,63.681304931640625,50.999595642089844,0.02,0.001
,,,,,302353,-83.829506,457,,,,,,
,,,,,302577,232.53407,224,,,,,,
,,,,,302800,268.53522,223,,,,,,
,,,,,302979,272.42987,179,,,,,,
,,,,,303000,,,16.403091430664062,65.1727066040039,65.05277252197266,74.08789825439453,0.02,0.001
,,,,,303198,225.26125,219,,,,,,
,,,,,303413,232.78175,215,,,,,,
,,,,,303596,282.43848,183,,,,,,
,,,,,304000,,,10.679216384887695,59.492061614990234,59.68611145019531,52.205841064453125,0.02,0.001
,,,,,304213,171.81181,617,,,,,,
,,,,,304634,-85.1388,421,,,,,,
,,,,,305000,,,11.588958740234375,55.796348571777344,56.00338363647461,57.917293548583984,0.02,0.001
,,,,,305101,231.03293,467,,,,,,
,,,,,305271,266.04352,170,,,,,,
,,,,,305550,251.23175,279,,,,,,
,,,,,305898,258.92502,348,,,,,,
,,,,,306000,,,5.348201751708984,74.2755355834961,74.5269775390625,49.391517639160156,0.02,0.001
,,,,,306104,301.41788,206,,,,,,
,,,,,306314,247.08887,210,,,,,,
,,,,,306502,31.94934,188,,,,,,
,,,,,306752,290.38086,250,,,,,,
,,,,,307000,,,4.4979248046875,65.22402954101562,65.03276062011719,49.14323806762695,0.02,0.001
,,,,,307145,255.38257,393,,,,,,
,,,,,307444,252.78178,299,,,,,,
,,,,,307713,318.96628,269,,,,,,
,,,,,308000,,,21.928091049194336,48.789268493652344,48.39274597167969,167.92877197265625,0.02,0.001
,,,,,308245,-98.23635,532,,,,,,
,,,,,308638,195.28935,393,,,,,,
,,,,,308934,214.9928,296,,,,,,
,,,,,309000,,,10.589624404907227,64.70951843261719,64.58731842041016,64.9133071899414,0.02,0.001
,,,,,309171,251.90768,237,,,,,,
199.02971,100.79507,282.03467,-17.56472,289.4,310000,,,4.356245040893555,62.38081741333008,62.57965087890625,55.68246078491211,0.02,0.001
,,,,,310096,148.68877,925,,,,,,
,,,,,310636,249.50488,540,,,,,,
,,,,,310985,239.58347,349,,,,,,
,,,,,311000,,,7.368732452392578,68.57603454589844,68.28336334228516,54.61623001098633,0.02,0.001
,,,,,311202,276.674,217,,,,,,
,,,,,311360,9.115356,158,,,,,,
,,,,,311615,228.61073,255,,,,,,
,,,,,311802,237.66832,187,,,,,,
,,,,,311990,274.44162,188,,,,,,
,,,,,312000,,,11.359661102294922,45.38847351074219,44.42707443237305,75.83126831054688,0.02,0.001
,,,,,312184,274.9555,194,,,,,,
,,,,,312405,225.66373,221,,,,,,
,,,,,312648,283.0818,243,,,,,,
,,,,,312876,264.58435,228,,,,,,
,,,,,313000,,,35.7652473449707,69.20271301269531,68.04522705078125,206.14244079589844,0.02,0.001
,,,,,313162,247.75316,286,,,,,,
,,,,,313545,279.43768,383,,,,,,
,,,,,313990,293.68927,445,,,,,,
,,,,,314000,,,6.693508148193359,51.70610046386719,51.91394805908203,54.230411529541016,0.02,0.001
,,,,,314570,253.12686,580,,,,,,
,,,,,314805,285.39423,235,,,,,,
,,,,,315000,,,7.387953281402588,67.00398254394531,67.28005981445312,65.1216049194336,0.02,0.001
,,,,,315017,270.38745,212,,,,,,
,,,,,315225,273.2927,208,,,,,,
,,,,,315460,199.85423,235,,,,,,
,,,,,315684,262.92487,224,,,,,,
,,,,,316000,,,32.0742301940918,58.92026138305664,58.73222732543945,135.81439208984375,0.02,0.001
,,,,,316130,271.91867,446,,,,,,
,,,,,316250,-6.375122,120,,,,,,
,,,,,316484,238.86102,234,,,,,,
,,,,,316968,221.91016,484,,,,,,
,,,,,317000,,,4.39923095703125,62.83332061767578,63.097373962402344,56.47529983520508,0.02,0.001
,,,,,317205,5.4796906,237,,,,,,
,,,,,317723,202.36414,518,,,,,,
,,,,,318000,,,6.199881553649902,51.751380920410156,51.83094024658203,60.4332389831543,0.02,0.001
,,,,,318056,201.23087,333,,,,,,
,,,,,318370,249.36894,314,,,,,,
,,,,,318837,268.33652,467,,,,,,
,,,,,319000,,,2.878936767578125,60.781341552734375,60.18988037109375,54.23231506347656,0.02,0.001
,,,,,319090,238.81973,253,,,,,,
,,,,,319353,-220.59511,263,,,,,,
,,,,,319565,258.42093,212,,,,,,
,,,,,319844,270.06946,279,,,,,,
245.25195,28.232464,288.27414,197.98383,325.8,320000,,,6.186766147613525,70.0548095703125,70.28791046142578,62.60208511352539,0.02,0.001
,,,,,320061,278.60526,217,,,,,,
,,,,,320423,216.41083,362,,,,,,
,,,,,320727,198.23273,304,,,,,,
,,,,,320990,241.50656,263,,,,,,
,,,,,321000,,,6.476081371307373,67.13038635253906,67.55400848388672,64.28980255126953,0.02,0.001
,,,,,321248,244.65645,258,,,,,,
,,,,,321500,225.42346,252,,,,,,
,,,,,321737,264.581,237,,,,,,
,,,,,322000,,,11.680484771728516,53.44764709472656,53.18145751953125,93.90141296386719,0.02,0.001
,,,,,322310,167.99063,573,,,,,,
,,,,,322715,257.86826,405,,,,,,
,,,,,323000,,,10.705995559692383,65.63288879394531,65.86688232421875,79.29330444335938,0.02,0.001
,,,,,323383,271.753,668,,,,,,
,,,,,323656,252.06006,273,,,,,,
,,,,,323931,285.21393,275,,,,,,
,,,,,324000,,,4.729571342468262,68.44438171386719,67.47315979003906,60.115665435791016,0.02,0.001
,,,,,324172,265.8379,241,,,,,,
,,,,,324472,238.09877,300,,,,,,
,,,,,324703,272.48584,231,,,,,,
,,,,,324933,204.36475,230,,,,,,
,,,,,325000,,,5.466269493103027,53.679054260253906,53.39302062988281,45.87105178833008,0.02,0.001
,,,,,325312,-90.269966,379,,,,,,
,,,,,325569,240.00159,257,,,,,,
,,,,,325863,238.88954,294,,,,,,
,,,,,326000,,,104.20501708984375,65.58270263671875,65.99105834960938,213.36158752441406,0.02,0.001
,,,,,326452,113.83661,589,,,,,,
,,,,,327000,,,281.37066650390625,57.271934509277344,55.024200439453125,102.0711669921875,0.02,0.001
,,,,,327198,199.40125,746,,,,,,
,,,,,327691,185.8095,493,,,,,,
,,,,,328000,,,120.16276550292969,59.45185852050781,61.46735763549805,98.0069580078125,0.02,0.001
,,,,,328084,217.23456,393,,,,,,
,,,,,328466,179.43289,382,,,,,,
,,,,,328765,255.96596,299,,,,,,
,,,,,329000,,,9.783991813659668,62.30793380737305,61.90587615966797,80.40779113769531,0.02,0.001
,,,,,329059,193.29866,294,,,,,,
,,,,,329454,297.7555,395,,,,,,
,,,,,329787,233.14064,333,,,,,,
,,,,,329989,258.52722,202,,,,,,
230.98349,42.857685,274.0606,123.233,352.4,330000,,,13.456793785095215,55.948219299316406,55.85874938964844,53.09724044799805,0.02,0.001
,,,,,330989,99.12413,1000,,,,,,
,,,,,331000,,,23.939294815063477,68.52555084228516,68.65801239013672,86.97308349609375,0.02,0.001
,,,,,331370,254.64418,381,,,,,,
,,,,,331601,273.8902,231,,,,,,
,,,,,331922,203.46848,321,,,,,,
,,,,,332000,,,10.395459175109863,61.35980987548828,61.18293762207031,87.02110290527344,0.02,0.001
,,,,,332209,238.153,287,,,,,,
,,,,,332422,228.11652,213,,,,,,
,,,,,332696,237.56651,274,,,,,,
,,,,,332999,266.36765,303,,,,,,
,,,,,333000,,,3.964935064315796,66.65744018554688,66.11834716796875,41.75780487060547,0.02,0.001
,,,,,333437,281.4739,438,,,,,,
,,,,,333919,198.59631,482,,,,,,
,,,,,334000,,,3.679824113845825,69.96138000488281,69.94194793701172,45.67228317260742,0.02,0.001
,,,,,334212,226.65019,293,,,,,,
,,,,,334458,243.46101,246,,,,,,
,,,,,334646,272.82172,188,,,,,,
,,,,,335000,,,6.176555633544922,65.709716796875,65.16072082519531,49.15386199951172,0.02,0.001
,,,,,335059,207.189,413,,,,,,
,,,,,335822,250.02222,763,,,,,,
,,,,,336000,,,4.977436065673828,58.76947784423828,58.90009307861328,55.86881637573242,0.02,0.001
,,,,,336693,154.56213,871,,,,,,
,,,,,337000,,,3.9460062980651855,65.13375091552734,64.99774932861328,30.040117263793945,0.02,0.001
,,,,,337011,256.74493,318,,,,,,
,,,,,337195,246.59395,184,,,,,,
,,,,,337478,290.23822,283,,,,,,
,,,,,337725,254.52977,247,,,,,,
,,,,,338000,,,10.91584587097168,66.56652069091797,66.56280517578125,55.46588134765625,0.02,0.001
,,,,,338008,257.10297,283,,,,,,
,,,,,338872,172.50247,864,,,,,,
,,,,,339000,,,61.11274719238281,50.777626037597656,51.12312316894531,58.0286979675293,0.02,0.001
,,,,,339080,286.84192,208,,,,,,
,,,,,339362,243.82974,282,,,,,,
,,,,,339648,313.24017,286,,,,,,
,,,,,339939,242.54271,291,,,,,,
234.62639,30.835161,276.70233,183.19261,375.2,340000,,,4.410951614379883,69.68966674804688,69.3209228515625,44.92938232421875,0.02,0.001
,,,,,340304,264.42456,365,,,,,,
,,,,,340474,265.15463,170,,,,,,
,,,,,340703,209.18364,229,,,,,,
,,,,,341000,,,19.277070999145508,62.495147705078125,62.25831604003906,74.56596374511719,0.02,0.001
,,,,,341691,168.74277,988,,,,,,
,,,,,341961,248.4475,270,,,,,,
,,,,,342000,,,5.9553070068359375,63.831581115722656,63.124839782714844,66.7090835571289,0.02,0.001
,,,,,342343,264.4682,382,,,,,,
,,,,,342711,257.97113,368,,,,,,
,,,,,343000,,,15.129018783569336,55.52731704711914,56.04545974731445,103.12591552734375,0.02,0.001
,,,,,343711,107.997826,1000,,,,,,
,,,,,344000,,,8.138139724731445,64.42649841308594,64.44902801513672,94.60427856445312,0.02,0.001
,,,,,344519,-252.85416,808,,,,,,
,,,,,344743,239.41843,224,,,,,,
,,,,,344961,233.09987,218,,,,,,
,,,,,345000,,,6.244153022766113,68.13290405273438,68.65453338623047,39.67121505737305,0.02,0.001
,,,,,345191,226.9057,230,,,,,,
,,,,,345377,264.18127,186,,,,,,
,,,,,345806,260.86987,429,,,,,,
,,,,,346000,,,8.258538246154785,56.446815490722656,57.15629577636719,69.05689239501953,0.02,0.001
,,,,,346241,220.2143,435,,,,,,
,,,,,346453,260.61646,212,,,,,,
,,,,,346634,285.53796,181,,,,,,
,,,,,346784,272.9077,150,,,,,,
,,,,,347000,,,6.965069770812988,66.12135314941406,66.91476440429688,68.0474853515625,0.02,0.001
,,,,,347108,204.01074,324,,,,,,
,,,,,347319,255.81258,211,,,,,,
,,,,,347672,245.59114,353,,,,,,
,,,,,347930,267.11462,258,,,,,,
,,,,,348000,,,2.890171766281128,73.0477294921875,73.19503784179688,53.55918884277344,0.02,0.001
,,,,,348096,262.64526,166,,,,,,
,,,,,348279,260.57477,183,,,,,,
,,,,,348617,223.29156,338,,,,,,
,,,,,349000,,,4.634251594543457,65.79886627197266,65.64454650878906,36.95038986206055,0.02,0.001
,,,,,349119,256.477,502,,,,,,
,,,,,349358,235.41508,239,,,,,,
,,,,,349889,203.37296,531,,,,,,
147.03691,168.31664,263.8835,-297.04736,467.0,350000,,,12.197669982910156,55.57605743408203,55.718387603759766,68.66593170166016,0.02,0.001
,,,,,350478,-104.04648,589,,,,,,
,,,,,350865,261.85693,387,,,,,,
,,,,,351000,,,2.651012897491455,68.49712371826172,68.64045715332031,27.78424072265625,0.02,0.001
,,,,,351070,271.53098,205,,,,,,
,,,,,351621,-145.4367,551,,,,,,
,,,,,352000,,,5.606291770935059,65.5299072265625,64.94552612304688,64.6419448852539,0.02,0.001
,,,,,352059,179.88785,438,,,,,,
,,,,,352468,276.23715,409,,,,,,
,,,,,352842,288.40018,374,,,,,,
,,,,,352950,-84.22979,108,,,,,,
,,,,,353000,,,5.780947208404541,65.1861572265625,65.09394073486328,72.63134765625,0.02,0.001
,,,,,353181,251.76776,231,,,,,,
,,,,,353457,228.57935,276,,,,,,
,,,,,353712,260.9755,255,,,,,,
,,,,,354000,,,4.631869792938232,68.99077606201172,68.77009582519531,40.048065185546875,0.02,0.001
,,,,,354387,163.6721,675,,,,,,
,,,,,354540,-49.838795,153,,,,,,
,,,,,355000,,,6.785384178161621,70.26863098144531,70.75210571289062,43.9501838684082,0.02,0.001
,,,,,355171,193.16277,631,,,,,,
,,,,,355408,274.5583,237,,,,,,
,,,,,355760,243.5458,352,,,,,,
,,,,,355932,11.869888,172,,,,,,
,,,,,356000,,,4.7236127853393555,63.46341323852539,63.698394775390625,30.7058048248291,0.02,0.001
,,,,,356099,-113.18202,167,,,,,,
,,,,,356320,246.40486,221,,,,,,
,,,,,356637,236.30168,317,,,,,,
,,,,,356841,286.6352,204,,,,,,
,,,,,357000,,,7.56507682800293,66.2784652709961,66.0914306640625,80.88066864013672,0.02,0.001
,,,,,357048,262.56696,207,,,,,,
,,,,,357311,-36.182987,263,,,,,,
,,,,,357460,-16.791275,149,,,,,,
,,,,,357908,226.45421,448,,,,,,
,,,,,358000,,,3.9552834033966064,62.814727783203125,62.68896484375,27.29328155517578,0.02,0.001
,,,,,358414,193.70943,506,,,,,,
,,,,,358656,237.21214,242,,,,,,
,,,,,358938,215.94177,282,,,,,,
,,,,,359000,,,6.396139144897461,63.64519119262695,63.50720977783203,70.87020111083984,0.02,0.001
,,,,,359345,250.91592,407,,,,,,
,,,,,359670,292.02887,325,,,,,,
,,,,,359955,220.1198,285,,,,,,
127.6685,55.90667,210.14241,59.651733,784.9,360000,,,17.54120445251465,67.46487426757812,67.5865478515625,85.55979919433594,0.02,0.001
,,,,,360160,219.9461,205,,,,,,
,,,,,360356,201.7555,196,,,,,,
,,,,,360563,269.3716,207,,,,,,
,,,,,360793,248.9086,230,,,,,,
,,,,,361000,,,3.886314630508423,65.64537048339844,65.66581726074219,56.40529251098633,0.02,0.001
,,,,,361209,215.61111,416,,,,,,
,,,,,361394,-181.75388,185,,,,,,
,,,,,361851,265.54932,457,,,,,,
,,,,,362000,,,5.416522026062012,60.080711364746094,60.68071365356445,64.49562072753906,0.02,0.001
,,,,,362246,263.75546,395,,,,,,
,,,,,362560,234.39055,314,,,,,,
,,,,,362759,258.5186,199,,,,,,
,,,,,363000,,,26.798145294189453,63.561973571777344,63.3382568359375,103.353515625,0.02,0.001
,,,,,363526,162.75847,767,,,,,,
,,,,,363832,273.60126,306,,,,,,
,,,,,364000,,,3.541581869125366,62.548954010009766,63.15465545654297,32.02155303955078,0.02,0.001
,,,,,364154,261.71307,322,,,,,,
,,,,,364455,246.85532,301,,,,,,
,,,,,365000,,,2.7851741313934326,62.388999938964844,61.85430145263672,33.11594772338867,0.02,0.001
,,,,,365049,203.27374,594,,,,,,
,,,,,365272,239.58586,223,,,,,,
,,,,,365763,292.75296,491,,,,,,
,,,,,365964,266.8003,201,,,,,,
,,,,,366000,,,2.9214460849761963,61.301109313964844,61.822635650634766,47.122379302978516,0.02,0.001
,,,,,366128,26.436562,164,,,,,,
,,,,,366425,256.44904,297,,,,,,
,,,,,366616,276.81628,191,,,,,,
,,,,,366807,308.05167,191,,,,,,
,,,,,367000,,,10.750324249267578,70.62277221679688,71.07902526855469,62.37769317626953,0.02,0.001
,,,,,367099,246.41666,292,,,,,,
,,,,,367328,263.95288,229,,,,,,
,,,,,367685,280.3553,357,,,,,,
,,,,,368000,,,7.362345218658447,62.672462463378906,63.351810455322266,55.338802337646484,0.02,0.001
,,,,,368031,229.28189,346,,,,,,
,,,,,368694,255.14682,663,,,,,,
,,,,,368942,246.05472,248,,,,,,
,,,,,369000,,,13.467547416687012,61.18569564819336,62.51719284057617,129.85720825195312,0.02,0.001
,,,,,369942,148.53339,1000,,,,,,
139.10135,95.70655,253.7643,-85.664345,759.4,370000,,,340.1014404296875,63.922264099121094,61.2945671081543,197.1013641357422,0.02,0.001
,,,,,370055,-18.505943,113,,,,,,
,,,,,370305,226.0158,250,,,,,,
,,,,,371000,,,4.25526237487793,72.02224731445312,71.80979919433594,35.607906341552734,0.02,0.001
,,,,,371305,72.002686,1000,,,,,,
,,,,,371551,239.11337,246,,,,,,
,,,,,371906,264.11438,355,,,,,,
,,,,,372000,,,5.676874160766602,67.03739166259766,67.49079895019531,52.19142532348633,0.02,0.001
,,,,,372085,250.44081,179,,,,,,
,,,,,372405,241.07663,320,,,,,,
,,,,,372642,277.18756,237,,,,,,
,,,,,373000,,,87.04103088378906,56.948020935058594,56.81341552734375,133.88633728027344,0.02,0.001
,,,,,373171,214.68915,529,,,,,,
,,,,,373455,258.3612,284,,,,,,
,,,,,373706,294.811,251,,,,,,
,,,,,374000,,,3.33351469039917,70.55198669433594,70.33308410644531,39.61156463623047,0.02,0.001
,,,,,374273,208.79965,567,,,,,,
,,,,,374484,-220.21704,211,,,,,,
,,,,,374721,256.26355,237,,,,,,
,,,,,375000,,,8.02094841003418,62.61296081542969,62.47856903076172,48.992584228515625,0.02,0.001
,,,,,375076,254.19048,355,,,,,,
,,,,,375319,262.70605,243,,,,,,
,,,,,375568,252.18475,249,,,,,,
,,,,,375748,-10.5996475,180,,,,,,
,,,,,375999,286.31732,251,,,,,,
,,,,,376000,,,42.88883972167969,66.42632293701172,66.82036590576172,117.00465393066406,0.02,0.001
,,,,,376181,245.04237,182,,,,,,
,,,,,376542,284.81805,361,,,,,,
,,,,,376761,267.1643,219,,,,,,
,,,,,377000,,,6.004875183105469,67.83283996582031,68.14913940429688,57.3953857421875,0.02,0.001
,,,,,377033,219.3129,272,,,,,,
,,,,,377289,288.88318,256,,,,,,
,,,,,377553,270.56836,264,,,,,,
,,,,,377789,273.81116,236,,,,,,
,,,,,378000,,,3.8805036544799805,63.94313049316406,63.85015106201172,32.87354278564453,0.02,0.001
,,,,,378006,274.37915,217,,,,,,
,,,,,378507,267.75754,501,,,,,,
,,,,,378815,262.8156,308,,,,,,
,,,,,379000,,,69.3456802368164,53.62004089355469,54.269126892089844,99.51923370361328,0.02,0.001
,,,,,379073,227.96875,258,,,,,,
,,,,,379276,235.95901,203,,,,,,
,,,,,379687,280.41922,411,,,,,,
,,,,,379925,270.07452,238,,,,,,
164.77333,111.96618,262.9282,-133.8391,612.8,380000,,,52.155357360839844,66.10859680175781,66.8716812133789,182.31692504882812,0.02,0.001
,,,,,380515,200.74042,590,,,,,,
,,,,,380756,234.38237,241,,,,,,
,,,,,381000,,,6.452518463134766,57.7813720703125,57.22071075439453,40.52096176147461,0.02,0.001
,,,,,381198,238.82695,442,,,,,,
,,,,,381480,251.25273,282,,,,,,
,,,,,381700,284.1842,220,,,,,,
,,,,,381925,262.10928,225,,,,,,
,,,,,382000,,,6.940516471862793,59.80859375,59.251224517822266,51.367706298828125,0.02,0.001
,,,,,382127,293.59024,202,,,,,,
,,,,,382445,276.78452,318,,,,,,
,,,,,382716,257.72125,271,,,,,,
,,,,,382908,240.19286,192,,,,,,
,,,,,383000,,,6.374499797821045,71.25167846679688,71.03758239746094,39.804718017578125,0.02,0.001
,,,,,383246,265.44995,338,,,,,,
,,,,,383438,281.12158,192,,,,,,
,,,,,383763,188.42892,325,,,,,,
,,,,,384000,,,5.874426364898682,63.1851921081543,63.30307388305664,66.34400177001953,0.02,0.001
,,,,,384083,251.15436,320,,,,,,
,,,,,384315,283.83212,232,,,,,,
,,,,,384656,288.62738,341,,,,,,
,,,,,384858,273.75113,202,,,,,,
,,,,,385000,,,5.119296073913574,66.24571990966797,66.27326965332031,40.306705474853516,0.02,0.001
,,,,,385011,22.918541,153,,,,,,
,,,,,385339,227.10365,328,,,,,,
,,,,,385645,213.45975,306,,,,,,
,,,,,385834,258.67834,189,,,,,,
,,,,,386000,,,4.770383834838867,64.97945404052734,64.75057983398438,57.262393951416016,0.02,0.001
,,,,,386139,290.80005,305,,,,,,
,,,,,386411,271.2449,272,,,,,,
,,,,,386798,272.92694,387,,,,,,
,,,,,387000,,,6.126705646514893,60.44023513793945,60.59276580810547,57.417232513427734,0.02,0.001
,,,,,387060,275.66205,262,,,,,,
,,,,,387233,254.911,173,,,,,,
,,,,,387582,288.73434,349,,,,,,
,,,,,388000,,,8.358474731445312,67.70695495605469,67.34437561035156,96.56529235839844,0.02,0.001
,,,,,388101,257.9179,519,,,,,,
,,,,,388350,307.6733,249,,,,,,
,,,,,388579,267.54132,229,,,,,,
,,,,,388800,288.73328,221,,,,,,
,,,,,389000,,,5.991857051849365,70.3677749633789,70.4891357421875,44.65830993652344,0.02,0.001
,,,,,389062,259.08112,262,,,,,,
,,,,,389321,278.31226,259,,,,,,
,,,,,389727,243.64136,406,,,,,,
113.7478,64.29074,278.0199,44.161697,941.0,390000,,,7.946829795837402,61.56782531738281,61.37705993652344,42.50360870361328,0.02,0.001
,,,,,390050,269.10742,323,,,,,,
,,,,,390308,272.1485,258,,,,,,
,,,,,390726,254.1617,418,,,,,,
,,,,,390994,265.82715,268,,,,,,
,,,,,391000,,,7.483700752258301,60.981292724609375,60.72075271606445,64.52489471435547,0.02,0.001
,,,,,391414,244.10643,420,,,,,,
,,,,,391637,257.52484,223,,,,,,
,,,,,391989,275.8767,352,,,,,,
,,,,,392000,,,5.007094383239746,70.48591613769531,69.9846420288086,49.55665969848633,0.02,0.001
,,,,,392245,296.18295,256,,,,,,
,,,,,392495,264.61923,250,,,,,,
,,,,,392715,266.0161,220,,,,,,
,,,,,392887,240.44034,172,,,,,,
,,,,,393000,,,14.081904411315918,69.64249420166016,69.38801574707031,119.65657043457031,0.02,0.001
,,,,,393204,297.88428,317,,,,,,
,,,,,393728,259.94757,524,,,,,,
,,,,,393997,249.94821,269,,,,,,
,,,,,394000,,,45.305633544921875,70.15998840332031,71.13313293457031,41.34926986694336,0.02,0.001
,,,,,394190,259.075,193,,,,,,
,,,,,394350,267.04395,160,,,,,,
,,,,,394555,235.65083,205,,,,,,
,,,,,394815,285.02893,260,,,,,,
,,,,,394960,285.73218,145,,,,,,
,,,,,395000,,,10.941374778747559,71.22769927978516,69.93397521972656,92.06766510009766,0.02,0.001
,,,,,395204,254.46509,244,,,,,,
,,,,,395327,6.4067917,123,,,,,,
,,,,,395613,260.978,286,,,,,,
,,,,,395844,266.04544,231,,,,,,
,,,,,396000,,,5.727179050445557,69.12515258789062,68.64244079589844,51.212318420410156,0.02,0.001
,,,,,396066,277.10162,222,,,,,,
,,,,,396258,278.26,192,,,,,,
,,,,,396512,259.14948,254,,,,,,
,,,,,396875,275.5592,363,,,,,,
,,,,,397000,,,67.28207397460938,64.91116333007812,66.21035766601562,93.99250030517578,0.02,0.001
,,,,,397139,286.49704,264,,,,,,
,,,,,397488,288.46152,349,,,,,,
,,,,,397697,267.631,209,,,,,,
,,,,,398000,,,27.945058822631836,63.23823547363281,63.0304069519043,87.82977294921875,0.02,0.001
,,,,,398374,277.13403,677,,,,,,
,,,,,399000,,,6.031455039978027,64.41891479492188,64.71817016601562,72.87614440917969,0.02,0.001
,,,,,399261,149.02585,887,,,,,,
,,,,,399514,278.86212,253,,,,,,
,,,,,399742,256.8648,228,,,,,,
,,,,,399922,41.582855,180,,,,,,
270.9748,22.857,303.1718,226.58551,211.6,400000,,,8.759895324707031,64.87706756591797,65.41606140136719,85.96439361572266,0.02,0.001
,,,,,400110,263.9184,188,,,,,,
,,,,,400437,258.99258,327,,,,,,
,,,,,400850,208.2899,413,,,,,,
,,,,,400995,273.69406,145,,,,,,
,,,,,401000,,,9.538411140441895,58.79862976074219,59.09148406982422,48.510284423828125,0.02,0.001
,,,,,401177,244.25111,182,,,,,,
,,,,,401476,255.45135,299,,,,,,
,,,,,401938,288.15198,462,,,,,,
,,,,,402000,,,4.646852493286133,69.08567810058594,68.85838317871094,45.35530090332031,0.02,0.001
,,,,,402264,242.32048,326,,,,,,
,,,,,402499,299.042,235,,,,,,
,,,,,402689,264.93433,190,,,,,,
,,,,,402963,272.73254,274,,,,,,
,,,,,403000,,,25.625988006591797,64.42101287841797,65.62852478027344,107.56611633300781,0.02,0.001
,,,,,403354,249.10754,391,,,,,,
,,,,,403586,167.37646,232,,,,,,
,,,,,403744,250.4181,158,,,,,,
,,,,,404000,,,9.122071266174316,65.72391510009766,66.13567352294922,59.464969635009766,0.02,0.001
,,,,,404047,301.318,303,,,,,,
,,,,,404389,291.04935,342,,,,,,
,,,,,404748,267.13354,359,,,,,,
,,,,,405000,,,3.2865211963653564,67.48577117919922,67.75103759765625,25.579328536987305,0.02,0.001
,,,,,405215,227.37271,467,,,,,,
,,,,,405449,249.51271,234,,,,,,
,,,,,405722,226.78612,273,,,,,,
,,,,,406000,,,8.429289817810059,72.54872131347656,71.65217590332031,109.22591400146484,0.02,0.001
,,,,,406073,284.55225,351,,,,,,
,,,,,406244,256.61398,171,,,,,,
,,,,,406496,275.30383,252,,,,,,
,,,,,406705,37.839447,209,,,,,,
,,,,,407000,,,4.267457962036133,58.31966781616211,58.102874755859375,41.693172454833984,0.02,0.001
,,,,,407138,269.4748,433,,,,,,
,,,,,407401,295.54626,263,,,,,,
,,,,,407692,270.88226,291,,,,,,
,,,,,408000,,,48.996795654296875,68.67301940917969,69.02843475341797,47.39232635498047,0.02,0.001
,,,,,408062,277.9823,370,,,,,,
,,,,,408637,253.26497,575,,,,,,
,,,,,408934,232.94711,297,,,,,,
,,,,,409000,,,66.99942779541016,66.62800598144531,68.49052429199219,92.36061096191406,0.02,0.001
,,,,,409383,284.33954,449,,,,,,
,,,,,409729,301.97217,346,,,,,,
,,,,,409903,275.1321,174,,,,,,
224.2281,64.517296,303.41705,67.148865,376.7,410000,,,23.961153030395508,65.00244140625,64.73672485351562,95.67516326904297,0.02,0.001
,,,,,410237,286.21524,334,,,,,,
,,,,,410438,280.51248,201,,,,,,
,,,,,410779,295.09186,341,,,,,,
,,,,,411000,,,8.085938453674316,67.64020538330078,66.89252471923828,62.55147171020508,0.02,0.001
,,,,,411090,257.2393,311,,,,,,
,,,,,411346,242.95937,256,,,,,,
,,,,,411587,295.57745,241,,,,,,
,,,,,411916,271.85425,329,,,,,,
,,,,,412000,,,11.564493179321289,72.88652801513672,72.43710327148438,92.45639038085938,0.02,0.001
,,,,,412783,155.59094,867,,,,,,
,,,,,413000,,,5.827541828155518,61.61436080932617,61.841243743896484,44.5166130065918,0.02,0.001
,,,,,413003,272.63593,220,,,,,,
,,,,,413259,270.95438,256,,,,,,
,,,,,413490,271.13556,231,,,,,,
,,,,,413757,280.35114,267,,,,,,
,,,,,414000,,,3.7511003017425537,59.69188690185547,59.158748626708984,38.17728042602539,0.02,0.001
,,,,,414006,271.6518,249,,,,,,
,,,,,414216,253.07008,210,,,,,,
,,,,,414462,241.41519,246,,,,,,
,,,,,414750,211.26236,288,,,,,,
,,,,,415000,,,3.03556489944458,64.96745300292969,65.29174041748047,42.92319107055664,0.02,0.001
,,,,,415050,247.63153,300,,,,,,
,,,,,415297,308.97812,247,,,,,,
,,,,,415556,294.06738,259,,,,,,
,,,,,416000,,,8.704002380371094,73.24420166015625,73.28839111328125,54.26717758178711,0.02,0.001
,,,,,416305,239.43077,749,,,,,,
,,,,,416599,254.80644,294,,,,,,
,,,,,416929,238.13539,330,,,,,,
,,,,,417000,,,6.6032395362854,63.069358825683594,63.480464935302734,60.29653549194336,0.02,0.001
,,,,,417084,237.21764,155,,,,,,
,,,,,417349,280.18405,265,,,,,,
,,,,,417539,257.3392,190,,,,,,
,,,,,417832,302.13263,293,,,,,,
,,,,,418000,,,7.860986709594727,67.95149993896484,67.44086456298828,55.184810638427734,0.02,0.001
,,,,,418019,279.0671,187,,,,,,
,,,,,418271,284.2667,252,,,,,,
,,,,,418505,263.9605,234,,,,,,
,,,,,418793,291.2033,288,,,,,,
,,,,,419000,,,7.454118251800537,64.38529968261719,64.08980560302734,46.309349060058594,0.02,0.001
,,,,,419186,258.26044,393,,,,,,
,,,,,419605,276.12216,419,,,,,,
,,,,,419775,291.01227,170,,,,,,
240.15897,40.52632,291.2346,139.96744,562.1,420000,,,6.146698951721191,67.62803649902344,67.054443359375,79.9977035522461,0.02,0.001
,,,,,420057,270.29224,282,,,,,,
,,,,,420453,254.94215,396,,,,,,
,,,,,420623,272.67145,170,,,,,,
,,,,,420930,224.50366,307,,,,,,
,,,,,421000,,,8.192081451416016,64.85741424560547,64.70649719238281,76.73554229736328,0.02,0.001
,,,,,421203,249.50905,273,,,,,,
,,,,,421697,224.0111,494,,,,,,
,,,,,422000,,,14.20711898803711,65.69660949707031,64.72586059570312,111.2861328125,0.02,0.001
,,,,,422093,258.77316,396,,,,,,
,,,,,422312,243.72008,219,,,,,,
,,,,,422578,234.5452,266,,,,,,
,,,,,422825,290.42902,247,,,,,,
,,,,,423000,,,12.516667366027832,68.83999633789062,68.81767272949219,91.2765884399414,0.02,0.001
,,,,,423108,216.33517,283,,,,,,
,,,,,423454,290.46277,346,,,,,,
,,,,,423653,279.3697,199,,,,,,
,,,,,423809,-43.125885,156,,,,,,
,,,,,424000,,,25.76265525817871,62.577301025390625,61.89204788208008,129.7724609375,0.02,0.001
,,,,,424020,237.62376,211,,,,,,
,,,,,424263,257.50424,243,,,,,,
,,,,,424511,285.82672,248,,,,,,
,,,,,424751,288.1535,240,,,,,,
,,,,,425000,,,56.49474334716797,68.97218322753906,69.85250854492188,44.2919807434082,0.02,0.001
,,,,,425137,285.5855,386,,,,,,
,,,,,425343,269.8092,206,,,,,,
,,,,,425706,175.79718,363,,,,,,
,,,,,426000,,,9.066261291503906,68.34300231933594,68.42179870605469,65.96017456054688,0.02,0.001
,,,,,426141,208.56369,435,,,,,,
,,,,,426389,298.7375,248,,,,,,
,,,,,427000,,,32.971961975097656,56.10997772216797,56.42219543457031,75.60970306396484,0.02,0.001
,,,,,427389,47.504444,1000,,,,,,
,,,,,427591,284.81128,202,,,,,,
,,,,,427810,275.83624,219,,,,,,
,,,,,428000,,,4.990591526031494,65.40506744384766,64.94607543945312,59.2401123046875,0.02,0.001
,,,,,428174,214.15143,364,,,,,,
,,,,,428921,171.34492,747,,,,,,
,,,,,429000,,,10.8851318359375,66.95237731933594,66.43685150146484,53.162513732910156,0.02,0.001
,,,,,429141,253.05139,220,,,,,,
,,,,,429385,277.8463,244,,,,,,
,,,,,429617,305.32092,232,,,,,,
247.02823,55.713634,308.65833,104.98795,320.4,430000,,,2.4034807682037354,73.71592712402344,74.00686645507812,37.937522888183594,0.02,0.001
,,,,,430086,207.9273,469,,,,,,
,,,,,430414,280.06757,328,,,,,,
,,,,,430602,265.2956,188,,,,,,
,,,,,431000,,,50.11452102661133,70.62928771972656,71.78299713134766,69.16598510742188,0.02,0.001
,,,,,431053,157.17758,451,,,,,,
,,,,,431302,270.52747,249,,,,,,
,,,,,431645,270.07013,343,,,,,,
,,,,,431883,271.2426,238,,,,,,
,,,,,432000,,,52.21563720703125,71.21639251708984,71.13919830322266,117.77128601074219,0.02,0.001
,,,,,432805,181.51471,922,,,,,,
,,,,,433000,,,3.030801773071289,71.44737243652344,71.21113586425781,39.666748046875,0.02,0.001
,,,,,433021,-96.98567,216,,,,,,
,,,,,433198,288.32996,177,,,,,,
,,,,,433422,253.27675,224,,,,,,
,,,,,433814,272.1609,392,,,,,,
,,,,,433981,288.9314,167,,,,,,
,,,,,434000,,,44.20238494873047,69.39027404785156,69.94749450683594,63.61919021606445,0.02,0.001
,,,,,434689,-195.30722,708,,,,,,
,,,,,434863,249.43646,174,,,,,,
,,,,,435000,,,5.210703372955322,65.63933563232422,65.17391967773438,71.99665832519531,0.02,0.001
,,,,,435209,281.94684,346,,,,,,
,,,,,435559,260.54956,350,,,,,,
,,,,,435724,20.292702,165,,,,,,
,,,,,435908,247.72763,184,,,,,,
,,,,,436000,,,28.595218658447266,73.251220703125,73.57921600341797,208.33740234375,0.02,0.001
,,,,,436481,210.7557,573,,,,,,
,,,,,436790,271.0999,309,,,,,,
,,,,,437000,,,3.8047752380371094,70.53150939941406,70.49234008789062,37.93617248535156,0.02,0.001
,,,,,437144,288.98846,354,,,,,,
,,,,,437603,236.59468,459,,,,,,
,,,,,437874,226.99638,271,,,,,,
,,,,,438000,,,3.560811758041382,69.84620666503906,69.50059509277344,44.43673324584961,0.02,0.001
,,,,,438073,268.02997,199,,,,,,
,,,,,438263,243.78159,190,,,,,,
,,,,,438531,283.86737,268,,,,,,
,,,,,438788,232.74388,257,,,,,,
,,,,,438951,282.8346,163,,,,,,
,,,,,439000,,,17.86083984375,68.99504852294922,68.40818786621094,107.74959564208984,0.02,0.001
,,,,,439115,287.20343,164,,,,,,
,,,,,439307,273.3438,192,,,,,,
,,,,,439609,250.51472,302,,,,,,
,,,,,439857,232.80081,248,,,,,,
,,,,,439985,10.690697,128,,,,,,
177.63945,143.6522,289.8971,-233.45473,403.2,440000,,,27.95079231262207,76.21418762207031,76.87632751464844,82.92760467529297,0.02,0.001
,,,,,440222,244.69177,237,,,,,,
,,,,,440533,282.37418,311,,,,,,
,,,,,440725,256.28848,192,,,,,,
,,,,,441000,,,6.543564796447754,69.50679779052734,69.240478515625,53.734615325927734,0.02,0.001
,,,,,441027,290.89166,302,,,,,,
,,,,,441432,279.98645,405,,,,,,
,,,,,441826,265.89798,394,,,,,,
,,,,,442000,,,6.253437519073486,77.7125244140625,78.08038330078125,46.9578971862793,0.02,0.001
,,,,,442231,205.11447,405,,,,,,
,,,,,442438,280.9491,207,,,,,,
,,,,,442645,236.60089,207,,,,,,
,,,,,442881,267.8412,236,,,,,,
,,,,,443000,,,18.533308029174805,66.73129272460938,66.04109191894531,96.20159912109375,0.02,0.001
,,,,,443352,246.17613,471,,,,,,
,,,,,443536,231.34311,184,,,,,,
,,,,,443761,266.66614,225,,,,,,
,,,,,444000,246.3012,239,,,,,,
,,,,,444000,,,2.8046324253082275,67.2911376953125,67.00889587402344,24.075735092163086,0.02,0.001
,,,,,444199,298.6734,199,,,,,,
,,,,,444566,257.29248,367,,,,,,
,,,,,444830,273.0063,264,,,,,,
,,,,,445000,,,4.306173324584961,74.72091674804688,74.03057861328125,54.00621032714844,0.02,0.001
,,,,,445168,282.40918,338,,,,,,
,,,,,445459,287.87665,291,,,,,,
,,,,,445685,275.3637,226,,,,,,
,,,,,445914,275.88562,229,,,,,,
,,,,,446000,,,89.49110412597656,74.37627410888672,73.1077880859375,271.9844970703125,0.02,0.001
,,,,,446224,283.31512,310,,,,,,
,,,,,446483,219.7894,259,,,,,,
,,,,,446752,231.20206,269,,,,,,
,,,,,447000,,,4.962470531463623,71.03958892822266,70.90171813964844,41.19886016845703,0.02,0.001
,,,,,447003,268.3564,251,,,,,,
,,,,,447263,281.4491,260,,,,,,
,,,,,447815,282.91864,552,,,,,,
,,,,,448000,,,24.598508834838867,71.81048583984375,71.33146667480469,121.48197174072266,0.02,0.001
,,,,,448102,306.55508,287,,,,,,
,,,,,448349,250.89348,247,,,,,,
,,,,,448591,241.3833,242,,,,,,
,,,,,448911,262.55225,320,,,,,,
,,,,,449000,,,5.471027374267578,66.10697937011719,66.44286346435547,45.26131820678711,0.02,0.001
,,,,,449319,226.75351,408,,,,,,
,,,,,449598,296.75644,279,,,,,,
,,,,,449816,277.36615,218,,,,,,
139.1589,6.3050294,146.02011,126.61601,1000.0,450000,,,6.030745506286621,68.65757751464844,68.70060729980469,39.06129455566406,0.02,0.001
,,,,,450164,283.24524,348,,,,,,
,,,,,450596,183.0574,432,,,,,,
,,,,,450946,238.17537,350,,,,,,
,,,,,451000,,,6.075174808502197,64.05323028564453,63.776947021484375,41.859153747558594,0.02,0.001
,,,,,451163,235.16158,217,,,,,,
,,,,,451432,250.76482,269,,,,,,
,,,,,451652,242.88985,220,,,,,,
,,,,,451852,268.0309,200,,,,,,
,,,,,452000,,,9.015863418579102,55.79353332519531,56.280738830566406,71.62147521972656,0.02,0.001
,,,,,452204,241.13402,352,,,,,,
,,,,,452464,278.22412,260,,,,,,
,,,,,453000,,,6.149941444396973,69.41964721679688,69.25078582763672,79.30746459960938,0.02,0.001
,,,,,453464,75.635124,1000,,,,,,
,,,,,453689,266.72958,225,,,,,,
,,,,,453902,292.4582,213,,,,,,
,,,,,454000,,,10.485392570495605,69.71063232421875,70.1530990600586,67.30032348632812,0.02,0.001
,,,,,454099,293.66693,197,,,,,,
,,,,,454275,258.85443,176,,,,,,
,,,,,454517,251.46861,242,,,,,,
,,,,,454751,228.1694,234,,,,,,
,,,,,454944,248.93358,193,,,,,,
,,,,,455000,,,2.6687870025634766,74.90037536621094,75.2166748046875,31.510011672973633,0.02,0.001
,,,,,455167,277.5957,223,,,,,,
,,,,,455421,229.35081,254,,,,,,
,,,,,455581,287.64255,160,,,,,,
,,,,,455942,216.79662,361,,,,,,
,,,,,456000,,,4.087242603302002,72.25183868408203,71.7823257446289,40.9395751953125,0.02,0.001
,,,,,456157,268.29477,215,,,,,,
,,,,,456338,267.83563,181,,,,,,
,,,,,456516,250.12445,178,,,,,,
,,,,,456780,272.07568,264,,,,,,
,,,,,457000,,,3.132601022720337,76.08792114257812,76.50816345214844,49.43932342529297,0.02,0.001
,,,,,457334,257.6437,554,,,,,,
,,,,,457699,290.97125,365,,,,,,
,,,,,457940,292.6148,241,,,,,,
,,,,,458000,,,51.68156433105469,70.70660400390625,71.32527160644531,66.8400650024414,0.02,0.001
,,,,,458133,288.31976,193,,,,,,
,,,,,458381,258.7861,248,,,,,,
,,,,,458681,263.98285,300,,,,,,
,,,,,458881,245.65173,200,,,,,,
,,,,,459000,,,9.441598892211914,84.67390441894531,84.56645202636719,88.08934020996094,0.02,0.001
,,,,,459169,280.2303,288,,,,,,
,,,,,459473,276.5245,304,,,,,,
,,,,,459706,290.66714,233,,,,,,
240.93161,63.709587,294.45035,62.316895,240.4,460000,,,3.2246713638305664,71.85922241210938,71.76339721679688,35.37376403808594,0.02,0.001
,,,,,460001,254.88364,295,,,,,,
,,,,,460250,260.44598,249,,,,,,
,,,,,460541,275.2049,291,,,,,,
,,,,,460738,276.33896,197,,,,,,
,,,,,461000,,,6.59699010848999,73.53292846679688,73.17105102539062,57.097694396972656,0.02,0.001
,,,,,461121,268.225,383,,,,,,
,,,,,461407,258.72192,286,,,,,,
,,,,,461575,285.4793,168,,,,,,
,,,,,461824,276.45935,249,,,,,,
,,,,,462000,,,4.457098484039307,69.51398468017578,69.38679504394531,30.598447799682617,0.02,0.001
,,,,,462048,268.60785,224,,,,,,
,,,,,462222,273.66327,174,,,,,,
,,,,,462462,259.39673,240,,,,,,
,,,,,462634,266.79822,172,,,,,,
,,,,,462824,317.92947,190,,,,,,
,,,,,463000,,,15.067129135131836,73.9007339477539,73.67622375488281,94.23973846435547,0.02,0.001
,,,,,463204,142.67322,380,,,,,,
,,,,,463420,257.41028,216,,,,,,
,,,,,463639,274.9178,219,,,,,,
,,,,,463877,286.6115,238,,,,,,
,,,,,464000,,,25.13860321044922,70.79502868652344,69.81877136230469,185.53919982910156,0.02,0.001
,,,,,464097,302.48135,220,,,,,,
,,,,,464819,220.4986,722,,,,,,
,,,,,465000,,,8.158052444458008,66.5870361328125,66.17000579833984,40.62202072143555,0.02,0.001
,,,,,465031,272.13654,212,,,,,,
,,,,,465266,247.02216,235,,,,,,
,,,,,465528,247.69687,262,,,,,,
,,,,,465900,229.66983,372,,,,,,
,,,,,466000,,,11.463878631591797,59.89862060546875,59.70539093017578,54.563926696777344,0.02,0.001
,,,,,466105,307.80972,205,,,,,,
,,,,,466471,254.43556,366,,,,,,
,,,,,467000,,,45.157684326171875,64.28082275390625,64.78056335449219,60.666385650634766,0.02,0.001
,,,,,467153,271.4214,682,,,,,,
,,,,,467489,264.1596,336,,,,,,
,,,,,467693,265.92834,204,,,,,,
,,,,,467911,281.90363,218,,,,,,
,,,,,468000,,,6.4905290603637695,64.3408203125,63.21826171875,46.62385177612305,0.02,0.001
,,,,,468174,201.94084,263,,,,,,
,,,,,468468,228.9873,294,,,,,,
,,,,,468672,287.5351,204,,,,,,
,,,,,468935,240.87291,263,,,,,,
,,,,,469000,,,5.050937175750732,74.5914306640625,75.30247497558594,45.921295166015625,0.02,0.001
,,,,,469218,262.51828,283,,,,,,
,,,,,469429,272.87836,211,,,,,,
,,,,,469696,312.50323,267,,,,,,
,,,,,469942,302.11243,246,,,,,,
231.43364,45.736717,288.15085,150.40636,575.9,470000,,,5.389980792999268,80.18618774414062,79.83758544921875,37.22640609741211,0.02,0.001
,,,,,470137,252.36356,195,,,,,,
,,,,,470380,284.87515,243,,,,,,
,,,,,470596,254.5248,216,,,,,,
,,,,,470778,277.5165,182,,,,,,
,,,,,470955,240.92336,177,,,,,,
,,,,,471000,,,102.22090148925781,75.63215637207031,76.64842224121094,185.13031005859375,0.02,0.001
,,,,,471128,-18.924126,173,,,,,,
,,,,,471459,269.2663,331,,,,,,
,,,,,471660,197.484,201,,,,,,
,,,,,471956,251.63394,296,,,,,,
,,,,,472000,,,7.213683605194092,73.37602233886719,74.04066467285156,82.95928955078125,0.02,0.001
,,,,,472218,243.86766,262,,,,,,
,,,,,472442,248.41592,224,,,,,,
,,,,,472621,-26.720924,179,,,,,,
,,,,,472812,232.73306,191,,,,,,
,,,,,473000,,,18.584285736083984,71.5920181274414,70.94096374511719,176.87551879882812,0.02,0.001
,,,,,473008,274.22366,196,,,,,,
,,,,,473222,238.78484,214,,,,,,
,,,,,473460,230.03584,238,,,,,,
,,,,,473678,298.65643,218,,,,,,
,,,,,473859,249.31206,181,,,,,,
,,,,,474000,,,4.071427822113037,72.561279296875,72.66798400878906,40.87771987915039,0.02,0.001
,,,,,474118,298.79828,259,,,,,,
,,,,,474321,285.5042,203,,,,,,
,,,,,474544,280.8736,223,,,,,,
,,,,,474792,297.5105,248,,,,,,
,,,,,475000,,,17.95191764831543,70.29782104492188,70.19913482666016,92.81501007080078,0.02,0.001
,,,,,475038,251.21735,246,,,,,,
,,,,,475276,237.59567,238,,,,,,
,,,,,475465,227.29416,189,,,,,,
,,,,,475745,246.98691,280,,,,,,
,,,,,476000,,,66.34728240966797,68.789794921875,69.91293334960938,55.70068359375,0.02,0.001
,,,,,476013,238.26619,268,,,,,,
,,,,,476314,258.75516,301,,,,,,
,,,,,476560,303.8797,246,,,,,,
,,,,,476753,296.94058,193,,,,,,
,,,,,476950,250.61958,197,,,,,,
,,,,,477000,,,45.66099548339844,69.77991485595703,71.03096008300781,65.9452133178711,0.02,0.001
,,,,,477225,292.99927,275,,,,,,
,,,,,477469,237.14034,244,,,,,,
,,,,,477727,287.01343,258,,,,,,
,,,,,477987,272.7713,260,,,,,,
,,,,,478000,,,34.67496109008789,64.17984008789062,64.78387451171875,204.57562255859375,0.02,0.001
,,,,,478265,245.13763,278,,,,,,
,,,,,478483,272.71008,218,,,,,,
,,,,,478745,301.63724,262,,,,,,
,,,,,478924,244.27705,179,,,,,,
,,,,,479000,,,8.10577392578125,66.01659393310547,66.73966217041016,80.97296142578125,0.02,0.001
,,,,,479151,312.3979,227,,,,,,
,,,,,479562,242.06815,411,,,,,,
232.22287,62.306744,300.7879,88.25943,297.6,480000,,,8.470108985900879,70.08242797851562,69.45144653320312,55.46357727050781,0.02,0.001
,,,,,480562,173.98956,1000,,,,,,
,,,,,480729,287.33054,167,,,,,,
,,,,,481000,,,4.170270919799805,77.97151947021484,78.72409057617188,68.82592010498047,0.02,0.001
,,,,,481009,278.67108,280,,,,,,
,,,,,481267,279.4726,258,,,,,,
,,,,,481498,240.51207,231,,,,,,
,,,,,481889,-109.412506,391,,,,,,
,,,,,482000,,,5.058510780334473,73.62993621826172,73.98786163330078,48.84606170654297,0.02,0.001
,,,,,482159,277.5191,270,,,,,,
,,,,,482354,282.73572,195,,,,,,
,,,,,482540,255.47234,186,,,,,,
,,,,,482771,274.2954,231,,,,,,
,,,,,483000,,,6.788007736206055,84.74098205566406,84.51021575927734,58.33749771118164,0.02,0.001
,,,,,483002,275.60132,231,,,,,,
,,,,,483183,277.83624,181,,,,,,
,,,,,483358,283.41467,175,,,,,,
,,,,,483609,278.12152,251,,,,,,
,,,,,483938,268.58286,329,,,,,,
,,,,,484000,,,8.733626365661621,76.60409545898438,76.67625427246094,74.78292846679688,0.02,0.001
,,,,,484125,298.0509,187,,,,,,
,,,,,484360,282.54,235,,,,,,
,,,,,484656,261.16885,296,,,,,,
,,,,,484981,267.06183,325,,,,,,
,,,,,485000,,,19.364219665527344,74.78610229492188,73.99490356445312,143.37464904785156,0.02,0.001
,,,,,485161,245.6984,180,,,,,,
,,,,,485398,286.16656,237,,,,,,
,,,,,485552,294.73785,154,,,,,,
,,,,,485778,300.55383,226,,,,,,
,,,,,486000,,,40.16565704345703,71.31666564941406,72.72775268554688,53.132022857666016,0.02,0.001
,,,,,486003,266.0331,225,,,,,,
,,,,,486238,267.60535,235,,,,,,
,,,,,486480,237.28589,242,,,,,,
,,,,,486669,275.37918,189,,,,,,
,,,,,487000,,,13.347357749938965,78.39657592773438,78.55830383300781,62.678985595703125,0.02,0.001
,,,,,487001,257.84604,332,,,,,,
,,,,,487216,264.39816,215,,,,,,
,,,,,487431,274.25836,215,,,,,,
,,,,,487724,286.37442,293,,,,,,
,,,,,487953,271.38934,229,,,,,,
,,,,,488000,,,2.0955004692077637,70.18977355957031,70.22876739501953,26.35147476196289,0.02,0.001
,,,,,488497,250.3331,544,,,,,,
,,,,,488732,309.25668,235,,,,,,
,,,,,488941,261.63776,209,,,,,,
,,,,,489000,,,7.384833812713623,69.00409698486328,68.96797180175781,61.77498245239258,0.02,0.001
,,,,,489262,270.0594,321,,,,,,
,,,,,489475,253.70598,213,,,,,,
,,,,,489663,259.68298,188,,,,,,
,,,,,489880,312.26538,217,,,,,,
246.05966,55.17131,287.22845,108.99447,388.2,490000,,,7.622885704040527,71.43437957763672,71.43344116210938,61.4931640625,0.02,0.001
,,,,,490121,258.56003,241,,,,,,
,,,,,490419,274.43762,298,,,,,,
,,,,,491000,,,3.840636968612671,78.05804443359375,77.61475372314453,38.604061126708984,0.02,0.001
,,,,,491397,257.10876,978,,,,,,
,,,,,491648,275.95508,251,,,,,,
,,,,,491751,-138.41302,103,,,,,,
,,,,,491999,272.56995,248,,,,,,
,,,,,492000,,,6.6243486404418945,62.83768844604492,62.01258850097656,58.04651641845703,0.02,0.001
,,,,,492203,265.99405,204,,,,,,
,,,,,492520,275.50702,317,,,,,,
,,,,,492723,275.68805,203,,,,,,
,,,,,492894,283.22708,171,,,,,,
,,,,,493000,,,2.018420696258545,74.76567077636719,74.8922348022461,26.120038986206055,0.02,0.001
,,,,,493098,252.63622,204,,,,,,
,,,,,493293,257.0266,195,,,,,,
,,,,,493488,263.0656,195,,,,,,
,,,,,493921,305.18488,433,,,,,,
,,,,,494000,,,8.337116241455078,72.34581756591797,72.37975311279297,70.8570556640625,0.02,0.001
,,,,,494194,280.14264,273,,,,,,
,,,,,494340,220.92105,146,,,,,,
,,,,,494605,294.80685,265,,,,,,
,,,,,494889,265.7976,284,,,,,,
,,,,,495000,,,10.581949234008789,64.55804443359375,64.19953155517578,113.90991973876953,0.02,0.001
,,,,,495109,236.93654,220,,,,,,
,,,,,495334,269.5415,225,,,,,,
,,,,,495596,269.40567,262,,,,,,
,,,,,495911,300.464,315,,,,,,
,,,,,496000,,,3.731445789337158,70.79450225830078,70.6824951171875,34.88546371459961,0.02,0.001
,,,,,496153,275.96774,242,,,,,,
,,,,,496928,264.51428,775,,,,,,
,,,,,497000,,,4.333926677703857,67.55298614501953,68.03273010253906,53.339664459228516,0.02,0.001
,,,,,497194,301.50397,266,,,,,,
,,,,,497452,288.66394,258,,,,,,
,,,,,497804,254.73003,352,,,,,,
,,,,,497987,282.83575,183,,,,,,
,,,,,498000,,,5.515897750854492,69.15583038330078,68.78897094726562,34.94533920288086,0.02,0.001
,,,,,498197,281.48706,210,,,,,,
,,,,,498431,262.82117,234,,,,,,
,,,,,498662,268.11856,231,,,,,,
,,,,,498867,251.06543,205,,,,,,
,,,,,499000,,,21.041454315185547,69.02592468261719,69.51847839355469,114.31580352783203,0.02,0.001
,,,,,499214,277.25616,347,,,,,,
,,,,,499368,-16.729912,154,,,,,,
,,,,,499648,244.6877,280,,,,,,
,,,,,499885,44.54712,237,,,,,,
