Eval_AverageReturn,Eval_StdReturn,Eval_MaxReturn,Eval_MinReturn,Eval_AverageEpLen,step,Train_EpisodeReturn,Train_EpisodeLen,actor_loss,entropy,critic_loss,q_values,target_values,actor_lr,critic_lr,temperature
16.651253,6.428134,30.430618,7.317541,18.8,0,,,,,,,,,,
,,,,,10,8.705648,11,,,,,,,,
,,,,,23,9.90243,13,,,,,,,,
,,,,,35,9.036527,12,,,,,,,,
,,,,,46,8.048379,11,,,,,,,,
,,,,,64,12.036025,18,,,,,,,,
,,,,,81,17.599888,17,,,,,,,,
,,,,,129,42.83681,48,,,,,,,,
,,,,,148,20.5496,19,,,,,,,,
,,,,,185,32.573265,37,,,,,,,,
,,,,,197,8.027006,12,,,,,,,,
,,,,,213,12.705557,16,,,,,,,,
,,,,,263,49.095398,50,,,,,,,,
,,,,,327,117.518196,64,,,,,,,,
,,,,,357,27.551394,30,,,,,,,,
,,,,,386,30.231436,29,,,,,,,,
,,,,,403,9.497078,17,,,,,,,,
,,,,,419,9.120156,16,,,,,,,,
,,,,,437,12.583976,18,,,,,,,,
,,,,,451,13.166756,14,,,,,,,,
,,,,,475,10.710351,24,,,,,,,,
,,,,,486,7.506649,11,,,,,,,,
,,,,,582,191.68275,96,,,,,,,,
,,,,,599,9.570756,17,,,,,,,,
,,,,,620,20.620174,21,,,,,,,,
,,,,,632,9.308181,12,,,,,,,,
,,,,,646,12.071047,14,,,,,,,,
,,,,,664,10.420833,18,,,,,,,,
,,,,,687,22.471403,23,,,,,,,,
,,,,,708,19.024214,21,,,,,,,,
,,,,,726,18.482357,18,,,,,,,,
,,,,,768,56.655773,42,,,,,,,,
,,,,,791,24.051,23,,,,,,,,
,,,,,812,21.478302,21,,,,,,,,
,,,,,825,9.964171,13,,,,,,,,
,,,,,839,8.400155,14,,,,,,,,
,,,,,859,19.532984,20,,,,,,,,
,,,,,882,27.267017,23,,,,,,,,
,,,,,898,12.268182,16,,,,,,,,
,,,,,913,14.008811,15,,,,,,,,
,,,,,928,12.310151,15,,,,,,,,
,,,,,944,14.7599,16,,,,,,,,
,,,,,969,11.778353,25,,,,,,,,
,,,,,988,15.892867,19,,,,,,,,
,,,,,1006,18.343975,18,,,,,,,,
,,,,,1017,9.401445,11,,,,,,,,
,,,,,1034,5.1913347,17,,,,,,,,
,,,,,1066,38.156807,32,,,,,,,,
,,,,,1081,9.750116,15,,,,,,,,
,,,,,1092,8.624612,11,,,,,,,,
,,,,,1121,13.408588,29,,,,,,,,
,,,,,1150,30.52078,29,,,,,,,,
,,,,,1167,18.648062,17,,,,,,,,
,,,,,1177,7.9587097,10,,,,,,,,
,,,,,1191,9.265058,14,,,,,,,,
,,,,,1220,15.113849,29,,,,,,,,
,,,,,1230,6.540926,10,,,,,,,,
,,,,,1247,10.701554,17,,,,,,,,
,,,,,1272,16.523941,25,,,,,,,,
,,,,,1286,13.314875,14,,,,,,,,
,,,,,1314,36.44357,28,,,,,,,,
,,,,,1329,7.4467087,15,,,,,,,,
,,,,,1349,15.568296,20,,,,,,,,
,,,,,1367,14.149296,18,,,,,,,,
,,,,,1399,33.17954,32,,,,,,,,
,,,,,1419,10.86515,20,,,,,,,,
,,,,,1430,7.462187,11,,,,,,,,
,,,,,1453,14.47859,23,,,,,,,,
,,,,,1498,40.73617,45,,,,,,,,
,,,,,1514,15.908951,16,,,,,,,,
,,,,,1523,6.0159044,9,,,,,,,,
,,,,,1540,10.003915,17,,,,,,,,
,,,,,1555,14.574009,15,,,,,,,,
,,,,,1570,15.475106,15,,,,,,,,
,,,,,1581,9.173065,11,,,,,,,,
,,,,,1602,15.640155,21,,,,,,,,
,,,,,1635,31.401554,33,,,,,,,,
,,,,,1662,22.98946,27,,,,,,,,
,,,,,1671,5.952442,9,,,,,,,,
,,,,,1681,8.100504,10,,,,,,,,
,,,,,1719,36.999752,38,,,,,,,,
,,,,,1735,13.294091,16,,,,,,,,
,,,,,1752,14.042432,17,,,,,,,,
,,,,,1763,7.9943204,11,,,,,,,,
,,,,,1786,27.684984,23,,,,,,,,
,,,,,1804,12.0132675,18,,,,,,,,
,,,,,1822,12.939384,18,,,,,,,,
,,,,,1833,7.7109985,11,,,,,,,,
,,,,,1855,18.684065,22,,,,,,,,
,,,,,1868,8.072882,13,,,,,,,,
,,,,,1880,10.30734,12,,,,,,,,
,,,,,1895,9.792153,15,,,,,,,,
,,,,,1924,12.379965,29,,,,,,,,
,,,,,1959,16.341612,35,,,,,,,,
,,,,,1968,5.9450846,9,,,,,,,,
,,,,,1981,8.177909,13,,,,,,,,
,,,,,2006,8.232424,25,,,,,,,,
,,,,,2015,7.1133556,9,,,,,,,,
,,,,,2029,11.301688,14,,,,,,,,
,,,,,2042,10.3758,13,,,,,,,,
,,,,,2077,37.806175,35,,,,,,,,
,,,,,2098,11.800293,21,,,,,,,,
,,,,,2124,13.43668,26,,,,,,,,
,,,,,2152,14.434188,28,,,,,,,,
,,,,,2180,15.690179,28,,,,,,,,
,,,,,2195,11.625987,15,,,,,,,,
,,,,,2210,8.958516,15,,,,,,,,
,,,,,2255,63.520885,45,,,,,,,,
,,,,,2285,15.588838,30,,,,,,,,
,,,,,2307,20.553944,22,,,,,,,,
,,,,,2320,12.026842,13,,,,,,,,
,,,,,2340,21.016048,20,,,,,,,,
,,,,,2366,20.25944,26,,,,,,,,
,,,,,2384,9.535504,18,,,,,,,,
,,,,,2407,18.686914,23,,,,,,,,
,,,,,2418,6.3991165,11,,,,,,,,
,,,,,2465,28.80595,47,,,,,,,,
,,,,,2493,25.973118,28,,,,,,,,
,,,,,2505,9.73001,12,,,,,,,,
,,,,,2514,6.823127,9,,,,,,,,
,,,,,2551,32.393353,37,,,,,,,,
,,,,,2572,11.493814,21,,,,,,,,
,,,,,2588,11.170676,16,,,,,,,,
,,,,,2613,19.06646,25,,,,,,,,
,,,,,2639,24.1315,26,,,,,,,,
,,,,,2657,18.419603,18,,,,,,,,
,,,,,2682,12.917618,25,,,,,,,,
,,,,,2699,7.7177043,17,,,,,,,,
,,,,,2709,6.7288575,10,,,,,,,,
,,,,,2744,45.09406,35,,,,,,,,
,,,,,2754,7.8942456,10,,,,,,,,
,,,,,2767,11.716445,13,,,,,,,,
,,,,,2793,10.85105,26,,,,,,,,
,,,,,2821,21.357521,28,,,,,,,,
,,,,,2844,14.421483,23,,,,,,,,
,,,,,2873,26.906399,29,,,,,,,,
,,,,,2895,13.516138,22,,,,,,,,
,,,,,2911,15.676993,16,,,,,,,,
,,,,,2944,26.35918,33,,,,,,,,
,,,,,2970,10.637353,26,,,,,,,,
,,,,,2981,7.9762287,11,,,,,,,,
,,,,,3007,12.834045,26,,,,,,,,
,,,,,3028,19.576277,21,,,,,,,,
,,,,,3066,17.94311,38,,,,,,,,
,,,,,3075,7.547192,9,,,,,,,,
,,,,,3093,10.659203,18,,,,,,,,
,,,,,3104,7.7686305,11,,,,,,,,
,,,,,3123,12.123541,19,,,,,,,,
,,,,,3220,147.63567,97,,,,,,,,
,,,,,3236,14.588496,16,,,,,,,,
,,,,,3250,6.102683,14,,,,,,,,
,,,,,3278,8.281764,28,,,,,,,,
,,,,,3290,8.9777565,12,,,,,,,,
,,,,,3343,28.13743,53,,,,,,,,
,,,,,3362,22.640806,19,,,,,,,,
,,,,,3372,7.1841707,10,,,,,,,,
,,,,,3402,27.477398,30,,,,,,,,
,,,,,3426,13.818801,24,,,,,,,,
,,,,,3447,16.533173,21,,,,,,,,
,,,,,3459,8.279932,12,,,,,,,,
,,,,,3469,7.3647523,10,,,,,,,,
,,,,,3484,7.6258483,15,,,,,,,,
,,,,,3492,6.521818,8,,,,,,,,
,,,,,3511,13.864395,19,,,,,,,,
,,,,,3525,6.5006247,14,,,,,,,,
,,,,,3543,12.551147,18,,,,,,,,
,,,,,3565,23.210249,22,,,,,,,,
,,,,,3586,16.537422,21,,,,,,,,
,,,,,3614,16.417093,28,,,,,,,,
,,,,,3630,9.970867,16,,,,,,,,
,,,,,3674,55.71873,44,,,,,,,,
,,,,,3686,6.5229793,12,,,,,,,,
,,,,,3700,9.712632,14,,,,,,,,
,,,,,3714,9.245375,14,,,,,,,,
,,,,,3734,11.103129,20,,,,,,,,
,,,,,3753,7.504777,19,,,,,,,,
,,,,,3768,13.601217,15,,,,,,,,
,,,,,3790,23.383184,22,,,,,,,,
,,,,,3803,9.355172,13,,,,,,,,
,,,,,3817,8.3855095,14,,,,,,,,
,,,,,3827,7.8041396,10,,,,,,,,
,,,,,3870,33.074898,43,,,,,,,,
,,,,,3884,11.494565,14,,,,,,,,
,,,,,3904,10.557824,20,,,,,,,,
,,,,,3940,41.37233,36,,,,,,,,
,,,,,3978,31.585754,38,,,,,,,,
,,,,,3991,9.046271,13,,,,,,,,
,,,,,4016,19.608139,25,,,,,,,,
,,,,,4033,13.632005,17,,,,,,,,
,,,,,4057,23.559408,24,,,,,,,,
,,,,,4072,9.30889,15,,,,,,,,
,,,,,4088,13.696702,16,,,,,,,,
,,,,,4118,25.107279,30,,,,,,,,
,,,,,4136,7.2485256,18,,,,,,,,
,,,,,4165,12.573284,29,,,,,,,,
,,,,,4188,14.988782,23,,,,,,,,
,,,,,4205,10.458913,17,,,,,,,,
,,,,,4237,33.72317,32,,,,,,,,
,,,,,4264,24.775028,27,,,,,,,,
,,,,,4285,21.91216,21,,,,,,,,
,,,,,4341,82.25203,56,,,,,,,,
,,,,,4361,21.389595,20,,,,,,,,
,,,,,4399,26.53223,38,,,,,,,,
,,,,,4421,21.520872,22,,,,,,,,
,,,,,4434,9.89195,13,,,,,,,,
,,,,,4462,19.326887,28,,,,,,,,
,,,,,4479,11.04719,17,,,,,,,,
,,,,,4491,8.317524,12,,,,,,,,
,,,,,4507,8.889018,16,,,,,,,,
,,,,,4527,19.552862,20,,,,,,,,
,,,,,4540,12.721556,13,,,,,,,,
,,,,,4555,8.988496,15,,,,,,,,
,,,,,4575,20.773375,20,,,,,,,,
,,,,,4586,7.947723,11,,,,,,,,
,,,,,4604,15.006521,18,,,,,,,,
,,,,,4626,24.95017,22,,,,,,,,
,,,,,4639,10.2149515,13,,,,,,,,
,,,,,4667,17.326336,28,,,,,,,,
,,,,,4685,13.63619,18,,,,,,,,
,,,,,4699,11.453315,14,,,,,,,,
,,,,,4715,6.5039864,16,,,,,,,,
,,,,,4740,21.013088,25,,,,,,,,
,,,,,4756,9.598234,16,,,,,,,,
,,,,,4769,10.581135,13,,,,,,,,
,,,,,4801,13.155417,32,,,,,,,,
,,,,,4817,9.579155,16,,,,,,,,
,,,,,4843,22.225838,26,,,,,,,,
,,,,,4852,7.0601573,9,,,,,,,,
,,,,,4878,9.569369,26,,,,,,,,
,,,,,4893,12.769125,15,,,,,,,,
,,,,,4927,26.602356,34,,,,,,,,
,,,,,4937,7.48213,10,,,,,,,,
,,,,,4970,8.580331,33,,,,,,,,
,,,,,4993,14.9661665,23,,,,,,,,
18.367191,8.895007,40.361576,10.989798,22.8,5000,,,,,,,,,,
,,,,,5011,12.800869,18,,,,,,,,
,,,,,5028,12.827679,17,,,,,,,,
,,,,,5054,27.772568,26,,,,,,,,
,,,,,5065,7.578858,11,,,,,,,,
,,,,,5076,9.348125,11,,,,,,,,
,,,,,5098,14.161182,22,,,,,,,,
,,,,,5112,12.027391,14,,,,,,,,
,,,,,5125,11.105779,13,,,,,,,,
,,,,,5160,22.888231,35,,,,,,,,
,,,,,5179,13.543823,19,,,,,,,,
,,,,,5216,11.302085,37,,,,,,,,
,,,,,5237,14.430809,21,,,,,,,,
,,,,,5254,10.018209,17,,,,,,,,
,,,,,5273,20.340193,19,,,,,,,,
,,,,,5294,19.544989,21,,,,,,,,
,,,,,5316,6.398821,22,,,,,,,,
,,,,,5332,13.151555,16,,,,,,,,
,,,,,5343,8.251934,11,,,,,,,,
,,,,,5354,8.141193,11,,,,,,,,
,,,,,5395,39.08635,41,,,,,,,,
,,,,,5410,14.238084,15,,,,,,,,
,,,,,5435,24.390228,25,,,,,,,,
,,,,,5453,18.500391,18,,,,,,,,
,,,,,5492,39.7104,39,,,,,,,,
,,,,,5508,16.80778,16,,,,,,,,
,,,,,5547,47.584995,39,,,,,,,,
,,,,,5562,14.895114,15,,,,,,,,
,,,,,5576,8.835991,14,,,,,,,,
,,,,,5594,15.580641,18,,,,,,,,
,,,,,5610,13.927668,16,,,,,,,,
,,,,,5628,10.660376,18,,,,,,,,
,,,,,5647,19.296597,19,,,,,,,,
,,,,,5661,9.656806,14,,,,,,,,
,,,,,5680,18.638287,19,,,,,,,,
,,,,,5694,12.547393,14,,,,,,,,
,,,,,5703,7.290216,9,,,,,,,,
,,,,,5715,10.768746,12,,,,,,,,
,,,,,5727,11.754328,12,,,,,,,,
,,,,,5752,26.822363,25,,,,,,,,
,,,,,5785,36.649982,33,,,,,,,,
,,,,,5810,12.280387,25,,,,,,,,
,,,,,5824,11.272236,14,,,,,,,,
,,,,,5841,13.126775,17,,,,,,,,
,,,,,5863,22.62996,22,,,,,,,,
,,,,,5882,20.905416,19,,,,,,,,
,,,,,5904,16.563536,22,,,,,,,,
,,,,,5929,31.878014,25,,,,,,,,
,,,,,5948,21.163662,19,,,,,,,,
,,,,,5982,30.563889,34,,,,,,,,
,,,,,6003,24.136402,21,,,,,,,,
,,,,,6020,15.97739,17,,,,,,,,
,,,,,6033,12.13879,13,,,,,,,,
,,,,,6049,14.280914,16,,,,,,,,
,,,,,6066,18.095163,17,,,,,,,,
,,,,,6093,20.751888,27,,,,,,,,
,,,,,6108,13.886251,15,,,,,,,,
,,,,,6139,15.761608,31,,,,,,,,
,,,,,6200,83.28415,61,,,,,,,,
,,,,,6243,37.00162,43,,,,,,,,
,,,,,6282,19.922045,39,,,,,,,,
,,,,,6342,110.38648,60,,,,,,,,
,,,,,6359,16.845968,17,,,,,,,,
,,,,,6391,12.25246,32,,,,,,,,
,,,,,6422,37.130726,31,,,,,,,,
,,,,,6466,70.95409,44,,,,,,,,
,,,,,6507,62.57417,41,,,,,,,,
,,,,,6536,31.599998,29,,,,,,,,
,,,,,6552,9.917204,16,,,,,,,,
,,,,,6599,47.464317,47,,,,,,,,
,,,,,6631,22.201418,32,,,,,,,,
,,,,,6702,108.40595,71,,,,,,,,
,,,,,6745,69.50392,43,,,,,,,,
,,,,,6758,12.503495,13,,,,,,,,
,,,,,6775,13.411354,17,,,,,,,,
,,,,,6787,7.656987,12,,,,,,,,
,,,,,6837,45.23617,50,,,,,,,,
,,,,,6851,9.983073,14,,,,,,,,
,,,,,6867,10.435096,16,,,,,,,,
,,,,,6879,9.4417515,12,,,,,,,,
,,,,,6890,6.8191814,11,,,,,,,,
,,,,,6905,15.070171,15,,,,,,,,
,,,,,6928,13.801256,23,,,,,,,,
,,,,,6938,7.6862655,10,,,,,,,,
,,,,,6956,13.943724,18,,,,,,,,
,,,,,6968,11.531385,12,,,,,,,,
,,,,,6996,21.010323,28,,,,,,,,
,,,,,7031,35.234207,35,,,,,,,,
,,,,,7054,22.41409,23,,,,,,,,
,,,,,7083,16.365519,29,,,,,,,,
,,,,,7103,17.071913,20,,,,,,,,
,,,,,7133,34.530193,30,,,,,,,,
,,,,,7155,13.238082,22,,,,,,,,
,,,,,7169,11.281323,14,,,,,,,,
,,,,,7201,14.680215,32,,,,,,,,
,,,,,7217,13.231292,16,,,,,,,,
,,,,,7232,13.79177,15,,,,,,,,
,,,,,7264,42.69413,32,,,,,,,,
,,,,,7279,15.449405,15,,,,,,,,
,,,,,7328,62.524624,49,,,,,,,,
,,,,,7353,22.523064,25,,,,,,,,
,,,,,7388,15.491747,35,,,,,,,,
,,,,,7399,8.799898,11,,,,,,,,
,,,,,7412,11.076861,13,,,,,,,,
,,,,,7426,8.820885,14,,,,,,,,
,,,,,7467,50.97733,41,,,,,,,,
,,,,,7496,20.91633,29,,,,,,,,
,,,,,7521,11.292498,25,,,,,,,,
,,,,,7537,15.145426,16,,,,,,,,
,,,,,7596,104.98999,59,,,,,,,,
,,,,,7633,46.092022,37,,,,,,,,
,,,,,7647,12.637657,14,,,,,,,,
,,,,,7657,7.6867433,10,,,,,,,,
,,,,,7675,16.213762,18,,,,,,,,
,,,,,7688,9.64745,13,,,,,,,,
,,,,,7703,12.712972,15,,,,,,,,
,,,,,7720,16.706127,17,,,,,,,,
,,,,,7767,21.420223,47,,,,,,,,
,,,,,7789,20.560041,22,,,,,,,,
,,,,,7815,24.463192,26,,,,,,,,
,,,,,7836,23.205494,21,,,,,,,,
,,,,,7889,51.310753,53,,,,,,,,
,,,,,7906,12.627928,17,,,,,,,,
,,,,,7963,73.3722,57,,,,,,,,
,,,,,7980,9.553202,17,,,,,,,,
,,,,,8054,97.57621,74,,,,,,,,
,,,,,8080,25.53698,26,,,,,,,,
,,,,,8096,11.863224,16,,,,,,,,
,,,,,8121,15.917027,25,,,,,,,,
,,,,,8152,19.641806,31,,,,,,,,
,,,,,8161,6.4724445,9,,,,,,,,
,,,,,8190,25.559574,29,,,,,,,,
,,,,,8217,19.386847,27,,,,,,,,
,,,,,8232,11.521508,15,,,,,,,,
,,,,,8243,9.506385,11,,,,,,,,
,,,,,8259,15.946046,16,,,,,,,,
,,,,,8272,10.086311,13,,,,,,,,
,,,,,8315,69.329346,43,,,,,,,,
,,,,,8330,13.938908,15,,,,,,,,
,,,,,8346,17.397705,16,,,,,,,,
,,,,,8362,15.370277,16,,,,,,,,
,,,,,8373,9.662609,11,,,,,,,,
,,,,,8418,70.35305,45,,,,,,,,
,,,,,8432,12.346553,14,,,,,,,,
,,,,,8446,14.275191,14,,,,,,,,
,,,,,8492,44.167442,46,,,,,,,,
,,,,,8520,28.804247,28,,,,,,,,
,,,,,8538,6.0112653,18,,,,,,,,
,,,,,8565,22.539108,27,,,,,,,,
,,,,,8581,11.187186,16,,,,,,,,
,,,,,8595,10.848292,14,,,,,,,,
,,,,,8615,12.825901,20,,,,,,,,
,,,,,8634,16.564598,19,,,,,,,,
,,,,,8659,23.890808,25,,,,,,,,
,,,,,8680,15.479333,21,,,,,,,,
,,,,,8705,28.011347,25,,,,,,,,
,,,,,8728,13.389692,23,,,,,,,,
,,,,,8755,14.270506,27,,,,,,,,
,,,,,8794,48.569702,39,,,,,,,,
,,,,,8812,15.188872,18,,,,,,,,
,,,,,8827,13.696746,15,,,,,,,,
,,,,,8858,36.379528,31,,,,,,,,
,,,,,8875,15.039942,17,,,,,,,,
,,,,,8898,23.984957,23,,,,,,,,
,,,,,8920,19.902422,22,,,,,,,,
,,,,,8942,19.106606,22,,,,,,,,
,,,,,8965,16.851746,23,,,,,,,,
,,,,,8977,8.368702,12,,,,,,,,
,,,,,8991,12.539035,14,,,,,,,,
,,,,,9009,13.572248,18,,,,,,,,
,,,,,9034,11.982724,25,,,,,,,,
,,,,,9047,11.073346,13,,,,,,,,
,,,,,9063,11.140539,16,,,,,,,,
,,,,,9080,11.781407,17,,,,,,,,
,,,,,9104,13.387028,24,,,,,,,,
,,,,,9126,18.075722,22,,,,,,,,
,,,,,9158,25.119385,32,,,,,,,,
,,,,,9175,13.793911,17,,,,,,,,
,,,,,9189,11.868984,14,,,,,,,,
,,,,,9252,118.33786,63,,,,,,,,
,,,,,9269,16.900333,17,,,,,,,,
,,,,,9282,8.120253,13,,,,,,,,
,,,,,9296,12.946958,14,,,,,,,,
,,,,,9364,125.56324,68,,,,,,,,
,,,,,9395,33.811115,31,,,,,,,,
,,,,,9407,9.258008,12,,,,,,,,
,,,,,9425,18.835358,18,,,,,,,,
,,,,,9437,8.695487,12,,,,,,,,
,,,,,9458,12.414405,21,,,,,,,,
,,,,,9493,49.333935,35,,,,,,,,
,,,,,9512,8.918748,19,,,,,,,,
,,,,,9541,20.504742,29,,,,,,,,
,,,,,9557,13.637531,16,,,,,,,,
,,,,,9608,80.75023,51,,,,,,,,
,,,,,9639,37.94048,31,,,,,,,,
,,,,,9653,9.117085,14,,,,,,,,
,,,,,9674,14.499716,21,,,,,,,,
,,,,,9710,26.366146,36,,,,,,,,
,,,,,9727,11.014181,17,,,,,,,,
,,,,,9743,14.964569,16,,,,,,,,
,,,,,9776,46.22257,33,,,,,,,,
,,,,,9796,8.9370365,20,,,,,,,,
,,,,,9816,18.668854,20,,,,,,,,
,,,,,9837,20.644491,21,,,,,,,,
,,,,,9851,8.964158,14,,,,,,,,
,,,,,9869,13.600188,18,,,,,,,,
,,,,,9886,15.112096,17,,,,,,,,
,,,,,9917,21.244886,31,,,,,,,,
,,,,,9946,33.16066,29,,,,,,,,
,,,,,9956,8.237661,10,,,,,,,,
,,,,,9973,13.098794,17,,,,,,,,
26.11565,15.061176,52.03593,8.142822,25.3,10000,,,-0.3632670044898987,2.0099496841430664,1.1194452047348022,0.0027444467414170504,0.977340042591095,0.0003,0.0003,0.1
,,,,,10023,85.206215,50,,,,,,,,
,,,,,10041,9.230267,18,,,,,,,,
,,,,,10069,12.510284,28,,,,,,,,
,,,,,10081,9.496589,12,,,,,,,,
,,,,,10110,33.35292,29,,,,,,,,
,,,,,10128,13.783598,18,,,,,,,,
,,,,,10228,155.89081,100,,,,,,,,
,,,,,10336,171.06688,108,,,,,,,,
,,,,,10394,107.31974,58,,,,,,,,
,,,,,10442,84.5205,48,,,,,,,,
,,,,,10482,65.640816,40,,,,,,,,
,,,,,10537,99.53817,55,,,,,,,,
,,,,,10597,115.83463,60,,,,,,,,
,,,,,10647,89.12443,50,,,,,,,,
,,,,,10704,107.73481,57,,,,,,,,
,,,,,10755,89.41926,51,,,,,,,,
,,,,,10798,71.5769,43,,,,,,,,
,,,,,10833,57.009827,35,,,,,,,,
,,,,,10869,59.901764,36,,,,,,,,
,,,,,10907,62.16378,38,,,,,,,,
,,,,,10950,75.29042,43,,,,,,,,
,,,,,10991,68.67065,41,,,,,,,,
,,,,,11000,,,-6.225729942321777,-0.004212997853755951,0.34662753343582153,5.604632377624512,5.706286430358887,0.0003,0.0003,0.1
,,,,,11028,61.25692,37,,,,,,,,
,,,,,11067,65.99565,39,,,,,,,,
,,,,,11102,57.360992,35,,,,,,,,
,,,,,11136,55.218544,34,,,,,,,,
,,,,,11169,54.36504,33,,,,,,,,
,,,,,11224,99.82177,55,,,,,,,,
,,,,,11256,51.70031,32,,,,,,,,
,,,,,11287,51.630775,31,,,,,,,,
,,,,,11320,54.03247,33,,,,,,,,
,,,,,11358,63.348648,38,,,,,,,,
,,,,,11429,144.9356,71,,,,,,,,
,,,,,11518,201.71191,89,,,,,,,,
,,,,,11609,206.77902,91,,,,,,,,
,,,,,11694,188.00975,85,,,,,,,,
,,,,,11778,181.42957,84,,,,,,,,
,,,,,11858,175.45415,80,,,,,,,,
,,,,,11942,178.4691,84,,,,,,,,
,,,,,12000,,,-14.079340934753418,-0.7722748517990112,3.2966599464416504,13.022051811218262,12.909894943237305,0.0003,0.0003,0.1
,,,,,12032,202.48721,90,,,,,,,,
,,,,,12119,193.2551,87,,,,,,,,
,,,,,12210,206.30844,91,,,,,,,,
,,,,,12295,181.0921,85,,,,,,,,
,,,,,12385,190.95401,90,,,,,,,,
,,,,,12480,210.89978,95,,,,,,,,
,,,,,12563,176.06738,83,,,,,,,,
,,,,,12654,188.75374,91,,,,,,,,
,,,,,12749,216.0682,95,,,,,,,,
,,,,,12836,191.04546,87,,,,,,,,
,,,,,12923,175.62811,87,,,,,,,,
,,,,,13000,,,-23.027042388916016,-1.090015172958374,5.8072967529296875,21.538116455078125,21.52938461303711,0.0003,0.0003,0.1
,,,,,13010,190.45547,87,,,,,,,,
,,,,,13099,193.8283,89,,,,,,,,
,,,,,13182,176.7693,83,,,,,,,,
,,,,,13264,175.29088,82,,,,,,,,
,,,,,13351,190.317,87,,,,,,,,
,,,,,13431,175.47606,80,,,,,,,,
,,,,,13521,192.29617,90,,,,,,,,
,,,,,13608,187.62885,87,,,,,,,,
,,,,,13696,186.45076,88,,,,,,,,
,,,,,13795,229.64665,99,,,,,,,,
,,,,,13879,186.18965,84,,,,,,,,
,,,,,13966,191.72086,87,,,,,,,,
,,,,,14000,,,-32.00567626953125,-1.1898713111877441,1.383589744567871,30.00882339477539,29.961734771728516,0.0003,0.0003,0.1
,,,,,14051,188.55606,85,,,,,,,,
,,,,,14138,185.85739,87,,,,,,,,
,,,,,14229,207.61385,91,,,,,,,,
,,,,,14317,189.78262,88,,,,,,,,
,,,,,14413,219.9555,96,,,,,,,,
,,,,,14502,201.15274,89,,,,,,,,
,,,,,14587,177.80095,85,,,,,,,,
,,,,,14684,218.54614,97,,,,,,,,
,,,,,14772,196.76466,88,,,,,,,,
,,,,,14857,187.76558,85,,,,,,,,
,,,,,14945,197.45303,88,,,,,,,,
194.27353,6.667243,204.81331,185.87836,87.6,15000,,,-39.882659912109375,-0.8920260667800903,7.181128978729248,37.82720947265625,37.72991943359375,0.0003,0.0003,0.1
,,,,,15036,204.54642,91,,,,,,,,
,,,,,15124,196.47478,88,,,,,,,,
,,,,,15210,192.20197,86,,,,,,,,
,,,,,15296,172.29282,86,,,,,,,,
,,,,,15396,204.29756,100,,,,,,,,
,,,,,15479,181.04033,83,,,,,,,,
,,,,,15571,180.73605,92,,,,,,,,
,,,,,15656,187.45302,85,,,,,,,,
,,,,,15747,186.6684,91,,,,,,,,
,,,,,15835,193.16278,88,,,,,,,,
,,,,,15924,180.67569,89,,,,,,,,
,,,,,16000,,,-47.42833709716797,-1.056378960609436,5.350634574890137,44.97394561767578,45.079246520996094,0.0003,0.0003,0.1
,,,,,16013,195.5333,89,,,,,,,,
,,,,,16100,183.13092,87,,,,,,,,
,,,,,16189,195.29137,89,,,,,,,,
,,,,,16279,180.507,90,,,,,,,,
,,,,,16369,197.0942,90,,,,,,,,
,,,,,16458,196.36188,89,,,,,,,,
,,,,,16544,181.26282,86,,,,,,,,
,,,,,16637,215.5536,93,,,,,,,,
,,,,,16729,215.788,92,,,,,,,,
,,,,,16816,176.20131,87,,,,,,,,
,,,,,16903,185.58719,87,,,,,,,,
,,,,,16995,194.03568,92,,,,,,,,
,,,,,17000,,,-54.884071350097656,-1.2042220830917358,3.5626096725463867,52.79728698730469,52.96544647216797,0.0003,0.0003,0.1
,,,,,17092,218.6929,97,,,,,,,,
,,,,,17163,101.72016,71,,,,,,,,
,,,,,17246,127.52408,83,,,,,,,,
,,,,,17339,222.69011,93,,,,,,,,
,,,,,17435,228.09294,96,,,,,,,,
,,,,,17508,144.83469,73,,,,,,,,
,,,,,17601,219.43881,93,,,,,,,,
,,,,,17702,208.09277,101,,,,,,,,
,,,,,17732,53.282265,30,,,,,,,,
,,,,,17826,212.25443,94,,,,,,,,
,,,,,17920,198.48573,94,,,,,,,,
,,,,,18000,,,-61.87340545654297,-0.902905285358429,8.640205383300781,59.37260818481445,59.17620849609375,0.0003,0.0003,0.1
,,,,,18015,210.63551,95,,,,,,,,
,,,,,18106,193.37027,91,,,,,,,,
,,,,,18197,187.52505,91,,,,,,,,
,,,,,18294,211.05794,97,,,,,,,,
,,,,,18387,206.51244,93,,,,,,,,
,,,,,18482,200.9576,95,,,,,,,,
,,,,,18578,217.33057,96,,,,,,,,
,,,,,18677,221.4736,99,,,,,,,,
,,,,,18774,219.51096,97,,,,,,,,
,,,,,18867,206.60805,93,,,,,,,,
,,,,,18962,206.82204,95,,,,,,,,
,,,,,18993,54.88597,31,,,,,,,,
,,,,,19000,,,-67.80007934570312,-1.1368975639343262,23.45865249633789,65.32551574707031,65.64486694335938,0.0003,0.0003,0.1
,,,,,19085,191.93732,92,,,,,,,,
,,,,,19176,184.1066,91,,,,,,,,
,,,,,19271,200.31905,95,,,,,,,,
,,,,,19366,199.81566,95,,,,,,,,
,,,,,19462,206.27965,96,,,,,,,,
,,,,,19558,208.30331,96,,,,,,,,
,,,,,19662,229.34622,104,,,,,,,,
,,,,,19770,234.96371,108,,,,,,,,
,,,,,19868,212.52296,98,,,,,,,,
,,,,,19973,232.02356,105,,,,,,,,
232.90396,36.577286,290.23654,179.74207,107.0,20000,,,-75.76507568359375,-1.3436822891235352,6.761552810668945,73.90901184082031,73.48310089111328,0.0003,0.0003,0.1
,,,,,20091,239.98468,118,,,,,,,,
,,,,,20178,174.70363,87,,,,,,,,
,,,,,20294,264.171,116,,,,,,,,
,,,,,20400,220.90211,106,,,,,,,,
,,,,,20528,312.38205,128,,,,,,,,
,,,,,20657,287.95667,129,,,,,,,,
,,,,,20770,274.47607,113,,,,,,,,
,,,,,20876,236.02687,106,,,,,,,,
,,,,,20982,231.32684,106,,,,,,,,
,,,,,21000,,,-81.67345428466797,-1.2569780349731445,9.02243423461914,78.44306945800781,78.312744140625,0.0003,0.0003,0.1
,,,,,21082,196.84908,100,,,,,,,,
,,,,,21194,242.43132,112,,,,,,,,
,,,,,21295,237.5161,101,,,,,,,,
,,,,,21411,262.86356,116,,,,,,,,
,,,,,21522,257.4135,111,,,,,,,,
,,,,,21625,257.24954,103,,,,,,,,
,,,,,21726,260.63992,101,,,,,,,,
,,,,,21830,262.99646,104,,,,,,,,
,,,,,21945,238.57753,115,,,,,,,,
,,,,,22000,,,-83.36283874511719,-1.473732590675354,4.164125442504883,79.61852264404297,79.71023559570312,0.0003,0.0003,0.1
,,,,,22043,255.46219,98,,,,,,,,
,,,,,22154,267.74808,111,,,,,,,,
,,,,,22257,262.32196,103,,,,,,,,
,,,,,22367,277.8417,110,,,,,,,,
,,,,,22485,267.5444,118,,,,,,,,
,,,,,22582,233.27109,97,,,,,,,,
,,,,,22694,280.55508,112,,,,,,,,
,,,,,22806,279.21487,112,,,,,,,,
,,,,,22922,276.4188,116,,,,,,,,
,,,,,23000,,,-91.49404907226562,-1.3505525588989258,13.012664794921875,89.0440444946289,89.03376007080078,0.0003,0.0003,0.1
,,,,,23033,272.0371,111,,,,,,,,
,,,,,23144,281.20694,111,,,,,,,,
,,,,,23253,275.68436,109,,,,,,,,
,,,,,23358,264.94055,105,,,,,,,,
,,,,,23478,258.32303,120,,,,,,,,
,,,,,23583,266.4624,105,,,,,,,,
,,,,,23709,276.61612,126,,,,,,,,
,,,,,23824,294.95258,115,,,,,,,,
,,,,,23941,290.86676,117,,,,,,,,
,,,,,24000,,,-96.9517593383789,-1.7422230243682861,8.96310043334961,94.71268463134766,94.99259948730469,0.0003,0.0003,0.1
,,,,,24062,318.1525,121,,,,,,,,
,,,,,24181,311.07715,119,,,,,,,,
,,,,,24294,293.5094,113,,,,,,,,
,,,,,24405,281.47864,111,,,,,,,,
,,,,,24525,316.67026,120,,,,,,,,
,,,,,24643,313.56317,118,,,,,,,,
,,,,,24757,290.92102,114,,,,,,,,
,,,,,24853,231.23535,96,,,,,,,,
,,,,,24970,300.7355,117,,,,,,,,
313.94183,6.244918,325.10025,304.60257,119.2,25000,,,-103.41060638427734,-1.575963020324707,12.032859802246094,100.93009948730469,100.91043090820312,0.0003,0.0003,0.1
,,,,,25067,236.22008,97,,,,,,,,
,,,,,25180,291.44928,113,,,,,,,,
,,,,,25293,288.9906,113,,,,,,,,
,,,,,25409,301.716,116,,,,,,,,
,,,,,25508,240.88141,99,,,,,,,,
,,,,,25622,295.49536,114,,,,,,,,
,,,,,25743,318.69705,121,,,,,,,,
,,,,,25862,310.03644,119,,,,,,,,
,,,,,25987,335.1173,125,,,,,,,,
,,,,,26000,,,-106.36766815185547,-1.8514275550842285,12.761159896850586,103.63294982910156,103.8531723022461,0.0003,0.0003,0.1
,,,,,26122,357.63034,135,,,,,,,,
,,,,,26243,317.06598,121,,,,,,,,
,,,,,26368,336.76138,125,,,,,,,,
,,,,,26502,366.71207,134,,,,,,,,
,,,,,26632,346.31583,130,,,,,,,,
,,,,,26755,327.99466,123,,,,,,,,
,,,,,26881,327.08508,126,,,,,,,,
,,,,,26991,281.01175,110,,,,,,,,
,,,,,27000,,,-110.55286407470703,-1.8655821084976196,12.213434219360352,107.20277404785156,107.80215454101562,0.0003,0.0003,0.1
,,,,,27100,278.57632,109,,,,,,,,
,,,,,27217,306.87097,117,,,,,,,,
,,,,,27351,383.0649,134,,,,,,,,
,,,,,27473,324.78604,122,,,,,,,,
,,,,,27597,337.47128,124,,,,,,,,
,,,,,27733,389.24896,136,,,,,,,,
,,,,,27862,359.63647,129,,,,,,,,
,,,,,27984,337.1897,122,,,,,,,,
,,,,,28000,,,-118.6074447631836,-1.9063700437545776,6.354677200317383,115.2809829711914,115.51927185058594,0.0003,0.0003,0.1
,,,,,28128,398.75592,144,,,,,,,,
,,,,,28262,388.09918,134,,,,,,,,
,,,,,28401,403.40997,139,,,,,,,,
,,,,,28529,366.1268,128,,,,,,,,
,,,,,28664,393.1584,135,,,,,,,,
,,,,,28804,352.16342,140,,,,,,,,
,,,,,28944,402.6436,140,,,,,,,,
,,,,,29000,,,-123.58853912353516,-1.2879185676574707,7.904179096221924,120.57731628417969,120.66720581054688,0.0003,0.0003,0.1
,,,,,29084,409.92154,140,,,,,,,,
,,,,,29222,402.52557,138,,,,,,,,
,,,,,29360,404.02463,138,,,,,,,,
,,,,,29491,377.44516,131,,,,,,,,
,,,,,29631,400.67612,140,,,,,,,,
,,,,,29770,388.8443,139,,,,,,,,
,,,,,29902,322.63882,132,,,,,,,,
378.74362,14.238479,400.19662,357.58606,136.0,30000,,,-126.27001190185547,-1.7316420078277588,13.565680503845215,122.64151000976562,122.30484008789062,0.0003,0.0003,0.1
,,,,,30043,372.86368,141,,,,,,,,
,,,,,30184,381.77167,141,,,,,,,,
,,,,,30320,387.73337,136,,,,,,,,
,,,,,30454,376.14746,134,,,,,,,,
,,,,,30594,401.49387,140,,,,,,,,
,,,,,30728,341.17242,134,,,,,,,,
,,,,,30863,336.04648,135,,,,,,,,
,,,,,30996,347.58597,133,,,,,,,,
,,,,,31000,,,-134.29531860351562,-1.408753752708435,8.932381629943848,131.83335876464844,131.64773559570312,0.0003,0.0003,0.1
,,,,,31127,329.26654,131,,,,,,,,
,,,,,31262,330.0128,135,,,,,,,,
,,,,,31397,375.5541,135,,,,,,,,
,,,,,31530,324.86325,133,,,,,,,,
,,,,,31665,343.62915,135,,,,,,,,
,,,,,31803,328.68362,138,,,,,,,,
,,,,,31929,318.6768,126,,,,,,,,
,,,,,32000,,,-138.59310913085938,-2.201815605163574,15.207956314086914,134.7721710205078,134.48886108398438,0.0003,0.0003,0.1
,,,,,32064,349.2241,135,,,,,,,,
,,,,,32199,341.2808,135,,,,,,,,
,,,,,32332,332.39578,133,,,,,,,,
,,,,,32471,378.44452,139,,,,,,,,
,,,,,32607,355.29977,136,,,,,,,,
,,,,,32743,341.43558,136,,,,,,,,
,,,,,32880,366.43198,137,,,,,,,,
,,,,,33000,,,-141.26031494140625,-1.3149305582046509,45.60869598388672,136.58786010742188,136.23800659179688,0.0003,0.0003,0.1
,,,,,33018,354.03735,138,,,,,,,,
,,,,,33155,358.52017,137,,,,,,,,
,,,,,33291,359.63654,136,,,,,,,,
,,,,,33429,378.4403,138,,,,,,,,
,,,,,33563,365.62958,134,,,,,,,,
,,,,,33702,394.00662,139,,,,,,,,
,,,,,33831,362.14215,129,,,,,,,,
,,,,,33962,370.6714,131,,,,,,,,
,,,,,34000,,,-141.05923461914062,-1.280229926109314,13.200278282165527,138.10244750976562,138.30311584472656,0.0003,0.0003,0.1
,,,,,34100,389.46524,138,,,,,,,,
,,,,,34245,404.96674,145,,,,,,,,
,,,,,34377,377.61295,132,,,,,,,,
,,,,,34520,391.6057,143,,,,,,,,
,,,,,34648,360.01593,128,,,,,,,,
,,,,,34776,361.94974,128,,,,,,,,
,,,,,34901,345.29626,125,,,,,,,,
341.79892,78.51806,396.80804,111.68951,123.6,35000,,,-150.92803955078125,-0.9899497032165527,35.53801727294922,147.3497772216797,146.93545532226562,0.0003,0.0003,0.1
,,,,,35033,376.53064,132,,,,,,,,
,,,,,35161,365.8093,128,,,,,,,,
,,,,,35299,401.40335,138,,,,,,,,
,,,,,35428,363.46893,129,,,,,,,,
,,,,,35560,372.45184,132,,,,,,,,
,,,,,35686,355.1679,126,,,,,,,,
,,,,,35813,364.61035,127,,,,,,,,
,,,,,35939,353.04678,126,,,,,,,,
,,,,,36000,,,-151.48089599609375,-1.548368215560913,7.026904106140137,146.981201171875,147.00186157226562,0.0003,0.0003,0.1
,,,,,36064,349.16287,125,,,,,,,,
,,,,,36195,369.80154,131,,,,,,,,
,,,,,36362,415.9811,167,,,,,,,,
,,,,,36488,355.4032,126,,,,,,,,
,,,,,36617,365.27655,129,,,,,,,,
,,,,,36743,349.17337,126,,,,,,,,
,,,,,36906,411.3035,163,,,,,,,,
,,,,,37000,,,-156.2026824951172,-1.4553203582763672,11.218019485473633,153.48568725585938,153.41534423828125,0.0003,0.0003,0.1
,,,,,37031,351.24976,125,,,,,,,,
,,,,,37201,418.564,170,,,,,,,,
,,,,,37330,365.263,129,,,,,,,,
,,,,,37478,406.49585,148,,,,,,,,
,,,,,37602,350.0647,124,,,,,,,,
,,,,,37790,406.1866,188,,,,,,,,
,,,,,37918,361.01086,128,,,,,,,,
,,,,,38000,,,-160.87808227539062,-1.2105047702789307,6.803607940673828,158.3076171875,158.30526733398438,0.0003,0.0003,0.1
,,,,,38083,415.6097,165,,,,,,,,
,,,,,38213,369.78003,130,,,,,,,,
,,,,,38366,403.57666,153,,,,,,,,
,,,,,38489,353.48544,123,,,,,,,,
,,,,,38641,401.09784,152,,,,,,,,
,,,,,38798,407.71194,157,,,,,,,,
,,,,,38965,422.95215,167,,,,,,,,
,,,,,39000,,,-159.80917358398438,-1.4937392473220825,36.29679489135742,154.67950439453125,154.1340789794922,0.0003,0.0003,0.1
,,,,,39133,413.18057,168,,,,,,,,
,,,,,39255,346.67975,122,,,,,,,,
,,,,,39407,401.07947,152,,,,,,,,
,,,,,39576,404.03445,169,,,,,,,,
,,,,,39713,372.99463,137,,,,,,,,
,,,,,39841,364.5565,128,,,,,,,,
399.843,14.128239,428.2654,376.95645,159.9,40000,,,-162.27725219726562,-1.5832884311676025,12.31437873840332,159.38584899902344,159.003662109375,0.0003,0.0003,0.1
,,,,,40007,410.52484,166,,,,,,,,
,,,,,40126,329.31418,119,,,,,,,,
,,,,,40276,388.15402,150,,,,,,,,
,,,,,40442,406.61966,166,,,,,,,,
,,,,,40608,416.81296,166,,,,,,,,
,,,,,40734,355.31458,126,,,,,,,,
,,,,,40896,418.29712,162,,,,,,,,
,,,,,41000,,,-165.73892211914062,-1.158268690109253,3.030367374420166,163.9973602294922,164.4132080078125,0.0003,0.0003,0.1
,,,,,41032,390.49747,136,,,,,,,,
,,,,,41225,454.58743,193,,,,,,,,
,,,,,41392,408.27393,167,,,,,,,,
,,,,,41542,421.28146,150,,,,,,,,
,,,,,41696,405.37454,154,,,,,,,,
,,,,,41861,419.51074,165,,,,,,,,
,,,,,42000,,,-163.53369140625,-1.4357218742370605,10.077061653137207,161.44476318359375,161.21092224121094,0.0003,0.0003,0.1
,,,,,42029,412.30612,168,,,,,,,,
,,,,,42185,425.39313,156,,,,,,,,
,,,,,42330,380.01566,145,,,,,,,,
,,,,,42480,387.59512,150,,,,,,,,
,,,,,42610,372.1649,130,,,,,,,,
,,,,,42769,401.56757,159,,,,,,,,
,,,,,42923,381.93604,154,,,,,,,,
,,,,,43000,,,-165.74862670898438,-1.3311328887939453,8.538423538208008,163.0026092529297,162.865478515625,0.0003,0.0003,0.1
,,,,,43060,361.3932,137,,,,,,,,
,,,,,43215,380.62653,155,,,,,,,,
,,,,,43352,360.2533,137,,,,,,,,
,,,,,43504,386.31772,152,,,,,,,,
,,,,,43652,377.69598,148,,,,,,,,
,,,,,43792,371.55505,140,,,,,,,,
,,,,,43926,380.26663,134,,,,,,,,
,,,,,44000,,,-162.72195434570312,-1.5987155437469482,6.637686729431152,160.19076538085938,159.96946716308594,0.0003,0.0003,0.1
,,,,,44073,374.25754,147,,,,,,,,
,,,,,44218,403.28644,145,,,,,,,,
,,,,,44367,431.7464,149,,,,,,,,
,,,,,44529,494.99368,162,,,,,,,,
,,,,,44696,471.45178,167,,,,,,,,
,,,,,44822,318.19553,126,,,,,,,,
,,,,,44966,371.9384,144,,,,,,,,
385.06036,25.609844,432.97208,357.7193,141.0,45000,,,-162.80564880371094,-1.8024321794509888,16.076326370239258,159.67681884765625,159.2499542236328,0.0003,0.0003,0.1
,,,,,45105,359.98404,139,,,,,,,,
,,,,,45242,378.6334,137,,,,,,,,
,,,,,45395,443.15225,153,,,,,,,,
,,,,,45532,353.3866,137,,,,,,,,
,,,,,45665,343.7001,133,,,,,,,,
,,,,,45805,392.58716,140,,,,,,,,
,,,,,45947,389.3723,142,,,,,,,,
,,,,,46000,,,-164.72256469726562,-1.5480313301086426,11.672290802001953,162.65438842773438,162.3767547607422,0.0003,0.0003,0.1
,,,,,46088,404.3583,141,,,,,,,,
,,,,,46230,410.43695,142,,,,,,,,
,,,,,46323,209.87744,93,,,,,,,,
,,,,,46416,211.2498,93,,,,,,,,
,,,,,46565,442.52423,149,,,,,,,,
,,,,,46712,423.0948,147,,,,,,,,
,,,,,46860,440.5281,148,,,,,,,,
,,,,,46950,204.11511,90,,,,,,,,
,,,,,47000,,,-170.97543334960938,-1.3550713062286377,24.702302932739258,167.2584228515625,166.72381591796875,0.0003,0.0003,0.1
,,,,,47089,398.1214,139,,,,,,,,
,,,,,47255,529.56104,166,,,,,,,,
,,,,,47413,492.51245,158,,,,,,,,
,,,,,47556,412.9031,143,,,,,,,,
,,,,,47706,447.54648,150,,,,,,,,
,,,,,47858,474.28217,152,,,,,,,,
,,,,,47996,396.77597,138,,,,,,,,
,,,,,48000,,,-169.23648071289062,-1.5658462047576904,16.786773681640625,164.707275390625,164.54733276367188,0.0003,0.0003,0.1
,,,,,48156,497.47083,160,,,,,,,,
,,,,,48297,403.42294,141,,,,,,,,
,,,,,48474,550.03766,177,,,,,,,,
,,,,,48612,400.24603,138,,,,,,,,
,,,,,48789,569.2483,177,,,,,,,,
,,,,,48968,529.31415,179,,,,,,,,
,,,,,49000,,,-168.29302978515625,-2.030120372772217,15.443801879882812,165.12216186523438,165.0253143310547,0.0003,0.0003,0.1
,,,,,49139,522.2179,171,,,,,,,,
,,,,,49330,612.21436,191,,,,,,,,
,,,,,49377,83.17713,47,,,,,,,,
,,,,,49503,296.24036,126,,,,,,,,
,,,,,49679,525.0808,176,,,,,,,,
,,,,,49835,447.33344,156,,,,,,,,
465.37637,103.196495,609.9244,305.36234,166.2,50000,,,-174.8715057373047,-1.7363284826278687,13.319974899291992,172.52651977539062,172.87118530273438,0.0003,0.0003,0.1
,,,,,50047,578.35767,212,,,,,,,,
,,,,,50226,519.0777,179,,,,,,,,
,,,,,50405,535.27765,179,,,,,,,,
,,,,,50547,388.18988,142,,,,,,,,
,,,,,50673,292.0299,126,,,,,,,,
,,,,,50835,472.388,162,,,,,,,,
,,,,,51000,472.66983,165,,,,,,,,
,,,,,51000,,,-172.63290405273438,-2.0466482639312744,22.326467514038086,168.71620178222656,169.04550170898438,0.0003,0.0003,0.1
,,,,,51185,542.62286,185,,,,,,,,
,,,,,51307,285.28287,122,,,,,,,,
,,,,,51464,444.96606,157,,,,,,,,
,,,,,51639,519.8559,175,,,,,,,,
,,,,,51768,294.1426,129,,,,,,,,
,,,,,51893,283.45175,125,,,,,,,,
,,,,,52000,,,-172.48098754882812,-1.8482847213745117,6.74669075012207,169.6187744140625,169.46728515625,0.0003,0.0003,0.1
,,,,,52025,315.98553,132,,,,,,,,
,,,,,52227,607.72614,202,,,,,,,,
,,,,,52414,591.39886,187,,,,,,,,
,,,,,52561,365.218,147,,,,,,,,
,,,,,52738,515.2166,177,,,,,,,,
,,,,,52936,580.7538,198,,,,,,,,
,,,,,53000,,,-182.1324462890625,-1.42589271068573,6.497511863708496,179.08438110351562,179.23870849609375,0.0003,0.0003,0.1
,,,,,53124,514.4495,188,,,,,,,,
,,,,,53325,636.2951,201,,,,,,,,
,,,,,53500,501.4148,175,,,,,,,,
,,,,,53708,610.8841,208,,,,,,,,
,,,,,53912,626.7288,204,,,,,,,,
,,,,,54000,,,-178.8674774169922,-1.4100139141082764,3.5985143184661865,174.8026123046875,174.84164428710938,0.0003,0.0003,0.1
,,,,,54100,511.64816,188,,,,,,,,
,,,,,54279,541.46234,179,,,,,,,,
,,,,,54436,457.2177,157,,,,,,,,
,,,,,54593,508.1723,157,,,,,,,,
,,,,,54734,396.17007,141,,,,,,,,
,,,,,54917,548.80194,183,,,,,,,,
591.7495,62.470695,663.7963,446.37387,181.3,55000,,,-179.06967163085938,-1.4370057582855225,5.338951587677002,176.38575744628906,176.4367218017578,0.0003,0.0003,0.1
,,,,,55100,613.58563,183,,,,,,,,
,,,,,55291,628.6913,191,,,,,,,,
,,,,,55465,582.724,174,,,,,,,,
,,,,,55510,77.5444,45,,,,,,,,
,,,,,55695,611.2586,185,,,,,,,,
,,,,,55860,537.8963,165,,,,,,,,
,,,,,56000,,,-174.69680786132812,-1.5329574346542358,10.310426712036133,172.7118682861328,172.9416961669922,0.0003,0.0003,0.1
,,,,,56016,493.80228,156,,,,,,,,
,,,,,56189,572.6127,173,,,,,,,,
,,,,,56351,517.02747,162,,,,,,,,
,,,,,56516,516.29877,165,,,,,,,,
,,,,,56686,551.6673,170,,,,,,,,
,,,,,56851,534.5662,165,,,,,,,,
,,,,,57000,,,-171.34793090820312,-1.9242823123931885,8.013181686401367,167.25213623046875,167.62399291992188,0.0003,0.0003,0.1
,,,,,57023,562.70667,172,,,,,,,,
,,,,,57193,558.7808,170,,,,,,,,
,,,,,57348,479.06897,155,,,,,,,,
,,,,,57521,561.46625,173,,,,,,,,
,,,,,57699,589.08234,178,,,,,,,,
,,,,,57862,515.892,163,,,,,,,,
,,,,,58000,,,-176.51547241210938,-1.4863080978393555,6.339105606079102,174.17822265625,174.18167114257812,0.0003,0.0003,0.1
,,,,,58014,462.02844,152,,,,,,,,
,,,,,58169,509.7408,155,,,,,,,,
,,,,,58324,483.8342,155,,,,,,,,
,,,,,58496,564.2402,172,,,,,,,,
,,,,,58642,420.73404,146,,,,,,,,
,,,,,58780,393.51443,138,,,,,,,,
,,,,,58923,425.72943,143,,,,,,,,
,,,,,59000,,,-172.54005432128906,-1.7773693799972534,5.80345344543457,171.533203125,171.43109130859375,0.0003,0.0003,0.1
,,,,,59059,386.06586,136,,,,,,,,
,,,,,59204,438.314,145,,,,,,,,
,,,,,59351,431.65515,147,,,,,,,,
,,,,,59500,448.6371,149,,,,,,,,
,,,,,59652,467.81747,152,,,,,,,,
,,,,,59812,507.2987,160,,,,,,,,
,,,,,59976,537.0404,164,,,,,,,,
479.9655,40.877567,530.95416,397.29874,152.8,60000,,,-173.8518829345703,-1.6597580909729004,3.9628076553344727,171.56187438964844,171.4595489501953,0.0003,0.0003,0.1
,,,,,60116,411.66852,140,,,,,,,,
,,,,,60255,399.2285,139,,,,,,,,
,,,,,60408,482.3578,153,,,,,,,,
,,,,,60568,512.81903,160,,,,,,,,
,,,,,60729,510.1687,161,,,,,,,,
,,,,,60871,401.3644,142,,,,,,,,
,,,,,61000,,,-166.07476806640625,-2.2013747692108154,6.237950325012207,163.70797729492188,164.3392333984375,0.0003,0.0003,0.1
,,,,,61053,583.2116,182,,,,,,,,
,,,,,61194,365.9017,141,,,,,,,,
,,,,,61345,431.30447,151,,,,,,,,
,,,,,61497,427.98575,152,,,,,,,,
,,,,,61657,452.68835,160,,,,,,,,
,,,,,61814,447.49258,157,,,,,,,,
,,,,,61994,515.0394,180,,,,,,,,
,,,,,62000,,,-172.93838500976562,-1.7876005172729492,30.851709365844727,166.53378295898438,166.0008544921875,0.0003,0.0003,0.1
,,,,,62152,428.52515,158,,,,,,,,
,,,,,62163,11.425301,11,,,,,,,,
,,,,,62330,465.65063,167,,,,,,,,
,,,,,62501,509.6735,171,,,,,,,,
,,,,,62634,318.22824,133,,,,,,,,
,,,,,62788,424.04822,154,,,,,,,,
,,,,,62965,535.57513,177,,,,,,,,
,,,,,63000,,,-172.45986938476562,-2.008981943130493,10.559646606445312,168.42666625976562,167.8747100830078,0.0003,0.0003,0.1
,,,,,63142,530.67584,177,,,,,,,,
,,,,,63305,472.97153,163,,,,,,,,
,,,,,63496,614.72546,191,,,,,,,,
,,,,,63648,415.9478,152,,,,,,,,
,,,,,63842,600.7148,194,,,,,,,,
,,,,,63987,396.12732,145,,,,,,,,
,,,,,64000,,,-176.32833862304688,-1.7969474792480469,3.386033058166504,172.77008056640625,172.48312377929688,0.0003,0.0003,0.1
,,,,,64188,640.38165,201,,,,,,,,
,,,,,64375,599.5788,187,,,,,,,,
,,,,,64534,451.76395,159,,,,,,,,
,,,,,64714,554.07874,180,,,,,,,,
,,,,,64862,353.0914,148,,,,,,,,
589.72687,29.816217,626.9895,529.16284,182.7,65000,,,-175.82373046875,-1.5664637088775635,6.9253926277160645,172.72512817382812,172.97854614257812,0.0003,0.0003,0.1
,,,,,65051,602.2375,189,,,,,,,,
,,,,,65239,601.6505,188,,,,,,,,
,,,,,65426,585.7879,187,,,,,,,,
,,,,,65586,503.7449,160,,,,,,,,
,,,,,65772,545.2801,186,,,,,,,,
,,,,,65964,623.9927,192,,,,,,,,
,,,,,66000,,,-179.09439086914062,-1.5932996273040771,6.976326942443848,174.61390686035156,174.75674438476562,0.0003,0.0003,0.1
,,,,,66152,605.1319,188,,,,,,,,
,,,,,66321,531.2714,169,,,,,,,,
,,,,,66498,516.17786,177,,,,,,,,
,,,,,66687,582.5042,189,,,,,,,,
,,,,,66867,524.6736,180,,,,,,,,
,,,,,67000,,,-173.50758361816406,-1.8858073949813843,5.864718437194824,170.43209838867188,170.64418029785156,0.0003,0.0003,0.1
,,,,,67051,583.8161,184,,,,,,,,
,,,,,67253,650.5595,202,,,,,,,,
,,,,,67437,597.4835,184,,,,,,,,
,,,,,67624,605.3185,187,,,,,,,,
,,,,,67805,560.6487,181,,,,,,,,
,,,,,67976,514.3965,171,,,,,,,,
,,,,,68000,,,-180.87396240234375,-1.5489393472671509,5.827627182006836,177.0081787109375,177.16110229492188,0.0003,0.0003,0.1
,,,,,68156,575.9842,180,,,,,,,,
,,,,,68309,371.20596,153,,,,,,,,
,,,,,68490,552.9744,181,,,,,,,,
,,,,,68623,307.19608,133,,,,,,,,
,,,,,68804,561.05096,181,,,,,,,,
,,,,,69000,612.4175,196,,,,,,,,
,,,,,69000,,,-177.506103515625,-1.600965142250061,5.595701217651367,175.96041870117188,175.69253540039062,0.0003,0.0003,0.1
,,,,,69177,524.09344,177,,,,,,,,
,,,,,69351,504.84805,174,,,,,,,,
,,,,,69512,429.83133,161,,,,,,,,
,,,,,69647,305.322,135,,,,,,,,
,,,,,69799,379.20392,152,,,,,,,,
,,,,,69983,555.956,184,,,,,,,,
535.512,49.753746,632.2699,483.69754,180.6,70000,,,-174.53433227539062,-1.9446971416473389,8.641685485839844,172.29141235351562,172.00074768066406,0.0003,0.0003,0.1
,,,,,70172,602.81226,189,,,,,,,,
,,,,,70347,471.7255,175,,,,,,,,
,,,,,70522,518.8443,175,,,,,,,,
,,,,,70705,559.5874,183,,,,,,,,
,,,,,70890,524.19885,185,,,,,,,,
,,,,,71000,,,-180.17425537109375,-1.8820691108703613,38.89731216430664,176.3851318359375,176.02276611328125,0.0003,0.0003,0.1
,,,,,71050,434.28995,160,,,,,,,,
,,,,,71220,474.95126,170,,,,,,,,
,,,,,71407,618.0051,187,,,,,,,,
,,,,,71587,558.4261,180,,,,,,,,
,,,,,71783,639.25214,196,,,,,,,,
,,,,,71961,564.1788,178,,,,,,,,
,,,,,72000,,,-182.87228393554688,-1.5258461236953735,7.962164878845215,181.06546020507812,180.67686462402344,0.0003,0.0003,0.1
,,,,,72140,526.26013,179,,,,,,,,
,,,,,72346,630.1305,206,,,,,,,,
,,,,,72529,531.7785,183,,,,,,,,
,,,,,72710,518.9023,181,,,,,,,,
,,,,,72730,29.202868,20,,,,,,,,
,,,,,72917,626.2596,187,,,,,,,,
,,,,,73000,,,-182.3519287109375,-1.4927197694778442,18.50259780883789,180.58584594726562,180.6580810546875,0.0003,0.0003,0.1
,,,,,73110,621.03265,193,,,,,,,,
,,,,,73293,597.5548,183,,,,,,,,
,,,,,73479,625.28064,186,,,,,,,,
,,,,,73665,624.8006,186,,,,,,,,
,,,,,73843,598.8531,178,,,,,,,,
,,,,,74000,,,-183.6522216796875,-1.646927833557129,5.048713207244873,181.7042236328125,181.9063262939453,0.0003,0.0003,0.1
,,,,,74031,626.6807,188,,,,,,,,
,,,,,74215,603.7408,184,,,,,,,,
,,,,,74382,546.559,167,,,,,,,,
,,,,,74396,10.797724,14,,,,,,,,
,,,,,74413,16.609673,17,,,,,,,,
,,,,,74607,653.52734,194,,,,,,,,
,,,,,74800,644.2258,193,,,,,,,,
,,,,,74965,536.9373,165,,,,,,,,
580.484,38.3646,647.89087,523.14075,174.5,75000,,,-180.44168090820312,-1.6635425090789795,8.545194625854492,176.085205078125,175.73231506347656,0.0003,0.0003,0.1
,,,,,75147,600.9885,182,,,,,,,,
,,,,,75331,618.96423,184,,,,,,,,
,,,,,75488,510.85355,157,,,,,,,,
,,,,,75657,562.30615,169,,,,,,,,
,,,,,75841,625.353,184,,,,,,,,
,,,,,76000,,,-176.319091796875,-2.036085605621338,6.313436508178711,171.45596313476562,170.90257263183594,0.0003,0.0003,0.1
,,,,,76035,656.3338,194,,,,,,,,
,,,,,76215,594.3095,180,,,,,,,,
,,,,,76397,593.993,182,,,,,,,,
,,,,,76559,524.2765,162,,,,,,,,
,,,,,76736,568.21606,177,,,,,,,,
,,,,,76896,514.3646,160,,,,,,,,
,,,,,77000,,,-182.42935180664062,-2.019735097885132,5.302957534790039,180.331298828125,179.65475463867188,0.0003,0.0003,0.1
,,,,,77063,531.80615,167,,,,,,,,
,,,,,77233,544.38074,170,,,,,,,,
,,,,,77399,530.74585,166,,,,,,,,
,,,,,77580,611.9215,181,,,,,,,,
,,,,,77741,513.9042,161,,,,,,,,
,,,,,77913,547.8926,172,,,,,,,,
,,,,,78000,,,-184.58226013183594,-1.845369577407837,5.4515380859375,182.1239013671875,181.86773681640625,0.0003,0.0003,0.1
,,,,,78094,600.3967,181,,,,,,,,
,,,,,78282,630.5324,188,,,,,,,,
,,,,,78447,528.32135,165,,,,,,,,
,,,,,78641,658.85065,194,,,,,,,,
,,,,,78820,610.6757,179,,,,,,,,
,,,,,78993,576.99414,173,,,,,,,,
,,,,,79000,,,-182.5654754638672,-2.088247299194336,3.189220905303955,180.60604858398438,180.7738800048828,0.0003,0.0003,0.1
,,,,,79178,611.49744,185,,,,,,,,
,,,,,79350,574.0881,172,,,,,,,,
,,,,,79541,646.9738,191,,,,,,,,
,,,,,79738,628.9736,197,,,,,,,,
,,,,,79922,580.85864,184,,,,,,,,
580.68933,29.996222,637.85333,535.42236,180.1,80000,,,-191.1075439453125,-1.5709903240203857,12.536626815795898,186.77346801757812,186.93307495117188,0.0003,0.0003,0.1
,,,,,80111,612.9174,189,,,,,,,,
,,,,,80287,583.671,176,,,,,,,,
,,,,,80473,620.1178,186,,,,,,,,
,,,,,80648,555.3007,175,,,,,,,,
,,,,,80814,523.2489,166,,,,,,,,
,,,,,81000,,,-184.40060424804688,-1.5660295486450195,7.129486083984375,180.81283569335938,180.84278869628906,0.0003,0.0003,0.1
,,,,,81001,634.0239,187,,,,,,,,
,,,,,81166,530.9968,165,,,,,,,,
,,,,,81339,565.9382,173,,,,,,,,
,,,,,81524,620.0908,185,,,,,,,,
,,,,,81696,562.1351,172,,,,,,,,
,,,,,81893,651.9702,197,,,,,,,,
,,,,,82000,,,-181.5166778564453,-1.7795584201812744,11.117572784423828,179.91082763671875,180.1484375,0.0003,0.0003,0.1
,,,,,82084,648.2263,191,,,,,,,,
,,,,,82271,633.17914,187,,,,,,,,
,,,,,82422,496.24942,151,,,,,,,,
,,,,,82614,649.31775,192,,,,,,,,
,,,,,82779,529.3512,165,,,,,,,,
,,,,,82973,660.14777,194,,,,,,,,
,,,,,83000,,,-183.49107360839844,-1.8723341226577759,21.16063117980957,181.3198699951172,181.23263549804688,0.0003,0.0003,0.1
,,,,,83142,550.30096,169,,,,,,,,
,,,,,83330,631.38525,188,,,,,,,,
,,,,,83518,631.04956,188,,,,,,,,
,,,,,83684,542.85016,166,,,,,,,,
,,,,,83878,657.47986,194,,,,,,,,
,,,,,84000,,,-182.634033203125,-1.6100120544433594,6.048068046569824,181.31884765625,181.56211853027344,0.0003,0.0003,0.1
,,,,,84048,550.7506,170,,,,,,,,
,,,,,84220,574.7443,172,,,,,,,,
,,,,,84412,655.5272,192,,,,,,,,
,,,,,84584,553.5751,172,,,,,,,,
,,,,,84751,558.1937,167,,,,,,,,
,,,,,84934,585.93115,183,,,,,,,,
622.3201,59.338417,685.05005,478.49268,188.2,85000,,,-181.96737670898438,-1.8411047458648682,4.1347222328186035,179.33169555664062,179.37820434570312,0.0003,0.0003,0.1
,,,,,85144,684.2353,210,,,,,,,,
,,,,,85337,662.3994,193,,,,,,,,
,,,,,85536,659.5521,199,,,,,,,,
,,,,,85734,670.6975,198,,,,,,,,
,,,,,85930,666.9337,196,,,,,,,,
,,,,,86000,,,-177.97154235839844,-1.8121182918548584,22.904891967773438,175.18385314941406,175.38038635253906,0.0003,0.0003,0.1
,,,,,86110,600.0235,180,,,,,,,,
,,,,,86296,628.34503,186,,,,,,,,
,,,,,86461,544.39044,165,,,,,,,,
,,,,,86634,589.2239,173,,,,,,,,
,,,,,86800,545.73413,166,,,,,,,,
,,,,,86992,647.69604,192,,,,,,,,
,,,,,87000,,,-186.12625122070312,-1.7250481843948364,11.446523666381836,184.2721405029297,184.28256225585938,0.0003,0.0003,0.1
,,,,,87176,619.63525,184,,,,,,,,
,,,,,87377,697.69,201,,,,,,,,
,,,,,87560,612.13715,183,,,,,,,,
,,,,,87740,575.98395,180,,,,,,,,
,,,,,87938,679.5029,198,,,,,,,,
,,,,,88000,,,-185.2528076171875,-1.6242557764053345,12.423158645629883,182.9052276611328,182.78721618652344,0.0003,0.0003,0.1
,,,,,88115,613.13074,177,,,,,,,,
,,,,,88302,642.6849,187,,,,,,,,
,,,,,88493,636.58105,191,,,,,,,,
,,,,,88699,687.6629,206,,,,,,,,
,,,,,88888,544.3039,189,,,,,,,,
,,,,,89000,,,-191.36685180664062,-1.7037742137908936,3.6311352252960205,187.61178588867188,187.58843994140625,0.0003,0.0003,0.1
,,,,,89090,692.7773,202,,,,,,,,
,,,,,89285,663.4005,195,,,,,,,,
,,,,,89486,689.088,201,,,,,,,,
,,,,,89663,604.96625,177,,,,,,,,
,,,,,89864,705.19714,201,,,,,,,,
553.89514,85.87531,664.28253,336.1488,182.8,90000,,,-188.00064086914062,-1.4772968292236328,3.9394524097442627,186.52297973632812,186.57861328125,0.0003,0.0003,0.1
,,,,,90057,649.7706,193,,,,,,,,
,,,,,90238,604.61,181,,,,,,,,
,,,,,90415,594.1412,177,,,,,,,,
,,,,,90570,404.34348,155,,,,,,,,
,,,,,90763,566.60266,193,,,,,,,,
,,,,,90956,658.0388,193,,,,,,,,
,,,,,91000,,,-186.3631134033203,-1.8016068935394287,7.984656810760498,184.11904907226562,183.687255859375,0.0003,0.0003,0.1
,,,,,91155,690.64844,199,,,,,,,,
,,,,,91349,672.2937,194,,,,,,,,
,,,,,91545,680.0042,196,,,,,,,,
,,,,,91739,668.39215,194,,,,,,,,
,,,,,91936,661.64075,197,,,,,,,,
,,,,,92000,,,-192.26296997070312,-1.5749226808547974,4.650707244873047,189.83531188964844,189.94822692871094,0.0003,0.0003,0.1
,,,,,92126,586.79803,190,,,,,,,,
,,,,,92317,649.1073,191,,,,,,,,
,,,,,92517,661.1861,200,,,,,,,,
,,,,,92712,596.2493,195,,,,,,,,
,,,,,92909,660.6341,197,,,,,,,,
,,,,,93000,,,-187.73475646972656,-1.596450686454773,5.813967704772949,183.82742309570312,183.98257446289062,0.0003,0.0003,0.1
,,,,,93108,650.8206,199,,,,,,,,
,,,,,93309,676.54517,201,,,,,,,,
,,,,,93497,639.54565,188,,,,,,,,
,,,,,93666,557.7428,169,,,,,,,,
,,,,,93857,657.87366,191,,,,,,,,
,,,,,94000,,,-187.04258728027344,-1.9307665824890137,4.186668872833252,183.45721435546875,183.6241455078125,0.0003,0.0003,0.1
,,,,,94035,613.41675,178,,,,,,,,
,,,,,94233,680.499,198,,,,,,,,
,,,,,94434,686.5952,201,,,,,,,,
,,,,,94623,645.48145,189,,,,,,,,
,,,,,94829,651.9101,206,,,,,,,,
624.62335,96.90982,696.1954,348.7401,186.3,95000,,,-191.44869995117188,-1.7287540435791016,7.326083660125732,188.9553680419922,188.91644287109375,0.0003,0.0003,0.1
,,,,,95029,678.3436,200,,,,,,,,
,,,,,95215,633.73175,186,,,,,,,,
,,,,,95411,674.8684,196,,,,,,,,
,,,,,95570,504.3892,159,,,,,,,,
,,,,,95770,678.90955,200,,,,,,,,
,,,,,95950,607.7383,180,,,,,,,,
,,,,,96000,,,-192.82907104492188,-1.6371127367019653,3.8205599784851074,190.98655700683594,191.24740600585938,0.0003,0.0003,0.1
,,,,,96147,675.98956,197,,,,,,,,
,,,,,96357,686.33014,210,,,,,,,,
,,,,,96556,676.9878,199,,,,,,,,
,,,,,96764,677.40625,208,,,,,,,,
,,,,,96959,656.66595,195,,,,,,,,
,,,,,97000,,,-191.75631713867188,-1.5553534030914307,4.043166160583496,190.5035858154297,190.51589965820312,0.0003,0.0003,0.1
,,,,,97152,661.46063,193,,,,,,,,
,,,,,97347,656.13995,195,,,,,,,,
,,,,,97549,676.71204,202,,,,,,,,
,,,,,97760,671.3758,211,,,,,,,,
,,,,,97940,602.8196,180,,,,,,,,
,,,,,98000,,,-197.48162841796875,-1.6776833534240723,3.3542962074279785,195.7254638671875,195.53564453125,0.0003,0.0003,0.1
,,,,,98133,654.6173,193,,,,,,,,
,,,,,98341,689.51447,208,,,,,,,,
,,,,,98544,683.2118,203,,,,,,,,
,,,,,98729,626.5821,185,,,,,,,,
,,,,,98936,681.0004,207,,,,,,,,
,,,,,99000,,,-189.233154296875,-1.7207748889923096,4.347320556640625,188.03451538085938,188.37539672851562,0.0003,0.0003,0.1
,,,,,99144,709.6259,208,,,,,,,,
,,,,,99350,670.109,206,,,,,,,,
,,,,,99543,660.2504,193,,,,,,,,
,,,,,99753,674.70856,210,,,,,,,,
,,,,,99962,680.7137,209,,,,,,,,
659.58075,13.863057,682.3323,628.4455,202.2,100000,,,-194.15383911132812,-1.858093500137329,6.3754425048828125,192.4709014892578,193.04470825195312,0.0003,0.0003,0.1
,,,,,100167,643.0176,205,,,,,,,,
,,,,,100359,609.524,192,,,,,,,,
,,,,,100557,649.6528,198,,,,,,,,
,,,,,100757,681.5197,200,,,,,,,,
,,,,,100955,659.9024,198,,,,,,,,
,,,,,101000,,,-190.99127197265625,-2.0691003799438477,6.342279434204102,189.72036743164062,189.50022888183594,0.0003,0.0003,0.1
,,,,,101158,620.634,203,,,,,,,,
,,,,,101359,629.3067,201,,,,,,,,
,,,,,101567,648.175,208,,,,,,,,
,,,,,101774,657.35474,207,,,,,,,,
,,,,,101980,680.4987,206,,,,,,,,
,,,,,102000,,,-193.15847778320312,-1.629982352256775,5.272661209106445,191.7354278564453,191.2393798828125,0.0003,0.0003,0.1
,,,,,102171,583.9344,191,,,,,,,,
,,,,,102365,668.7257,194,,,,,,,,
,,,,,102559,639.57434,194,,,,,,,,
,,,,,102765,656.17346,206,,,,,,,,
,,,,,102950,572.051,185,,,,,,,,
,,,,,103000,,,-194.00054931640625,-1.735782504081726,26.100080490112305,188.46908569335938,188.66358947753906,0.0003,0.0003,0.1
,,,,,103155,682.06726,205,,,,,,,,
,,,,,103355,607.5397,200,,,,,,,,
,,,,,103565,687.7299,210,,,,,,,,
,,,,,103771,647.91626,206,,,,,,,,
,,,,,103958,617.408,187,,,,,,,,
,,,,,104000,,,-196.6793212890625,-1.9890849590301514,23.83113670349121,194.16464233398438,193.0324249267578,0.0003,0.0003,0.1
,,,,,104162,639.13007,204,,,,,,,,
,,,,,104362,640.1646,200,,,,,,,,
,,,,,104554,640.74036,192,,,,,,,,
,,,,,104769,680.69745,215,,,,,,,,
,,,,,104960,650.8019,191,,,,,,,,
638.86053,22.389647,667.65424,602.2698,196.7,105000,,,-195.8604736328125,-2.0645503997802734,14.969474792480469,193.48165893554688,193.24969482421875,0.0003,0.0003,0.1
,,,,,105144,620.6135,184,,,,,,,,
,,,,,105350,692.24927,206,,,,,,,,
,,,,,105557,664.49023,207,,,,,,,,
,,,,,105751,645.0532,194,,,,,,,,
,,,,,105949,624.1237,198,,,,,,,,
,,,,,106000,,,-204.1848602294922,-1.9091007709503174,5.496430397033691,203.2204132080078,202.86172485351562,0.0003,0.0003,0.1
,,,,,106156,643.18475,207,,,,,,,,
,,,,,106362,665.4429,206,,,,,,,,
,,,,,106557,607.4166,195,,,,,,,,
,,,,,106752,610.1574,195,,,,,,,,
,,,,,106950,622.5899,198,,,,,,,,
,,,,,107000,,,-201.72610473632812,-1.8393676280975342,7.067134857177734,199.85372924804688,199.69488525390625,0.0003,0.0003,0.1
,,,,,107131,622.04285,181,,,,,,,,
,,,,,107320,645.5508,189,,,,,,,,
,,,,,107515,632.28064,195,,,,,,,,
,,,,,107709,637.2071,194,,,,,,,,
,,,,,107904,663.9504,195,,,,,,,,
,,,,,108000,,,-195.72280883789062,-1.58650541305542,4.0441741943359375,193.58432006835938,193.68930053710938,0.0003,0.0003,0.1
,,,,,108104,647.5343,200,,,,,,,,
,,,,,108291,614.11316,187,,,,,,,,
,,,,,108482,640.3444,191,,,,,,,,
,,,,,108680,652.4805,198,,,,,,,,
,,,,,108863,611.4895,183,,,,,,,,
,,,,,109000,,,-204.08700561523438,-1.5726549625396729,20.55609893798828,201.54034423828125,201.47988891601562,0.0003,0.0003,0.1
,,,,,109041,577.22736,178,,,,,,,,
,,,,,109233,624.18506,192,,,,,,,,
,,,,,109422,611.449,189,,,,,,,,
,,,,,109608,633.0871,186,,,,,,,,
,,,,,109808,622.88855,200,,,,,,,,
630.4955,11.204146,655.04224,616.0915,192.6,110000,,,-203.77975463867188,-1.5481444597244263,5.157839775085449,200.58639526367188,200.66873168945312,0.0003,0.0003,0.1
,,,,,110007,650.44934,199,,,,,,,,
,,,,,110197,641.6456,190,,,,,,,,
,,,,,110396,627.462,199,,,,,,,,
,,,,,110580,623.0293,184,,,,,,,,
,,,,,110775,682.08545,195,,,,,,,,
,,,,,110959,624.5952,184,,,,,,,,
,,,,,111000,,,-197.74765014648438,-1.6545644998550415,9.738739013671875,195.28128051757812,195.53717041015625,0.0003,0.0003,0.1
,,,,,111147,614.58105,188,,,,,,,,
,,,,,111345,653.5729,198,,,,,,,,
,,,,,111531,643.10583,186,,,,,,,,
,,,,,111714,619.71356,183,,,,,,,,
,,,,,111904,632.5499,190,,,,,,,,
,,,,,112000,,,-201.54898071289062,-1.4839255809783936,3.674227237701416,199.91268920898438,199.99765014648438,0.0003,0.0003,0.1
,,,,,112096,659.67847,192,,,,,,,,
,,,,,112276,617.297,180,,,,,,,,
,,,,,112466,647.3105,190,,,,,,,,
,,,,,112640,582.14526,174,,,,,,,,
,,,,,112825,633.82666,185,,,,,,,,
,,,,,113000,,,-196.86325073242188,-1.3140339851379395,12.268134117126465,193.93521118164062,193.6819610595703,0.0003,0.0003,0.1
,,,,,113023,625.9708,198,,,,,,,,
,,,,,113219,630.18115,196,,,,,,,,
,,,,,113416,648.9484,197,,,,,,,,
,,,,,113603,645.2108,187,,,,,,,,
,,,,,113799,622.4583,196,,,,,,,,
,,,,,113991,647.08606,192,,,,,,,,
,,,,,114000,,,-203.71994018554688,-1.6056631803512573,5.395867347717285,201.12362670898438,201.20187377929688,0.0003,0.0003,0.1
,,,,,114176,595.06726,185,,,,,,,,
,,,,,114344,548.25995,168,,,,,,,,
,,,,,114544,663.4665,200,,,,,,,,
,,,,,114740,671.14307,196,,,,,,,,
,,,,,114934,640.59906,194,,,,,,,,
545.39636,140.49915,674.3744,335.71698,171.3,115000,,,-201.36773681640625,-1.5797717571258545,5.804661750793457,199.7805938720703,199.8119354248047,0.0003,0.0003,0.1
,,,,,115135,691.6989,201,,,,,,,,
,,,,,115338,657.9931,203,,,,,,,,
,,,,,115541,643.1163,203,,,,,,,,
,,,,,115723,643.3933,182,,,,,,,,
,,,,,115919,655.5664,196,,,,,,,,
,,,,,116000,,,-197.40353393554688,-1.5571879148483276,19.411762237548828,193.82640075683594,195.01913452148438,0.0003,0.0003,0.1
,,,,,116129,698.8003,210,,,,,,,,
,,,,,116329,698.88934,200,,,,,,,,
,,,,,116533,677.1616,204,,,,,,,,
,,,,,116741,695.4687,208,,,,,,,,
,,,,,116943,701.52185,202,,,,,,,,
,,,,,117000,,,-201.81185913085938,-1.653578758239746,10.668530464172363,200.2581329345703,199.9484405517578,0.0003,0.0003,0.1
,,,,,117135,626.3378,192,,,,,,,,
,,,,,117338,652.089,203,,,,,,,,
,,,,,117534,683.64465,196,,,,,,,,
,,,,,117719,634.30615,185,,,,,,,,
,,,,,117895,557.41315,176,,,,,,,,
,,,,,118000,,,-198.245849609375,-1.6310676336288452,3.0530519485473633,196.76490783691406,196.61570739746094,0.0003,0.0003,0.1
,,,,,118088,662.57416,193,,,,,,,,
,,,,,118297,708.8475,209,,,,,,,,
,,,,,118496,684.80273,199,,,,,,,,
,,,,,118687,665.3013,191,,,,,,,,
,,,,,118894,706.9314,207,,,,,,,,
,,,,,119000,,,-204.4391326904297,-1.4315929412841797,5.161820411682129,202.688232421875,202.82864379882812,0.0003,0.0003,0.1
,,,,,119098,709.76465,204,,,,,,,,
,,,,,119140,72.719925,42,,,,,,,,
,,,,,119347,707.40985,207,,,,,,,,
,,,,,119552,704.99304,205,,,,,,,,
,,,,,119762,722.1543,210,,,,,,,,
,,,,,119969,687.50903,207,,,,,,,,
676.0065,22.051397,703.9734,633.7588,199.9,120000,,,-199.64361572265625,-1.751483678817749,5.502311706542969,198.55996704101562,198.89822387695312,0.0003,0.0003,0.1
,,,,,120176,720.06244,207,,,,,,,,
,,,,,120366,660.4758,190,,,,,,,,
,,,,,120580,723.92523,214,,,,,,,,
,,,,,120787,706.79553,207,,,,,,,,
,,,,,120990,701.58496,203,,,,,,,,
,,,,,121000,,,-200.9647216796875,-2.009341239929199,6.23350715637207,199.4423065185547,200.04519653320312,0.0003,0.0003,0.1
,,,,,121172,624.9694,182,,,,,,,,
,,,,,121371,685.1003,199,,,,,,,,
,,,,,121557,640.6034,186,,,,,,,,
,,,,,121751,665.565,194,,,,,,,,
,,,,,121948,682.8019,197,,,,,,,,
,,,,,122000,,,-203.3775177001953,-1.5990300178527832,4.075313091278076,201.5171661376953,201.49229431152344,0.0003,0.0003,0.1
,,,,,122125,602.3871,177,,,,,,,,
,,,,,122321,648.33325,196,,,,,,,,
,,,,,122506,600.10645,185,,,,,,,,
,,,,,122697,654.4248,191,,,,,,,,
,,,,,122908,690.8234,211,,,,,,,,
,,,,,123000,,,-200.33319091796875,-1.1194331645965576,5.669085502624512,199.38961791992188,199.55384826660156,0.0003,0.0003,0.1
,,,,,123104,654.69196,196,,,,,,,,
,,,,,123301,680.731,197,,,,,,,,
,,,,,123496,646.0683,195,,,,,,,,
,,,,,123696,682.363,200,,,,,,,,
,,,,,123896,686.357,200,,,,,,,,
,,,,,124000,,,-196.1732177734375,-2.025444984436035,20.594013214111328,193.64822387695312,194.53775024414062,0.0003,0.0003,0.1
,,,,,124099,693.02844,203,,,,,,,,
,,,,,124299,668.4739,200,,,,,,,,
,,,,,124489,636.37054,190,,,,,,,,
,,,,,124689,663.2413,200,,,,,,,,
,,,,,124887,685.6158,198,,,,,,,,
670.611,17.265537,697.20465,635.6309,209.1,125000,,,-200.22235107421875,-1.6381092071533203,7.6427412033081055,197.7961883544922,197.87635803222656,0.0003,0.0003,0.1
,,,,,125082,659.21014,195,,,,,,,,
,,,,,125277,635.55725,195,,,,,,,,
,,,,,125473,630.169,196,,,,,,,,
,,,,,125674,642.021,201,,,,,,,,
,,,,,125877,667.0437,203,,,,,,,,
,,,,,126000,,,-201.91061401367188,-1.63026762008667,17.907390594482422,199.33058166503906,199.2048797607422,0.0003,0.0003,0.1
,,,,,126076,656.28937,199,,,,,,,,
,,,,,126281,671.1909,205,,,,,,,,
,,,,,126466,602.8884,185,,,,,,,,
,,,,,126671,671.8575,205,,,,,,,,
,,,,,126878,663.8822,207,,,,,,,,
,,,,,127000,,,-200.9874725341797,-1.5497196912765503,3.5107438564300537,200.0015106201172,200.19949340820312,0.0003,0.0003,0.1
,,,,,127070,625.66064,192,,,,,,,,
,,,,,127196,337.40125,126,,,,,,,,
,,,,,127397,673.67163,201,,,,,,,,
,,,,,127594,672.5624,197,,,,,,,,
,,,,,127808,678.41095,214,,,,,,,,
,,,,,128000,,,-199.10409545898438,-1.334174394607544,4.667821884155273,197.6649169921875,198.2081298828125,0.0003,0.0003,0.1
,,,,,128004,666.51,196,,,,,,,,
,,,,,128195,662.4258,191,,,,,,,,
,,,,,128389,669.35333,194,,,,,,,,
,,,,,128584,682.4532,195,,,,,,,,
,,,,,128781,666.5263,197,,,,,,,,
,,,,,128978,653.17523,197,,,,,,,,
,,,,,129000,,,-198.03909301757812,-1.6321308612823486,4.380789756774902,196.03506469726562,196.31600952148438,0.0003,0.0003,0.1
,,,,,129189,698.93335,211,,,,,,,,
,,,,,129377,644.3721,188,,,,,,,,
,,,,,129582,695.25055,205,,,,,,,,
,,,,,129784,670.3096,202,,,,,,,,
,,,,,129996,696.7251,212,,,,,,,,
690.7122,11.797065,706.04614,673.1618,213.5,130000,,,-203.47076416015625,-1.5136988162994385,2.8096704483032227,202.5451202392578,202.3950653076172,0.0003,0.0003,0.1
,,,,,130202,696.11633,206,,,,,,,,
,,,,,130388,643.65137,186,,,,,,,,
,,,,,130603,695.7516,215,,,,,,,,
,,,,,130819,691.68884,216,,,,,,,,
,,,,,131000,,,-202.38661193847656,-1.2682483196258545,5.946763038635254,199.98040771484375,200.318359375,0.0003,0.0003,0.1
,,,,,131039,695.1754,220,,,,,,,,
,,,,,131249,699.58405,210,,,,,,,,
,,,,,131454,702.59503,205,,,,,,,,
,,,,,131656,689.3409,202,,,,,,,,
,,,,,131864,712.3208,208,,,,,,,,
,,,,,132000,,,-199.3838348388672,-1.4348409175872803,7.7410078048706055,197.1632080078125,197.3910369873047,0.0003,0.0003,0.1
,,,,,132062,632.24207,198,,,,,,,,
,,,,,132254,649.862,192,,,,,,,,
,,,,,132453,662.5759,199,,,,,,,,
,,,,,132670,706.08636,217,,,,,,,,
,,,,,132861,659.5263,191,,,,,,,,
,,,,,133000,,,-201.13864135742188,-1.5989727973937988,23.933191299438477,199.6167449951172,199.17141723632812,0.0003,0.0003,0.1
,,,,,133067,672.1703,206,,,,,,,,
,,,,,133279,690.65717,212,,,,,,,,
,,,,,133487,675.8246,208,,,,,,,,
,,,,,133689,683.71313,202,,,,,,,,
,,,,,133885,668.97174,196,,,,,,,,
,,,,,134000,,,-194.5824737548828,-1.5287415981292725,13.020570755004883,192.781982421875,192.98696899414062,0.0003,0.0003,0.1
,,,,,134083,658.9665,198,,,,,,,,
,,,,,134291,686.85486,208,,,,,,,,
,,,,,134471,616.6547,180,,,,,,,,
,,,,,134687,705.6885,216,,,,,,,,
,,,,,134906,691.5503,219,,,,,,,,
701.30536,15.136098,721.85474,670.8858,213.1,135000,,,-201.3064422607422,-1.2846431732177734,3.7734596729278564,198.7215118408203,198.80636596679688,0.0003,0.0003,0.1
,,,,,135101,674.3744,195,,,,,,,,
,,,,,135304,681.3792,203,,,,,,,,
,,,,,135511,684.9212,207,,,,,,,,
,,,,,135726,711.05,215,,,,,,,,
,,,,,135924,673.07324,198,,,,,,,,
,,,,,136000,,,-198.17013549804688,-1.6872453689575195,5.075372219085693,196.7950439453125,196.00506591796875,0.0003,0.0003,0.1
,,,,,136130,683.3476,206,,,,,,,,
,,,,,136334,695.741,204,,,,,,,,
,,,,,136545,705.65186,211,,,,,,,,
,,,,,136758,716.21655,213,,,,,,,,
,,,,,136949,644.39777,191,,,,,,,,
,,,,,137000,,,-204.27870178222656,-1.2417607307434082,3.7757749557495117,202.81201171875,202.77127075195312,0.0003,0.0003,0.1
,,,,,137166,692.5452,217,,,,,,,,
,,,,,137358,637.7536,192,,,,,,,,
,,,,,137566,711.22174,208,,,,,,,,
,,,,,137783,679.5986,217,,,,,,,,
,,,,,137995,686.4441,212,,,,,,,,
,,,,,138000,,,-205.65753173828125,-1.0936095714569092,4.500694751739502,203.9453887939453,204.04806518554688,0.0003,0.0003,0.1
,,,,,138045,89.67449,50,,,,,,,,
,,,,,138256,725.9208,211,,,,,,,,
,,,,,138309,96.20164,53,,,,,,,,
,,,,,138510,681.0039,201,,,,,,,,
,,,,,138727,708.4978,217,,,,,,,,
,,,,,138934,685.7156,207,,,,,,,,
,,,,,139000,,,-197.4031982421875,-1.6748777627944946,5.756516456604004,196.01724243164062,195.95394897460938,0.0003,0.0003,0.1
,,,,,139141,683.3936,207,,,,,,,,
,,,,,139349,689.14075,208,,,,,,,,
,,,,,139559,726.0809,210,,,,,,,,
,,,,,139772,702.0323,213,,,,,,,,
,,,,,139976,695.17194,204,,,,,,,,
690.4543,24.001791,716.63806,643.1674,207.9,140000,,,-209.1695098876953,-1.2293888330459595,5.13564920425415,207.3523406982422,207.10716247558594,0.0003,0.0003,0.1
,,,,,140173,666.50275,197,,,,,,,,
,,,,,140383,712.8154,210,,,,,,,,
,,,,,140597,703.51215,214,,,,,,,,
,,,,,140807,690.3822,210,,,,,,,,
,,,,,141000,,,-205.54417419433594,-1.2961457967758179,2.5584757328033447,204.3336181640625,204.14947509765625,0.0003,0.0003,0.1
,,,,,141001,650.8761,194,,,,,,,,
,,,,,141207,700.72845,206,,,,,,,,
,,,,,141404,668.35205,197,,,,,,,,
,,,,,141618,695.6824,214,,,,,,,,
,,,,,141822,676.1814,204,,,,,,,,
,,,,,142000,,,-195.1081085205078,-1.5608761310577393,6.590126991271973,192.9694366455078,193.56283569335938,0.0003,0.0003,0.1
,,,,,142022,680.061,200,,,,,,,,
,,,,,142231,681.1419,209,,,,,,,,
,,,,,142355,330.0573,124,,,,,,,,
,,,,,142556,659.33545,201,,,,,,,,
,,,,,142748,635.82715,192,,,,,,,,
,,,,,142951,706.91693,203,,,,,,,,
,,,,,143000,,,-202.94070434570312,-1.4710166454315186,3.17458176612854,202.14791870117188,201.92257690429688,0.0003,0.0003,0.1
,,,,,143154,702.4902,203,,,,,,,,
,,,,,143360,691.77783,206,,,,,,,,
,,,,,143556,680.27936,196,,,,,,,,
,,,,,143752,673.8353,196,,,,,,,,
,,,,,143941,647.0358,189,,,,,,,,
,,,,,144000,,,-206.32797241210938,-1.6884799003601074,4.889503479003906,204.18478393554688,204.0292510986328,0.0003,0.0003,0.1
,,,,,144141,667.0371,200,,,,,,,,
,,,,,144356,713.08124,215,,,,,,,,
,,,,,144392,54.9724,36,,,,,,,,
,,,,,144584,610.2332,192,,,,,,,,
,,,,,144804,714.0418,220,,,,,,,,
686.2024,15.466577,707.7697,659.09436,202.9,145000,,,-205.9634246826172,-1.262047529220581,3.129995822906494,204.26504516601562,204.06748962402344,0.0003,0.0003,0.1
,,,,,145014,705.4788,210,,,,,,,,
,,,,,145025,11.992335,11,,,,,,,,
,,,,,145239,728.4049,214,,,,,,,,
,,,,,145438,692.27765,199,,,,,,,,
,,,,,145648,700.7509,210,,,,,,,,
,,,,,145858,684.6726,210,,,,,,,,
,,,,,146000,,,-198.6707763671875,-1.904761552810669,4.771912574768066,197.60638427734375,197.45350646972656,0.0003,0.0003,0.1
,,,,,146063,656.20734,205,,,,,,,,
,,,,,146265,705.33813,202,,,,,,,,
,,,,,146465,658.8544,200,,,,,,,,
,,,,,146667,688.9082,202,,,,,,,,
,,,,,146882,694.30255,215,,,,,,,,
,,,,,147000,,,-205.3511199951172,-1.487238883972168,7.442284107208252,203.05947875976562,202.70083618164062,0.0003,0.0003,0.1
,,,,,147092,712.0147,210,,,,,,,,
,,,,,147317,730.7446,225,,,,,,,,
,,,,,147528,715.7033,211,,,,,,,,
,,,,,147730,694.32117,202,,,,,,,,
,,,,,147927,668.736,197,,,,,,,,
,,,,,148000,,,-204.75967407226562,-1.4574077129364014,10.11345100402832,202.96009826660156,202.5763702392578,0.0003,0.0003,0.1
,,,,,148137,686.8247,210,,,,,,,,
,,,,,148335,669.0558,198,,,,,,,,
,,,,,148549,700.5611,214,,,,,,,,
,,,,,148757,698.6057,208,,,,,,,,
,,,,,148928,523.4042,171,,,,,,,,
,,,,,149000,,,-197.40380859375,-1.2712466716766357,3.469026565551758,195.88848876953125,195.9466552734375,0.0003,0.0003,0.1
,,,,,149138,698.26526,210,,,,,,,,
,,,,,149344,689.45013,206,,,,,,,,
,,,,,149548,689.28894,204,,,,,,,,
,,,,,149593,77.57209,45,,,,,,,,
,,,,,149797,682.6846,204,,,,,,,,
706.2577,12.830416,722.4247,682.08624,211.3,150000,,,-207.1356201171875,-1.2298771142959595,2.957231044769287,206.15647888183594,206.1595458984375,0.0003,0.0003,0.1
,,,,,150007,714.7113,210,,,,,,,,
,,,,,150221,703.3094,214,,,,,,,,
,,,,,150433,688.9423,212,,,,,,,,
,,,,,150651,716.58875,218,,,,,,,,
,,,,,150859,719.38446,208,,,,,,,,
,,,,,150888,38.3553,29,,,,,,,,
,,,,,151000,,,-211.4175567626953,-1.4019725322723389,3.1014626026153564,210.47665405273438,210.51873779296875,0.0003,0.0003,0.1
,,,,,151101,716.6912,213,,,,,,,,
,,,,,151304,669.3656,203,,,,,,,,
,,,,,151347,72.06655,43,,,,,,,,
,,,,,151547,685.1386,200,,,,,,,,
,,,,,151568,26.28976,21,,,,,,,,
,,,,,151770,698.9091,202,,,,,,,,
,,,,,151984,687.864,214,,,,,,,,
,,,,,152000,,,-203.2356719970703,-1.5471336841583252,18.82138442993164,201.87896728515625,201.54238891601562,0.0003,0.0003,0.1
,,,,,152203,703.85614,219,,,,,,,,
,,,,,152419,714.25635,216,,,,,,,,
,,,,,152629,703.199,210,,,,,,,,
,,,,,152844,700.9778,215,,,,,,,,
,,,,,153000,,,-204.78790283203125,-1.255074381828308,4.794245719909668,202.96420288085938,202.69302368164062,0.0003,0.0003,0.1
,,,,,153061,738.6045,217,,,,,,,,
,,,,,153274,726.7785,213,,,,,,,,
,,,,,153490,721.0643,216,,,,,,,,
,,,,,153677,642.7393,187,,,,,,,,
,,,,,153886,689.9072,209,,,,,,,,
,,,,,154000,,,-203.07354736328125,-1.576730728149414,4.798702239990234,201.14096069335938,201.1427001953125,0.0003,0.0003,0.1
,,,,,154104,728.6452,218,,,,,,,,
,,,,,154310,647.88654,206,,,,,,,,
,,,,,154508,686.2056,198,,,,,,,,
,,,,,154719,730.2893,211,,,,,,,,
,,,,,154940,701.74097,221,,,,,,,,
,,,,,154986,77.03565,46,,,,,,,,
695.1476,19.069029,721.5279,655.1757,210.2,155000,,,-211.97714233398438,-1.5096999406814575,5.392826557159424,209.8187255859375,210.05677795410156,0.0003,0.0003,0.1
,,,,,155195,712.41693,209,,,,,,,,
,,,,,155393,657.1392,198,,,,,,,,
,,,,,155609,686.8921,216,,,,,,,,
,,,,,155815,712.0895,206,,,,,,,,
,,,,,156000,,,-205.75942993164062,-1.6375923156738281,4.791922569274902,204.06387329101562,204.073974609375,0.0003,0.0003,0.1
,,,,,156013,661.59656,198,,,,,,,,
,,,,,156230,686.64276,217,,,,,,,,
,,,,,156438,719.3403,208,,,,,,,,
,,,,,156655,671.9537,217,,,,,,,,
,,,,,156859,701.53796,204,,,,,,,,
,,,,,157000,,,-206.29312133789062,-1.2619684934616089,3.539886951446533,205.373779296875,205.42494201660156,0.0003,0.0003,0.1
,,,,,157054,624.31726,195,,,,,,,,
,,,,,157243,623.0755,189,,,,,,,,
,,,,,157438,631.00757,195,,,,,,,,
,,,,,157624,575.90875,186,,,,,,,,
,,,,,157808,627.39655,184,,,,,,,,
,,,,,158000,,,-208.01898193359375,-1.3843610286712646,7.876214981079102,207.01181030273438,207.51536560058594,0.0003,0.0003,0.1
,,,,,158020,691.8055,212,,,,,,,,
,,,,,158219,658.9772,199,,,,,,,,
,,,,,158427,694.90094,208,,,,,,,,
,,,,,158617,638.2473,190,,,,,,,,
,,,,,158812,668.6825,195,,,,,,,,
,,,,,159000,,,-202.7849884033203,-1.2878124713897705,3.872972011566162,200.31820678710938,200.39251708984375,0.0003,0.0003,0.1
,,,,,159004,652.4762,192,,,,,,,,
,,,,,159208,675.8784,204,,,,,,,,
,,,,,159418,706.112,210,,,,,,,,
,,,,,159635,694.84125,217,,,,,,,,
,,,,,159828,607.7323,193,,,,,,,,
575.9696,148.97874,656.9919,134.40428,178.6,160000,,,-202.12005615234375,-1.2700884342193604,5.044153213500977,201.20635986328125,201.33193969726562,0.0003,0.0003,0.1
,,,,,160031,659.61096,203,,,,,,,,
,,,,,160226,666.84625,195,,,,,,,,
,,,,,160433,714.923,207,,,,,,,,
,,,,,160625,633.1095,192,,,,,,,,
,,,,,160818,652.54913,193,,,,,,,,
,,,,,161000,,,-200.80624389648438,-1.3535287380218506,5.043488025665283,199.12059020996094,199.43276977539062,0.0003,0.0003,0.1
,,,,,161015,637.7379,197,,,,,,,,
,,,,,161215,675.53485,200,,,,,,,,
,,,,,161416,646.58484,201,,,,,,,,
,,,,,161613,686.6443,197,,,,,,,,
,,,,,161802,638.6022,189,,,,,,,,
,,,,,161991,630.48456,189,,,,,,,,
,,,,,162000,,,-202.2666015625,-1.690712571144104,8.457101821899414,200.73553466796875,200.623779296875,0.0003,0.0003,0.1
,,,,,162180,632.7741,189,,,,,,,,
,,,,,162375,670.9976,195,,,,,,,,
,,,,,162562,623.15063,187,,,,,,,,
,,,,,162770,653.293,208,,,,,,,,
,,,,,162968,672.7242,198,,,,,,,,
,,,,,163000,,,-206.36221313476562,-1.535541296005249,3.486008644104004,205.50474548339844,205.26040649414062,0.0003,0.0003,0.1
,,,,,163162,636.17444,194,,,,,,,,
,,,,,163354,650.6354,192,,,,,,,,
,,,,,163545,615.2964,191,,,,,,,,
,,,,,163738,661.7209,193,,,,,,,,
,,,,,163951,687.04706,213,,,,,,,,
,,,,,164000,,,-212.6483154296875,-1.1712634563446045,6.962672233581543,211.043701171875,211.22891235351562,0.0003,0.0003,0.1
,,,,,164150,661.98645,199,,,,,,,,
,,,,,164361,731.96936,211,,,,,,,,
,,,,,164566,665.6718,205,,,,,,,,
,,,,,164765,689.33527,199,,,,,,,,
,,,,,164968,668.32947,203,,,,,,,,
688.8685,22.294405,729.636,658.99384,209.5,165000,,,-204.66342163085938,-1.6469638347625732,4.891335487365723,203.71127319335938,203.28224182128906,0.0003,0.0003,0.1
,,,,,165163,640.6677,195,,,,,,,,
,,,,,165357,635.25195,194,,,,,,,,
,,,,,165551,663.5476,194,,,,,,,,
,,,,,165744,654.1463,193,,,,,,,,
,,,,,165935,651.1303,191,,,,,,,,
,,,,,166000,,,-212.91354370117188,-1.3760581016540527,3.980637550354004,211.90216064453125,211.7459259033203,0.0003,0.0003,0.1
,,,,,166123,639.37976,188,,,,,,,,
,,,,,166309,611.2791,186,,,,,,,,
,,,,,166497,637.8762,188,,,,,,,,
,,,,,166689,630.40546,192,,,,,,,,
,,,,,166876,627.0911,187,,,,,,,,
,,,,,167000,,,-201.8006591796875,-1.703580379486084,16.811487197875977,199.93359375,200.560302734375,0.0003,0.0003,0.1
,,,,,167084,686.0343,208,,,,,,,,
,,,,,167287,685.22363,203,,,,,,,,
,,,,,167478,638.69635,191,,,,,,,,
,,,,,167690,702.96735,212,,,,,,,,
,,,,,167891,695.79083,201,,,,,,,,
,,,,,167942,90.66901,51,,,,,,,,
,,,,,168000,,,-208.79310607910156,-1.7016979455947876,5.630349636077881,206.67300415039062,206.49932861328125,0.0003,0.0003,0.1
,,,,,168066,328.66248,124,,,,,,,,
,,,,,168112,78.298706,46,,,,,,,,
,,,,,168298,592.0077,186,,,,,,,,
,,,,,168494,635.9161,196,,,,,,,,
,,,,,168703,682.4845,209,,,,,,,,
,,,,,168903,665.8346,200,,,,,,,,
,,,,,169000,,,-206.86505126953125,-1.2151002883911133,27.77804183959961,205.43545532226562,205.33241271972656,0.0003,0.0003,0.1
,,,,,169107,667.481,204,,,,,,,,
,,,,,169301,693.31946,194,,,,,,,,
,,,,,169508,683.9194,207,,,,,,,,
,,,,,169708,668.93494,200,,,,,,,,
,,,,,169915,723.033,207,,,,,,,,
689.268,39.3559,757.3455,614.51807,209.8,170000,,,-209.030029296875,-1.283379077911377,3.532285213470459,207.07022094726562,207.4380340576172,0.0003,0.0003,0.1
,,,,,170126,680.94916,211,,,,,,,,
,,,,,170332,677.0989,206,,,,,,,,
,,,,,170544,693.9707,212,,,,,,,,
,,,,,170760,724.2691,216,,,,,,,,
,,,,,170976,702.8431,216,,,,,,,,
,,,,,171000,,,-209.02334594726562,-1.3951802253723145,5.826887130737305,208.10340881347656,208.15184020996094,0.0003,0.0003,0.1
,,,,,171185,658.0429,209,,,,,,,,
,,,,,171226,69.881325,41,,,,,,,,
,,,,,171470,797.6468,244,,,,,,,,
,,,,,171677,661.0601,207,,,,,,,,
,,,,,171877,681.9196,200,,,,,,,,
,,,,,172000,,,-208.1695098876953,-1.281113624572754,10.553375244140625,207.1365966796875,207.443115234375,0.0003,0.0003,0.1
,,,,,172084,684.66864,207,,,,,,,,
,,,,,172291,690.9751,207,,,,,,,,
,,,,,172503,695.5622,212,,,,,,,,
,,,,,172699,634.5908,196,,,,,,,,
,,,,,172893,648.4656,194,,,,,,,,
,,,,,173000,,,-208.90585327148438,-1.25803804397583,5.611471652984619,207.8389129638672,208.2648468017578,0.0003,0.0003,0.1
,,,,,173084,630.30334,191,,,,,,,,
,,,,,173277,620.6976,193,,,,,,,,
,,,,,173477,660.0795,200,,,,,,,,
,,,,,173687,744.5838,210,,,,,,,,
,,,,,173891,675.87134,204,,,,,,,,
,,,,,174000,,,-209.1396942138672,-1.5150344371795654,68.426513671875,206.61422729492188,206.85791015625,0.0003,0.0003,0.1
,,,,,174099,664.44275,208,,,,,,,,
,,,,,174311,718.8786,212,,,,,,,,
,,,,,174515,663.0784,204,,,,,,,,
,,,,,174723,671.3584,208,,,,,,,,
,,,,,174922,655.27673,199,,,,,,,,
660.48975,33.75829,709.58044,613.34717,194.6,175000,,,-201.835693359375,-1.7951977252960205,3.909534454345703,200.65719604492188,200.83831787109375,0.0003,0.0003,0.1
,,,,,175129,656.12726,207,,,,,,,,
,,,,,175344,703.60205,215,,,,,,,,
,,,,,175535,638.70654,191,,,,,,,,
,,,,,175594,110.26888,59,,,,,,,,
,,,,,175801,677.3023,207,,,,,,,,
,,,,,176000,,,-206.38299560546875,-1.4878865480422974,3.1902923583984375,204.64581298828125,204.54391479492188,0.0003,0.0003,0.1
,,,,,176009,660.30634,208,,,,,,,,
,,,,,176222,702.5422,213,,,,,,,,
,,,,,176243,28.070286,21,,,,,,,,
,,,,,176257,16.370686,14,,,,,,,,
,,,,,176274,21.41891,17,,,,,,,,
,,,,,176295,29.060268,21,,,,,,,,
,,,,,176313,22.49647,18,,,,,,,,
,,,,,176516,677.483,203,,,,,,,,
,,,,,176711,671.67346,195,,,,,,,,
,,,,,176897,622.58044,186,,,,,,,,
,,,,,177000,,,-209.97793579101562,-1.2384071350097656,3.9104297161102295,208.39883422851562,208.460693359375,0.0003,0.0003,0.1
,,,,,177093,673.1733,196,,,,,,,,
,,,,,177292,647.8862,199,,,,,,,,
,,,,,177510,703.3294,218,,,,,,,,
,,,,,177712,641.64246,202,,,,,,,,
,,,,,177912,632.8909,200,,,,,,,,
,,,,,178000,,,-209.7354278564453,-1.598001480102539,4.161227226257324,208.58624267578125,209.19918823242188,0.0003,0.0003,0.1
,,,,,178113,638.18463,201,,,,,,,,
,,,,,178315,627.542,202,,,,,,,,
,,,,,178503,616.4029,188,,,,,,,,
,,,,,178696,667.811,193,,,,,,,,
,,,,,178912,723.1736,216,,,,,,,,
,,,,,179000,,,-203.65049743652344,-1.5158660411834717,5.297188758850098,201.12884521484375,201.49407958984375,0.0003,0.0003,0.1
,,,,,179105,602.18567,193,,,,,,,,
,,,,,179327,723.27625,222,,,,,,,,
,,,,,179488,465.17838,161,,,,,,,,
,,,,,179678,626.15106,190,,,,,,,,
,,,,,179866,638.8478,188,,,,,,,,
617.474,28.49276,654.7912,575.86694,192.0,180000,,,-208.06539916992188,-1.5765595436096191,5.457361221313477,206.8916015625,207.0934295654297,0.0003,0.0003,0.1
,,,,,180057,628.6714,191,,,,,,,,
,,,,,180248,628.72565,191,,,,,,,,
,,,,,180366,290.8646,118,,,,,,,,
,,,,,180557,593.1548,191,,,,,,,,
,,,,,180704,412.94107,147,,,,,,,,
,,,,,180889,574.2979,185,,,,,,,,
,,,,,181000,,,-207.17764282226562,-1.479750633239746,37.19646453857422,203.57839965820312,203.87188720703125,0.0003,0.0003,0.1
,,,,,181107,701.94257,218,,,,,,,,
,,,,,181298,648.00476,191,,,,,,,,
,,,,,181476,571.38983,178,,,,,,,,
,,,,,181687,696.80505,211,,,,,,,,
,,,,,181888,667.7477,201,,,,,,,,
,,,,,182000,,,-206.83750915527344,-1.6595304012298584,9.746003150939941,205.66748046875,205.7340087890625,0.0003,0.0003,0.1
,,,,,182072,596.4191,184,,,,,,,,
,,,,,182259,618.296,187,,,,,,,,
,,,,,182447,598.995,188,,,,,,,,
,,,,,182632,627.2187,185,,,,,,,,
,,,,,182820,641.9317,188,,,,,,,,
,,,,,183000,,,-205.465576171875,-1.7467823028564453,3.0790903568267822,203.2071533203125,203.40061950683594,0.0003,0.0003,0.1
,,,,,183030,681.4113,210,,,,,,,,
,,,,,183216,603.7192,186,,,,,,,,
,,,,,183422,646.562,206,,,,,,,,
,,,,,183611,601.30145,189,,,,,,,,
,,,,,183759,433.05743,148,,,,,,,,
,,,,,183944,615.50653,185,,,,,,,,
,,,,,184000,,,-202.3626251220703,-1.3682260513305664,15.29342269897461,199.46463012695312,199.29141235351562,0.0003,0.0003,0.1
,,,,,184138,673.1836,194,,,,,,,,
,,,,,184319,580.8184,181,,,,,,,,
,,,,,184533,682.1151,214,,,,,,,,
,,,,,184726,651.69604,193,,,,,,,,
,,,,,184927,651.83167,201,,,,,,,,
650.59875,42.059296,710.36053,556.9758,198.5,185000,,,-201.165283203125,-1.1133066415786743,4.147091865539551,200.41314697265625,200.3790283203125,0.0003,0.0003,0.1
,,,,,185117,630.43524,190,,,,,,,,
,,,,,185303,638.37134,186,,,,,,,,
,,,,,185482,592.7497,179,,,,,,,,
,,,,,185680,657.3958,198,,,,,,,,
,,,,,185868,642.13336,188,,,,,,,,
,,,,,186000,,,-207.75872802734375,-1.5196517705917358,6.969439506530762,205.7052001953125,205.9219970703125,0.0003,0.0003,0.1
,,,,,186074,664.6243,206,,,,,,,,
,,,,,186248,553.45416,174,,,,,,,,
,,,,,186458,674.40186,210,,,,,,,,
,,,,,186671,679.4604,213,,,,,,,,
,,,,,186862,646.51575,191,,,,,,,,
,,,,,187000,,,-204.694091796875,-1.658637523651123,6.063877105712891,203.04888916015625,203.016357421875,0.0003,0.0003,0.1
,,,,,187055,653.90784,193,,,,,,,,
,,,,,187245,644.60876,190,,,,,,,,
,,,,,187452,680.7901,207,,,,,,,,
,,,,,187634,623.0677,182,,,,,,,,
,,,,,187826,657.773,192,,,,,,,,
,,,,,188000,,,-209.6339874267578,-1.285336971282959,2.985203981399536,208.17835998535156,207.94766235351562,0.0003,0.0003,0.1
,,,,,188019,662.0812,193,,,,,,,,
,,,,,188210,657.9152,191,,,,,,,,
,,,,,188419,727.856,209,,,,,,,,
,,,,,188616,683.1244,197,,,,,,,,
,,,,,188813,653.8845,197,,,,,,,,
,,,,,189000,,,-200.2967529296875,-1.4987576007843018,5.298031806945801,199.53541564941406,199.37741088867188,0.0003,0.0003,0.1
,,,,,189004,645.597,191,,,,,,,,
,,,,,189197,655.37463,193,,,,,,,,
,,,,,189372,579.4989,175,,,,,,,,
,,,,,189552,614.4996,180,,,,,,,,
,,,,,189733,620.3422,181,,,,,,,,
,,,,,189927,671.43506,194,,,,,,,,
565.39954,185.75174,691.73334,13.000829,173.0,190000,,,-204.8589630126953,-1.4200007915496826,6.009321212768555,203.5857391357422,203.3759765625,0.0003,0.0003,0.1
,,,,,190121,637.0276,194,,,,,,,,
,,,,,190316,637.7254,195,,,,,,,,
,,,,,190522,693.12646,206,,,,,,,,
,,,,,190718,681.574,196,,,,,,,,
,,,,,190845,346.4724,127,,,,,,,,
,,,,,191000,,,-203.30471801757812,-1.519939661026001,99.66323852539062,201.75277709960938,200.87557983398438,0.0003,0.0003,0.1
,,,,,191036,650.74835,191,,,,,,,,
,,,,,191223,635.4817,187,,,,,,,,
,,,,,191410,612.49304,187,,,,,,,,
,,,,,191600,643.4702,190,,,,,,,,
,,,,,191789,643.04254,189,,,,,,,,
,,,,,191975,642.68225,186,,,,,,,,
,,,,,192000,,,-199.11134338378906,-1.7459421157836914,6.2354021072387695,198.1388702392578,198.22732543945312,0.0003,0.0003,0.1
,,,,,192167,645.27405,192,,,,,,,,
,,,,,192356,615.5464,189,,,,,,,,
,,,,,192538,629.3588,182,,,,,,,,
,,,,,192722,639.5053,184,,,,,,,,
,,,,,192913,657.3908,191,,,,,,,,
,,,,,193000,,,-206.83206176757812,-1.4416025876998901,9.98422622680664,205.21624755859375,205.1973419189453,0.0003,0.0003,0.1
,,,,,193091,618.7969,178,,,,,,,,
,,,,,193142,92.25458,51,,,,,,,,
,,,,,193315,550.741,173,,,,,,,,
,,,,,193482,536.1986,167,,,,,,,,
,,,,,193673,646.5623,191,,,,,,,,
,,,,,193868,617.1011,195,,,,,,,,
,,,,,194000,,,-206.0983428955078,-1.1948500871658325,3.370030641555786,205.04293823242188,205.15576171875,0.0003,0.0003,0.1
,,,,,194057,637.0307,189,,,,,,,,
,,,,,194262,683.48596,205,,,,,,,,
,,,,,194466,657.91925,204,,,,,,,,
,,,,,194656,642.20844,190,,,,,,,,
,,,,,194837,573.3065,181,,,,,,,,
601.00525,33.460705,681.2284,552.63715,188.9,195000,,,-206.4140625,-1.535413146018982,5.542984962463379,204.8653564453125,204.69424438476562,0.0003,0.0003,0.1
,,,,,195041,662.3891,204,,,,,,,,
,,,,,195070,42.57553,29,,,,,,,,
,,,,,195260,641.437,190,,,,,,,,
,,,,,195451,654.65485,191,,,,,,,,
,,,,,195639,624.0474,188,,,,,,,,
,,,,,195812,552.06134,173,,,,,,,,
,,,,,196000,,,-199.73788452148438,-1.4360620975494385,4.285196781158447,197.94021606445312,197.71875,0.0003,0.0003,0.1
,,,,,196011,701.5319,199,,,,,,,,
,,,,,196195,603.55096,184,,,,,,,,
,,,,,196394,647.91345,199,,,,,,,,
,,,,,196587,680.2006,193,,,,,,,,
,,,,,196600,13.76628,13,,,,,,,,
,,,,,196782,565.9519,182,,,,,,,,
,,,,,196963,609.8048,181,,,,,,,,
,,,,,197000,,,-203.35491943359375,-1.5579109191894531,4.260439872741699,202.24609375,202.25018310546875,0.0003,0.0003,0.1
,,,,,197148,630.167,185,,,,,,,,
,,,,,197349,687.64856,201,,,,,,,,
,,,,,197542,643.02014,193,,,,,,,,
,,,,,197746,694.3507,204,,,,,,,,
,,,,,197962,685.04926,216,,,,,,,,
,,,,,198000,,,-203.99114990234375,-1.2933626174926758,6.029750823974609,202.2547607421875,202.73085021972656,0.0003,0.0003,0.1
,,,,,198166,632.4058,204,,,,,,,,
,,,,,198350,599.1755,184,,,,,,,,
,,,,,198567,700.8172,217,,,,,,,,
,,,,,198782,697.38055,215,,,,,,,,
,,,,,198970,618.32495,188,,,,,,,,
,,,,,199000,,,-212.3795623779297,-1.533278465270996,8.170953750610352,211.45272827148438,211.6847686767578,0.0003,0.0003,0.1
,,,,,199032,119.84973,62,,,,,,,,
,,,,,199216,597.15045,184,,,,,,,,
,,,,,199421,667.6082,205,,,,,,,,
,,,,,199623,641.0064,202,,,,,,,,
,,,,,199810,611.2192,187,,,,,,,,
677.6324,25.441084,703.53253,610.7924,203.1,200000,,,-205.4593505859375,-1.2649931907653809,4.5858154296875,204.09136962890625,204.41983032226562,0.0003,0.0003,0.1
,,,,,200003,649.12665,193,,,,,,,,
,,,,,200213,710.491,210,,,,,,,,
,,,,,200416,680.3226,203,,,,,,,,
,,,,,200623,690.14386,207,,,,,,,,
,,,,,200813,659.2359,190,,,,,,,,
,,,,,201000,,,-201.52703857421875,-1.2961318492889404,6.970035552978516,200.31594848632812,200.06419372558594,0.0003,0.0003,0.1
,,,,,201018,694.30206,205,,,,,,,,
,,,,,201227,654.4372,209,,,,,,,,
,,,,,201412,637.1401,185,,,,,,,,
,,,,,201610,680.65265,198,,,,,,,,
,,,,,201796,641.8028,186,,,,,,,,
,,,,,202000,,,-201.57020568847656,-1.2842531204223633,4.835890293121338,200.8226318359375,201.017578125,0.0003,0.0003,0.1
,,,,,202042,802.1339,246,,,,,,,,
,,,,,202217,587.2542,175,,,,,,,,
,,,,,202408,672.3134,191,,,,,,,,
,,,,,202622,711.197,214,,,,,,,,
,,,,,202798,580.32825,176,,,,,,,,
,,,,,202986,625.45074,188,,,,,,,,
,,,,,203000,,,-201.171630859375,-1.5827744007110596,5.925981521606445,199.07591247558594,199.5343017578125,0.0003,0.0003,0.1
,,,,,203041,102.90136,55,,,,,,,,
,,,,,203236,618.0768,195,,,,,,,,
,,,,,203441,680.7713,205,,,,,,,,
,,,,,203640,683.401,199,,,,,,,,
,,,,,203856,723.9804,216,,,,,,,,
,,,,,204000,,,-205.1233367919922,-1.3607430458068848,4.374719619750977,204.26425170898438,205.0498809814453,0.0003,0.0003,0.1
,,,,,204048,662.6197,192,,,,,,,,
,,,,,204242,642.2522,194,,,,,,,,
,,,,,204465,693.329,223,,,,,,,,
,,,,,204676,688.6909,211,,,,,,,,
,,,,,204870,657.1769,194,,,,,,,,
558.8165,177.99284,755.67505,338.2778,178.7,205000,,,-203.4193878173828,-1.6346707344055176,5.5308074951171875,202.50425720214844,202.80430603027344,0.0003,0.0003,0.1
,,,,,205085,689.1534,215,,,,,,,,
,,,,,205292,717.4369,207,,,,,,,,
,,,,,205486,669.61896,194,,,,,,,,
,,,,,205681,669.81055,195,,,,,,,,
,,,,,205892,737.95685,211,,,,,,,,
,,,,,206000,,,-212.52645874023438,-1.1382691860198975,3.8822455406188965,211.15625,211.12103271484375,0.0003,0.0003,0.1
,,,,,206103,676.56604,211,,,,,,,,
,,,,,206291,628.8304,188,,,,,,,,
,,,,,206500,716.4387,209,,,,,,,,
,,,,,206713,722.6229,213,,,,,,,,
,,,,,206902,613.12213,189,,,,,,,,
,,,,,207000,,,-206.2200927734375,-1.235464096069336,2.904379367828369,204.42674255371094,204.59649658203125,0.0003,0.0003,0.1
,,,,,207096,675.3393,194,,,,,,,,
,,,,,207300,714.3761,204,,,,,,,,
,,,,,207516,711.4305,216,,,,,,,,
,,,,,207695,548.1049,179,,,,,,,,
,,,,,207911,723.73035,216,,,,,,,,
,,,,,207927,18.78492,16,,,,,,,,
,,,,,208000,,,-199.8311309814453,-1.4303597211837769,2.755338668823242,199.0609130859375,199.35520935058594,0.0003,0.0003,0.1
,,,,,208139,707.7532,212,,,,,,,,
,,,,,208339,667.91315,200,,,,,,,,
,,,,,208562,717.7615,223,,,,,,,,
,,,,,208767,680.462,205,,,,,,,,
,,,,,208982,684.5871,215,,,,,,,,
,,,,,209000,,,-206.22874450683594,-1.2481396198272705,4.1822967529296875,205.25588989257812,205.43905639648438,0.0003,0.0003,0.1
,,,,,209198,710.4014,216,,,,,,,,
,,,,,209408,696.70026,210,,,,,,,,
,,,,,209423,18.756927,15,,,,,,,,
,,,,,209626,697.3501,203,,,,,,,,
,,,,,209831,675.4616,205,,,,,,,,
713.16534,35.936596,794.2434,686.6659,219.2,210000,,,-203.78927612304688,-1.330998182296753,5.575339317321777,202.65182495117188,201.97500610351562,0.0003,0.0003,0.1
,,,,,210111,953.70337,280,,,,,,,,
,,,,,210320,699.01196,209,,,,,,,,
,,,,,210519,679.5414,199,,,,,,,,
,,,,,210706,643.72375,187,,,,,,,,
,,,,,210929,696.3972,223,,,,,,,,
,,,,,211000,,,-210.9263916015625,-1.8735506534576416,13.383077621459961,209.3126220703125,209.52471923828125,0.0003,0.0003,0.1
,,,,,211134,700.94653,205,,,,,,,,
,,,,,211353,718.65,219,,,,,,,,
,,,,,211565,726.3019,212,,,,,,,,
,,,,,211771,676.0442,206,,,,,,,,
,,,,,211984,699.4075,213,,,,,,,,
,,,,,212000,,,-207.0230255126953,-1.4522080421447754,5.501980781555176,205.7694091796875,205.81515502929688,0.0003,0.0003,0.1
,,,,,212183,684.7062,199,,,,,,,,
,,,,,212390,699.6652,207,,,,,,,,
,,,,,212581,654.7062,191,,,,,,,,
,,,,,212851,923.7515,270,,,,,,,,
,,,,,212866,18.218481,15,,,,,,,,
,,,,,212881,17.874922,15,,,,,,,,
,,,,,212896,18.844284,15,,,,,,,,
,,,,,213000,,,-212.2045135498047,-1.1320430040359497,5.898214340209961,211.05894470214844,211.82579040527344,0.0003,0.0003,0.1
,,,,,213187,896.72754,291,,,,,,,,
,,,,,213427,788.3836,240,,,,,,,,
,,,,,213668,785.0366,241,,,,,,,,
,,,,,213882,717.73584,214,,,,,,,,
,,,,,214000,,,-208.28396606445312,-1.3422770500183105,2.2540385723114014,206.19927978515625,206.2685546875,0.0003,0.0003,0.1
,,,,,214087,685.2,205,,,,,,,,
,,,,,214301,691.5221,214,,,,,,,,
,,,,,214494,670.37915,193,,,,,,,,
,,,,,214748,825.1421,254,,,,,,,,
,,,,,214951,689.84766,203,,,,,,,,
741.20764,113.141464,993.59174,594.8711,221.1,215000,,,-213.01596069335938,-1.352052927017212,4.297755241394043,212.30624389648438,211.9776611328125,0.0003,0.0003,0.1
,,,,,215146,658.6108,195,,,,,,,,
,,,,,215326,561.8321,180,,,,,,,,
,,,,,215536,717.9168,210,,,,,,,,
,,,,,215776,787.88086,240,,,,,,,,
,,,,,215996,726.86005,220,,,,,,,,
,,,,,216000,,,-202.64178466796875,-1.3122519254684448,6.592780113220215,201.88284301757812,201.67613220214844,0.0003,0.0003,0.1
,,,,,216198,692.0105,202,,,,,,,,
,,,,,216390,629.06116,192,,,,,,,,
,,,,,216630,771.2186,240,,,,,,,,
,,,,,216854,703.1562,224,,,,,,,,
,,,,,217000,,,-199.27099609375,-1.3334808349609375,8.094268798828125,197.9419708251953,197.94293212890625,0.0003,0.0003,0.1
,,,,,217046,669.25305,192,,,,,,,,
,,,,,217264,677.553,218,,,,,,,,
,,,,,217461,677.4238,197,,,,,,,,
,,,,,217671,695.6501,210,,,,,,,,
,,,,,217882,684.7121,211,,,,,,,,
,,,,,218000,,,-205.27352905273438,-1.2668647766113281,88.40166473388672,203.14817810058594,202.75865173339844,0.0003,0.0003,0.1
,,,,,218087,692.02295,205,,,,,,,,
,,,,,218282,647.6416,195,,,,,,,,
,,,,,218495,704.39014,213,,,,,,,,
,,,,,218699,660.47943,204,,,,,,,,
,,,,,218917,686.54004,218,,,,,,,,
,,,,,219000,,,-210.11370849609375,-1.4063538312911987,3.676260471343994,207.87554931640625,207.8314208984375,0.0003,0.0003,0.1
,,,,,219102,595.7992,185,,,,,,,,
,,,,,219111,7.8903646,9,,,,,,,,
,,,,,219294,637.02716,183,,,,,,,,
,,,,,219512,675.2094,218,,,,,,,,
,,,,,219713,663.69946,201,,,,,,,,
,,,,,219911,682.7955,198,,,,,,,,
657.52136,27.691582,697.4482,624.49506,197.3,220000,,,-202.40402221679688,-1.4670252799987793,4.186319351196289,201.72735595703125,201.56854248046875,0.0003,0.0003,0.1
,,,,,220101,635.11365,190,,,,,,,,
,,,,,220223,336.27914,122,,,,,,,,
,,,,,220490,866.70276,267,,,,,,,,
,,,,,220711,703.2604,221,,,,,,,,
,,,,,220929,727.68823,218,,,,,,,,
,,,,,221000,,,-199.80712890625,-1.3955342769622803,4.100739479064941,198.1122283935547,198.07257080078125,0.0003,0.0003,0.1
,,,,,221135,704.4499,206,,,,,,,,
,,,,,221366,723.4217,231,,,,,,,,
,,,,,221581,706.27435,215,,,,,,,,
,,,,,221796,684.647,215,,,,,,,,
,,,,,222000,,,-207.1566619873047,-1.3137389421463013,3.364774703979492,206.38027954101562,206.14007568359375,0.0003,0.0003,0.1
,,,,,222006,734.693,210,,,,,,,,
,,,,,222205,675.574,199,,,,,,,,
,,,,,222419,722.712,214,,,,,,,,
,,,,,222613,663.168,194,,,,,,,,
,,,,,222831,692.3921,218,,,,,,,,
,,,,,223000,,,-206.95469665527344,-1.1288450956344604,8.893827438354492,206.3059844970703,206.1537628173828,0.0003,0.0003,0.1
,,,,,223047,704.7824,216,,,,,,,,
,,,,,223263,698.56177,216,,,,,,,,
,,,,,223478,680.76385,215,,,,,,,,
,,,,,223676,673.6502,198,,,,,,,,
,,,,,223887,696.95544,211,,,,,,,,
,,,,,224000,,,-197.67022705078125,-1.3050806522369385,7.519489288330078,196.84161376953125,196.54397583007812,0.0003,0.0003,0.1
,,,,,224102,689.72107,215,,,,,,,,
,,,,,224324,706.82916,222,,,,,,,,
,,,,,224538,690.5839,214,,,,,,,,
,,,,,224739,680.9369,201,,,,,,,,
,,,,,224957,712.43713,218,,,,,,,,
679.4393,43.714848,754.6651,599.68866,206.1,225000,,,-204.49505615234375,-1.6893064975738525,3.3854305744171143,203.77139282226562,203.64205932617188,0.0003,0.0003,0.1
,,,,,225171,695.98285,214,,,,,,,,
,,,,,225361,663.1146,190,,,,,,,,
,,,,,225553,636.4783,192,,,,,,,,
,,,,,225745,646.2929,192,,,,,,,,
,,,,,225966,721.04803,221,,,,,,,,
,,,,,226000,,,-207.1139678955078,-1.165142297744751,5.607427597045898,206.32569885253906,205.9855499267578,0.0003,0.0003,0.1
,,,,,226158,643.3982,192,,,,,,,,
,,,,,226367,710.3322,209,,,,,,,,
,,,,,226544,603.3088,177,,,,,,,,
,,,,,226745,654.02563,201,,,,,,,,
,,,,,226961,677.6606,216,,,,,,,,
,,,,,227000,,,-201.2202911376953,-1.291368007659912,2.8267383575439453,200.2173309326172,200.45413208007812,0.0003,0.0003,0.1
,,,,,227143,599.4033,182,,,,,,,,
,,,,,227355,702.9071,212,,,,,,,,
,,,,,227541,585.8307,186,,,,,,,,
,,,,,227773,738.27,232,,,,,,,,
,,,,,227970,652.20123,197,,,,,,,,
,,,,,228000,,,-202.54241943359375,-1.6214706897735596,3.9320409297943115,200.57456970214844,200.72119140625,0.0003,0.0003,0.1
,,,,,228177,705.5471,207,,,,,,,,
,,,,,228384,726.6466,207,,,,,,,,
,,,,,228588,656.766,204,,,,,,,,
,,,,,228775,637.4709,187,,,,,,,,
,,,,,228994,705.07935,219,,,,,,,,
,,,,,229000,,,-204.74354553222656,-0.9857016205787659,4.693940162658691,204.0570068359375,204.09597778320312,0.0003,0.0003,0.1
,,,,,229211,713.1157,217,,,,,,,,
,,,,,229429,686.7502,218,,,,,,,,
,,,,,229624,668.12415,195,,,,,,,,
,,,,,229826,669.4663,202,,,,,,,,
674.90906,31.040014,727.54974,614.6819,200.3,230000,,,-200.16519165039062,-1.2342026233673096,3.9018471240997314,199.3881378173828,200.0504150390625,0.0003,0.0003,0.1
,,,,,230021,676.06384,195,,,,,,,,
,,,,,230222,705.7116,201,,,,,,,,
,,,,,230429,677.83514,207,,,,,,,,
,,,,,230631,686.0957,202,,,,,,,,
,,,,,230824,658.20465,193,,,,,,,,
,,,,,231000,,,-208.58041381835938,-1.1280462741851807,4.467800140380859,207.90602111816406,207.45513916015625,0.0003,0.0003,0.1
,,,,,231035,714.90485,211,,,,,,,,
,,,,,231247,694.0242,212,,,,,,,,
,,,,,231297,89.42353,50,,,,,,,,
,,,,,231512,694.8176,215,,,,,,,,
,,,,,231714,695.9286,202,,,,,,,,
,,,,,231927,715.9604,213,,,,,,,,
,,,,,232000,,,-202.3509521484375,-1.049541711807251,3.7528257369995117,201.61959838867188,201.77171325683594,0.0003,0.0003,0.1
,,,,,232146,711.3591,219,,,,,,,,
,,,,,232362,717.48865,216,,,,,,,,
,,,,,232573,716.47125,211,,,,,,,,
,,,,,232790,718.1364,217,,,,,,,,
,,,,,233000,,,-204.3734130859375,-1.5430670976638794,4.588357925415039,203.56036376953125,203.73641967773438,0.0003,0.0003,0.1
,,,,,233002,715.03235,212,,,,,,,,
,,,,,233209,711.1528,207,,,,,,,,
,,,,,233408,699.7481,199,,,,,,,,
,,,,,233623,691.058,215,,,,,,,,
,,,,,233675,95.74525,52,,,,,,,,
,,,,,233895,703.9159,220,,,,,,,,
,,,,,234000,,,-204.63990783691406,-1.208543062210083,4.5225629806518555,202.72320556640625,202.75399780273438,0.0003,0.0003,0.1
,,,,,234111,682.53235,216,,,,,,,,
,,,,,234345,755.1948,234,,,,,,,,
,,,,,234561,681.1425,216,,,,,,,,
,,,,,234791,736.8387,230,,,,,,,,
,,,,,234986,660.9377,195,,,,,,,,
677.7,36.57247,747.30365,614.7224,207.1,235000,,,-209.51271057128906,-1.2026350498199463,4.0134429931640625,208.67367553710938,208.72776794433594,0.0003,0.0003,0.1
,,,,,235220,765.63434,234,,,,,,,,
,,,,,235457,756.9677,237,,,,,,,,
,,,,,235640,603.6208,183,,,,,,,,
,,,,,235691,90.969315,51,,,,,,,,
,,,,,235895,674.54474,204,,,,,,,,
,,,,,236000,,,-204.95550537109375,-1.6656475067138672,4.513829231262207,202.5179443359375,202.5826873779297,0.0003,0.0003,0.1
,,,,,236110,694.29736,215,,,,,,,,
,,,,,236346,782.5444,236,,,,,,,,
,,,,,236540,655.759,194,,,,,,,,
,,,,,236773,751.3405,233,,,,,,,,
,,,,,236984,697.12463,211,,,,,,,,
,,,,,237000,,,-201.07362365722656,-1.7879157066345215,6.70896577835083,199.85150146484375,199.48785400390625,0.0003,0.0003,0.1
,,,,,237198,696.2618,214,,,,,,,,
,,,,,237405,701.96893,207,,,,,,,,
,,,,,237619,696.89,214,,,,,,,,
,,,,,237838,690.35486,219,,,,,,,,
,,,,,238000,,,-205.9085693359375,-1.7067234516143799,3.3740525245666504,205.1316375732422,205.4865264892578,0.0003,0.0003,0.1
,,,,,238053,686.14703,215,,,,,,,,
,,,,,238264,673.83325,211,,,,,,,,
,,,,,238464,698.3106,200,,,,,,,,
,,,,,238660,636.7615,196,,,,,,,,
,,,,,238880,702.5575,220,,,,,,,,
,,,,,239000,,,-201.31658935546875,-1.6905702352523804,3.7276406288146973,200.80972290039062,201.28860473632812,0.0003,0.0003,0.1
,,,,,239082,676.07654,202,,,,,,,,
,,,,,239299,687.46234,217,,,,,,,,
,,,,,239502,683.4567,203,,,,,,,,
,,,,,239722,699.9814,220,,,,,,,,
,,,,,239915,656.52594,193,,,,,,,,
713.21747,14.423522,735.92334,679.8448,210.8,240000,,,-204.7108154296875,-1.751486897468567,7.488818645477295,202.164794921875,202.13873291015625,0.0003,0.0003,0.1
,,,,,240109,640.02026,194,,,,,,,,
,,,,,240304,656.4096,195,,,,,,,,
,,,,,240500,656.85504,196,,,,,,,,
,,,,,240716,738.1653,216,,,,,,,,
,,,,,240935,698.82104,219,,,,,,,,
,,,,,241000,,,-211.39501953125,-0.9727081656455994,3.1183342933654785,210.08950805664062,210.5184326171875,0.0003,0.0003,0.1
,,,,,241136,680.24176,201,,,,,,,,
,,,,,241336,640.84625,200,,,,,,,,
,,,,,241550,748.1506,214,,,,,,,,
,,,,,241753,656.881,203,,,,,,,,
,,,,,241959,682.38,206,,,,,,,,
,,,,,242000,,,-203.64825439453125,-1.3962361812591553,3.285677671432495,202.77549743652344,202.90826416015625,0.0003,0.0003,0.1
,,,,,242145,591.52997,186,,,,,,,,
,,,,,242361,698.2171,216,,,,,,,,
,,,,,242573,689.655,212,,,,,,,,
,,,,,242760,604.8721,187,,,,,,,,
,,,,,242945,601.68744,185,,,,,,,,
,,,,,243000,,,-204.82357788085938,-1.2769315242767334,3.5786468982696533,204.36566162109375,204.30795288085938,0.0003,0.0003,0.1
,,,,,243142,660.5616,197,,,,,,,,
,,,,,243341,658.97424,199,,,,,,,,
,,,,,243531,614.48865,190,,,,,,,,
,,,,,243723,638.95795,192,,,,,,,,
,,,,,243930,706.7187,207,,,,,,,,
,,,,,244000,,,-200.8636016845703,-1.4457502365112305,3.324690818786621,200.14523315429688,200.25003051757812,0.0003,0.0003,0.1
,,,,,244115,592.5227,185,,,,,,,,
,,,,,244289,581.1298,174,,,,,,,,
,,,,,244497,698.2316,208,,,,,,,,
,,,,,244689,639.9052,192,,,,,,,,
,,,,,244892,674.12946,203,,,,,,,,
647.7882,42.219475,703.63367,577.5568,199.8,245000,,,-205.95127868652344,-1.2938244342803955,3.1768393516540527,205.12408447265625,204.8472900390625,0.0003,0.0003,0.1
,,,,,245097,664.0083,205,,,,,,,,
,,,,,245280,615.17444,183,,,,,,,,
,,,,,245486,697.83276,206,,,,,,,,
,,,,,245699,692.41187,213,,,,,,,,
,,,,,245878,600.8025,179,,,,,,,,
,,,,,246000,,,-200.65664672851562,-1.2991896867752075,2.861581802368164,199.93466186523438,200.43869018554688,0.0003,0.0003,0.1
,,,,,246091,689.81586,213,,,,,,,,
,,,,,246303,676.7351,212,,,,,,,,
,,,,,246493,617.34174,190,,,,,,,,
,,,,,246703,719.01996,210,,,,,,,,
,,,,,246947,800.38605,244,,,,,,,,
,,,,,247000,,,-208.36068725585938,-1.5706373453140259,8.450294494628906,207.59934997558594,207.3403778076172,0.0003,0.0003,0.1
,,,,,247127,567.9352,180,,,,,,,,
,,,,,247321,619.93475,194,,,,,,,,
,,,,,247514,607.17084,193,,,,,,,,
,,,,,247704,661.7896,190,,,,,,,,
,,,,,247910,672.79474,206,,,,,,,,
,,,,,247933,28.0051,23,,,,,,,,
,,,,,248000,,,-207.50509643554688,-1.4011578559875488,6.8083086013793945,206.5897979736328,206.52651977539062,0.0003,0.0003,0.1
,,,,,248133,619.1652,200,,,,,,,,
,,,,,248333,660.02673,200,,,,,,,,
,,,,,248525,628.453,192,,,,,,,,
,,,,,248720,636.64136,195,,,,,,,,
,,,,,248912,647.82086,192,,,,,,,,
,,,,,249000,,,-203.27536010742188,-1.1417806148529053,3.9765625,202.62710571289062,202.53369140625,0.0003,0.0003,0.1
,,,,,249103,633.5582,191,,,,,,,,
,,,,,249312,673.0759,209,,,,,,,,
,,,,,249543,747.49304,231,,,,,,,,
,,,,,249756,698.57214,213,,,,,,,,
745.13245,102.89844,937.7778,621.4726,232.4,250000,,,-198.6710968017578,-1.2890633344650269,6.123699188232422,197.22286987304688,197.1162109375,0.0003,0.0003,0.1
,,,,,250044,907.2813,288,,,,,,,,
,,,,,250242,653.3801,198,,,,,,,,
,,,,,250448,660.8188,206,,,,,,,,
,,,,,250748,988.8759,300,,,,,,,,
,,,,,250965,680.2426,217,,,,,,,,
,,,,,251000,,,-199.23292541503906,-1.3737761974334717,8.05235767364502,198.4811248779297,198.34371948242188,0.0003,0.0003,0.1
,,,,,251160,616.25543,195,,,,,,,,
,,,,,251435,917.93024,275,,,,,,,,
,,,,,251641,685.6763,206,,,,,,,,
,,,,,251852,685.1782,211,,,,,,,,
,,,,,252000,,,-207.87440490722656,-1.1774168014526367,6.446785926818848,206.72422790527344,206.93563842773438,0.0003,0.0003,0.1
,,,,,252055,681.98395,203,,,,,,,,
,,,,,252279,716.0269,224,,,,,,,,
,,,,,252492,694.1404,213,,,,,,,,
,,,,,252712,699.1971,220,,,,,,,,
,,,,,252917,662.0485,205,,,,,,,,
,,,,,253000,,,-209.1784210205078,-1.0939384698867798,2.7941110134124756,208.42127990722656,208.63145446777344,0.0003,0.0003,0.1
,,,,,253116,637.46765,199,,,,,,,,
,,,,,253315,653.12537,199,,,,,,,,
,,,,,253522,667.28796,207,,,,,,,,
,,,,,253726,667.01483,204,,,,,,,,
,,,,,253771,76.54444,45,,,,,,,,
,,,,,253984,675.254,213,,,,,,,,
,,,,,254000,,,-212.8508758544922,-1.1398683786392212,3.2318174839019775,212.15365600585938,212.09388732910156,0.0003,0.0003,0.1
,,,,,254335,1059.9631,351,,,,,,,,
,,,,,254533,651.08075,198,,,,,,,,
,,,,,254750,700.943,217,,,,,,,,
,,,,,254958,676.50385,208,,,,,,,,
693.0021,35.22513,767.4683,646.79224,213.7,255000,,,-202.33123779296875,-1.5174046754837036,4.569275379180908,201.4178466796875,201.0832977294922,0.0003,0.0003,0.1
,,,,,255184,716.15466,226,,,,,,,,
,,,,,255388,664.66125,204,,,,,,,,
,,,,,255602,667.7817,214,,,,,,,,
,,,,,255806,653.30597,204,,,,,,,,
,,,,,256000,,,-200.93603515625,-1.4718807935714722,4.6581549644470215,200.4236602783203,200.30108642578125,0.0003,0.0003,0.1
,,,,,256003,661.62665,197,,,,,,,,
,,,,,256217,680.6711,214,,,,,,,,
,,,,,256418,647.8566,201,,,,,,,,
,,,,,256614,652.47943,196,,,,,,,,
,,,,,256821,676.46814,207,,,,,,,,
,,,,,257000,,,-211.19651794433594,-1.7973982095718384,5.815074920654297,209.58993530273438,209.71408081054688,0.0003,0.0003,0.1
,,,,,257049,743.43427,228,,,,,,,,
,,,,,257249,680.0578,200,,,,,,,,
,,,,,257445,666.11597,196,,,,,,,,
,,,,,257634,618.3566,189,,,,,,,,
,,,,,257846,693.564,212,,,,,,,,
,,,,,258000,,,-201.13992309570312,-1.3540970087051392,3.143855571746826,199.60885620117188,199.4777374267578,0.0003,0.0003,0.1
,,,,,258050,672.6401,204,,,,,,,,
,,,,,258275,738.89874,225,,,,,,,,
,,,,,258477,657.9706,202,,,,,,,,
,,,,,258696,684.22864,219,,,,,,,,
,,,,,258913,705.03296,217,,,,,,,,
,,,,,259000,,,-208.94984436035156,-1.2510817050933838,185.68023681640625,207.48910522460938,206.93495178222656,0.0003,0.0003,0.1
,,,,,259107,630.0779,194,,,,,,,,
,,,,,259321,700.48663,214,,,,,,,,
,,,,,259525,680.3937,204,,,,,,,,
,,,,,259742,711.4464,217,,,,,,,,
,,,,,259949,670.4323,207,,,,,,,,
786.55066,122.61918,969.0483,667.8515,238.7,260000,,,-209.1363983154297,-1.2693867683410645,2.7486319541931152,207.6717529296875,207.99603271484375,0.0003,0.0003,0.1
,,,,,260183,760.92993,234,,,,,,,,
,,,,,260378,670.7088,195,,,,,,,,
,,,,,260591,678.13354,213,,,,,,,,
,,,,,260802,687.8918,211,,,,,,,,
,,,,,261000,,,-204.14834594726562,-1.2529621124267578,13.401256561279297,203.51828002929688,203.40682983398438,0.0003,0.0003,0.1
,,,,,261021,696.19855,219,,,,,,,,
,,,,,261303,915.7254,282,,,,,,,,
,,,,,261508,690.94745,205,,,,,,,,
,,,,,261709,688.91833,201,,,,,,,,
,,,,,261907,685.9439,198,,,,,,,,
,,,,,262000,,,-207.50991821289062,-1.7692458629608154,11.007216453552246,204.6060333251953,204.30203247070312,0.0003,0.0003,0.1
,,,,,262116,709.5103,209,,,,,,,,
,,,,,262311,665.3693,195,,,,,,,,
,,,,,262534,722.9429,223,,,,,,,,
,,,,,262809,957.23694,275,,,,,,,,
,,,,,263000,,,-205.8070068359375,-1.4943914413452148,4.164938926696777,205.03836059570312,205.04766845703125,0.0003,0.0003,0.1
,,,,,263036,736.9198,227,,,,,,,,
,,,,,263311,929.5161,275,,,,,,,,
,,,,,263523,692.4846,212,,,,,,,,
,,,,,263737,676.6999,214,,,,,,,,
,,,,,263967,741.6922,230,,,,,,,,
,,,,,264000,,,-211.50746154785156,-1.1343190670013428,6.356638431549072,210.66354370117188,210.33802795410156,0.0003,0.0003,0.1
,,,,,264183,702.9523,216,,,,,,,,
,,,,,264398,727.4089,215,,,,,,,,
,,,,,264626,712.9902,228,,,,,,,,
717.4935,82.27741,954.80774,651.77124,220.9,265000,,,-201.65179443359375,-1.5725579261779785,6.3674235343933105,198.75674438476562,198.7167205810547,0.0003,0.0003,0.1
,,,,,265140,1625.9137,514,,,,,,,,
,,,,,265362,707.95,222,,,,,,,,
,,,,,265584,721.4604,222,,,,,,,,
,,,,,265799,711.7972,215,,,,,,,,
,,,,,266000,,,-203.46498107910156,-1.0913904905319214,11.180398941040039,202.19842529296875,202.11619567871094,0.0003,0.0003,0.1
,,,,,266002,664.4582,203,,,,,,,,
,,,,,266296,981.45233,294,,,,,,,,
,,,,,266552,849.7312,256,,,,,,,,
,,,,,266780,735.52734,228,,,,,,,,
,,,,,267000,,,-206.45367431640625,-1.4840670824050903,4.3046040534973145,205.45779418945312,205.70957946777344,0.0003,0.0003,0.1
,,,,,267003,713.70056,223,,,,,,,,
,,,,,267253,830.59845,250,,,,,,,,
,,,,,267473,700.8765,220,,,,,,,,
,,,,,267692,719.9935,219,,,,,,,,
,,,,,267924,739.4483,232,,,,,,,,
,,,,,268000,,,-210.8961181640625,-1.3021876811981201,6.880030155181885,209.94461059570312,209.9334716796875,0.0003,0.0003,0.1
,,,,,268152,730.5368,228,,,,,,,,
,,,,,268369,714.5695,217,,,,,,,,
,,,,,268598,728.40424,229,,,,,,,,
,,,,,268823,752.94147,225,,,,,,,,
,,,,,269000,,,-205.3848876953125,-0.9253972172737122,4.3665642738342285,204.64178466796875,204.8677978515625,0.0003,0.0003,0.1
,,,,,269049,726.54895,226,,,,,,,,
,,,,,269265,714.69965,216,,,,,,,,
,,,,,269480,699.33905,215,,,,,,,,
,,,,,269711,769.6145,231,,,,,,,,
,,,,,269721,9.864143,10,,,,,,,,
,,,,,269938,680.2188,217,,,,,,,,
695.95325,31.551386,732.3558,641.47516,216.3,270000,,,-201.62200927734375,-1.2666598558425903,7.138293266296387,200.54498291015625,200.1555633544922,0.0003,0.0003,0.1
,,,,,270165,756.3986,227,,,,,,,,
,,,,,270390,734.7223,225,,,,,,,,
,,,,,270661,910.1721,271,,,,,,,,
,,,,,270876,670.9438,215,,,,,,,,
,,,,,271000,,,-208.410400390625,-0.9769448041915894,3.0342283248901367,207.67977905273438,207.9663848876953,0.0003,0.0003,0.1
,,,,,271111,743.0353,235,,,,,,,,
,,,,,271334,769.4305,223,,,,,,,,
,,,,,271552,727.4382,218,,,,,,,,
,,,,,271844,954.4662,292,,,,,,,,
,,,,,272000,,,-203.98397827148438,-1.3431679010391235,5.608696460723877,203.33297729492188,203.4969024658203,0.0003,0.0003,0.1
,,,,,272062,728.02545,218,,,,,,,,
,,,,,272284,716.72534,222,,,,,,,,
,,,,,272512,757.39606,228,,,,,,,,
,,,,,272739,722.6984,227,,,,,,,,
,,,,,272949,700.24445,210,,,,,,,,
,,,,,273000,,,-207.40509033203125,-1.0822755098342896,2.310086965560913,206.9066619873047,207.01731872558594,0.0003,0.0003,0.1
,,,,,273172,713.50885,223,,,,,,,,
,,,,,273380,661.1692,208,,,,,,,,
,,,,,273591,698.68695,211,,,,,,,,
,,,,,273806,719.03595,215,,,,,,,,
,,,,,274000,,,-205.64303588867188,-1.3924566507339478,3.772404670715332,204.181884765625,204.18502807617188,0.0003,0.0003,0.1
,,,,,274034,720.7891,228,,,,,,,,
,,,,,274271,787.839,237,,,,,,,,
,,,,,274490,705.34357,219,,,,,,,,
,,,,,274719,722.95996,229,,,,,,,,
,,,,,274925,680.65485,206,,,,,,,,
732.93884,28.010122,787.27576,701.8379,219.0,275000,,,-201.98880004882812,-1.5059871673583984,6.17282772064209,199.31375122070312,199.35800170898438,0.0003,0.0003,0.1
,,,,,275148,711.4813,223,,,,,,,,
,,,,,275403,820.10864,255,,,,,,,,
,,,,,275634,763.5805,231,,,,,,,,
,,,,,275845,683.1985,211,,,,,,,,
,,,,,276000,,,-205.53826904296875,-1.1272045373916626,4.76823616027832,203.52542114257812,203.49752807617188,0.0003,0.0003,0.1
,,,,,276045,685.75635,200,,,,,,,,
,,,,,276300,841.1766,255,,,,,,,,
,,,,,276532,752.37354,232,,,,,,,,
,,,,,276747,648.43787,215,,,,,,,,
,,,,,276966,734.87494,219,,,,,,,,
,,,,,277000,,,-198.39306640625,-1.2216277122497559,22.822795867919922,197.44223022460938,197.3262481689453,0.0003,0.0003,0.1
,,,,,277186,708.91534,220,,,,,,,,
,,,,,277400,691.2479,214,,,,,,,,
,,,,,277616,700.68146,216,,,,,,,,
,,,,,277848,777.7752,232,,,,,,,,
,,,,,278000,,,-207.63784790039062,-1.2457289695739746,5.634516716003418,207.10073852539062,207.02197265625,0.0003,0.0003,0.1
,,,,,278073,715.4965,225,,,,,,,,
,,,,,278301,735.4781,228,,,,,,,,
,,,,,278522,739.593,221,,,,,,,,
,,,,,278735,703.9803,213,,,,,,,,
,,,,,278953,664.1855,218,,,,,,,,
,,,,,279000,,,-205.62594604492188,-1.2221615314483643,3.026761054992676,204.12698364257812,204.14404296875,0.0003,0.0003,0.1
,,,,,279170,711.382,217,,,,,,,,
,,,,,279366,608.569,196,,,,,,,,
,,,,,279585,728.4731,219,,,,,,,,
,,,,,279795,692.7429,210,,,,,,,,
712.6276,21.599281,754.63007,674.12415,216.0,280000,,,-205.9588623046875,-1.0360352993011475,5.263643741607666,203.59521484375,203.54656982421875,0.0003,0.0003,0.1
,,,,,280018,718.30615,223,,,,,,,,
,,,,,280233,705.37866,215,,,,,,,,
,,,,,280472,787.9589,239,,,,,,,,
,,,,,280693,743.4678,221,,,,,,,,
,,,,,280916,741.48224,223,,,,,,,,
,,,,,281000,,,-203.9932098388672,-1.1980059146881104,5.237170219421387,203.37518310546875,203.3671875,0.0003,0.0003,0.1
,,,,,281162,795.8378,246,,,,,,,,
,,,,,281376,714.715,214,,,,,,,,
,,,,,281651,882.9222,275,,,,,,,,
,,,,,281858,670.58453,207,,,,,,,,
,,,,,282000,,,-205.96315002441406,-1.405529260635376,8.205793380737305,204.6046142578125,204.0882568359375,0.0003,0.0003,0.1
,,,,,282078,735.9606,220,,,,,,,,
,,,,,282304,761.40405,226,,,,,,,,
,,,,,282529,739.80817,225,,,,,,,,
,,,,,282746,690.27606,217,,,,,,,,
,,,,,283000,,,-207.701416015625,-0.8473120927810669,5.1973466873168945,207.20986938476562,207.5965576171875,0.0003,0.0003,0.1
,,,,,283019,853.2097,273,,,,,,,,
,,,,,283241,743.7558,222,,,,,,,,
,,,,,283496,851.3474,255,,,,,,,,
,,,,,283750,852.7196,254,,,,,,,,
,,,,,283978,754.61523,228,,,,,,,,
,,,,,284000,,,-203.73703002929688,-1.3008794784545898,3.9810237884521484,203.31024169921875,203.23239135742188,0.0003,0.0003,0.1
,,,,,284218,792.9419,240,,,,,,,,
,,,,,284444,707.9911,226,,,,,,,,
,,,,,284680,777.79407,236,,,,,,,,
,,,,,284882,686.128,202,,,,,,,,
734.7896,24.594799,772.8445,701.05664,213.5,285000,,,-206.91073608398438,-1.2928965091705322,6.291181564331055,206.28759765625,206.28305053710938,0.0003,0.0003,0.1
,,,,,285124,802.8539,242,,,,,,,,
,,,,,285339,717.771,215,,,,,,,,
,,,,,285570,793.2677,231,,,,,,,,
,,,,,285804,743.22864,234,,,,,,,,
,,,,,286000,,,-206.34153747558594,-0.9620718955993652,4.509217262268066,205.83651733398438,206.07244873046875,0.0003,0.0003,0.1
,,,,,286025,740.3379,221,,,,,,,,
,,,,,286253,739.5624,228,,,,,,,,
,,,,,286472,727.74445,219,,,,,,,,
,,,,,286705,776.7413,233,,,,,,,,
,,,,,286947,748.00494,242,,,,,,,,
,,,,,287000,,,-202.59898376464844,-1.074371337890625,19.24935531616211,201.10855102539062,201.1031036376953,0.0003,0.0003,0.1
,,,,,287209,859.20154,262,,,,,,,,
,,,,,287439,759.1427,230,,,,,,,,
,,,,,287651,703.72516,212,,,,,,,,
,,,,,287870,748.94147,219,,,,,,,,
,,,,,288000,,,-200.96127319335938,-1.2061156034469604,5.218902111053467,200.27447509765625,201.13641357421875,0.0003,0.0003,0.1
,,,,,288077,673.43756,207,,,,,,,,
,,,,,288297,724.919,220,,,,,,,,
,,,,,288517,727.8178,220,,,,,,,,
,,,,,288785,905.25635,268,,,,,,,,
,,,,,288982,637.7362,197,,,,,,,,
,,,,,289000,,,-204.39901733398438,-1.1555101871490479,2.5761852264404297,203.8382568359375,203.76283264160156,0.0003,0.0003,0.1
,,,,,289208,756.37604,226,,,,,,,,
,,,,,289489,922.7274,281,,,,,,,,
,,,,,289718,775.56903,229,,,,,,,,
,,,,,289933,725.2598,215,,,,,,,,
768.48254,82.81424,961.7712,633.7801,230.5,290000,,,-213.09979248046875,-0.9008772373199463,2.2201285362243652,212.3878936767578,212.52703857421875,0.0003,0.0003,0.1
,,,,,290174,816.72235,241,,,,,,,,
,,,,,290371,636.42645,197,,,,,,,,
,,,,,290606,768.8491,235,,,,,,,,
,,,,,290834,765.0748,228,,,,,,,,
,,,,,291000,,,-198.940185546875,-1.0908161401748657,5.613176345825195,197.62506103515625,198.2009735107422,0.0003,0.0003,0.1
,,,,,291069,777.2931,235,,,,,,,,
,,,,,291269,669.71625,200,,,,,,,,
,,,,,291498,787.46106,229,,,,,,,,
,,,,,291743,781.481,245,,,,,,,,
,,,,,291966,716.55414,223,,,,,,,,
,,,,,292000,,,-204.66110229492188,-1.4755454063415527,6.120494842529297,203.57229614257812,203.61651611328125,0.0003,0.0003,0.1
,,,,,292322,1170.4518,356,,,,,,,,
,,,,,292552,750.59076,230,,,,,,,,
,,,,,292803,761.77234,251,,,,,,,,
,,,,,293000,,,-202.286376953125,-1.3981845378875732,4.7319440841674805,201.2835235595703,201.26174926757812,0.0003,0.0003,0.1
,,,,,293013,679.45465,210,,,,,,,,
,,,,,293248,806.4852,235,,,,,,,,
,,,,,293499,849.68317,251,,,,,,,,
,,,,,293709,695.1634,210,,,,,,,,
,,,,,293923,732.7594,214,,,,,,,,
,,,,,294000,,,-203.06503295898438,-1.2011194229125977,4.067447662353516,201.68988037109375,201.60488891601562,0.0003,0.0003,0.1
,,,,,294146,753.18616,223,,,,,,,,
,,,,,294348,648.6277,202,,,,,,,,
,,,,,294569,712.7087,221,,,,,,,,
,,,,,294768,642.1347,199,,,,,,,,
,,,,,294963,637.9275,195,,,,,,,,
703.07526,62.20303,828.228,641.2207,214.0,295000,,,-203.2828826904297,-1.3855867385864258,4.640933036804199,202.567138671875,202.8871307373047,0.0003,0.0003,0.1
,,,,,295228,892.0412,265,,,,,,,,
,,,,,295527,955.5373,299,,,,,,,,
,,,,,295744,700.80176,217,,,,,,,,
,,,,,296000,,,-197.52561950683594,-1.017113208770752,3.247326374053955,197.03414916992188,196.76686096191406,0.0003,0.0003,0.1
,,,,,296014,912.46124,270,,,,,,,,
,,,,,296284,930.2516,270,,,,,,,,
,,,,,296485,670.559,201,,,,,,,,
,,,,,296696,714.57855,211,,,,,,,,
,,,,,296927,792.4453,231,,,,,,,,
,,,,,297000,,,-203.12869262695312,-1.5595916509628296,8.079476356506348,202.56134033203125,202.40298461914062,0.0003,0.0003,0.1
,,,,,297234,1060.088,307,,,,,,,,
,,,,,297438,661.30676,204,,,,,,,,
,,,,,297654,702.24756,216,,,,,,,,
,,,,,298000,,,-209.13595581054688,-1.0855400562286377,6.405933856964111,207.3930206298828,207.18641662597656,0.0003,0.0003,0.1
,,,,,298031,1139.5177,377,,,,,,,,
,,,,,298266,807.15454,235,,,,,,,,
,,,,,298455,585.60376,189,,,,,,,,
,,,,,298689,757.9846,234,,,,,,,,
,,,,,298889,678.21747,200,,,,,,,,
,,,,,299000,,,-208.65896606445312,-0.886813759803772,3.5061678886413574,208.24952697753906,208.2847900390625,0.0003,0.0003,0.1
,,,,,299087,677.4277,198,,,,,,,,
,,,,,299310,731.91675,223,,,,,,,,
,,,,,299375,126.48622,65,,,,,,,,
,,,,,299592,720.5597,217,,,,,,,,
,,,,,299804,686.34985,212,,,,,,,,
747.27527,49.977463,821.2183,671.20056,223.5,300000,,,-213.35784912109375,-1.177459478378296,3.7168354988098145,212.8402099609375,213.11727905273438,0.0003,0.0003,0.1
,,,,,300035,796.53015,231,,,,,,,,
,,,,,300233,644.8275,198,,,,,,,,
,,,,,300295,118.3121,62,,,,,,,,
,,,,,300518,729.23114,223,,,,,,,,
,,,,,300719,657.405,201,,,,,,,,
,,,,,300956,821.4836,237,,,,,,,,
,,,,,301000,,,-211.49758911132812,-1.3707914352416992,7.973283767700195,210.86099243164062,209.4625244140625,0.0003,0.0003,0.1
,,,,,301184,737.07666,228,,,,,,,,
,,,,,301414,747.5736,230,,,,,,,,
,,,,,301619,674.28656,205,,,,,,,,
,,,,,301869,825.76605,250,,,,,,,,
,,,,,302000,,,-204.9307861328125,-1.2082715034484863,4.061779022216797,204.47837829589844,204.34576416015625,0.0003,0.0003,0.1
,,,,,302073,668.2838,204,,,,,,,,
,,,,,302276,671.46173,203,,,,,,,,
,,,,,302478,664.1514,202,,,,,,,,
,,,,,302708,779.1063,230,,,,,,,,
,,,,,302772,123.77474,64,,,,,,,,
,,,,,303000,,,-211.458740234375,-1.1078788042068481,6.430917739868164,210.6016845703125,210.5164031982422,0.0003,0.0003,0.1
,,,,,303051,878.2382,279,,,,,,,,
,,,,,303262,671.32135,211,,,,,,,,
,,,,,303479,711.8437,217,,,,,,,,
,,,,,303694,702.7865,215,,,,,,,,
,,,,,303889,621.0586,195,,,,,,,,
,,,,,304000,,,-212.600830078125,-1.0995410680770874,9.002699851989746,212.1817169189453,211.4801788330078,0.0003,0.0003,0.1
,,,,,304105,697.198,216,,,,,,,,
,,,,,304301,644.0919,196,,,,,,,,
,,,,,304520,695.7498,219,,,,,,,,
,,,,,304792,937.0051,272,,,,,,,,
739.75604,109.19541,847.04785,454.2706,225.4,305000,,,-203.04168701171875,-1.2741422653198242,6.065812110900879,201.91015625,201.8114776611328,0.0003,0.0003,0.1
,,,,,305047,863.2674,255,,,,,,,,
,,,,,305272,743.11176,225,,,,,,,,
,,,,,305489,700.68335,217,,,,,,,,
,,,,,305779,961.42413,290,,,,,,,,
,,,,,306000,734.3532,221,,,,,,,,
,,,,,306000,,,-210.95509338378906,-1.0351638793945312,6.17473030090332,210.3671875,210.45553588867188,0.0003,0.0003,0.1
,,,,,306209,672.95105,209,,,,,,,,
,,,,,306425,701.841,216,,,,,,,,
,,,,,306672,829.22797,247,,,,,,,,
,,,,,306893,703.56537,221,,,,,,,,
,,,,,307000,,,-203.33364868164062,-1.3058207035064697,5.324996471405029,202.42684936523438,202.45823669433594,0.0003,0.0003,0.1
,,,,,307193,959.8322,300,,,,,,,,
,,,,,307431,777.098,238,,,,,,,,
,,,,,307660,749.82635,229,,,,,,,,
,,,,,307890,787.8076,230,,,,,,,,
,,,,,308000,,,-198.16146850585938,-0.9006085991859436,9.17455768585205,197.25125122070312,197.71600341796875,0.0003,0.0003,0.1
,,,,,308105,698.6197,215,,,,,,,,
,,,,,308350,826.6252,245,,,,,,,,
,,,,,308612,859.916,262,,,,,,,,
,,,,,308845,796.8046,233,,,,,,,,
,,,,,309000,,,-212.8769989013672,-0.9034700393676758,4.318001747131348,212.3245086669922,212.763916015625,0.0003,0.0003,0.1
,,,,,309052,666.157,207,,,,,,,,
,,,,,309282,785.2988,230,,,,,,,,
,,,,,309476,654.34576,194,,,,,,,,
,,,,,309683,674.5541,207,,,,,,,,
,,,,,309893,686.3098,210,,,,,,,,
785.63873,89.74044,961.5428,680.0295,234.7,310000,,,-212.6381378173828,-1.1314787864685059,16.755046844482422,211.0306396484375,211.21527099609375,0.0003,0.0003,0.1
,,,,,310105,681.4094,212,,,,,,,,
,,,,,310303,671.1988,198,,,,,,,,
,,,,,310518,703.15924,215,,,,,,,,
,,,,,310724,682.9023,206,,,,,,,,
,,,,,310930,675.57526,206,,,,,,,,
,,,,,311000,,,-210.0645294189453,-0.789269745349884,6.575588703155518,209.29287719726562,209.21310424804688,0.0003,0.0003,0.1
,,,,,311216,951.66644,286,,,,,,,,
,,,,,311411,629.4238,195,,,,,,,,
,,,,,311611,653.7891,200,,,,,,,,
,,,,,311821,685.0315,210,,,,,,,,
,,,,,312000,,,-204.59384155273438,-0.9644289016723633,6.644497394561768,203.7405242919922,203.63641357421875,0.0003,0.0003,0.1
,,,,,312087,876.903,266,,,,,,,,
,,,,,312297,689.4155,210,,,,,,,,
,,,,,312504,660.5059,207,,,,,,,,
,,,,,312717,700.6135,213,,,,,,,,
,,,,,312916,658.1665,199,,,,,,,,
,,,,,313000,,,-204.86129760742188,-0.7720432281494141,3.5375876426696777,204.1656494140625,204.253662109375,0.0003,0.0003,0.1
,,,,,313174,855.35077,258,,,,,,,,
,,,,,313382,687.5062,208,,,,,,,,
,,,,,313577,639.43976,195,,,,,,,,
,,,,,313791,705.7987,214,,,,,,,,
,,,,,314000,,,-205.9141082763672,-1.072716474533081,3.3252687454223633,204.91265869140625,204.4796142578125,0.0003,0.0003,0.1
,,,,,314045,822.1775,254,,,,,,,,
,,,,,314248,648.3305,203,,,,,,,,
,,,,,314481,785.6352,233,,,,,,,,
,,,,,314669,651.64294,188,,,,,,,,
,,,,,314882,694.5383,213,,,,,,,,
691.92725,71.332146,850.49493,597.8441,209.4,315000,,,-209.8557586669922,-1.1273996829986572,28.164461135864258,208.843994140625,209.12179565429688,0.0003,0.0003,0.1
,,,,,315070,597.6186,188,,,,,,,,
,,,,,315287,718.38904,217,,,,,,,,
,,,,,315497,678.7551,210,,,,,,,,
,,,,,315702,657.53595,205,,,,,,,,
,,,,,315902,669.72253,200,,,,,,,,
,,,,,316000,,,-207.21730041503906,-1.1250672340393066,7.299540996551514,204.4508514404297,204.43873596191406,0.0003,0.0003,0.1
,,,,,316100,642.3228,198,,,,,,,,
,,,,,316295,645.70776,195,,,,,,,,
,,,,,316540,834.32495,245,,,,,,,,
,,,,,316742,665.7704,202,,,,,,,,
,,,,,316974,759.49347,232,,,,,,,,
,,,,,317000,,,-196.3002166748047,-1.363718867301941,9.289523124694824,194.236083984375,194.41053771972656,0.0003,0.0003,0.1
,,,,,317178,664.631,204,,,,,,,,
,,,,,317416,875.0573,238,,,,,,,,
,,,,,317619,658.45044,203,,,,,,,,
,,,,,317831,705.22473,212,,,,,,,,
,,,,,318000,,,-207.9814453125,-1.280564308166504,4.411268711090088,207.23849487304688,207.43081665039062,0.0003,0.0003,0.1
,,,,,318023,640.8433,192,,,,,,,,
,,,,,318223,678.12177,200,,,,,,,,
,,,,,318410,647.50256,187,,,,,,,,
,,,,,318615,647.86145,205,,,,,,,,
,,,,,318824,674.90955,209,,,,,,,,
,,,,,319000,,,-210.20455932617188,-1.2953850030899048,4.286225318908691,209.01280212402344,209.3869171142578,0.0003,0.0003,0.1
,,,,,319024,675.7273,200,,,,,,,,
,,,,,319233,687.54,209,,,,,,,,
,,,,,319447,701.0385,214,,,,,,,,
,,,,,319458,11.253324,11,,,,,,,,
,,,,,319660,658.5085,202,,,,,,,,
,,,,,319684,31.949978,24,,,,,,,,
,,,,,319694,8.999432,10,,,,,,,,
,,,,,319885,638.4466,191,,,,,,,,
,,,,,319896,11.189337,11,,,,,,,,
654.83057,25.851097,693.0401,616.1165,197.1,320000,,,-207.9158477783203,-1.6145246028900146,6.339365005493164,207.49925231933594,207.0505828857422,0.0003,0.0003,0.1
,,,,,320089,650.1807,193,,,,,,,,
,,,,,320296,681.0523,207,,,,,,,,
,,,,,320499,672.226,203,,,,,,,,
,,,,,320731,809.19305,232,,,,,,,,
,,,,,320921,611.4361,190,,,,,,,,
,,,,,321000,,,-200.50555419921875,-1.4445054531097412,4.290071487426758,198.4912109375,198.0775146484375,0.0003,0.0003,0.1
,,,,,321136,714.0785,215,,,,,,,,
,,,,,321382,832.4355,246,,,,,,,,
,,,,,321570,607.50433,188,,,,,,,,
,,,,,321779,682.7171,209,,,,,,,,
,,,,,321993,709.0718,214,,,,,,,,
,,,,,322000,,,-207.15768432617188,-1.0622941255569458,3.687268018722534,206.143798828125,206.45986938476562,0.0003,0.0003,0.1
,,,,,322234,752.5752,241,,,,,,,,
,,,,,322457,768.9984,223,,,,,,,,
,,,,,322664,677.83575,207,,,,,,,,
,,,,,322863,669.9843,199,,,,,,,,
,,,,,323000,,,-199.44644165039062,-1.1599409580230713,4.756632328033447,198.29356384277344,198.34942626953125,0.0003,0.0003,0.1
,,,,,323055,635.97675,192,,,,,,,,
,,,,,323250,636.5756,195,,,,,,,,
,,,,,323436,630.5414,186,,,,,,,,
,,,,,323677,823.38495,241,,,,,,,,
,,,,,323875,684.4055,198,,,,,,,,
,,,,,324000,,,-207.75411987304688,-1.1194865703582764,18.307832717895508,207.1385040283203,206.48641967773438,0.0003,0.0003,0.1
,,,,,324068,638.96844,193,,,,,,,,
,,,,,324253,629.09827,185,,,,,,,,
,,,,,324458,671.1164,205,,,,,,,,
,,,,,324652,632.81995,194,,,,,,,,
,,,,,324674,28.310097,22,,,,,,,,
,,,,,324890,718.3064,216,,,,,,,,
682.6171,82.27042,849.98566,624.9412,205.0,325000,,,-205.61495971679688,-1.2081074714660645,224.0292510986328,204.32467651367188,203.14613342285156,0.0003,0.0003,0.1
,,,,,325077,618.7819,187,,,,,,,,
,,,,,325265,613.5261,188,,,,,,,,
,,,,,325454,634.91473,189,,,,,,,,
,,,,,325653,655.49414,199,,,,,,,,
,,,,,325840,617.91626,187,,,,,,,,
,,,,,326000,,,-205.11392211914062,-1.1272697448730469,4.383622646331787,203.41122436523438,203.68447875976562,0.0003,0.0003,0.1
,,,,,326025,643.5526,185,,,,,,,,
,,,,,326215,635.96533,190,,,,,,,,
,,,,,326409,634.24243,194,,,,,,,,
,,,,,326598,626.0168,189,,,,,,,,
,,,,,326794,660.2563,196,,,,,,,,
,,,,,326974,622.4572,180,,,,,,,,
,,,,,327000,,,-206.1431427001953,-0.9594947695732117,4.210994720458984,205.69134521484375,205.63824462890625,0.0003,0.0003,0.1
,,,,,327185,699.3651,211,,,,,,,,
,,,,,327388,654.6245,203,,,,,,,,
,,,,,327575,608.3078,187,,,,,,,,
,,,,,327781,688.36224,206,,,,,,,,
,,,,,327976,619.8107,195,,,,,,,,
,,,,,328000,,,-205.62060546875,-1.0583783388137817,4.351459980010986,205.33688354492188,205.74429321289062,0.0003,0.0003,0.1
,,,,,328188,686.5681,212,,,,,,,,
,,,,,328381,634.12384,193,,,,,,,,
,,,,,328588,683.94794,207,,,,,,,,
,,,,,328788,650.8145,200,,,,,,,,
,,,,,329000,,,-209.91055297851562,-1.194820523262024,4.317298412322998,209.365234375,208.76019287109375,0.0003,0.0003,0.1
,,,,,329044,860.52167,256,,,,,,,,
,,,,,329256,701.172,212,,,,,,,,
,,,,,329501,821.99097,245,,,,,,,,
,,,,,329759,873.81146,258,,,,,,,,
,,,,,329978,716.6848,219,,,,,,,,
670.5812,28.560492,722.8538,630.22516,201.4,330000,,,-209.99945068359375,-1.1405235528945923,4.505063533782959,209.46221923828125,209.42510986328125,0.0003,0.0003,0.1
,,,,,330169,627.75934,191,,,,,,,,
,,,,,330364,641.49457,195,,,,,,,,
,,,,,330551,599.2745,187,,,,,,,,
,,,,,330751,659.9486,200,,,,,,,,
,,,,,330956,661.834,205,,,,,,,,
,,,,,331000,,,-204.33047485351562,-1.3497862815856934,31.389896392822266,202.86654663085938,202.70333862304688,0.0003,0.0003,0.1
,,,,,331165,679.0896,209,,,,,,,,
,,,,,331423,897.92035,258,,,,,,,,
,,,,,331672,837.22266,249,,,,,,,,
,,,,,331922,861.54297,250,,,,,,,,
,,,,,332000,,,-213.4642333984375,-1.1468725204467773,2.7183938026428223,212.6633758544922,212.76968383789062,0.0003,0.0003,0.1
,,,,,332121,636.0283,199,,,,,,,,
,,,,,332330,712.48724,209,,,,,,,,
,,,,,332574,865.5999,244,,,,,,,,
,,,,,332766,614.1619,192,,,,,,,,
,,,,,332999,808.5396,233,,,,,,,,
,,,,,333000,,,-211.71780395507812,-0.8696165084838867,3.9846906661987305,211.01573181152344,210.87725830078125,0.0003,0.0003,0.1
,,,,,333190,634.7499,191,,,,,,,,
,,,,,333416,655.5433,226,,,,,,,,
,,,,,333597,595.45953,181,,,,,,,,
,,,,,333812,711.1101,215,,,,,,,,
,,,,,334000,,,-212.69549560546875,-1.3148354291915894,3.8585872650146484,212.13934326171875,212.22702026367188,0.0003,0.0003,0.1
,,,,,334025,704.14136,213,,,,,,,,
,,,,,334230,691.4482,205,,,,,,,,
,,,,,334422,629.5338,192,,,,,,,,
,,,,,334614,647.90906,192,,,,,,,,
,,,,,334824,706.71234,210,,,,,,,,
747.99316,90.17181,888.0992,593.70624,223.8,335000,,,-199.61827087402344,-1.5351883172988892,6.064327239990234,198.9100341796875,198.66055297851562,0.0003,0.0003,0.1
,,,,,335045,745.5975,221,,,,,,,,
,,,,,335259,709.75574,214,,,,,,,,
,,,,,335474,713.0564,215,,,,,,,,
,,,,,335719,872.4989,245,,,,,,,,
,,,,,335929,689.4425,210,,,,,,,,
,,,,,336000,,,-202.9173583984375,-1.1282196044921875,8.765995025634766,201.8912353515625,202.17971801757812,0.0003,0.0003,0.1
,,,,,336139,686.35004,210,,,,,,,,
,,,,,336371,802.7184,232,,,,,,,,
,,,,,336588,725.9137,217,,,,,,,,
,,,,,336788,658.0905,200,,,,,,,,
,,,,,336988,661.0857,200,,,,,,,,
,,,,,337000,,,-211.07632446289062,-1.1418449878692627,3.107387065887451,210.28280639648438,210.66488647460938,0.0003,0.0003,0.1
,,,,,337167,566.9829,179,,,,,,,,
,,,,,337354,602.74524,187,,,,,,,,
,,,,,337554,696.0307,200,,,,,,,,
,,,,,337775,744.35956,221,,,,,,,,
,,,,,337979,660.3593,204,,,,,,,,
,,,,,338000,,,-202.96090698242188,-1.4860395193099976,3.657001256942749,202.3185577392578,202.26708984375,0.0003,0.0003,0.1
,,,,,338184,681.8873,205,,,,,,,,
,,,,,338380,633.0932,196,,,,,,,,
,,,,,338571,627.855,191,,,,,,,,
,,,,,338786,725.16815,215,,,,,,,,
,,,,,338986,668.3322,200,,,,,,,,
,,,,,339000,,,-208.1690673828125,-1.0643963813781738,5.611368656158447,207.35171508789062,207.58404541015625,0.0003,0.0003,0.1
,,,,,339189,692.8566,203,,,,,,,,
,,,,,339385,650.19086,196,,,,,,,,
,,,,,339575,629.99817,190,,,,,,,,
,,,,,339807,791.1518,232,,,,,,,,
775.356,75.74527,929.3441,680.83185,234.0,340000,,,-211.78038024902344,-1.2560460567474365,6.465372562408447,209.75100708007812,209.97705078125,0.0003,0.0003,0.1
,,,,,340003,672.7146,196,,,,,,,,
,,,,,340066,121.83807,63,,,,,,,,
,,,,,340303,744.2386,237,,,,,,,,
,,,,,340531,781.35974,228,,,,,,,,
,,,,,340752,748.1337,221,,,,,,,,
,,,,,340949,647.4616,197,,,,,,,,
,,,,,341000,,,-213.92330932617188,-1.0015387535095215,4.536284446716309,213.3014678955078,213.12477111816406,0.0003,0.0003,0.1
,,,,,341159,691.65106,210,,,,,,,,
,,,,,341396,744.28345,237,,,,,,,,
,,,,,341643,845.72644,247,,,,,,,,
,,,,,341852,693.0667,209,,,,,,,,
,,,,,342000,,,-206.3060302734375,-1.6160169839859009,5.8149638175964355,204.30621337890625,204.23707580566406,0.0003,0.0003,0.1
,,,,,342059,710.53033,207,,,,,,,,
,,,,,342265,688.14276,206,,,,,,,,
,,,,,342461,670.7101,196,,,,,,,,
,,,,,342662,706.8361,201,,,,,,,,
,,,,,342865,671.99243,203,,,,,,,,
,,,,,343000,,,-208.61412048339844,-0.8421765565872192,4.332675933837891,207.93783569335938,207.8431396484375,0.0003,0.0003,0.1
,,,,,343074,691.936,209,,,,,,,,
,,,,,343326,877.5782,252,,,,,,,,
,,,,,343560,806.9474,234,,,,,,,,
,,,,,343765,681.38464,205,,,,,,,,
,,,,,343977,709.8572,212,,,,,,,,
,,,,,344000,,,-204.55523681640625,-1.0836360454559326,56.791324615478516,203.599853515625,204.64588928222656,0.0003,0.0003,0.1
,,,,,344208,796.39044,231,,,,,,,,
,,,,,344410,697.35406,202,,,,,,,,
,,,,,344623,712.5612,213,,,,,,,,
,,,,,344815,636.8919,192,,,,,,,,
697.0856,12.795199,712.5421,664.9806,205.3,345000,,,-209.7098388671875,-1.2070056200027466,3.436203956604004,208.98646545410156,209.19110107421875,0.0003,0.0003,0.1
,,,,,345021,708.09125,206,,,,,,,,
,,,,,345264,854.91235,243,,,,,,,,
,,,,,345473,737.49036,209,,,,,,,,
,,,,,345692,744.8778,219,,,,,,,,
,,,,,345902,702.8942,210,,,,,,,,
,,,,,346000,,,-203.71482849121094,-1.2592198848724365,13.714103698730469,203.19760131835938,203.06649780273438,0.0003,0.0003,0.1
,,,,,346107,686.2549,205,,,,,,,,
,,,,,346306,654.1959,199,,,,,,,,
,,,,,346511,688.4661,205,,,,,,,,
,,,,,346717,723.7801,206,,,,,,,,
,,,,,346921,709.477,204,,,,,,,,
,,,,,347000,,,-204.77777099609375,-1.1336307525634766,3.9501593112945557,203.9854736328125,203.89764404296875,0.0003,0.0003,0.1
,,,,,347135,706.90875,214,,,,,,,,
,,,,,347365,827.8422,230,,,,,,,,
,,,,,347594,791.16705,229,,,,,,,,
,,,,,347788,640.52686,194,,,,,,,,
,,,,,348000,,,-209.77615356445312,-1.3566091060638428,35.047210693359375,208.97918701171875,208.5517578125,0.0003,0.0003,0.1
,,,,,348050,928.0274,262,,,,,,,,
,,,,,348251,691.379,201,,,,,,,,
,,,,,348469,735.14435,218,,,,,,,,
,,,,,348678,713.4646,209,,,,,,,,
,,,,,348886,711.9532,208,,,,,,,,
,,,,,349000,,,-209.69732666015625,-1.2368648052215576,5.493183612823486,208.70245361328125,208.49075317382812,0.0003,0.0003,0.1
,,,,,349090,722.97217,204,,,,,,,,
,,,,,349287,640.0622,197,,,,,,,,
,,,,,349493,678.8133,206,,,,,,,,
,,,,,349703,708.53467,210,,,,,,,,
,,,,,349915,726.4925,212,,,,,,,,
703.942,13.690767,723.0294,683.2457,207.6,350000,,,-203.45211791992188,-1.3572111129760742,4.832286357879639,202.85504150390625,202.79278564453125,0.0003,0.0003,0.1
,,,,,350124,689.40924,209,,,,,,,,
,,,,,350333,715.6696,209,,,,,,,,
,,,,,350555,756.73645,222,,,,,,,,
,,,,,350763,707.09906,208,,,,,,,,
,,,,,350968,699.1049,205,,,,,,,,
,,,,,351000,,,-206.68988037109375,-1.0521223545074463,2.695749282836914,206.01016235351562,206.03369140625,0.0003,0.0003,0.1
,,,,,351189,758.71826,221,,,,,,,,
,,,,,351428,840.9889,239,,,,,,,,
,,,,,351651,787.3329,223,,,,,,,,
,,,,,351855,694.6071,204,,,,,,,,
,,,,,352000,,,-206.7273406982422,-1.207693338394165,35.26234436035156,203.73748779296875,204.32846069335938,0.0003,0.0003,0.1
,,,,,352080,766.776,225,,,,,,,,
,,,,,352284,723.07874,204,,,,,,,,
,,,,,352555,973.82495,271,,,,,,,,
,,,,,352764,689.753,209,,,,,,,,
,,,,,352973,716.539,209,,,,,,,,
,,,,,353000,,,-201.97442626953125,-1.07578706741333,12.686896324157715,200.53384399414062,200.6134033203125,0.0003,0.0003,0.1
,,,,,353176,711.38715,203,,,,,,,,
,,,,,353382,713.98413,206,,,,,,,,
,,,,,353591,698.9433,209,,,,,,,,
,,,,,353806,737.37024,215,,,,,,,,
,,,,,354000,,,-198.49356079101562,-1.2672674655914307,3.0301992893218994,198.04966735839844,197.97164916992188,0.0003,0.0003,0.1
,,,,,354006,708.1955,200,,,,,,,,
,,,,,354206,681.9507,200,,,,,,,,
,,,,,354420,709.5749,214,,,,,,,,
,,,,,354627,721.37146,207,,,,,,,,
,,,,,354827,699.0708,200,,,,,,,,
704.433,22.466204,761.77716,682.7076,199.3,355000,,,-207.84490966796875,-0.9107232093811035,4.058303356170654,207.36761474609375,206.86599731445312,0.0003,0.0003,0.1
,,,,,355018,662.6507,191,,,,,,,,
,,,,,355223,682.9509,205,,,,,,,,
,,,,,355436,733.65314,213,,,,,,,,
,,,,,355639,681.3981,203,,,,,,,,
,,,,,355842,737.60547,203,,,,,,,,
,,,,,356000,,,-208.9356689453125,-1.1670639514923096,4.311456680297852,208.2017364501953,208.44573974609375,0.0003,0.0003,0.1
,,,,,356052,711.961,210,,,,,,,,
,,,,,356261,707.04675,209,,,,,,,,
,,,,,356469,726.0752,208,,,,,,,,
,,,,,356681,729.61194,212,,,,,,,,
,,,,,356885,707.18835,204,,,,,,,,
,,,,,357000,,,-202.83447265625,-1.1012072563171387,5.337759017944336,201.38442993164062,202.17465209960938,0.0003,0.0003,0.1
,,,,,357133,862.72266,248,,,,,,,,
,,,,,357327,624.4551,194,,,,,,,,
,,,,,357396,139.5859,69,,,,,,,,
,,,,,357649,878.7481,253,,,,,,,,
,,,,,357850,704.4582,201,,,,,,,,
,,,,,358000,,,-199.66348266601562,-1.0537235736846924,3.6995654106140137,199.0118408203125,198.77053833007812,0.0003,0.0003,0.1
,,,,,358046,675.1022,196,,,,,,,,
,,,,,358253,712.7287,207,,,,,,,,
,,,,,358323,143.31705,70,,,,,,,,
,,,,,358535,737.9313,212,,,,,,,,
,,,,,358740,731.8254,205,,,,,,,,
,,,,,358914,549.913,174,,,,,,,,
,,,,,359000,,,-206.2392578125,-1.4168150424957275,3.839996099472046,205.22637939453125,205.20846557617188,0.0003,0.0003,0.1
,,,,,359040,342.06427,126,,,,,,,,
,,,,,359165,342.12317,125,,,,,,,,
,,,,,359362,668.5302,197,,,,,,,,
,,,,,359561,711.9366,199,,,,,,,,
,,,,,359767,699.30426,206,,,,,,,,
,,,,,359972,707.98804,205,,,,,,,,
726.6011,30.734991,774.95,686.57526,204.9,360000,,,-209.2630157470703,-1.3654816150665283,2.74348783493042,208.6015167236328,208.71095275878906,0.0003,0.0003,0.1
,,,,,360165,653.36383,193,,,,,,,,
,,,,,360370,707.6182,205,,,,,,,,
,,,,,360439,140.35265,69,,,,,,,,
,,,,,360642,715.4597,203,,,,,,,,
,,,,,360835,659.0505,193,,,,,,,,
,,,,,361000,,,-203.77288818359375,-1.2657512426376343,3.1582868099212646,203.17169189453125,203.236572265625,0.0003,0.0003,0.1
,,,,,361034,697.9423,199,,,,,,,,
,,,,,361246,713.1922,212,,,,,,,,
,,,,,361466,748.6114,220,,,,,,,,
,,,,,361670,692.6161,204,,,,,,,,
,,,,,361904,814.42267,234,,,,,,,,
,,,,,362000,,,-210.96949768066406,-1.2742302417755127,3.5981101989746094,210.34571838378906,210.79454040527344,0.0003,0.0003,0.1
,,,,,362145,855.8047,241,,,,,,,,
,,,,,362351,702.08246,206,,,,,,,,
,,,,,362555,697.6758,204,,,,,,,,
,,,,,362761,706.54144,206,,,,,,,,
,,,,,362972,721.0976,211,,,,,,,,
,,,,,363000,,,-204.99456787109375,-1.2022418975830078,4.674317359924316,204.86016845703125,205.29544067382812,0.0003,0.0003,0.1
,,,,,363190,752.51746,218,,,,,,,,
,,,,,363406,735.86633,216,,,,,,,,
,,,,,363633,813.30347,227,,,,,,,,
,,,,,363860,776.802,227,,,,,,,,
,,,,,364000,,,-204.98675537109375,-1.3016351461410522,16.997106552124023,203.71401977539062,203.5980224609375,0.0003,0.0003,0.1
,,,,,364150,1024.6411,290,,,,,,,,
,,,,,364446,1035.41,296,,,,,,,,
,,,,,364671,781.68567,225,,,,,,,,
,,,,,364894,764.5212,223,,,,,,,,
703.9088,29.923847,753.2363,650.359,209.9,365000,,,-203.20346069335938,-1.272890329360962,2.8356873989105225,202.50228881835938,202.36288452148438,0.0003,0.0003,0.1
,,,,,365100,732.89856,206,,,,,,,,
,,,,,365303,655.74896,203,,,,,,,,
,,,,,365505,678.8324,202,,,,,,,,
,,,,,365710,676.39087,205,,,,,,,,
,,,,,365907,679.5065,197,,,,,,,,
,,,,,366000,,,-203.60968017578125,-0.9372742176055908,4.457151412963867,203.0989227294922,203.02749633789062,0.0003,0.0003,0.1
,,,,,366193,1028.2554,286,,,,,,,,
,,,,,366455,915.189,262,,,,,,,,
,,,,,366747,1058.6843,292,,,,,,,,
,,,,,366991,877.374,244,,,,,,,,
,,,,,367000,,,-210.3911895751953,-0.9402997493743896,2.694030284881592,209.52734375,209.83082580566406,0.0003,0.0003,0.1
,,,,,367285,977.2648,294,,,,,,,,
,,,,,367510,788.55457,225,,,,,,,,
,,,,,367698,611.5278,188,,,,,,,,
,,,,,367907,710.2626,209,,,,,,,,
,,,,,368000,,,-210.11102294921875,-0.9350923299789429,3.7990479469299316,209.37698364257812,209.6551513671875,0.0003,0.0003,0.1
,,,,,368107,709.28424,200,,,,,,,,
,,,,,368305,679.79956,198,,,,,,,,
,,,,,368481,525.5937,176,,,,,,,,
,,,,,368693,722.2488,212,,,,,,,,
,,,,,368911,729.14465,218,,,,,,,,
,,,,,369000,,,-202.87059020996094,-1.1331243515014648,4.471532344818115,202.13717651367188,202.1865234375,0.0003,0.0003,0.1
,,,,,369114,700.1523,203,,,,,,,,
,,,,,369315,725.6932,201,,,,,,,,
,,,,,369509,658.96497,194,,,,,,,,
,,,,,369714,678.6648,205,,,,,,,,
,,,,,369924,705.11285,210,,,,,,,,
672.87195,38.907223,734.8637,596.4793,195.2,370000,,,-208.07919311523438,-1.17999267578125,5.273316860198975,206.77642822265625,206.34503173828125,0.0003,0.0003,0.1
,,,,,370131,724.9459,207,,,,,,,,
,,,,,370333,695.5242,202,,,,,,,,
,,,,,370532,696.1569,199,,,,,,,,
,,,,,370763,822.3032,231,,,,,,,,
,,,,,370963,705.14734,200,,,,,,,,
,,,,,371000,,,-210.15980529785156,-1.4068400859832764,7.328629493713379,209.33236694335938,209.5269775390625,0.0003,0.0003,0.1
,,,,,371241,1002.0469,278,,,,,,,,
,,,,,371444,696.7729,203,,,,,,,,
,,,,,371643,704.3823,199,,,,,,,,
,,,,,371852,717.76654,209,,,,,,,,
,,,,,372000,,,-218.38026428222656,-0.952257513999939,3.110383987426758,217.59039306640625,217.81588745117188,0.0003,0.0003,0.1
,,,,,372070,766.6296,218,,,,,,,,
,,,,,372293,790.51044,223,,,,,,,,
,,,,,372508,758.11847,215,,,,,,,,
,,,,,372803,1001.1497,295,,,,,,,,
,,,,,373000,,,-202.76707458496094,-1.3522802591323853,4.967297554016113,201.98202514648438,201.99684143066406,0.0003,0.0003,0.1
,,,,,373014,745.0667,211,,,,,,,,
,,,,,373217,709.1259,203,,,,,,,,
,,,,,373443,809.32654,226,,,,,,,,
,,,,,373644,687.2635,201,,,,,,,,
,,,,,373851,730.47565,207,,,,,,,,
,,,,,374000,,,-206.20538330078125,-1.3991286754608154,5.191803455352783,205.81494140625,206.03855895996094,0.0003,0.0003,0.1
,,,,,374051,663.4509,200,,,,,,,,
,,,,,374258,722.1197,207,,,,,,,,
,,,,,374463,735.331,205,,,,,,,,
,,,,,374678,760.47754,215,,,,,,,,
,,,,,374884,715.5903,206,,,,,,,,
693.60046,25.242159,737.25586,661.236,200.8,375000,,,-210.7991180419922,-0.9367122054100037,3.227780818939209,210.30413818359375,210.37576293945312,0.0003,0.0003,0.1
,,,,,375122,858.8332,238,,,,,,,,
,,,,,375325,703.8153,203,,,,,,,,
,,,,,375526,680.78125,201,,,,,,,,
,,,,,375722,673.0379,196,,,,,,,,
,,,,,375918,687.80475,196,,,,,,,,
,,,,,376000,,,-203.62875366210938,-1.2271547317504883,3.6415164470672607,203.01145935058594,203.0010986328125,0.0003,0.0003,0.1
,,,,,376133,734.62616,215,,,,,,,,
,,,,,376328,666.7509,195,,,,,,,,
,,,,,376535,705.04266,207,,,,,,,,
,,,,,376735,693.65454,200,,,,,,,,
,,,,,376930,663.3801,195,,,,,,,,
,,,,,377000,,,-210.34744262695312,-0.9515401124954224,3.4555559158325195,209.92022705078125,209.96829223632812,0.0003,0.0003,0.1
,,,,,377224,1069.6881,294,,,,,,,,
,,,,,377432,711.3181,208,,,,,,,,
,,,,,377632,681.5494,200,,,,,,,,
,,,,,377843,737.53094,211,,,,,,,,
,,,,,378000,,,-203.1671600341797,-1.408146619796753,9.329397201538086,201.79190063476562,202.1685333251953,0.0003,0.0003,0.1
,,,,,378049,729.96075,206,,,,,,,,
,,,,,378281,825.22644,232,,,,,,,,
,,,,,378482,676.49054,201,,,,,,,,
,,,,,378687,704.58044,205,,,,,,,,
,,,,,378887,695.62036,200,,,,,,,,
,,,,,379000,,,-198.75247192382812,-1.0774853229522705,3.257772445678711,197.28494262695312,197.2471160888672,0.0003,0.0003,0.1
,,,,,379098,732.24927,211,,,,,,,,
,,,,,379305,704.8708,207,,,,,,,,
,,,,,379522,748.9871,217,,,,,,,,
,,,,,379736,745.43225,214,,,,,,,,
,,,,,379933,674.0051,197,,,,,,,,
691.4296,20.733477,722.54095,657.4555,203.8,380000,,,-215.201904296875,-1.2646183967590332,6.931544780731201,214.32064819335938,214.7650604248047,0.0003,0.0003,0.1
,,,,,380126,660.9324,193,,,,,,,,
,,,,,380313,661.0652,187,,,,,,,,
,,,,,380520,742.5095,207,,,,,,,,
,,,,,380728,711.9937,208,,,,,,,,
,,,,,380943,731.2917,215,,,,,,,,
,,,,,381000,,,-207.09002685546875,-1.1281334161758423,5.993295669555664,205.9068603515625,206.43959045410156,0.0003,0.0003,0.1
,,,,,381151,710.89246,208,,,,,,,,
,,,,,381348,667.5412,197,,,,,,,,
,,,,,381566,772.2748,218,,,,,,,,
,,,,,381769,710.8057,203,,,,,,,,
,,,,,381950,562.4734,181,,,,,,,,
,,,,,382000,,,-210.69461059570312,-1.20694100856781,3.3639628887176514,210.07345581054688,210.22604370117188,0.0003,0.0003,0.1
,,,,,382147,672.08826,197,,,,,,,,
,,,,,382357,728.82416,210,,,,,,,,
,,,,,382570,743.14716,213,,,,,,,,
,,,,,382785,718.39294,215,,,,,,,,
,,,,,383000,,,-213.2661590576172,-1.229627251625061,3.330692768096924,212.38304138183594,212.72412109375,0.0003,0.0003,0.1
,,,,,383001,759.87714,216,,,,,,,,
,,,,,383194,664.87506,193,,,,,,,,
,,,,,383383,575.46924,189,,,,,,,,
,,,,,383594,727.86273,211,,,,,,,,
,,,,,383818,770.30865,224,,,,,,,,
,,,,,384000,,,-207.70790100097656,-0.8773688077926636,4.362521171569824,207.31573486328125,207.237548828125,0.0003,0.0003,0.1
,,,,,384027,728.27765,209,,,,,,,,
,,,,,384237,720.5104,210,,,,,,,,
,,,,,384437,663.7615,200,,,,,,,,
,,,,,384629,655.4493,192,,,,,,,,
,,,,,384823,652.37,194,,,,,,,,
692.85767,58.70079,841.3048,622.8543,202.6,385000,,,-209.29966735839844,-1.186944842338562,4.188783645629883,208.51324462890625,208.68002319335938,0.0003,0.0003,0.1
,,,,,385051,788.66785,228,,,,,,,,
,,,,,385256,705.11206,205,,,,,,,,
,,,,,385462,719.11017,206,,,,,,,,
,,,,,385672,712.34064,210,,,,,,,,
,,,,,385880,710.47546,208,,,,,,,,
,,,,,386000,,,-217.08285522460938,-1.087841510772705,2.9925129413604736,216.5526885986328,216.69647216796875,0.0003,0.0003,0.1
,,,,,386108,786.69507,228,,,,,,,,
,,,,,386325,763.6347,217,,,,,,,,
,,,,,386525,690.2504,200,,,,,,,,
,,,,,386715,653.32666,190,,,,,,,,
,,,,,386926,717.6206,211,,,,,,,,
,,,,,387000,,,-208.3349609375,-0.9164816737174988,5.3714447021484375,207.8241424560547,207.7132568359375,0.0003,0.0003,0.1
,,,,,387196,956.50464,270,,,,,,,,
,,,,,387391,675.2658,195,,,,,,,,
,,,,,387604,764.2599,213,,,,,,,,
,,,,,387799,668.485,195,,,,,,,,
,,,,,387996,688.51605,197,,,,,,,,
,,,,,388000,,,-198.77444458007812,-1.232267141342163,6.760903358459473,197.88870239257812,197.95175170898438,0.0003,0.0003,0.1
,,,,,388238,852.27655,242,,,,,,,,
,,,,,388435,679.47235,197,,,,,,,,
,,,,,388653,747.7496,218,,,,,,,,
,,,,,388850,692.4505,197,,,,,,,,
,,,,,389000,,,-214.11956787109375,-1.171684980392456,2.642103433609009,213.5137939453125,213.86195373535156,0.0003,0.0003,0.1
,,,,,389045,679.3542,195,,,,,,,,
,,,,,389321,986.13684,276,,,,,,,,
,,,,,389610,1032.6283,289,,,,,,,,
,,,,,389831,775.3142,221,,,,,,,,
729.1178,58.301155,871.77905,637.48157,211.1,390000,,,-208.566162109375,-1.1611946821212769,4.399471282958984,207.87734985351562,207.80699157714844,0.0003,0.0003,0.1
,,,,,390052,775.073,221,,,,,,,,
,,,,,390314,938.6284,262,,,,,,,,
,,,,,390517,693.922,203,,,,,,,,
,,,,,390761,854.49927,244,,,,,,,,
,,,,,390954,668.69867,193,,,,,,,,
,,,,,391000,,,-205.72134399414062,-1.1033613681793213,5.140377998352051,204.81765747070312,204.37327575683594,0.0003,0.0003,0.1
,,,,,391161,708.96844,207,,,,,,,,
,,,,,391372,725.86566,211,,,,,,,,
,,,,,391615,868.6925,243,,,,,,,,
,,,,,391821,679.836,206,,,,,,,,
,,,,,392000,,,-207.9638671875,-1.2490381002426147,14.393156051635742,205.72711181640625,205.9850311279297,0.0003,0.0003,0.1
,,,,,392025,718.05035,204,,,,,,,,
,,,,,392226,693.6152,201,,,,,,,,
,,,,,392425,697.72363,199,,,,,,,,
,,,,,392645,661.88446,220,,,,,,,,
,,,,,392847,708.74554,202,,,,,,,,
,,,,,393000,,,-208.22305297851562,-1.3359577655792236,4.47020149230957,207.58816528320312,207.25881958007812,0.0003,0.0003,0.1
,,,,,393049,710.3581,202,,,,,,,,
,,,,,393300,889.90717,251,,,,,,,,
,,,,,393508,721.3705,208,,,,,,,,
,,,,,393706,697.9858,198,,,,,,,,
,,,,,393917,758.03345,211,,,,,,,,
,,,,,394000,,,-205.14915466308594,-1.1674143075942993,4.085174083709717,203.91661071777344,203.6490478515625,0.0003,0.0003,0.1
,,,,,394123,730.27826,206,,,,,,,,
,,,,,394354,799.24506,231,,,,,,,,
,,,,,394582,820.5022,228,,,,,,,,
,,,,,394791,748.40686,209,,,,,,,,
745.4961,40.40347,848.6551,715.03644,214.0,395000,,,-205.43856811523438,-1.1733765602111816,4.378254413604736,205.02468872070312,205.09329223632812,0.0003,0.0003,0.1
,,,,,395058,933.0464,267,,,,,,,,
,,,,,395256,686.63654,198,,,,,,,,
,,,,,395466,723.0791,210,,,,,,,,
,,,,,395650,611.8951,184,,,,,,,,
,,,,,395862,754.2839,212,,,,,,,,
,,,,,396000,,,-212.55430603027344,-1.1104588508605957,2.5311570167541504,211.82757568359375,211.90396118164062,0.0003,0.0003,0.1
,,,,,396079,749.9774,217,,,,,,,,
,,,,,396347,876.24,268,,,,,,,,
,,,,,396550,700.773,203,,,,,,,,
,,,,,396754,699.0702,204,,,,,,,,
,,,,,396956,706.779,202,,,,,,,,
,,,,,397000,,,-211.604248046875,-1.29990816116333,3.917168378829956,211.00668334960938,211.12881469726562,0.0003,0.0003,0.1
,,,,,397164,742.753,208,,,,,,,,
,,,,,397235,143.06448,71,,,,,,,,
,,,,,397434,667.3517,199,,,,,,,,
,,,,,397635,689.1619,201,,,,,,,,
,,,,,397848,721.2856,213,,,,,,,,
,,,,,398000,,,-206.94485473632812,-1.2879506349563599,8.161518096923828,205.0158233642578,204.7240753173828,0.0003,0.0003,0.1
,,,,,398049,691.9178,201,,,,,,,,
,,,,,398278,786.98566,229,,,,,,,,
,,,,,398509,803.2444,231,,,,,,,,
,,,,,398781,975.1509,272,,,,,,,,
,,,,,399000,,,-207.82919311523438,-1.1825107336044312,17.22176170349121,205.83676147460938,205.65322875976562,0.0003,0.0003,0.1
,,,,,399068,1024.0146,287,,,,,,,,
,,,,,399278,729.90216,210,,,,,,,,
,,,,,399527,898.3047,249,,,,,,,,
,,,,,399780,889.8017,253,,,,,,,,
,,,,,399998,765.68,218,,,,,,,,
763.947,50.019314,874.4855,708.83575,219.3,400000,,,-206.6513671875,-1.2111390829086304,7.887505531311035,205.44021606445312,205.298583984375,0.0003,0.0003,0.1
,,,,,400237,843.8086,239,,,,,,,,
,,,,,400461,781.32416,224,,,,,,,,
,,,,,400705,860.1497,244,,,,,,,,
,,,,,400904,692.92523,199,,,,,,,,
,,,,,401000,,,-214.14227294921875,-1.055250644683838,2.408337354660034,213.71707153320312,213.61776733398438,0.0003,0.0003,0.1
,,,,,401108,711.3893,204,,,,,,,,
,,,,,401317,706.60144,209,,,,,,,,
,,,,,401545,787.2299,228,,,,,,,,
,,,,,401754,716.9489,209,,,,,,,,
,,,,,401965,728.6161,211,,,,,,,,
,,,,,402000,,,-209.87054443359375,-1.2172026634216309,13.187117576599121,209.29437255859375,209.04718017578125,0.0003,0.0003,0.1
,,,,,402183,756.88873,218,,,,,,,,
,,,,,402393,724.1662,210,,,,,,,,
,,,,,402610,755.75806,217,,,,,,,,
,,,,,402804,678.031,194,,,,,,,,
,,,,,403000,,,-208.53219604492188,-1.0904090404510498,5.3013505935668945,208.09542846679688,208.0341339111328,0.0003,0.0003,0.1
,,,,,403024,760.6389,220,,,,,,,,
,,,,,403308,945.9024,284,,,,,,,,
,,,,,403578,963.2343,270,,,,,,,,
,,,,,403791,731.4833,213,,,,,,,,
,,,,,404000,,,-211.12403869628906,-1.1462839841842651,4.0790534019470215,210.30361938476562,210.44281005859375,0.0003,0.0003,0.1
,,,,,404018,802.7535,227,,,,,,,,
,,,,,404286,927.45026,268,,,,,,,,
,,,,,404502,752.0186,216,,,,,,,,
,,,,,404721,759.58154,219,,,,,,,,
,,,,,404904,632.7496,183,,,,,,,,
742.62494,93.92285,1003.8881,646.66583,214.9,405000,,,-207.60906982421875,-1.2050106525421143,4.316884994506836,207.00656127929688,207.18080139160156,0.0003,0.0003,0.1
,,,,,405128,773.3877,224,,,,,,,,
,,,,,405340,732.1111,212,,,,,,,,
,,,,,405586,864.2814,246,,,,,,,,
,,,,,405793,713.58044,207,,,,,,,,
,,,,,406000,,,-217.7362823486328,-0.8498762249946594,3.1515259742736816,217.22048950195312,217.2760009765625,0.0003,0.0003,0.1
,,,,,406017,787.9562,224,,,,,,,,
,,,,,406235,743.7463,218,,,,,,,,
,,,,,406444,718.4978,209,,,,,,,,
,,,,,406662,768.3542,218,,,,,,,,
,,,,,406885,762.1374,223,,,,,,,,
,,,,,407000,,,-205.93170166015625,-1.1195406913757324,5.195497512817383,205.4390869140625,205.30348205566406,0.0003,0.0003,0.1
,,,,,407102,730.3699,217,,,,,,,,
,,,,,407353,885.69116,251,,,,,,,,
,,,,,407554,693.02484,201,,,,,,,,
,,,,,407776,761.09015,222,,,,,,,,
,,,,,408000,,,-209.10986328125,-1.1879305839538574,5.148685932159424,208.546142578125,208.13442993164062,0.0003,0.0003,0.1
,,,,,408039,928.9376,263,,,,,,,,
,,,,,408251,747.49066,212,,,,,,,,
,,,,,408475,805.05347,224,,,,,,,,
,,,,,408718,841.89484,243,,,,,,,,
,,,,,408926,711.1063,208,,,,,,,,
,,,,,409000,,,-205.27462768554688,-1.1649653911590576,5.55698823928833,204.84884643554688,205.00164794921875,0.0003,0.0003,0.1
,,,,,409141,727.7491,215,,,,,,,,
,,,,,409348,703.56067,207,,,,,,,,
,,,,,409591,858.4604,243,,,,,,,,
,,,,,409822,801.3841,231,,,,,,,,
798.80945,280.13635,1276.9513,131.5003,233.8,410000,,,-203.78964233398438,-1.100311040878296,4.461017608642578,201.48411560058594,201.11166381835938,0.0003,0.0003,0.1
,,,,,410114,958.68866,292,,,,,,,,
,,,,,410409,968.98364,295,,,,,,,,
,,,,,410647,835.7013,238,,,,,,,,
,,,,,410917,883.7814,270,,,,,,,,
,,,,,411000,,,-215.43821716308594,-1.3827311992645264,4.581398963928223,214.61175537109375,214.71160888671875,0.0003,0.0003,0.1
,,,,,411137,753.0591,220,,,,,,,,
,,,,,411370,821.153,233,,,,,,,,
,,,,,411615,867.74866,245,,,,,,,,
,,,,,411834,758.39545,219,,,,,,,,
,,,,,412000,,,-204.52647399902344,-1.1594129800796509,6.553781509399414,203.30079650878906,203.25698852539062,0.0003,0.0003,0.1
,,,,,412072,839.6535,238,,,,,,,,
,,,,,412311,834.54553,239,,,,,,,,
,,,,,412597,1014.0958,286,,,,,,,,
,,,,,412802,713.7675,205,,,,,,,,
,,,,,413000,,,-216.28826904296875,-1.2129250764846802,4.451001167297363,214.77951049804688,214.7567138671875,0.0003,0.0003,0.1
,,,,,413034,836.9151,232,,,,,,,,
,,,,,413322,1028.8356,288,,,,,,,,
,,,,,413552,795.69165,230,,,,,,,,
,,,,,413759,721.2262,207,,,,,,,,
,,,,,413958,658.2908,199,,,,,,,,
,,,,,414000,,,-212.41781616210938,-0.9089648127555847,4.593114376068115,211.4847869873047,211.59408569335938,0.0003,0.0003,0.1
,,,,,414178,763.5573,220,,,,,,,,
,,,,,414431,894.9409,253,,,,,,,,
,,,,,414642,730.34106,211,,,,,,,,
,,,,,414851,716.2094,209,,,,,,,,
776.00775,64.84771,883.89105,718.31195,231.5,415000,,,-209.7870330810547,-1.7637274265289307,5.71265983581543,208.88247680664062,208.55809020996094,0.0003,0.0003,0.1
,,,,,415057,707.3688,206,,,,,,,,
,,,,,415269,730.90955,212,,,,,,,,
,,,,,415462,661.5333,193,,,,,,,,
,,,,,415721,917.1249,259,,,,,,,,
,,,,,415967,866.0488,246,,,,,,,,
,,,,,416000,,,-213.4181365966797,-1.2523655891418457,4.044172763824463,211.80856323242188,211.867919921875,0.0003,0.0003,0.1
,,,,,416168,708.14514,201,,,,,,,,
,,,,,416440,957.47656,272,,,,,,,,
,,,,,416693,898.00134,253,,,,,,,,
,,,,,416906,746.9981,213,,,,,,,,
,,,,,417000,,,-209.3931427001953,-1.3078442811965942,6.5748748779296875,208.30380249023438,208.62513732910156,0.0003,0.0003,0.1
,,,,,417136,788.0189,230,,,,,,,,
,,,,,417330,678.9086,194,,,,,,,,
,,,,,417537,721.21405,207,,,,,,,,
,,,,,417759,767.87445,222,,,,,,,,
,,,,,417958,693.34564,199,,,,,,,,
,,,,,418000,,,-206.26869201660156,-1.2801282405853271,4.955293655395508,205.554931640625,205.4420166015625,0.0003,0.0003,0.1
,,,,,418202,824.25146,244,,,,,,,,
,,,,,418417,734.2799,215,,,,,,,,
,,,,,418616,688.4778,199,,,,,,,,
,,,,,418871,824.80145,255,,,,,,,,
,,,,,419000,,,-205.22647094726562,-1.4573053121566772,3.503479242324829,204.6190948486328,204.29356384277344,0.0003,0.0003,0.1
,,,,,419133,928.56573,262,,,,,,,,
,,,,,419340,714.258,207,,,,,,,,
,,,,,419593,901.19196,253,,,,,,,,
,,,,,419861,914.6025,268,,,,,,,,
787.7811,151.03462,1052.8453,566.4483,227.3,420000,,,-211.19998168945312,-1.1425578594207764,28.324081420898438,209.1963653564453,209.48880004882812,0.0003,0.0003,0.1
,,,,,420074,759.6233,213,,,,,,,,
,,,,,420317,869.9576,243,,,,,,,,
,,,,,420537,766.5906,220,,,,,,,,
,,,,,420796,916.5057,259,,,,,,,,
,,,,,421000,,,-208.74002075195312,-1.1435619592666626,5.807092189788818,208.1016845703125,208.79071044921875,0.0003,0.0003,0.1
,,,,,421054,916.1641,258,,,,,,,,
,,,,,421298,864.5986,244,,,,,,,,
,,,,,421516,759.81177,218,,,,,,,,
,,,,,421740,773.49866,224,,,,,,,,
,,,,,421938,689.8512,198,,,,,,,,
,,,,,422000,,,-212.95513916015625,-1.1048301458358765,4.8337602615356445,212.58673095703125,212.45947265625,0.0003,0.0003,0.1
,,,,,422145,714.6623,207,,,,,,,,
,,,,,422329,621.91034,184,,,,,,,,
,,,,,422538,723.491,209,,,,,,,,
,,,,,422781,869.7716,243,,,,,,,,
,,,,,422979,653.81006,198,,,,,,,,
,,,,,423000,,,-210.0920867919922,-1.2118072509765625,6.370905876159668,208.68540954589844,209.18939208984375,0.0003,0.0003,0.1
,,,,,423187,711.6732,208,,,,,,,,
,,,,,423395,721.7372,208,,,,,,,,
,,,,,423610,749.4683,215,,,,,,,,
,,,,,423873,930.7724,263,,,,,,,,
,,,,,424000,,,-214.1226043701172,-0.9208004474639893,112.63790130615234,212.01547241210938,211.87689208984375,0.0003,0.0003,0.1
,,,,,424093,768.78253,220,,,,,,,,
,,,,,424308,759.0124,215,,,,,,,,
,,,,,424530,777.39606,222,,,,,,,,
,,,,,424775,857.38617,245,,,,,,,,
,,,,,424984,722.36053,209,,,,,,,,
907.2871,95.60889,1048.7222,806.4467,267.7,425000,,,-215.01571655273438,-1.0869390964508057,3.9547548294067383,214.09584045410156,214.55850219726562,0.0003,0.0003,0.1
,,,,,425167,620.7454,183,,,,,,,,
,,,,,425398,810.19934,231,,,,,,,,
,,,,,425646,890.62604,248,,,,,,,,
,,,,,425912,920.19977,266,,,,,,,,
,,,,,426000,,,-210.39956665039062,-1.4301705360412598,3.9108974933624268,209.65675354003906,209.80593872070312,0.0003,0.0003,0.1
,,,,,426111,686.3821,199,,,,,,,,
,,,,,426306,650.2579,195,,,,,,,,
,,,,,426526,767.45807,220,,,,,,,,
,,,,,426793,890.7863,267,,,,,,,,
,,,,,426996,725.6813,203,,,,,,,,
,,,,,427000,,,-203.47109985351562,-1.1734163761138916,3.8529562950134277,202.2080841064453,202.37774658203125,0.0003,0.0003,0.1
,,,,,427199,720.96857,203,,,,,,,,
,,,,,427459,856.20526,260,,,,,,,,
,,,,,427661,702.61304,202,,,,,,,,
,,,,,427947,1019.2585,286,,,,,,,,
,,,,,428000,,,-218.95147705078125,-0.9113283753395081,3.566115617752075,218.4756317138672,218.224365234375,0.0003,0.0003,0.1
,,,,,428159,747.70557,212,,,,,,,,
,,,,,428188,41.907707,29,,,,,,,,
,,,,,428400,749.23346,212,,,,,,,,
,,,,,428612,715.6277,212,,,,,,,,
,,,,,428813,695.24744,201,,,,,,,,
,,,,,429000,,,-210.9568634033203,-1.3073136806488037,8.217103004455566,210.77430725097656,209.9940185546875,0.0003,0.0003,0.1
,,,,,429002,627.83636,189,,,,,,,,
,,,,,429012,9.7037945,10,,,,,,,,
,,,,,429215,699.11615,203,,,,,,,,
,,,,,429500,953.66473,285,,,,,,,,
,,,,,429710,713.7659,210,,,,,,,,
776.8761,77.224785,965.95483,674.6962,222.5,430000,,,-214.43179321289062,-0.7956650257110596,7.582644939422607,213.24658203125,213.27108764648438,0.0003,0.0003,0.1
,,,,,430021,1067.5269,311,,,,,,,,
,,,,,430303,958.7594,282,,,,,,,,
,,,,,430549,858.26196,246,,,,,,,,
,,,,,430770,779.0184,221,,,,,,,,
,,,,,431000,,,-206.62661743164062,-1.3308193683624268,3.854351758956909,205.8748779296875,205.9073028564453,0.0003,0.0003,0.1
,,,,,431021,887.7911,251,,,,,,,,
,,,,,431283,911.2051,262,,,,,,,,
,,,,,431326,72.306404,43,,,,,,,,
,,,,,431584,919.5262,258,,,,,,,,
,,,,,431650,131.12697,66,,,,,,,,
,,,,,431874,785.2437,224,,,,,,,,
,,,,,431917,72.500626,43,,,,,,,,
,,,,,432000,,,-209.1221466064453,-1.0885987281799316,5.827569007873535,208.14633178710938,208.56884765625,0.0003,0.0003,0.1
,,,,,432132,753.92,215,,,,,,,,
,,,,,432360,819.8545,228,,,,,,,,
,,,,,432576,761.23285,216,,,,,,,,
,,,,,432642,131.99832,66,,,,,,,,
,,,,,432870,798.43494,228,,,,,,,,
,,,,,433000,,,-216.4178009033203,-1.2034634351730347,3.1756181716918945,215.87728881835938,215.79544067382812,0.0003,0.0003,0.1
,,,,,433075,724.24445,205,,,,,,,,
,,,,,433298,776.7541,223,,,,,,,,
,,,,,433496,675.36084,198,,,,,,,,
,,,,,433711,766.355,215,,,,,,,,
,,,,,433926,747.79004,215,,,,,,,,
,,,,,434000,,,-211.686767578125,-1.2671328783035278,4.034290313720703,210.9686737060547,211.2509765625,0.0003,0.0003,0.1
,,,,,434149,787.4212,223,,,,,,,,
,,,,,434347,684.3889,198,,,,,,,,
,,,,,434598,883.129,251,,,,,,,,
,,,,,434814,758.8868,216,,,,,,,,
734.117,30.184944,798.36426,690.0935,210.4,435000,,,-210.63589477539062,-0.8116433620452881,3.8061647415161133,210.16555786132812,210.15121459960938,0.0003,0.0003,0.1
,,,,,435096,991.6696,282,,,,,,,,
,,,,,435327,809.3312,231,,,,,,,,
,,,,,435586,874.021,259,,,,,,,,
,,,,,435868,983.90936,282,,,,,,,,
,,,,,436000,,,-214.93328857421875,-1.2240267992019653,99.084228515625,212.92031860351562,212.31910705566406,0.0003,0.0003,0.1
,,,,,436161,965.6346,293,,,,,,,,
,,,,,436390,807.75793,229,,,,,,,,
,,,,,436681,1043.2218,291,,,,,,,,
,,,,,436895,729.51697,214,,,,,,,,
,,,,,437000,,,-214.83578491210938,-0.8595536947250366,3.6122725009918213,214.28311157226562,214.40524291992188,0.0003,0.0003,0.1
,,,,,437117,779.82587,222,,,,,,,,
,,,,,437367,894.53326,250,,,,,,,,
,,,,,437579,752.62427,212,,,,,,,,
,,,,,437799,718.1429,220,,,,,,,,
,,,,,438000,,,-211.34918212890625,-1.0639543533325195,2.83600115776062,210.8909912109375,210.6376953125,0.0003,0.0003,0.1
,,,,,438010,706.7444,211,,,,,,,,
,,,,,438235,818.06934,225,,,,,,,,
,,,,,438451,760.7623,216,,,,,,,,
,,,,,438651,697.1307,200,,,,,,,,
,,,,,438872,780.4189,221,,,,,,,,
,,,,,439000,,,-215.39047241210938,-1.0924090147018433,2.836879014968872,214.9091796875,214.85264587402344,0.0003,0.0003,0.1
,,,,,439157,966.6161,285,,,,,,,,
,,,,,439394,830.9814,237,,,,,,,,
,,,,,439620,814.6855,226,,,,,,,,
,,,,,439853,806.77814,233,,,,,,,,
,,,,,439912,112.81929,59,,,,,,,,
834.31494,34.12864,880.0728,776.6609,237.6,440000,,,-205.81307983398438,-1.112800121307373,4.480860233306885,202.72360229492188,203.07659912109375,0.0003,0.0003,0.1
,,,,,440146,823.70074,234,,,,,,,,
,,,,,440384,837.28235,238,,,,,,,,
,,,,,440656,959.45135,272,,,,,,,,
,,,,,440913,895.36206,257,,,,,,,,
,,,,,441000,,,-212.12393188476562,-1.2511709928512573,4.99627685546875,210.17794799804688,210.19911193847656,0.0003,0.0003,0.1
,,,,,441104,583.94794,191,,,,,,,,
,,,,,441118,15.4697,14,,,,,,,,
,,,,,441337,783.08276,219,,,,,,,,
,,,,,441557,784.7842,220,,,,,,,,
,,,,,441823,899.07965,266,,,,,,,,
,,,,,442000,,,-217.52027893066406,-1.2256717681884766,2.996772050857544,216.87510681152344,216.7794189453125,0.0003,0.0003,0.1
,,,,,442034,728.6972,211,,,,,,,,
,,,,,442313,971.9832,279,,,,,,,,
,,,,,442529,739.4581,216,,,,,,,,
,,,,,442777,863.9823,248,,,,,,,,
,,,,,443000,,,-213.68316650390625,-1.061462640762329,4.082052230834961,212.91677856445312,212.51316833496094,0.0003,0.0003,0.1
,,,,,443015,840.6364,238,,,,,,,,
,,,,,443276,922.0299,261,,,,,,,,
,,,,,443545,935.04987,269,,,,,,,,
,,,,,443821,958.3382,276,,,,,,,,
,,,,,444000,,,-215.47079467773438,-0.991003155708313,3.0027735233306885,214.8582763671875,214.84365844726562,0.0003,0.0003,0.1
,,,,,444063,854.17975,242,,,,,,,,
,,,,,444249,567.67615,186,,,,,,,,
,,,,,444520,952.92773,271,,,,,,,,
,,,,,444731,736.0433,211,,,,,,,,
,,,,,444960,819.47614,229,,,,,,,,
822.0861,82.631424,969.63904,665.10144,236.6,445000,,,-212.24200439453125,-0.8390425443649292,3.973043918609619,211.19558715820312,211.1081085205078,0.0003,0.0003,0.1
,,,,,445180,792.6166,220,,,,,,,,
,,,,,445394,757.1229,214,,,,,,,,
,,,,,445609,775.5666,215,,,,,,,,
,,,,,445881,910.7759,272,,,,,,,,
,,,,,446000,,,-211.20924377441406,-1.0281453132629395,282.4744567871094,210.58944702148438,209.87661743164062,0.0003,0.0003,0.1
,,,,,446148,912.14667,267,,,,,,,,
,,,,,446412,899.26215,264,,,,,,,,
,,,,,446653,855.09985,241,,,,,,,,
,,,,,446866,755.2345,213,,,,,,,,
,,,,,447000,,,-214.55801391601562,-0.8036344051361084,8.35324764251709,213.96487426757812,213.8798065185547,0.0003,0.0003,0.1
,,,,,447084,759.4087,218,,,,,,,,
,,,,,447309,781.7826,225,,,,,,,,
,,,,,447510,706.93976,201,,,,,,,,
,,,,,447698,575.47046,188,,,,,,,,
,,,,,447979,950.62427,281,,,,,,,,
,,,,,448000,,,-219.2821044921875,-1.6233751773834229,4.793684482574463,218.5614471435547,218.65899658203125,0.0003,0.0003,0.1
,,,,,448234,921.62384,255,,,,,,,,
,,,,,448483,851.04675,249,,,,,,,,
,,,,,448702,764.85815,219,,,,,,,,
,,,,,448914,748.2057,212,,,,,,,,
,,,,,449000,,,-217.41860961914062,-1.0633504390716553,17.384666442871094,216.09832763671875,215.552978515625,0.0003,0.0003,0.1
,,,,,449198,963.7995,284,,,,,,,,
,,,,,449421,798.5858,223,,,,,,,,
,,,,,449638,773.92334,217,,,,,,,,
,,,,,449859,784.33185,221,,,,,,,,
865.847,71.76478,975.64453,767.0759,247.9,450000,,,-215.8151397705078,-0.9166960716247559,6.289418697357178,214.49046325683594,214.5792999267578,0.0003,0.0003,0.1
,,,,,450133,917.0286,274,,,,,,,,
,,,,,450346,746.3176,213,,,,,,,,
,,,,,450621,937.86017,275,,,,,,,,
,,,,,450892,909.725,271,,,,,,,,
,,,,,451000,,,-203.69635009765625,-1.5705180168151855,2.645364761352539,203.34715270996094,203.3554229736328,0.0003,0.0003,0.1
,,,,,451171,935.527,279,,,,,,,,
,,,,,451444,930.67883,273,,,,,,,,
,,,,,451669,821.2558,225,,,,,,,,
,,,,,451888,782.5596,219,,,,,,,,
,,,,,452000,,,-215.16793823242188,-1.4621756076812744,2.601975917816162,214.7855224609375,214.6055908203125,0.0003,0.0003,0.1
,,,,,452151,926.3053,263,,,,,,,,
,,,,,452427,979.52484,276,,,,,,,,
,,,,,452687,912.5531,260,,,,,,,,
,,,,,452905,769.17847,218,,,,,,,,
,,,,,453000,,,-217.80694580078125,-1.0991984605789185,2.8791441917419434,217.40625,217.2080841064453,0.0003,0.0003,0.1
,,,,,453136,833.74567,231,,,,,,,,
,,,,,453353,781.4165,217,,,,,,,,
,,,,,453607,907.20996,254,,,,,,,,
,,,,,453807,697.0424,200,,,,,,,,
,,,,,454000,,,-209.78018188476562,-1.0576106309890747,6.069195747375488,209.273193359375,208.4423828125,0.0003,0.0003,0.1
,,,,,454053,863.6295,246,,,,,,,,
,,,,,454280,794.5138,227,,,,,,,,
,,,,,454521,865.5104,241,,,,,,,,
,,,,,454816,986.6959,295,,,,,,,,
869.9044,61.356083,997.1249,762.7213,250.2,455000,,,-213.639892578125,-0.7503015995025635,2.052107572555542,213.22756958007812,213.42044067382812,0.0003,0.0003,0.1
,,,,,455081,890.5109,265,,,,,,,,
,,,,,455351,958.40955,270,,,,,,,,
,,,,,455577,816.57623,226,,,,,,,,
,,,,,455846,931.0356,269,,,,,,,,
,,,,,455868,29.636189,22,,,,,,,,
,,,,,456000,,,-213.91412353515625,-0.9045935869216919,2.8976173400878906,213.24493408203125,213.43212890625,0.0003,0.0003,0.1
,,,,,456091,795.59106,223,,,,,,,,
,,,,,456294,719.0483,203,,,,,,,,
,,,,,456496,706.4097,202,,,,,,,,
,,,,,456772,969.1321,276,,,,,,,,
,,,,,457000,,,-211.862548828125,-1.2000389099121094,14.792521476745605,209.89993286132812,209.3538055419922,0.0003,0.0003,0.1
,,,,,457043,972.4383,271,,,,,,,,
,,,,,457296,913.55884,253,,,,,,,,
,,,,,457533,842.46625,237,,,,,,,,
,,,,,457813,1001.3164,280,,,,,,,,
,,,,,458000,,,-215.07339477539062,-1.205207347869873,10.652505874633789,213.65924072265625,213.61976623535156,0.0003,0.0003,0.1
,,,,,458057,881.59406,244,,,,,,,,
,,,,,458293,837.46375,236,,,,,,,,
,,,,,458531,849.4261,238,,,,,,,,
,,,,,458747,771.92163,216,,,,,,,,
,,,,,458960,748.8953,213,,,,,,,,
,,,,,459000,,,-212.2259063720703,-1.2189399003982544,7.764442443847656,210.12399291992188,209.88455200195312,0.0003,0.0003,0.1
,,,,,459194,837.83844,234,,,,,,,,
,,,,,459454,928.8476,260,,,,,,,,
,,,,,459671,768.0961,217,,,,,,,,
,,,,,459941,961.93866,270,,,,,,,,
1135.6035,436.78293,2283.279,863.7841,340.8,460000,,,-213.1725616455078,-1.1269257068634033,2.908432960510254,212.79074096679688,212.9063720703125,0.0003,0.0003,0.1
,,,,,460215,949.52655,274,,,,,,,,
,,,,,460472,860.5133,257,,,,,,,,
,,,,,460745,956.9823,273,,,,,,,,
,,,,,460982,848.275,237,,,,,,,,
,,,,,461000,,,-215.02000427246094,-0.6755567789077759,2.6196413040161133,214.54135131835938,214.808837890625,0.0003,0.0003,0.1
,,,,,461262,979.79083,280,,,,,,,,
,,,,,461535,926.73645,273,,,,,,,,
,,,,,461778,895.9662,243,,,,,,,,
,,,,,462000,,,-213.3097381591797,-1.157763957977295,2.74778151512146,211.8136749267578,211.9502716064453,0.0003,0.0003,0.1
,,,,,462037,900.1704,259,,,,,,,,
,,,,,462267,818.9635,230,,,,,,,,
,,,,,462461,673.56445,194,,,,,,,,
,,,,,462747,936.97406,286,,,,,,,,
,,,,,462978,811.72003,231,,,,,,,,
,,,,,463000,,,-216.7265167236328,-1.194879174232483,4.614580154418945,215.94464111328125,215.87075805664062,0.0003,0.0003,0.1
,,,,,463225,861.7251,247,,,,,,,,
,,,,,463510,974.877,285,,,,,,,,
,,,,,463772,899.0657,262,,,,,,,,
,,,,,464000,,,-212.01185607910156,-1.236086368560791,3.656557559967041,211.32940673828125,211.33538818359375,0.0003,0.0003,0.1
,,,,,464051,994.44904,279,,,,,,,,
,,,,,464288,853.10913,237,,,,,,,,
,,,,,464515,815.8211,227,,,,,,,,
,,,,,464730,760.10095,215,,,,,,,,
,,,,,464988,915.8282,258,,,,,,,,
814.6654,71.35448,922.1705,715.8461,231.8,465000,,,-216.8487548828125,-1.2281162738800049,4.447985649108887,215.4867706298828,215.31626892089844,0.0003,0.0003,0.1
,,,,,465200,769.62836,212,,,,,,,,
,,,,,465428,824.31177,228,,,,,,,,
,,,,,465696,941.3741,268,,,,,,,,
,,,,,465978,983.19073,282,,,,,,,,
,,,,,466000,,,-215.0806884765625,-1.1334525346755981,4.169927597045898,214.4905548095703,214.36862182617188,0.0003,0.0003,0.1
,,,,,466213,850.04395,235,,,,,,,,
,,,,,466514,1034.9961,301,,,,,,,,
,,,,,466758,859.04193,244,,,,,,,,
,,,,,466984,801.60834,226,,,,,,,,
,,,,,467000,,,-218.129638671875,-1.2655389308929443,11.091856956481934,216.46763610839844,216.78179931640625,0.0003,0.0003,0.1
,,,,,467244,936.00665,260,,,,,,,,
,,,,,467526,996.90204,282,,,,,,,,
,,,,,467734,742.41754,208,,,,,,,,
,,,,,467757,30.551489,23,,,,,,,,
,,,,,468000,,,-219.0069580078125,-1.2472598552703857,5.136763572692871,218.36367797851562,218.4827880859375,0.0003,0.0003,0.1
,,,,,468027,910.8502,270,,,,,,,,
,,,,,468262,829.20166,235,,,,,,,,
,,,,,468466,719.2278,204,,,,,,,,
,,,,,468694,810.3079,228,,,,,,,,
,,,,,468926,822.0086,232,,,,,,,,
,,,,,469000,,,-221.12744140625,-1.070172667503357,2.812999725341797,220.78921508789062,220.81752014160156,0.0003,0.0003,0.1
,,,,,469148,783.0848,222,,,,,,,,
,,,,,469429,971.4591,281,,,,,,,,
,,,,,469482,96.19343,53,,,,,,,,
,,,,,469761,970.4531,279,,,,,,,,
914.43274,138.71239,1161.5448,746.807,265.2,470000,,,-206.1647491455078,-1.3223007917404175,3.116730213165283,205.3497772216797,205.74923706054688,0.0003,0.0003,0.1
,,,,,470118,1219.6827,357,,,,,,,,
,,,,,470379,918.2113,261,,,,,,,,
,,,,,470733,1154.5563,354,,,,,,,,
,,,,,470995,937.813,262,,,,,,,,
,,,,,471000,,,-215.3041534423828,-1.0821094512939453,4.655580997467041,214.7061767578125,214.6219482421875,0.0003,0.0003,0.1
,,,,,471249,857.9343,254,,,,,,,,
,,,,,471587,1148.6893,338,,,,,,,,
,,,,,471848,909.0,261,,,,,,,,
,,,,,472000,,,-212.2349853515625,-1.1016522645950317,4.769127368927002,211.49337768554688,211.724853515625,0.0003,0.0003,0.1
,,,,,472075,825.05054,227,,,,,,,,
,,,,,472353,953.0673,278,,,,,,,,
,,,,,472637,971.1926,284,,,,,,,,
,,,,,472923,978.63,286,,,,,,,,
,,,,,473000,,,-212.01385498046875,-1.150883674621582,8.776516914367676,211.36077880859375,211.28868103027344,0.0003,0.0003,0.1
,,,,,473156,822.214,233,,,,,,,,
,,,,,473404,861.3928,248,,,,,,,,
,,,,,473682,937.3477,278,,,,,,,,
,,,,,473997,1076.223,315,,,,,,,,
,,,,,474000,,,-214.31283569335938,-1.209179162979126,2.397533655166626,214.00567626953125,213.99343872070312,0.0003,0.0003,0.1
,,,,,474251,921.902,254,,,,,,,,
,,,,,474479,803.9513,228,,,,,,,,
,,,,,474733,904.458,254,,,,,,,,
,,,,,474990,892.16547,257,,,,,,,,
891.8374,111.133156,1122.3757,710.49207,256.7,475000,,,-217.55606079101562,-1.051607370376587,11.025005340576172,216.7005157470703,216.89764404296875,0.0003,0.0003,0.1
,,,,,475331,1215.8496,341,,,,,,,,
,,,,,475604,930.6848,273,,,,,,,,
,,,,,475863,911.1355,259,,,,,,,,
,,,,,476000,,,-212.59585571289062,-1.113647222518921,3.191551446914673,212.06488037109375,212.15866088867188,0.0003,0.0003,0.1
,,,,,476378,1731.7015,515,,,,,,,,
,,,,,476657,920.4765,279,,,,,,,,
,,,,,476918,937.34015,261,,,,,,,,
,,,,,477000,,,-210.743408203125,-1.3944637775421143,3.887233018875122,209.68963623046875,209.75953674316406,0.0003,0.0003,0.1
,,,,,477203,1000.30237,285,,,,,,,,
,,,,,477478,975.481,275,,,,,,,,
,,,,,477760,964.7923,282,,,,,,,,
,,,,,478000,,,-209.66500854492188,-1.0961647033691406,9.710565567016602,208.12753295898438,208.0330047607422,0.0003,0.0003,0.1
,,,,,478033,937.48376,273,,,,,,,,
,,,,,478374,1205.2041,341,,,,,,,,
,,,,,478659,964.2283,285,,,,,,,,
,,,,,478936,989.1826,277,,,,,,,,
,,,,,479000,,,-219.8653564453125,-0.7512049078941345,1.7318038940429688,219.49734497070312,219.50985717773438,0.0003,0.0003,0.1
,,,,,479131,572.92645,195,,,,,,,,
,,,,,479406,954.7665,275,,,,,,,,
,,,,,479614,727.17,208,,,,,,,,
,,,,,479860,895.28656,246,,,,,,,,
866.3758,87.54208,983.58075,764.7964,243.0,480000,,,-214.55294799804688,-1.0166994333267212,5.409880638122559,213.9110107421875,213.88430786132812,0.0003,0.0003,0.1
,,,,,480134,977.2674,274,,,,,,,,
,,,,,480400,913.5961,266,,,,,,,,
,,,,,480656,912.9136,256,,,,,,,,
,,,,,480917,948.7619,261,,,,,,,,
,,,,,481000,,,-215.85459899902344,-0.8012378811836243,2.502718925476074,215.40533447265625,215.21722412109375,0.0003,0.0003,0.1
,,,,,481195,956.65094,278,,,,,,,,
,,,,,481471,983.08936,276,,,,,,,,
,,,,,481747,974.15845,276,,,,,,,,
,,,,,481974,809.1195,227,,,,,,,,
,,,,,482000,,,-213.76278686523438,-1.2814548015594482,3.846815586090088,213.1802978515625,212.9888916015625,0.0003,0.0003,0.1
,,,,,482207,816.75745,233,,,,,,,,
,,,,,482473,965.4491,266,,,,,,,,
,,,,,482732,898.61847,259,,,,,,,,
,,,,,482989,917.31494,257,,,,,,,,
,,,,,483000,,,-215.51785278320312,-1.0455121994018555,3.4250056743621826,214.96820068359375,214.71856689453125,0.0003,0.0003,0.1
,,,,,483264,980.06366,275,,,,,,,,
,,,,,483543,975.9489,279,,,,,,,,
,,,,,483804,887.5656,261,,,,,,,,
,,,,,484000,,,-216.44642639160156,-1.172398567199707,11.98607349395752,215.57350158691406,216.4479217529297,0.0003,0.0003,0.1
,,,,,484087,948.6958,283,,,,,,,,
,,,,,484417,1178.3402,330,,,,,,,,
,,,,,484703,1014.2944,286,,,,,,,,
,,,,,484964,950.0403,261,,,,,,,,
907.43085,20.361895,928.8893,856.86597,260.3,485000,,,-223.32254028320312,-1.0891319513320923,9.588841438293457,222.8190155029297,222.9273681640625,0.0003,0.0003,0.1
,,,,,485250,988.135,286,,,,,,,,
,,,,,485652,1423.6609,402,,,,,,,,
,,,,,485930,982.13574,278,,,,,,,,
,,,,,486000,,,-222.28961181640625,-0.9498058557510376,4.89157247543335,220.82275390625,221.16122436523438,0.0003,0.0003,0.1
,,,,,486216,1016.3252,286,,,,,,,,
,,,,,486535,1149.4738,319,,,,,,,,
,,,,,486792,899.11224,257,,,,,,,,
,,,,,487000,,,-219.03558349609375,-1.1912651062011719,181.87686157226562,218.48089599609375,217.73452758789062,0.0003,0.0003,0.1
,,,,,487147,1158.3662,355,,,,,,,,
,,,,,487412,937.3301,265,,,,,,,,
,,,,,487635,805.1118,223,,,,,,,,
,,,,,487898,934.58923,263,,,,,,,,
,,,,,488000,,,-212.39297485351562,-1.0634205341339111,2.447800636291504,211.90408325195312,211.6253662109375,0.0003,0.0003,0.1
,,,,,488141,871.23785,243,,,,,,,,
,,,,,488399,937.1373,258,,,,,,,,
,,,,,488674,951.57367,275,,,,,,,,
,,,,,488944,907.31537,270,,,,,,,,
,,,,,489000,,,-211.52850341796875,-1.1417385339736938,5.046385765075684,210.82730102539062,210.48411560058594,0.0003,0.0003,0.1
,,,,,489175,781.57465,231,,,,,,,,
,,,,,489448,968.23206,273,,,,,,,,
,,,,,489717,940.9377,269,,,,,,,,
,,,,,489992,958.7112,275,,,,,,,,
940.0579,123.70232,1260.0743,805.1788,264.2,490000,,,-220.82769775390625,-1.2462507486343384,3.058802604675293,220.25537109375,220.1387939453125,0.0003,0.0003,0.1
,,,,,490282,1007.1223,290,,,,,,,,
,,,,,490630,1201.6549,348,,,,,,,,
,,,,,490919,988.1616,289,,,,,,,,
,,,,,491000,,,-219.84658813476562,-1.8456631898880005,12.442397117614746,217.95362854003906,218.1019287109375,0.0003,0.0003,0.1
,,,,,491193,972.198,274,,,,,,,,
,,,,,491470,969.6885,277,,,,,,,,
,,,,,491825,1197.5457,355,,,,,,,,
,,,,,492000,,,-217.88673400878906,-1.2836387157440186,3.568809747695923,217.2412109375,217.14520263671875,0.0003,0.0003,0.1
,,,,,492205,1284.7224,380,,,,,,,,
,,,,,492553,1274.4305,348,,,,,,,,
,,,,,492820,939.84424,267,,,,,,,,
,,,,,493000,,,-215.19000244140625,-0.9199828505516052,3.419919490814209,214.12313842773438,214.15708923339844,0.0003,0.0003,0.1
,,,,,493065,880.9478,245,,,,,,,,
,,,,,493304,855.68256,239,,,,,,,,
,,,,,493558,902.016,254,,,,,,,,
,,,,,493814,925.7539,256,,,,,,,,
,,,,,494000,,,-217.43777465820312,-1.2194074392318726,2.2989931106567383,216.12596130371094,216.25244140625,0.0003,0.0003,0.1
,,,,,494170,1231.3342,356,,,,,,,,
,,,,,494474,1028.607,304,,,,,,,,
,,,,,494710,846.51245,236,,,,,,,,
,,,,,494919,742.8424,209,,,,,,,,
931.5583,44.20839,987.4005,854.30493,266.8,495000,,,-220.51498413085938,-1.2038590908050537,4.810469150543213,219.95530700683594,219.283447265625,0.0003,0.0003,0.1
,,,,,495174,903.8282,255,,,,,,,,
,,,,,495497,1166.0154,323,,,,,,,,
,,,,,495774,986.632,277,,,,,,,,
,,,,,496000,,,-211.63880920410156,-1.1782130002975464,11.162832260131836,210.81353759765625,209.94187927246094,0.0003,0.0003,0.1
,,,,,496035,932.1097,261,,,,,,,,
,,,,,496286,864.8031,251,,,,,,,,
,,,,,496764,1635.1624,478,,,,,,,,
,,,,,497000,,,-209.81161499023438,-1.1991515159606934,30.53464126586914,208.29139709472656,208.15542602539062,0.0003,0.0003,0.1
,,,,,497124,1191.6641,360,,,,,,,,
,,,,,497381,948.3937,257,,,,,,,,
,,,,,497730,1048.5851,349,,,,,,,,
,,,,,498000,,,-213.7445526123047,-0.9289312362670898,3.1330699920654297,212.68421936035156,212.82363891601562,0.0003,0.0003,0.1
,,,,,498025,1025.8251,295,,,,,,,,
,,,,,498290,953.36786,265,,,,,,,,
,,,,,498609,1143.4591,319,,,,,,,,
,,,,,498975,1259.2125,366,,,,,,,,
,,,,,498989,14.99627,14,,,,,,,,
,,,,,499000,,,-216.2647705078125,-1.3791477680206299,3.7383384704589844,215.50294494628906,215.4860382080078,0.0003,0.0003,0.1
,,,,,499003,15.353876,14,,,,,,,,
,,,,,499413,1385.7614,410,,,,,,,,
,,,,,499687,952.61676,274,,,,,,,,
,,,,,499958,950.60614,271,,,,,,,,
