Eval_AverageReturn,Eval_StdReturn,Eval_MaxReturn,Eval_MinReturn,Eval_AverageEpLen,step,Train_EpisodeReturn,Train_EpisodeLen,actor_loss,entropy,critic_loss,q_values,target_values,actor_lr,critic_lr,temperature
-246.53531,60.5595,-153.54536,-358.3047,1000.0,0,,,,,,,,,,
,,,,,999,-294.56894,1000,,,,,,,,
,,,,,1999,-221.92784,1000,,,,,,,,
,,,,,2999,-293.84332,1000,,,,,,,,
,,,,,3999,-242.55539,1000,,,,,,,,
,,,,,4999,-85.75694,1000,,,,,,,,
-254.1036,54.792595,-170.60481,-382.62033,1000.0,5000,,,,,,,,,,
,,,,,5999,-259.5869,1000,,,,,,,,
,,,,,6999,-237.7366,1000,,,,,,,,
,,,,,7999,-216.97392,1000,,,,,,,,
,,,,,8999,-197.33554,1000,,,,,,,,
,,,,,9999,-241.28778,1000,,,,,,,,
-233.84854,97.00125,-113.45844,-460.03418,1000.0,10000,,,-0.34817737340927124,3.714078903198242,0.4655998945236206,-0.022960806265473366,0.1044398844242096,0.0003,0.0003,0.1
,,,,,10999,-219.82466,1000,,,,,,,,
,,,,,11000,,,-2.3923962116241455,2.5445547103881836,0.4704604148864746,1.7085001468658447,1.6692314147949219,0.0003,0.0003,0.1
,,,,,11999,-203.81282,1000,,,,,,,,
,,,,,12000,,,-4.181764602661133,2.9503369331359863,0.6833773851394653,3.5547354221343994,3.6308999061584473,0.0003,0.0003,0.1
,,,,,12999,-232.31987,1000,,,,,,,,
,,,,,13000,,,-6.026125907897949,2.0559678077697754,0.7501745223999023,5.1700849533081055,5.111417293548584,0.0003,0.0003,0.1
,,,,,13999,-172.52972,1000,,,,,,,,
,,,,,14000,,,-8.560440063476562,2.0642006397247314,0.7723478078842163,7.725573539733887,7.879555702209473,0.0003,0.0003,0.1
,,,,,14999,-193.30855,1000,,,,,,,,
-140.75285,33.370846,-62.147076,-189.31607,1000.0,15000,,,-11.23105239868164,2.0000758171081543,0.5180032849311829,10.312825202941895,10.419330596923828,0.0003,0.0003,0.1
,,,,,15999,-209.3885,1000,,,,,,,,
,,,,,16000,,,-13.16718578338623,2.265789031982422,0.5662728548049927,12.268533706665039,12.426010131835938,0.0003,0.0003,0.1
,,,,,16999,-127.37692,1000,,,,,,,,
,,,,,17000,,,-14.936687469482422,2.268340587615967,0.49477052688598633,14.135587692260742,14.16435718536377,0.0003,0.0003,0.1
,,,,,17999,411.49948,1000,,,,,,,,
,,,,,18000,,,-16.444353103637695,2.287235736846924,0.3953232169151306,15.717952728271484,15.930537223815918,0.0003,0.0003,0.1
,,,,,18999,-18.806105,1000,,,,,,,,
,,,,,19000,,,-19.316627502441406,1.9708325862884521,0.46359896659851074,18.586650848388672,18.538572311401367,0.0003,0.0003,0.1
,,,,,19999,-69.168396,1000,,,,,,,,
865.08234,169.21397,1009.238,391.49988,1000.0,20000,,,-19.89752960205078,1.9515156745910645,0.4933357238769531,19.068082809448242,18.99738311767578,0.0003,0.0003,0.1
,,,,,20999,1001.9787,1000,,,,,,,,
,,,,,21000,,,-23.03237533569336,1.8282749652862549,0.38690829277038574,22.251461029052734,22.262042999267578,0.0003,0.0003,0.1
,,,,,21999,1111.7164,1000,,,,,,,,
,,,,,22000,,,-25.766956329345703,1.5324807167053223,0.5075785517692566,24.966707229614258,24.865365982055664,0.0003,0.0003,0.1
,,,,,22999,1160.7264,1000,,,,,,,,
,,,,,23000,,,-29.66204071044922,1.3289157152175903,0.43601077795028687,28.801231384277344,28.692541122436523,0.0003,0.0003,0.1
,,,,,23999,1323.6307,1000,,,,,,,,
,,,,,24000,,,-33.48624038696289,1.0277705192565918,0.4404084086418152,32.59745788574219,32.60821533203125,0.0003,0.0003,0.1
,,,,,24999,970.8675,1000,,,,,,,,
1076.768,494.2798,1534.5809,404.12958,1000.0,25000,,,-37.08669662475586,1.0108327865600586,0.4492916464805603,36.18344497680664,36.35221481323242,0.0003,0.0003,0.1
,,,,,25999,654.0063,1000,,,,,,,,
,,,,,26000,,,-39.84632110595703,0.4430915117263794,0.5416741371154785,38.93110275268555,38.98006820678711,0.0003,0.0003,0.1
,,,,,26999,529.0485,1000,,,,,,,,
,,,,,27000,,,-40.21411895751953,0.24476516246795654,0.5976380705833435,39.416465759277344,39.28139877319336,0.0003,0.0003,0.1
,,,,,27999,1621.7417,1000,,,,,,,,
,,,,,28000,,,-44.58564758300781,-0.047654666006565094,0.6301946640014648,43.455692291259766,43.631256103515625,0.0003,0.0003,0.1
,,,,,28999,1610.0668,1000,,,,,,,,
,,,,,29000,,,-49.43291473388672,0.36351361870765686,0.661130428314209,48.512840270996094,48.573974609375,0.0003,0.0003,0.1
,,,,,29999,1328.5806,1000,,,,,,,,
1507.0973,475.98645,1889.1053,667.5291,1000.0,30000,,,-56.64793395996094,-0.07137274742126465,0.5001571178436279,55.574974060058594,55.586997985839844,0.0003,0.0003,0.1
,,,,,30999,1158.7072,1000,,,,,,,,
,,,,,31000,,,-58.64313507080078,0.1257024109363556,0.4825113117694855,57.65131759643555,57.629058837890625,0.0003,0.0003,0.1
,,,,,31999,1744.7938,1000,,,,,,,,
,,,,,32000,,,-65.11009216308594,-0.05807145684957504,0.632217526435852,64.09331512451172,64.11205291748047,0.0003,0.0003,0.1
,,,,,32999,630.44324,1000,,,,,,,,
,,,,,33000,,,-67.48075866699219,0.05474972352385521,0.5546082854270935,66.52153778076172,66.70957946777344,0.0003,0.0003,0.1
,,,,,33999,783.46075,1000,,,,,,,,
,,,,,34000,,,-69.75083923339844,-0.03877536579966545,0.6408684253692627,68.89081573486328,68.70645141601562,0.0003,0.0003,0.1
,,,,,34999,1979.0507,1000,,,,,,,,
1980.5674,41.500225,2050.1853,1895.0214,1000.0,35000,,,-73.67455291748047,-0.3107779026031494,0.9122692346572876,72.65318298339844,72.7781982421875,0.0003,0.0003,0.1
,,,,,35999,2065.3794,1000,,,,,,,,
,,,,,36000,,,-73.26725769042969,-0.019377365708351135,0.5369588732719421,72.17178344726562,72.24946594238281,0.0003,0.0003,0.1
,,,,,36999,2016.3131,1000,,,,,,,,
,,,,,37000,,,-80.76008605957031,-0.13401912152767181,0.6710970997810364,79.78953552246094,79.74579620361328,0.0003,0.0003,0.1
,,,,,37999,707.59717,1000,,,,,,,,
,,,,,38000,,,-81.403564453125,-0.18947625160217285,0.6254222989082336,80.27703857421875,80.27214050292969,0.0003,0.0003,0.1
,,,,,38999,2103.3628,1000,,,,,,,,
,,,,,39000,,,-89.37897491455078,-0.3220469653606415,0.6734858751296997,88.29163360595703,88.3762435913086,0.0003,0.0003,0.1
,,,,,39999,2135.6926,1000,,,,,,,,
1870.9303,428.52106,2155.9465,846.7465,1000.0,40000,,,-90.97102355957031,-0.19902044534683228,0.5730469226837158,90.09878540039062,90.14028930664062,0.0003,0.0003,0.1
,,,,,40999,2135.2112,1000,,,,,,,,
,,,,,41000,,,-93.84185791015625,-0.33194291591644287,0.6458494663238525,93.05076599121094,92.93730163574219,0.0003,0.0003,0.1
,,,,,41999,2071.8057,1000,,,,,,,,
,,,,,42000,,,-97.29043579101562,-0.2181643396615982,0.6309140920639038,96.45558166503906,96.33197021484375,0.0003,0.0003,0.1
,,,,,42999,888.7089,1000,,,,,,,,
,,,,,43000,,,-99.67865753173828,-0.34047579765319824,0.6972034573554993,98.70620727539062,98.70230102539062,0.0003,0.0003,0.1
,,,,,43999,2214.3943,1000,,,,,,,,
,,,,,44000,,,-105.41510772705078,-0.831994891166687,0.5723339915275574,104.44061279296875,104.44029235839844,0.0003,0.0003,0.1
,,,,,44999,2118.3445,1000,,,,,,,,
2189.1902,58.826077,2280.774,2085.1936,1000.0,45000,,,-107.41925811767578,-0.7240222692489624,0.588710606098175,106.54923248291016,106.49494934082031,0.0003,0.0003,0.1
,,,,,45999,2240.3877,1000,,,,,,,,
,,,,,46000,,,-111.88884735107422,-0.48148059844970703,0.5336936116218567,110.98017883300781,111.14386749267578,0.0003,0.0003,0.1
,,,,,46999,2260.5752,1000,,,,,,,,
,,,,,47000,,,-115.92485046386719,-0.8062449097633362,0.5417648553848267,115.09185791015625,115.16786193847656,0.0003,0.0003,0.1
,,,,,47999,2366.1375,1000,,,,,,,,
,,,,,48000,,,-114.81382751464844,-0.8623160123825073,0.7549337148666382,113.80598449707031,113.96726989746094,0.0003,0.0003,0.1
,,,,,48999,2325.1653,1000,,,,,,,,
,,,,,49000,,,-120.8135986328125,-1.0394084453582764,0.7310929298400879,119.86180877685547,119.96711730957031,0.0003,0.0003,0.1
,,,,,49999,1102.4011,1000,,,,,,,,
2313.3164,149.05688,2404.8354,1878.9731,1000.0,50000,,,-119.39358520507812,-0.42571771144866943,0.7874236702919006,118.48860931396484,118.67315673828125,0.0003,0.0003,0.1
,,,,,50999,2219.6763,1000,,,,,,,,
,,,,,51000,,,-124.43946838378906,-0.496083527803421,0.49798449873924255,123.53096771240234,123.55047607421875,0.0003,0.0003,0.1
,,,,,51999,2428.394,1000,,,,,,,,
,,,,,52000,,,-129.057861328125,-1.038019061088562,0.6000086069107056,128.14727783203125,128.06997680664062,0.0003,0.0003,0.1
,,,,,52999,2513.3428,1000,,,,,,,,
,,,,,53000,,,-130.63372802734375,-0.8907893896102905,0.7627272009849548,129.81173706054688,129.87118530273438,0.0003,0.0003,0.1
,,,,,53999,1778.5332,1000,,,,,,,,
,,,,,54000,,,-134.11300659179688,-0.6651370525360107,0.5615129470825195,133.24539184570312,133.20001220703125,0.0003,0.0003,0.1
,,,,,54999,2607.8215,1000,,,,,,,,
2616.565,40.25359,2667.3513,2544.863,1000.0,55000,,,-141.52191162109375,-0.9293721914291382,0.6184382438659668,140.525390625,140.5172119140625,0.0003,0.0003,0.1
,,,,,55999,2489.03,1000,,,,,,,,
,,,,,56000,,,-138.32327270507812,-1.30012845993042,0.5357123017311096,137.47508239746094,137.43289184570312,0.0003,0.0003,0.1
,,,,,56999,2695.4426,1000,,,,,,,,
,,,,,57000,,,-146.1125030517578,-1.0421462059020996,0.6281057596206665,145.28431701660156,145.20938110351562,0.0003,0.0003,0.1
,,,,,57999,2646.3582,1000,,,,,,,,
,,,,,58000,,,-146.59396362304688,-1.1070258617401123,1.1086384057998657,145.61288452148438,145.61883544921875,0.0003,0.0003,0.1
,,,,,58999,2704.794,1000,,,,,,,,
,,,,,59000,,,-150.89590454101562,-1.1884140968322754,0.5976699590682983,150.10032653808594,150.03408813476562,0.0003,0.0003,0.1
,,,,,59999,2772.5654,1000,,,,,,,,
2798.4172,31.293478,2848.7827,2749.7917,1000.0,60000,,,-157.2388458251953,-1.2725129127502441,0.8465072512626648,156.54676818847656,156.46240234375,0.0003,0.0003,0.1
,,,,,60999,2821.75,1000,,,,,,,,
,,,,,61000,,,-152.89056396484375,-1.4522755146026611,0.7096706628799438,151.98617553710938,151.97862243652344,0.0003,0.0003,0.1
,,,,,61999,2858.8923,1000,,,,,,,,
,,,,,62000,,,-158.93653869628906,-1.391510248184204,0.7223936319351196,157.90313720703125,157.8646697998047,0.0003,0.0003,0.1
,,,,,62999,2851.503,1000,,,,,,,,
,,,,,63000,,,-169.01576232910156,-1.4349117279052734,0.9257411360740662,168.05886840820312,168.1014404296875,0.0003,0.0003,0.1
,,,,,63999,2817.5596,1000,,,,,,,,
,,,,,64000,,,-168.35076904296875,-1.6450393199920654,0.939164400100708,167.44728088378906,167.38729858398438,0.0003,0.0003,0.1
,,,,,64999,2524.6792,1000,,,,,,,,
2923.0247,30.598276,2976.795,2882.571,1000.0,65000,,,-171.23399353027344,-1.928063154220581,0.7984963059425354,170.3702392578125,170.2267303466797,0.0003,0.0003,0.1
,,,,,65999,2886.4492,1000,,,,,,,,
,,,,,66000,,,-170.79786682128906,-1.506885051727295,0.7647212147712708,169.81536865234375,169.99014282226562,0.0003,0.0003,0.1
,,,,,66999,2871.3352,1000,,,,,,,,
,,,,,67000,,,-183.12725830078125,-1.5641497373580933,0.8189886808395386,182.27159118652344,182.27474975585938,0.0003,0.0003,0.1
,,,,,67999,2875.9102,1000,,,,,,,,
,,,,,68000,,,-174.33578491210938,-1.5662317276000977,1.336552381515503,173.24411010742188,173.2293701171875,0.0003,0.0003,0.1
,,,,,68999,2940.4163,1000,,,,,,,,
,,,,,69000,,,-183.4966278076172,-1.6352211236953735,0.6787111759185791,182.51559448242188,182.48605346679688,0.0003,0.0003,0.1
,,,,,69999,2977.1487,1000,,,,,,,,
2938.1226,26.637888,2990.2202,2891.3438,1000.0,70000,,,-189.85719299316406,-1.3584696054458618,0.5994651317596436,188.98963928222656,189.02093505859375,0.0003,0.0003,0.1
,,,,,70999,2999.3022,1000,,,,,,,,
,,,,,71000,,,-186.74029541015625,-1.5180283784866333,0.7131387591362,185.8700714111328,185.98580932617188,0.0003,0.0003,0.1
,,,,,71999,3003.4182,1000,,,,,,,,
,,,,,72000,,,-193.3803253173828,-1.5615134239196777,0.5653250217437744,192.4906005859375,192.68704223632812,0.0003,0.0003,0.1
,,,,,72999,3027.664,1000,,,,,,,,
,,,,,73000,,,-205.30685424804688,-1.7630386352539062,0.6293587684631348,204.53396606445312,204.47296142578125,0.0003,0.0003,0.1
,,,,,73999,3039.6985,1000,,,,,,,,
,,,,,74000,,,-196.14248657226562,-1.643129587173462,0.7097033262252808,195.31471252441406,195.39732360839844,0.0003,0.0003,0.1
,,,,,74999,3047.164,1000,,,,,,,,
3054.5447,32.791092,3103.7144,3006.5564,1000.0,75000,,,-199.79783630371094,-1.7809321880340576,0.6901367902755737,198.97418212890625,199.0162353515625,0.0003,0.0003,0.1
,,,,,75999,3047.8127,1000,,,,,,,,
,,,,,76000,,,-190.40135192871094,-1.464368224143982,0.8281190395355225,189.34918212890625,189.40260314941406,0.0003,0.0003,0.1
,,,,,76999,3062.41,1000,,,,,,,,
,,,,,77000,,,-207.71742248535156,-1.9386004209518433,0.6174335479736328,207.01942443847656,206.9072265625,0.0003,0.0003,0.1
,,,,,77999,3090.0706,1000,,,,,,,,
,,,,,78000,,,-204.29083251953125,-1.7937359809875488,0.8053669929504395,203.45948791503906,203.4599609375,0.0003,0.0003,0.1
,,,,,78999,3061.6423,1000,,,,,,,,
,,,,,79000,,,-210.1578369140625,-1.901648759841919,0.6784913539886475,209.0927734375,208.9908905029297,0.0003,0.0003,0.1
,,,,,79999,3148.906,1000,,,,,,,,
3115.9172,19.902245,3146.4375,3078.2144,1000.0,80000,,,-208.58811950683594,-2.151656150817871,0.684906005859375,207.77667236328125,207.67298889160156,0.0003,0.0003,0.1
,,,,,80999,3176.0144,1000,,,,,,,,
,,,,,81000,,,-217.01309204101562,-1.5333447456359863,1.0203399658203125,216.0792236328125,216.02259826660156,0.0003,0.0003,0.1
,,,,,81999,3153.664,1000,,,,,,,,
,,,,,82000,,,-212.84002685546875,-2.035161018371582,0.7472739815711975,211.99794006347656,211.93211364746094,0.0003,0.0003,0.1
,,,,,82999,3232.9763,1000,,,,,,,,
,,,,,83000,,,-215.47091674804688,-2.3702869415283203,0.9742228984832764,214.36825561523438,214.32684326171875,0.0003,0.0003,0.1
,,,,,83999,3145.1416,1000,,,,,,,,
,,,,,84000,,,-218.72216796875,-1.98271644115448,0.8220506310462952,217.68612670898438,217.74459838867188,0.0003,0.0003,0.1
,,,,,84999,3178.5703,1000,,,,,,,,
3109.599,41.52967,3155.3892,3013.2422,1000.0,85000,,,-215.0480499267578,-1.942802906036377,0.6996304988861084,214.19635009765625,214.20721435546875,0.0003,0.0003,0.1
,,,,,85999,3171.7915,1000,,,,,,,,
,,,,,86000,,,-224.68295288085938,-2.3142876625061035,1.1868678331375122,223.85958862304688,223.8177490234375,0.0003,0.0003,0.1
,,,,,86999,3237.888,1000,,,,,,,,
,,,,,87000,,,-226.49046325683594,-2.004704713821411,0.9594907760620117,225.59320068359375,225.5972900390625,0.0003,0.0003,0.1
,,,,,87999,3242.22,1000,,,,,,,,
,,,,,88000,,,-228.92678833007812,-2.09870982170105,0.9305081367492676,228.00045776367188,228.13754272460938,0.0003,0.0003,0.1
,,,,,88999,3291.806,1000,,,,,,,,
,,,,,89000,,,-224.20167541503906,-2.594883918762207,0.7860450744628906,223.16879272460938,223.08978271484375,0.0003,0.0003,0.1
,,,,,89999,3283.592,1000,,,,,,,,
3288.528,34.635418,3347.8965,3238.9827,1000.0,90000,,,-234.8671112060547,-1.8197882175445557,0.6966276168823242,233.80856323242188,233.77810668945312,0.0003,0.0003,0.1
,,,,,90999,3326.9543,1000,,,,,,,,
,,,,,91000,,,-241.87741088867188,-2.343946933746338,0.7728931903839111,240.72314453125,240.74996948242188,0.0003,0.0003,0.1
,,,,,91999,3330.4717,1000,,,,,,,,
,,,,,92000,,,-240.97239685058594,-2.4103434085845947,0.7245399355888367,239.92630004882812,239.873291015625,0.0003,0.0003,0.1
,,,,,92999,3349.9734,1000,,,,,,,,
,,,,,93000,,,-241.6144561767578,-2.495980739593506,0.8469066619873047,240.5537109375,240.62353515625,0.0003,0.0003,0.1
,,,,,93999,3337.1284,1000,,,,,,,,
,,,,,94000,,,-245.3834228515625,-2.4928627014160156,0.8353643417358398,244.49066162109375,244.54486083984375,0.0003,0.0003,0.1
,,,,,94999,3372.6167,1000,,,,,,,,
3390.104,29.981665,3431.6372,3333.9087,1000.0,95000,,,-249.43222045898438,-2.857419490814209,0.7932857275009155,248.50965881347656,248.55758666992188,0.0003,0.0003,0.1
,,,,,95999,3362.8452,1000,,,,,,,,
,,,,,96000,,,-247.6595458984375,-2.2846803665161133,0.8248210549354553,246.73648071289062,246.81971740722656,0.0003,0.0003,0.1
,,,,,96999,3409.4282,1000,,,,,,,,
,,,,,97000,,,-248.31942749023438,-2.3779492378234863,0.8033671975135803,247.36825561523438,247.30169677734375,0.0003,0.0003,0.1
,,,,,97999,3404.582,1000,,,,,,,,
,,,,,98000,,,-253.53538513183594,-2.204759359359741,0.9325751066207886,252.48822021484375,252.50584411621094,0.0003,0.0003,0.1
,,,,,98999,3366.0354,1000,,,,,,,,
,,,,,99000,,,-251.27481079101562,-2.340669870376587,0.6551108360290527,250.15354919433594,250.14260864257812,0.0003,0.0003,0.1
,,,,,99999,3291.2537,1000,,,,,,,,
3424.4214,25.433336,3458.8108,3371.2305,1000.0,100000,,,-263.0220642089844,-2.4404549598693848,0.8760005831718445,262.156005859375,261.98211669921875,0.0003,0.0003,0.1
,,,,,100999,3405.6956,1000,,,,,,,,
,,,,,101000,,,-256.42041015625,-2.244868516921997,0.5623656511306763,255.68832397460938,255.64935302734375,0.0003,0.0003,0.1
,,,,,101999,3472.825,1000,,,,,,,,
,,,,,102000,,,-256.8089599609375,-2.1760549545288086,0.7914239764213562,255.8031463623047,255.91629028320312,0.0003,0.0003,0.1
,,,,,102999,3473.6545,1000,,,,,,,,
,,,,,103000,,,-257.3206787109375,-2.646495819091797,0.7812250852584839,256.3411560058594,256.4356689453125,0.0003,0.0003,0.1
,,,,,103999,3458.8467,1000,,,,,,,,
,,,,,104000,,,-259.11639404296875,-2.633437156677246,0.8026612997055054,258.1177978515625,258.2315979003906,0.0003,0.0003,0.1
,,,,,104999,3487.6921,1000,,,,,,,,
3453.263,110.29052,3536.3398,3133.127,1000.0,105000,,,-264.3405456542969,-2.3201351165771484,0.6520485281944275,263.32916259765625,263.37982177734375,0.0003,0.0003,0.1
,,,,,105999,3532.6077,1000,,,,,,,,
,,,,,106000,,,-268.537353515625,-2.571157693862915,0.6740185022354126,267.50091552734375,267.54046630859375,0.0003,0.0003,0.1
,,,,,106999,3463.5867,1000,,,,,,,,
,,,,,107000,,,-263.7392883300781,-2.4950199127197266,0.7277913689613342,262.9641418457031,262.9957580566406,0.0003,0.0003,0.1
,,,,,107999,3546.1304,1000,,,,,,,,
,,,,,108000,,,-274.7602844238281,-2.418982982635498,0.719100832939148,273.9059753417969,273.889892578125,0.0003,0.0003,0.1
,,,,,108999,3546.574,1000,,,,,,,,
,,,,,109000,,,-269.41253662109375,-2.1804885864257812,0.6457554697990417,268.6244201660156,268.58795166015625,0.0003,0.0003,0.1
,,,,,109999,3542.1028,1000,,,,,,,,
3581.8599,28.183384,3622.993,3536.5833,1000.0,110000,,,-273.0855712890625,-2.3972671031951904,0.8104429244995117,272.3397216796875,272.4042663574219,0.0003,0.0003,0.1
,,,,,110999,3539.1514,1000,,,,,,,,
,,,,,111000,,,-272.9546203613281,-2.4724297523498535,0.813849925994873,272.12115478515625,272.26483154296875,0.0003,0.0003,0.1
,,,,,111999,3545.0864,1000,,,,,,,,
,,,,,112000,,,-271.64178466796875,-2.563901901245117,0.8516468405723572,270.48748779296875,270.64959716796875,0.0003,0.0003,0.1
,,,,,112999,2939.5947,1000,,,,,,,,
,,,,,113000,,,-279.34283447265625,-2.5439987182617188,0.8907832503318787,278.46807861328125,278.5547180175781,0.0003,0.0003,0.1
,,,,,113999,3643.9526,1000,,,,,,,,
,,,,,114000,,,-278.9927673339844,-2.442603826522827,0.6956003904342651,278.1004638671875,278.0113830566406,0.0003,0.0003,0.1
,,,,,114999,3599.9255,1000,,,,,,,,
3599.688,81.20666,3668.1042,3370.7625,1000.0,115000,,,-280.4051818847656,-2.125532865524292,0.727830171585083,279.5968017578125,279.7778015136719,0.0003,0.0003,0.1
,,,,,115999,3614.6218,1000,,,,,,,,
,,,,,116000,,,-278.016845703125,-2.5013041496276855,0.6678393483161926,277.2530517578125,277.1407470703125,0.0003,0.0003,0.1
,,,,,116999,3627.074,1000,,,,,,,,
,,,,,117000,,,-287.2386474609375,-2.115316152572632,0.7425357699394226,286.4705505371094,286.5888671875,0.0003,0.0003,0.1
,,,,,117999,3600.915,1000,,,,,,,,
,,,,,118000,,,-283.382568359375,-2.1608076095581055,0.5682448148727417,282.64447021484375,282.5359802246094,0.0003,0.0003,0.1
,,,,,118999,3662.921,1000,,,,,,,,
,,,,,119000,,,-283.25335693359375,-2.4442319869995117,0.7091180086135864,282.3662109375,282.3558044433594,0.0003,0.0003,0.1
,,,,,119999,3681.6436,1000,,,,,,,,
3614.6353,14.880823,3641.1365,3591.441,1000.0,120000,,,-283.66021728515625,-2.4425997734069824,0.7007887363433838,282.91998291015625,282.92950439453125,0.0003,0.0003,0.1
,,,,,120999,3673.216,1000,,,,,,,,
,,,,,121000,,,-283.95574951171875,-2.5253865718841553,0.8907248377799988,283.24871826171875,283.29071044921875,0.0003,0.0003,0.1
,,,,,121999,3630.4731,1000,,,,,,,,
,,,,,122000,,,-287.6806945800781,-2.5791354179382324,0.6790585517883301,286.81732177734375,286.86785888671875,0.0003,0.0003,0.1
,,,,,122999,3697.0886,1000,,,,,,,,
,,,,,123000,,,-292.85369873046875,-2.041112184524536,0.825727641582489,292.1373291015625,292.0558166503906,0.0003,0.0003,0.1
,,,,,123999,3604.6157,1000,,,,,,,,
,,,,,124000,,,-293.0103759765625,-2.4881584644317627,0.5863684415817261,292.32269287109375,292.4253845214844,0.0003,0.0003,0.1
,,,,,124999,3740.1426,1000,,,,,,,,
3460.9902,829.0729,3768.968,974.7611,1000.0,125000,,,-290.73431396484375,-2.3661179542541504,0.594914972782135,289.86114501953125,289.93756103515625,0.0003,0.0003,0.1
,,,,,125999,3730.1912,1000,,,,,,,,
,,,,,126000,,,-289.94427490234375,-2.527329921722412,0.7471135854721069,289.18212890625,289.10894775390625,0.0003,0.0003,0.1
,,,,,126999,3672.4685,1000,,,,,,,,
,,,,,127000,,,-288.3604736328125,-2.150099039077759,0.716667890548706,287.76153564453125,287.6194152832031,0.0003,0.0003,0.1
,,,,,127999,983.5921,1000,,,,,,,,
,,,,,128000,,,-293.3580322265625,-2.822676181793213,0.8048748970031738,292.6693115234375,292.6377868652344,0.0003,0.0003,0.1
,,,,,128999,3793.9985,1000,,,,,,,,
,,,,,129000,,,-291.06201171875,-2.565638303756714,0.9211517572402954,290.09454345703125,290.3081970214844,0.0003,0.0003,0.1
,,,,,129999,3752.6755,1000,,,,,,,,
3795.8977,35.869946,3842.1665,3724.6448,1000.0,130000,,,-300.6939697265625,-2.2689249515533447,0.704297661781311,300.1631774902344,300.2195739746094,0.0003,0.0003,0.1
,,,,,130999,3717.8115,1000,,,,,,,,
,,,,,131000,,,-298.95111083984375,-2.6169352531433105,0.9797753691673279,298.1997375488281,297.9990539550781,0.0003,0.0003,0.1
,,,,,131999,3741.4697,1000,,,,,,,,
,,,,,132000,,,-294.82244873046875,-2.356654644012451,0.5629563927650452,294.2542724609375,294.27130126953125,0.0003,0.0003,0.1
,,,,,132999,3743.82,1000,,,,,,,,
,,,,,133000,,,-294.88275146484375,-1.6953363418579102,0.800247848033905,294.32861328125,294.2216796875,0.0003,0.0003,0.1
,,,,,133999,3776.4622,1000,,,,,,,,
,,,,,134000,,,-290.70648193359375,-1.9939771890640259,0.8248679041862488,289.8543395996094,289.7452392578125,0.0003,0.0003,0.1
,,,,,134999,3823.646,1000,,,,,,,,
3777.599,20.740788,3805.4712,3741.1619,1000.0,135000,,,-300.9097900390625,-2.467651128768921,1.6856951713562012,300.2323913574219,300.0934753417969,0.0003,0.0003,0.1
,,,,,135999,3853.2568,1000,,,,,,,,
,,,,,136000,,,-296.73089599609375,-2.414531946182251,0.9810881614685059,296.0453796386719,296.1530456542969,0.0003,0.0003,0.1
,,,,,136999,3744.4456,1000,,,,,,,,
,,,,,137000,,,-305.05078125,-2.361271858215332,0.7489392757415771,304.3353576660156,304.2181396484375,0.0003,0.0003,0.1
,,,,,137999,3837.6953,1000,,,,,,,,
,,,,,138000,,,-301.8332824707031,-2.345003604888916,0.7224334478378296,301.2163391113281,301.2012634277344,0.0003,0.0003,0.1
,,,,,138999,2498.8032,1000,,,,,,,,
,,,,,139000,,,-309.7261047363281,-2.841087818145752,0.6898199319839478,308.96044921875,308.9214782714844,0.0003,0.0003,0.1
,,,,,139999,3893.6045,1000,,,,,,,,
3571.5918,937.814,3918.1396,758.76086,1000.0,140000,,,-315.67327880859375,-2.7145276069641113,0.8358988761901855,314.96575927734375,315.04681396484375,0.0003,0.0003,0.1
,,,,,140999,3854.045,1000,,,,,,,,
,,,,,141000,,,-303.1274719238281,-2.2922537326812744,1.7530834674835205,302.34820556640625,302.35186767578125,0.0003,0.0003,0.1
,,,,,141999,3965.3174,1000,,,,,,,,
,,,,,142000,,,-301.44464111328125,-2.3393378257751465,0.7232588529586792,300.68341064453125,300.64080810546875,0.0003,0.0003,0.1
,,,,,142999,4014.3,1000,,,,,,,,
,,,,,143000,,,-309.9056396484375,-2.545194387435913,0.8119407892227173,309.209228515625,309.1788330078125,0.0003,0.0003,0.1
,,,,,143999,4006.912,1000,,,,,,,,
,,,,,144000,,,-307.2747802734375,-2.9024765491485596,3.3197154998779297,306.32489013671875,306.3385009765625,0.0003,0.0003,0.1
,,,,,144999,3981.3623,1000,,,,,,,,
3989.886,13.437356,4015.1204,3960.6936,1000.0,145000,,,-305.0230712890625,-2.683840751647949,0.938335657119751,303.8915100097656,303.95489501953125,0.0003,0.0003,0.1
,,,,,145999,4025.9414,1000,,,,,,,,
,,,,,146000,,,-305.0592956542969,-2.5088725090026855,0.841917872428894,304.2981872558594,304.4809265136719,0.0003,0.0003,0.1
,,,,,146999,3916.358,1000,,,,,,,,
,,,,,147000,,,-309.8426208496094,-2.7323923110961914,0.851560115814209,308.8952331542969,309.0232238769531,0.0003,0.0003,0.1
,,,,,147999,3984.9814,1000,,,,,,,,
,,,,,148000,,,-311.96319580078125,-2.7387616634368896,0.7848894596099854,311.1981506347656,311.03607177734375,0.0003,0.0003,0.1
,,,,,148999,4008.4465,1000,,,,,,,,
,,,,,149000,,,-318.30743408203125,-2.7189719676971436,0.9294369220733643,317.7135925292969,317.8891296386719,0.0003,0.0003,0.1
,,,,,149999,4056.1016,1000,,,,,,,,
3856.457,688.0152,4119.274,1794.4364,1000.0,150000,,,-318.07122802734375,-3.042149305343628,1.175018548965454,317.00299072265625,316.9289245605469,0.0003,0.0003,0.1
,,,,,150999,4042.189,1000,,,,,,,,
,,,,,151000,,,-310.47454833984375,-3.0778374671936035,1.1120638847351074,309.82879638671875,309.7206726074219,0.0003,0.0003,0.1
,,,,,151999,4115.478,1000,,,,,,,,
,,,,,152000,,,-322.2420654296875,-2.9603428840637207,0.951129138469696,321.3847351074219,321.3157043457031,0.0003,0.0003,0.1
,,,,,152999,4134.558,1000,,,,,,,,
,,,,,153000,,,-320.724853515625,-3.055804967880249,1.6381158828735352,319.73931884765625,319.47137451171875,0.0003,0.0003,0.1
,,,,,153999,4047.6787,1000,,,,,,,,
,,,,,154000,,,-314.1508483886719,-3.4633803367614746,1.0354799032211304,312.9576416015625,312.92218017578125,0.0003,0.0003,0.1
,,,,,154999,4090.1821,1000,,,,,,,,
4099.522,40.967014,4144.814,4000.6028,1000.0,155000,,,-315.34954833984375,-3.362596035003662,1.098253607749939,314.38592529296875,314.4130859375,0.0003,0.0003,0.1
,,,,,155999,4123.2734,1000,,,,,,,,
,,,,,156000,,,-322.90704345703125,-3.206862688064575,1.079296588897705,322.014404296875,321.9504089355469,0.0003,0.0003,0.1
,,,,,156999,4158.292,1000,,,,,,,,
,,,,,157000,,,-325.69482421875,-3.404862880706787,1.434462547302246,324.5638122558594,324.4254150390625,0.0003,0.0003,0.1
,,,,,157999,4180.2373,1000,,,,,,,,
,,,,,158000,,,-330.5513916015625,-3.3253564834594727,1.6186193227767944,329.5954895019531,329.6530456542969,0.0003,0.0003,0.1
,,,,,158999,4171.8823,1000,,,,,,,,
,,,,,159000,,,-332.49664306640625,-2.907719612121582,1.454618215560913,331.6059265136719,331.711669921875,0.0003,0.0003,0.1
,,,,,159999,4184.5005,1000,,,,,,,,
4139.565,60.589676,4190.485,3989.8972,1000.0,160000,,,-334.5360412597656,-3.265148639678955,0.8293058276176453,333.77130126953125,333.8449401855469,0.0003,0.0003,0.1
,,,,,160999,4180.0186,1000,,,,,,,,
,,,,,161000,,,-335.50115966796875,-2.931549072265625,1.261354923248291,334.65631103515625,334.5365295410156,0.0003,0.0003,0.1
,,,,,161999,4229.7764,1000,,,,,,,,
,,,,,162000,,,-332.565673828125,-3.3734397888183594,1.019339919090271,331.4602355957031,331.6156005859375,0.0003,0.0003,0.1
,,,,,162999,4295.0376,1000,,,,,,,,
,,,,,163000,,,-334.77508544921875,-3.427231788635254,1.3075312376022339,333.8323669433594,333.8525390625,0.0003,0.0003,0.1
,,,,,163999,4297.3677,1000,,,,,,,,
,,,,,164000,,,-338.7994689941406,-3.469843864440918,1.6287792921066284,337.6665344238281,337.5032958984375,0.0003,0.0003,0.1
,,,,,164999,4313.9697,1000,,,,,,,,
4298.3013,45.011654,4348.613,4214.0273,1000.0,165000,,,-339.005859375,-3.3854238986968994,1.1191414594650269,338.1121826171875,338.11865234375,0.0003,0.0003,0.1
,,,,,165999,4275.136,1000,,,,,,,,
,,,,,166000,,,-335.9782409667969,-3.0428385734558105,1.4526286125183105,334.98773193359375,334.9273376464844,0.0003,0.0003,0.1
,,,,,166999,4273.051,1000,,,,,,,,
,,,,,167000,,,-344.9737243652344,-3.3070015907287598,1.1412174701690674,344.02288818359375,343.91156005859375,0.0003,0.0003,0.1
,,,,,167999,4314.9907,1000,,,,,,,,
,,,,,168000,,,-337.5833740234375,-3.127171516418457,1.1248773336410522,336.5135498046875,336.4564208984375,0.0003,0.0003,0.1
,,,,,168999,4233.0913,1000,,,,,,,,
,,,,,169000,,,-346.52996826171875,-3.459157943725586,0.9963943958282471,345.7191162109375,345.7518310546875,0.0003,0.0003,0.1
,,,,,169999,4312.553,1000,,,,,,,,
4324.259,28.20345,4359.324,4276.179,1000.0,170000,,,-345.0205383300781,-3.0714874267578125,1.0016448497772217,344.27532958984375,344.2050476074219,0.0003,0.0003,0.1
,,,,,170999,4390.3687,1000,,,,,,,,
,,,,,171000,,,-342.600341796875,-2.9649159908294678,0.9313994646072388,341.4756164550781,341.5700988769531,0.0003,0.0003,0.1
,,,,,171999,4425.529,1000,,,,,,,,
,,,,,172000,,,-343.0060729980469,-3.5316734313964844,0.964256763458252,342.15338134765625,342.3647155761719,0.0003,0.0003,0.1
,,,,,172999,4420.306,1000,,,,,,,,
,,,,,173000,,,-354.29571533203125,-3.3370983600616455,0.7910337448120117,353.4084167480469,353.29241943359375,0.0003,0.0003,0.1
,,,,,173999,4430.4517,1000,,,,,,,,
,,,,,174000,,,-350.72918701171875,-3.2286572456359863,1.076221227645874,349.7017822265625,349.9771728515625,0.0003,0.0003,0.1
,,,,,174999,4283.69,1000,,,,,,,,
4407.3125,41.956623,4473.8374,4343.944,1000.0,175000,,,-354.5314025878906,-3.7205312252044678,0.949199914932251,353.4107666015625,353.43768310546875,0.0003,0.0003,0.1
,,,,,175999,4411.6694,1000,,,,,,,,
,,,,,176000,,,-355.397216796875,-3.37341046333313,0.9308401942253113,354.5325622558594,354.3762512207031,0.0003,0.0003,0.1
,,,,,176999,4318.045,1000,,,,,,,,
,,,,,177000,,,-356.56866455078125,-3.4625589847564697,0.8735464215278625,355.7128601074219,355.6327209472656,0.0003,0.0003,0.1
,,,,,177999,4420.8022,1000,,,,,,,,
,,,,,178000,,,-358.80615234375,-3.5657997131347656,0.9435287714004517,357.821044921875,357.88720703125,0.0003,0.0003,0.1
,,,,,178999,4454.2046,1000,,,,,,,,
,,,,,179000,,,-362.20697021484375,-3.379405975341797,0.7617733478546143,361.4845275878906,361.4754638671875,0.0003,0.0003,0.1
,,,,,179999,2280.5803,1000,,,,,,,,
4401.591,68.89869,4474.6646,4245.8516,1000.0,180000,,,-358.48419189453125,-2.9297757148742676,0.9945458173751831,357.4564208984375,357.64715576171875,0.0003,0.0003,0.1
,,,,,180999,4316.2427,1000,,,,,,,,
,,,,,181000,,,-358.827880859375,-3.5302865505218506,1.1190603971481323,357.82415771484375,357.9362487792969,0.0003,0.0003,0.1
,,,,,181999,4398.4673,1000,,,,,,,,
,,,,,182000,,,-357.956298828125,-3.4257912635803223,1.0217311382293701,357.0834655761719,356.9467468261719,0.0003,0.0003,0.1
,,,,,182999,4464.579,1000,,,,,,,,
,,,,,183000,,,-361.706298828125,-3.106632709503174,0.9335062503814697,360.9534606933594,360.7399597167969,0.0003,0.0003,0.1
,,,,,183999,4290.948,1000,,,,,,,,
,,,,,184000,,,-356.27545166015625,-2.813220500946045,0.9096691608428955,355.23822021484375,355.2744140625,0.0003,0.0003,0.1
,,,,,184999,4405.2627,1000,,,,,,,,
4365.1377,41.066677,4421.8223,4295.715,1000.0,185000,,,-363.445556640625,-3.3253049850463867,1.223778247833252,362.89593505859375,362.6566162109375,0.0003,0.0003,0.1
,,,,,185999,4425.6396,1000,,,,,,,,
,,,,,186000,,,-362.41204833984375,-2.9335622787475586,1.4578131437301636,361.59478759765625,361.5744934082031,0.0003,0.0003,0.1
,,,,,186999,4477.1025,1000,,,,,,,,
,,,,,187000,,,-359.51190185546875,-3.38812255859375,1.0640130043029785,358.535888671875,358.6134338378906,0.0003,0.0003,0.1
,,,,,187999,4548.104,1000,,,,,,,,
,,,,,188000,,,-368.8883056640625,-3.1737489700317383,1.0741026401519775,368.02313232421875,368.0152893066406,0.0003,0.0003,0.1
,,,,,188999,4454.811,1000,,,,,,,,
,,,,,189000,,,-366.16748046875,-3.1798267364501953,0.999255895614624,365.34149169921875,365.2618408203125,0.0003,0.0003,0.1
,,,,,189999,4420.341,1000,,,,,,,,
4469.3174,56.824154,4540.3823,4375.5376,1000.0,190000,,,-362.8653869628906,-2.9499197006225586,1.098759412765503,361.6051025390625,361.634521484375,0.0003,0.0003,0.1
,,,,,190999,4500.7935,1000,,,,,,,,
,,,,,191000,,,-368.4326171875,-3.7169735431671143,0.9991901516914368,367.7210388183594,367.6268310546875,0.0003,0.0003,0.1
,,,,,191999,4540.2207,1000,,,,,,,,
,,,,,192000,,,-365.2237854003906,-3.4818313121795654,1.0942617654800415,364.243408203125,364.2599182128906,0.0003,0.0003,0.1
,,,,,192999,4523.811,1000,,,,,,,,
,,,,,193000,,,-365.3409118652344,-2.9407198429107666,1.8554770946502686,364.52899169921875,364.4264221191406,0.0003,0.0003,0.1
,,,,,193999,4581.9434,1000,,,,,,,,
,,,,,194000,,,-365.59796142578125,-3.5797371864318848,1.0853540897369385,364.68096923828125,364.56768798828125,0.0003,0.0003,0.1
,,,,,194999,4507.5264,1000,,,,,,,,
4106.086,1218.7057,4579.4565,451.7299,1000.0,195000,,,-379.07464599609375,-3.342069625854492,0.9450533390045166,378.2329406738281,378.4217834472656,0.0003,0.0003,0.1
,,,,,195999,4597.1523,1000,,,,,,,,
,,,,,196000,,,-370.5972900390625,-3.292501211166382,1.3053895235061646,369.48248291015625,369.5434875488281,0.0003,0.0003,0.1
,,,,,196999,861.97266,1000,,,,,,,,
,,,,,197000,,,-371.24700927734375,-3.507812976837158,1.0915714502334595,370.14813232421875,370.324462890625,0.0003,0.0003,0.1
,,,,,197999,4551.173,1000,,,,,,,,
,,,,,198000,,,-370.668701171875,-3.4429678916931152,1.1918139457702637,369.8512268066406,369.73101806640625,0.0003,0.0003,0.1
,,,,,198999,4590.899,1000,,,,,,,,
,,,,,199000,,,-366.7088623046875,-3.3513219356536865,1.3266123533248901,365.59130859375,365.84649658203125,0.0003,0.0003,0.1
,,,,,199999,4403.0947,1000,,,,,,,,
4656.6055,49.6797,4706.819,4524.8467,1000.0,200000,,,-372.1041564941406,-3.907771587371826,1.2340619564056396,371.16973876953125,371.2198181152344,0.0003,0.0003,0.1
,,,,,200999,4668.887,1000,,,,,,,,
,,,,,201000,,,-369.37591552734375,-3.180462598800659,1.2337405681610107,368.5031433105469,368.3454284667969,0.0003,0.0003,0.1
,,,,,201999,4603.59,1000,,,,,,,,
,,,,,202000,,,-377.0328369140625,-3.3944597244262695,1.155444860458374,376.1713562011719,376.1390075683594,0.0003,0.0003,0.1
,,,,,202999,4675.508,1000,,,,,,,,
,,,,,203000,,,-379.03521728515625,-3.68011474609375,0.997127115726471,378.1982116699219,378.10693359375,0.0003,0.0003,0.1
,,,,,203999,4631.5283,1000,,,,,,,,
,,,,,204000,,,-368.47381591796875,-3.566882371902466,1.3920915126800537,367.3592529296875,367.27020263671875,0.0003,0.0003,0.1
,,,,,204999,4700.8164,1000,,,,,,,,
4281.0654,955.2604,4678.5767,1416.9083,1000.0,205000,,,-378.6070251464844,-3.2931342124938965,1.548539400100708,377.85284423828125,377.77081298828125,0.0003,0.0003,0.1
,,,,,205999,4545.6167,1000,,,,,,,,
,,,,,206000,,,-385.4239501953125,-3.276578187942505,1.4100749492645264,384.48583984375,384.7124328613281,0.0003,0.0003,0.1
,,,,,206999,4578.966,1000,,,,,,,,
,,,,,207000,,,-387.4411315917969,-3.6556243896484375,1.2606215476989746,386.54534912109375,386.66595458984375,0.0003,0.0003,0.1
,,,,,207999,4677.299,1000,,,,,,,,
,,,,,208000,,,-375.9203796386719,-3.380598545074463,2.3257017135620117,375.14544677734375,375.04644775390625,0.0003,0.0003,0.1
,,,,,208999,4662.252,1000,,,,,,,,
,,,,,209000,,,-379.88507080078125,-3.895987033843994,1.667527437210083,378.54669189453125,378.68017578125,0.0003,0.0003,0.1
,,,,,209999,4729.793,1000,,,,,,,,
4410.1655,804.8854,4732.887,1998.2672,1000.0,210000,,,-387.09564208984375,-3.887692928314209,1.0731219053268433,386.32342529296875,386.3375549316406,0.0003,0.0003,0.1
,,,,,210999,3535.0557,1000,,,,,,,,
,,,,,211000,,,-383.68267822265625,-3.6909661293029785,1.9218614101409912,382.79248046875,382.64715576171875,0.0003,0.0003,0.1
,,,,,211999,4711.176,1000,,,,,,,,
,,,,,212000,,,-378.78369140625,-3.6159095764160156,1.1692883968353271,377.9139709472656,377.84063720703125,0.0003,0.0003,0.1
,,,,,212999,4720.1733,1000,,,,,,,,
,,,,,213000,,,-382.39141845703125,-3.9043807983398438,1.9501430988311768,381.49774169921875,381.2779541015625,0.0003,0.0003,0.1
,,,,,213999,4705.3433,1000,,,,,,,,
,,,,,214000,,,-388.45367431640625,-3.5646300315856934,1.9468538761138916,387.2667236328125,387.2523193359375,0.0003,0.0003,0.1
,,,,,214999,4694.372,1000,,,,,,,,
4695.9165,42.57557,4758.1523,4625.215,1000.0,215000,,,-385.682861328125,-3.3928003311157227,2.2152774333953857,384.64508056640625,384.8370361328125,0.0003,0.0003,0.1
,,,,,215999,4784.671,1000,,,,,,,,
,,,,,216000,,,-390.2021484375,-3.384086847305298,1.6288127899169922,389.31463623046875,389.33758544921875,0.0003,0.0003,0.1
,,,,,216999,4819.562,1000,,,,,,,,
,,,,,217000,,,-387.66949462890625,-3.3554351329803467,1.1282336711883545,386.49945068359375,386.4966125488281,0.0003,0.0003,0.1
,,,,,217999,4735.0576,1000,,,,,,,,
,,,,,218000,,,-390.6444396972656,-3.44305419921875,1.884437084197998,389.5455627441406,389.7239990234375,0.0003,0.0003,0.1
,,,,,218999,4847.8267,1000,,,,,,,,
,,,,,219000,,,-397.0596923828125,-3.8251256942749023,1.3342475891113281,395.99114990234375,396.0832824707031,0.0003,0.0003,0.1
,,,,,219999,4713.1133,1000,,,,,,,,
4632.593,149.93465,4743.1143,4217.623,1000.0,220000,,,-391.32049560546875,-3.5386767387390137,1.9843848943710327,390.340576171875,390.325439453125,0.0003,0.0003,0.1
,,,,,220999,4808.1953,1000,,,,,,,,
,,,,,221000,,,-396.48101806640625,-4.194568634033203,1.1700801849365234,395.52581787109375,395.421875,0.0003,0.0003,0.1
,,,,,221999,4808.424,1000,,,,,,,,
,,,,,222000,,,-400.4521789550781,-3.845269203186035,2.152332067489624,399.41119384765625,399.350341796875,0.0003,0.0003,0.1
,,,,,222999,4757.4873,1000,,,,,,,,
,,,,,223000,,,-400.335693359375,-3.782841444015503,1.1320784091949463,399.28094482421875,399.16448974609375,0.0003,0.0003,0.1
,,,,,223999,4765.144,1000,,,,,,,,
,,,,,224000,,,-399.15118408203125,-3.3121070861816406,1.8134446144104004,398.11297607421875,398.026611328125,0.0003,0.0003,0.1
,,,,,224999,4826.8677,1000,,,,,,,,
4789.174,210.51338,4936.4146,4180.969,1000.0,225000,,,-396.6011657714844,-3.5629231929779053,1.0792104005813599,395.4613952636719,395.41650390625,0.0003,0.0003,0.1
,,,,,225999,4868.332,1000,,,,,,,,
,,,,,226000,,,-398.4123229980469,-3.5988194942474365,3.1504578590393066,397.6761779785156,397.8179016113281,0.0003,0.0003,0.1
,,,,,226999,4823.688,1000,,,,,,,,
,,,,,227000,,,-402.82611083984375,-3.6931581497192383,1.5267192125320435,401.8057861328125,401.774658203125,0.0003,0.0003,0.1
,,,,,227999,4963.327,1000,,,,,,,,
,,,,,228000,,,-405.08294677734375,-3.792144775390625,1.645873785018921,404.06732177734375,404.10589599609375,0.0003,0.0003,0.1
,,,,,228999,4818.633,1000,,,,,,,,
,,,,,229000,,,-406.36297607421875,-3.488306999206543,0.9935768842697144,405.0489196777344,405.1650390625,0.0003,0.0003,0.1
,,,,,229999,4924.4,1000,,,,,,,,
4468.1943,1144.749,4958.553,1063.2854,1000.0,230000,,,-403.3642578125,-3.709604263305664,1.1107850074768066,402.1585693359375,402.1976318359375,0.0003,0.0003,0.1
,,,,,230999,4972.291,1000,,,,,,,,
,,,,,231000,,,-406.97314453125,-4.302505970001221,1.3143538236618042,405.84222412109375,405.93695068359375,0.0003,0.0003,0.1
,,,,,231999,4927.699,1000,,,,,,,,
,,,,,232000,,,-409.5902404785156,-3.8228890895843506,1.9530518054962158,408.72076416015625,408.53143310546875,0.0003,0.0003,0.1
,,,,,232999,4863.793,1000,,,,,,,,
,,,,,233000,,,-412.1929016113281,-4.132088661193848,1.6119500398635864,411.1001892089844,411.35919189453125,0.0003,0.0003,0.1
,,,,,233999,4657.4927,1000,,,,,,,,
,,,,,234000,,,-416.9242858886719,-4.0137810707092285,1.1111421585083008,415.88128662109375,415.82421875,0.0003,0.0003,0.1
,,,,,234999,5080.729,1000,,,,,,,,
4958.329,83.15019,5075.874,4821.912,1000.0,235000,,,-406.9134521484375,-3.9851527214050293,2.106480836868286,405.632568359375,405.71905517578125,0.0003,0.0003,0.1
,,,,,235999,4936.9287,1000,,,,,,,,
,,,,,236000,,,-412.51318359375,-3.971369743347168,1.5263084173202515,411.545654296875,411.5819091796875,0.0003,0.0003,0.1
,,,,,236999,5048.226,1000,,,,,,,,
,,,,,237000,,,-418.29388427734375,-3.7266969680786133,1.5534427165985107,417.1656799316406,417.2071228027344,0.0003,0.0003,0.1
,,,,,237999,4945.5015,1000,,,,,,,,
,,,,,238000,,,-410.4314270019531,-4.090344429016113,1.577416181564331,409.4080505371094,409.31231689453125,0.0003,0.0003,0.1
,,,,,238999,4991.446,1000,,,,,,,,
,,,,,239000,,,-414.54876708984375,-4.002963066101074,1.5330655574798584,413.30938720703125,413.27032470703125,0.0003,0.0003,0.1
,,,,,239999,3472.6104,1000,,,,,,,,
4971.915,64.5893,5056.561,4861.042,1000.0,240000,,,-412.41302490234375,-4.139105319976807,1.7945871353149414,411.3317565917969,411.10870361328125,0.0003,0.0003,0.1
,,,,,240999,4823.8525,1000,,,,,,,,
,,,,,241000,,,-419.3370361328125,-4.0339202880859375,1.7123067378997803,418.44061279296875,418.3824462890625,0.0003,0.0003,0.1
,,,,,241999,5061.5737,1000,,,,,,,,
,,,,,242000,,,-419.2009582519531,-3.9949257373809814,1.3736717700958252,418.12652587890625,418.00787353515625,0.0003,0.0003,0.1
,,,,,242999,4952.9478,1000,,,,,,,,
,,,,,243000,,,-419.73895263671875,-3.8204307556152344,1.5303292274475098,418.6399841308594,418.705078125,0.0003,0.0003,0.1
,,,,,243999,5070.891,1000,,,,,,,,
,,,,,244000,,,-420.6827392578125,-3.684232473373413,1.6249958276748657,419.8756103515625,419.7164306640625,0.0003,0.0003,0.1
,,,,,244999,4927.0503,1000,,,,,,,,
4956.4795,60.340504,5029.1636,4806.377,1000.0,245000,,,-418.8184814453125,-3.651771068572998,2.2232611179351807,417.8742370605469,417.82318115234375,0.0003,0.0003,0.1
,,,,,245999,4991.1606,1000,,,,,,,,
,,,,,246000,,,-415.8286437988281,-3.998303174972534,2.2773423194885254,414.95318603515625,414.84515380859375,0.0003,0.0003,0.1
,,,,,246999,5087.2427,1000,,,,,,,,
,,,,,247000,,,-424.71417236328125,-3.7490735054016113,1.4643595218658447,423.79864501953125,423.8692626953125,0.0003,0.0003,0.1
,,,,,247999,4991.2905,1000,,,,,,,,
,,,,,248000,,,-421.3816223144531,-3.8763885498046875,1.359832525253296,420.2512512207031,420.3379821777344,0.0003,0.0003,0.1
,,,,,248999,5082.791,1000,,,,,,,,
,,,,,249000,,,-423.5201416015625,-3.8305773735046387,2.3472676277160645,422.6009521484375,422.44403076171875,0.0003,0.0003,0.1
,,,,,249999,5076.8223,1000,,,,,,,,
4947.1924,51.968754,4992.951,4822.831,1000.0,250000,,,-426.19281005859375,-3.787090301513672,1.5077720880508423,425.412353515625,425.41571044921875,0.0003,0.0003,0.1
,,,,,250999,4874.356,1000,,,,,,,,
,,,,,251000,,,-421.627685546875,-3.5141525268554688,1.522996187210083,420.314208984375,420.30572509765625,0.0003,0.0003,0.1
,,,,,251999,4819.5635,1000,,,,,,,,
,,,,,252000,,,-423.9703369140625,-4.076781749725342,1.7466850280761719,422.84906005859375,422.8125305175781,0.0003,0.0003,0.1
,,,,,252999,5147.6997,1000,,,,,,,,
,,,,,253000,,,-427.2228088378906,-3.940330743789673,1.32244074344635,426.2330322265625,426.1142578125,0.0003,0.0003,0.1
,,,,,253999,5207.9595,1000,,,,,,,,
,,,,,254000,,,-429.0866394042969,-3.9300060272216797,2.201134204864502,428.1717224121094,428.05657958984375,0.0003,0.0003,0.1
,,,,,254999,5009.309,1000,,,,,,,,
5106.252,60.846985,5168.521,4998.9497,1000.0,255000,,,-428.5,-3.6383461952209473,1.8315554857254028,427.44219970703125,427.3669738769531,0.0003,0.0003,0.1
,,,,,255999,5077.6094,1000,,,,,,,,
,,,,,256000,,,-434.02777099609375,-3.691458225250244,1.5403952598571777,433.105224609375,433.05975341796875,0.0003,0.0003,0.1
,,,,,256999,5074.0493,1000,,,,,,,,
,,,,,257000,,,-431.18756103515625,-4.185697555541992,1.81141197681427,430.1519775390625,430.0934143066406,0.0003,0.0003,0.1
,,,,,257999,5189.8022,1000,,,,,,,,
,,,,,258000,,,-436.134765625,-4.2786407470703125,1.226844072341919,434.8870849609375,435.083984375,0.0003,0.0003,0.1
,,,,,258999,5170.615,1000,,,,,,,,
,,,,,259000,,,-428.55218505859375,-4.311521053314209,1.2239995002746582,427.53076171875,427.4377136230469,0.0003,0.0003,0.1
,,,,,259999,5145.374,1000,,,,,,,,
5160.7866,69.88061,5251.624,5015.013,1000.0,260000,,,-432.8984375,-3.94047474861145,1.8451499938964844,432.0856628417969,431.8924865722656,0.0003,0.0003,0.1
,,,,,260999,5146.863,1000,,,,,,,,
,,,,,261000,,,-436.1009216308594,-3.532956600189209,1.3831043243408203,435.06890869140625,435.1282958984375,0.0003,0.0003,0.1
,,,,,261999,5259.0977,1000,,,,,,,,
,,,,,262000,,,-430.83270263671875,-3.7371163368225098,1.389352560043335,429.86175537109375,429.7245788574219,0.0003,0.0003,0.1
,,,,,262999,5272.7656,1000,,,,,,,,
,,,,,263000,,,-438.4471130371094,-3.906510829925537,1.768273115158081,437.6844482421875,437.49066162109375,0.0003,0.0003,0.1
,,,,,263999,5264.8716,1000,,,,,,,,
,,,,,264000,,,-435.63262939453125,-3.9277749061584473,1.5801783800125122,434.5355224609375,434.6009521484375,0.0003,0.0003,0.1
,,,,,264999,5301.5415,1000,,,,,,,,
5212.5845,64.79209,5301.616,5073.2393,1000.0,265000,,,-439.73455810546875,-4.419940948486328,1.7455174922943115,438.76641845703125,438.42822265625,0.0003,0.0003,0.1
,,,,,265999,5270.5083,1000,,,,,,,,
,,,,,266000,,,-432.71429443359375,-4.235143661499023,2.15523099899292,431.537841796875,431.5875244140625,0.0003,0.0003,0.1
,,,,,266999,5215.1494,1000,,,,,,,,
,,,,,267000,,,-438.3811950683594,-4.136980056762695,1.547814965248108,437.1094970703125,437.0655517578125,0.0003,0.0003,0.1
,,,,,267999,5364.5923,1000,,,,,,,,
,,,,,268000,,,-435.6127624511719,-4.601763725280762,2.140317916870117,434.197509765625,434.360595703125,0.0003,0.0003,0.1
,,,,,268999,5278.718,1000,,,,,,,,
,,,,,269000,,,-443.87646484375,-4.106080055236816,1.3579732179641724,442.82598876953125,442.9064636230469,0.0003,0.0003,0.1
,,,,,269999,5310.815,1000,,,,,,,,
5274.8613,79.661804,5370.1934,5104.049,1000.0,270000,,,-444.77838134765625,-4.131486415863037,1.401466727256775,444.014404296875,443.9404296875,0.0003,0.0003,0.1
,,,,,270999,5290.772,1000,,,,,,,,
,,,,,271000,,,-445.46612548828125,-4.007673263549805,1.7625197172164917,444.4234619140625,444.6459655761719,0.0003,0.0003,0.1
,,,,,271999,5254.967,1000,,,,,,,,
,,,,,272000,,,-445.0042724609375,-4.226907253265381,1.2162551879882812,444.08538818359375,444.171630859375,0.0003,0.0003,0.1
,,,,,272999,5283.2925,1000,,,,,,,,
,,,,,273000,,,-441.0419616699219,-4.166650772094727,1.6459605693817139,439.9767761230469,439.9312744140625,0.0003,0.0003,0.1
,,,,,273999,5306.4946,1000,,,,,,,,
,,,,,274000,,,-447.94451904296875,-4.754464149475098,1.574029803276062,446.69732666015625,446.64910888671875,0.0003,0.0003,0.1
,,,,,274999,5377.5625,1000,,,,,,,,
5323.7686,42.153744,5382.329,5257.315,1000.0,275000,,,-450.5169982910156,-4.155062198638916,1.3889353275299072,449.58203125,449.5776062011719,0.0003,0.0003,0.1
,,,,,275999,5343.058,1000,,,,,,,,
,,,,,276000,,,-447.958984375,-4.191110610961914,1.9377424716949463,446.71209716796875,446.702392578125,0.0003,0.0003,0.1
,,,,,276999,5364.957,1000,,,,,,,,
,,,,,277000,,,-450.88580322265625,-4.729619979858398,1.3944693803787231,450.07098388671875,450.07470703125,0.0003,0.0003,0.1
,,,,,277999,5377.428,1000,,,,,,,,
,,,,,278000,,,-451.6312561035156,-4.010171413421631,2.0073001384735107,450.7846984863281,450.78973388671875,0.0003,0.0003,0.1
,,,,,278999,5372.8496,1000,,,,,,,,
,,,,,279000,,,-453.349853515625,-4.276386260986328,1.597450613975525,452.4902038574219,452.14739990234375,0.0003,0.0003,0.1
,,,,,279999,5084.701,1000,,,,,,,,
5404.216,38.544563,5456.3794,5334.413,1000.0,280000,,,-448.1205139160156,-4.158659934997559,1.5701889991760254,446.6726379394531,446.70281982421875,0.0003,0.0003,0.1
,,,,,280999,5352.253,1000,,,,,,,,
,,,,,281000,,,-457.7144775390625,-4.347525596618652,1.4874496459960938,456.6168518066406,456.7868347167969,0.0003,0.0003,0.1
,,,,,281999,5367.4214,1000,,,,,,,,
,,,,,282000,,,-452.9167785644531,-3.774954319000244,1.5670632123947144,451.81829833984375,451.8928527832031,0.0003,0.0003,0.1
,,,,,282999,5431.668,1000,,,,,,,,
,,,,,283000,,,-456.3211364746094,-3.9630370140075684,1.6297670602798462,455.2682800292969,455.115966796875,0.0003,0.0003,0.1
,,,,,283999,5384.4546,1000,,,,,,,,
,,,,,284000,,,-453.30859375,-4.282548427581787,2.2356128692626953,452.3808288574219,452.50244140625,0.0003,0.0003,0.1
,,,,,284999,4823.1665,1000,,,,,,,,
5451.2593,38.45062,5497.888,5361.794,1000.0,285000,,,-458.7638244628906,-4.167453765869141,1.5053062438964844,457.5302429199219,457.5689697265625,0.0003,0.0003,0.1
,,,,,285999,5235.742,1000,,,,,,,,
,,,,,286000,,,-455.506103515625,-3.941801071166992,1.3135815858840942,454.29510498046875,454.3439636230469,0.0003,0.0003,0.1
,,,,,286999,5455.4272,1000,,,,,,,,
,,,,,287000,,,-455.554931640625,-4.306084632873535,1.694728970527649,454.44732666015625,454.2938232421875,0.0003,0.0003,0.1
,,,,,287999,5473.1084,1000,,,,,,,,
,,,,,288000,,,-461.4014892578125,-4.101557731628418,1.7285983562469482,460.260498046875,459.9184875488281,0.0003,0.0003,0.1
,,,,,288999,5407.891,1000,,,,,,,,
,,,,,289000,,,-459.75,-3.957430839538574,1.6439194679260254,458.775146484375,458.61761474609375,0.0003,0.0003,0.1
,,,,,289999,5481.6895,1000,,,,,,,,
5536.7334,41.381588,5613.706,5454.3813,1000.0,290000,,,-460.06402587890625,-4.357726097106934,1.221936821937561,458.9068298339844,458.88421630859375,0.0003,0.0003,0.1
,,,,,290999,5524.8184,1000,,,,,,,,
,,,,,291000,,,-463.57379150390625,-4.520125865936279,1.620957374572754,462.4054260253906,462.44500732421875,0.0003,0.0003,0.1
,,,,,291999,5343.398,1000,,,,,,,,
,,,,,292000,,,-464.98956298828125,-4.306406021118164,1.573631763458252,464.0510559082031,464.4052734375,0.0003,0.0003,0.1
,,,,,292999,5425.0645,1000,,,,,,,,
,,,,,293000,,,-466.37408447265625,-4.044017314910889,1.2864630222320557,465.3912353515625,465.3254089355469,0.0003,0.0003,0.1
,,,,,293999,5516.4507,1000,,,,,,,,
,,,,,294000,,,-459.913818359375,-4.831201553344727,2.1896448135375977,458.4269104003906,458.56378173828125,0.0003,0.0003,0.1
,,,,,294999,5493.9717,1000,,,,,,,,
5526.975,40.336174,5583.818,5438.1123,1000.0,295000,,,-464.01898193359375,-4.364999294281006,1.936478614807129,462.85418701171875,462.67291259765625,0.0003,0.0003,0.1
,,,,,295999,5393.657,1000,,,,,,,,
,,,,,296000,,,-467.4755859375,-3.836880683898926,1.575135350227356,466.832275390625,466.58990478515625,0.0003,0.0003,0.1
,,,,,296999,2825.236,1000,,,,,,,,
,,,,,297000,,,-469.0318603515625,-4.323699951171875,2.3915960788726807,468.09381103515625,468.0270690917969,0.0003,0.0003,0.1
,,,,,297999,5317.492,1000,,,,,,,,
,,,,,298000,,,-468.70391845703125,-3.808069944381714,1.4734163284301758,467.6268310546875,467.80157470703125,0.0003,0.0003,0.1
,,,,,298999,5340.825,1000,,,,,,,,
,,,,,299000,,,-465.0705871582031,-4.790905952453613,1.5430004596710205,464.1548767089844,464.1111755371094,0.0003,0.0003,0.1
,,,,,299999,5464.2446,1000,,,,,,,,
5577.8257,39.105263,5650.3057,5503.2285,1000.0,300000,,,-467.6900634765625,-4.567812919616699,1.9022142887115479,466.6380615234375,466.6382751464844,0.0003,0.0003,0.1
,,,,,300999,2146.341,1000,,,,,,,,
,,,,,301000,,,-462.82745361328125,-4.136161804199219,2.514925479888916,461.510986328125,461.5628356933594,0.0003,0.0003,0.1
,,,,,301999,5599.9224,1000,,,,,,,,
,,,,,302000,,,-465.80810546875,-4.000406265258789,1.6236321926116943,464.73577880859375,464.95196533203125,0.0003,0.0003,0.1
,,,,,302999,5417.5767,1000,,,,,,,,
,,,,,303000,,,-472.25579833984375,-4.620968818664551,2.6561081409454346,471.5237121582031,471.3208312988281,0.0003,0.0003,0.1
,,,,,303999,5397.5757,1000,,,,,,,,
,,,,,304000,,,-468.7602233886719,-4.433643817901611,1.8983312845230103,467.80657958984375,467.8686218261719,0.0003,0.0003,0.1
,,,,,304999,5585.9043,1000,,,,,,,,
5522.079,67.53108,5575.058,5329.0835,1000.0,305000,,,-469.19537353515625,-3.84810471534729,1.6863670349121094,468.0895690917969,468.1142578125,0.0003,0.0003,0.1
,,,,,305999,5548.309,1000,,,,,,,,
,,,,,306000,,,-470.400146484375,-3.912165641784668,1.9961429834365845,469.4671630859375,469.2605285644531,0.0003,0.0003,0.1
,,,,,306999,5510.226,1000,,,,,,,,
,,,,,307000,,,-471.824951171875,-4.1670989990234375,1.3948235511779785,470.83148193359375,470.8734436035156,0.0003,0.0003,0.1
,,,,,307999,5412.4814,1000,,,,,,,,
,,,,,308000,,,-473.7628173828125,-3.9522533416748047,1.868870496749878,472.71258544921875,472.66448974609375,0.0003,0.0003,0.1
,,,,,308999,5610.228,1000,,,,,,,,
,,,,,309000,,,-479.6656494140625,-3.990384101867676,2.0313572883605957,478.46343994140625,478.7540283203125,0.0003,0.0003,0.1
,,,,,309999,5588.452,1000,,,,,,,,
5615.9097,59.285416,5714.2896,5535.584,1000.0,310000,,,-474.68218994140625,-3.8783035278320312,1.8723280429840088,473.577880859375,473.64532470703125,0.0003,0.0003,0.1
,,,,,310999,5551.9893,1000,,,,,,,,
,,,,,311000,,,-473.0543518066406,-4.1971635818481445,2.302457332611084,472.05133056640625,471.96063232421875,0.0003,0.0003,0.1
,,,,,311999,5682.5386,1000,,,,,,,,
,,,,,312000,,,-470.9890441894531,-4.162166595458984,2.0370841026306152,469.92889404296875,469.86761474609375,0.0003,0.0003,0.1
,,,,,312999,5538.533,1000,,,,,,,,
,,,,,313000,,,-472.33697509765625,-3.978316307067871,1.8671568632125854,471.197021484375,471.420654296875,0.0003,0.0003,0.1
,,,,,313999,5495.8857,1000,,,,,,,,
,,,,,314000,,,-478.6545715332031,-4.599034309387207,1.7139285802841187,477.6407775878906,477.6889343261719,0.0003,0.0003,0.1
,,,,,314999,5543.6934,1000,,,,,,,,
5555.247,50.356384,5616.109,5472.5034,1000.0,315000,,,-471.9154357910156,-4.397211074829102,2.8098154067993164,470.68682861328125,470.74017333984375,0.0003,0.0003,0.1
,,,,,315999,5697.296,1000,,,,,,,,
,,,,,316000,,,-475.44171142578125,-3.825122356414795,2.7230679988861084,474.541015625,474.6263427734375,0.0003,0.0003,0.1
,,,,,316999,5709.088,1000,,,,,,,,
,,,,,317000,,,-477.54949951171875,-4.096498489379883,1.992335557937622,476.6050720214844,476.5018310546875,0.0003,0.0003,0.1
,,,,,317999,5704.7676,1000,,,,,,,,
,,,,,318000,,,-477.34552001953125,-4.318194389343262,2.2126030921936035,476.24462890625,476.2696533203125,0.0003,0.0003,0.1
,,,,,318999,5716.1177,1000,,,,,,,,
,,,,,319000,,,-481.23101806640625,-3.8277063369750977,1.611067295074463,480.3101806640625,480.2108154296875,0.0003,0.0003,0.1
,,,,,319999,5723.3096,1000,,,,,,,,
5724.118,48.97232,5797.5693,5611.519,1000.0,320000,,,-482.98553466796875,-4.700366973876953,2.223069190979004,481.662353515625,481.86370849609375,0.0003,0.0003,0.1
,,,,,320999,5524.876,1000,,,,,,,,
,,,,,321000,,,-483.3624267578125,-4.302037715911865,2.4654974937438965,482.40167236328125,482.38885498046875,0.0003,0.0003,0.1
,,,,,321999,5656.306,1000,,,,,,,,
,,,,,322000,,,-490.9789733886719,-4.524507522583008,2.107243061065674,489.947265625,489.98748779296875,0.0003,0.0003,0.1
,,,,,322999,5702.618,1000,,,,,,,,
,,,,,323000,,,-479.8028564453125,-4.412015438079834,2.471930503845215,478.4266662597656,478.54388427734375,0.0003,0.0003,0.1
,,,,,323999,5799.072,1000,,,,,,,,
,,,,,324000,,,-483.04766845703125,-4.195302963256836,2.083672523498535,482.1158142089844,482.1765441894531,0.0003,0.0003,0.1
,,,,,324999,5737.7153,1000,,,,,,,,
5747.784,46.11252,5807.261,5662.1157,1000.0,325000,,,-483.05010986328125,-4.674713611602783,1.9246876239776611,481.8140869140625,481.7276306152344,0.0003,0.0003,0.1
,,,,,325999,5740.1646,1000,,,,,,,,
,,,,,326000,,,-487.5792236328125,-4.2642621994018555,1.6915239095687866,486.39337158203125,486.5435791015625,0.0003,0.0003,0.1
,,,,,326999,5796.9043,1000,,,,,,,,
,,,,,327000,,,-485.4996337890625,-4.226122856140137,1.8412294387817383,484.2663879394531,484.2278137207031,0.0003,0.0003,0.1
,,,,,327999,5751.832,1000,,,,,,,,
,,,,,328000,,,-495.05126953125,-4.3783159255981445,1.8514840602874756,493.9581298828125,493.94329833984375,0.0003,0.0003,0.1
,,,,,328999,5830.5474,1000,,,,,,,,
,,,,,329000,,,-492.216796875,-4.6357879638671875,2.365525245666504,491.176513671875,490.82275390625,0.0003,0.0003,0.1
,,,,,329999,5806.5596,1000,,,,,,,,
5794.0127,69.66031,5910.1543,5631.9736,1000.0,330000,,,-489.7760009765625,-4.158004283905029,2.8192849159240723,488.52703857421875,488.53759765625,0.0003,0.0003,0.1
,,,,,330999,5662.4575,1000,,,,,,,,
,,,,,331000,,,-493.87896728515625,-4.283448696136475,1.7993817329406738,492.903564453125,492.7891540527344,0.0003,0.0003,0.1
,,,,,331999,5819.56,1000,,,,,,,,
,,,,,332000,,,-491.08538818359375,-4.263594627380371,1.7193424701690674,489.68902587890625,489.8177490234375,0.0003,0.0003,0.1
,,,,,332999,5693.205,1000,,,,,,,,
,,,,,333000,,,-495.0511474609375,-4.53138542175293,1.7858315706253052,494.04541015625,494.1617431640625,0.0003,0.0003,0.1
,,,,,333999,5853.2036,1000,,,,,,,,
,,,,,334000,,,-489.87725830078125,-4.255234241485596,2.318310260772705,488.59796142578125,488.63665771484375,0.0003,0.0003,0.1
,,,,,334999,5861.5713,1000,,,,,,,,
5843.595,53.582355,5926.6333,5760.098,1000.0,335000,,,-495.697998046875,-4.521381378173828,1.6650922298431396,494.480712890625,494.5502624511719,0.0003,0.0003,0.1
,,,,,335999,5844.948,1000,,,,,,,,
,,,,,336000,,,-494.752197265625,-3.9454712867736816,2.0822417736053467,493.58770751953125,493.7261962890625,0.0003,0.0003,0.1
,,,,,336999,5825.697,1000,,,,,,,,
,,,,,337000,,,-493.5919189453125,-4.814922332763672,1.903136968612671,492.153564453125,492.517822265625,0.0003,0.0003,0.1
,,,,,337999,5882.616,1000,,,,,,,,
,,,,,338000,,,-494.8189697265625,-4.286585807800293,1.748465895652771,493.654052734375,493.71258544921875,0.0003,0.0003,0.1
,,,,,338999,5888.316,1000,,,,,,,,
,,,,,339000,,,-494.1502685546875,-4.687758922576904,1.9939547777175903,492.8287353515625,492.7296447753906,0.0003,0.0003,0.1
,,,,,339999,5850.9844,1000,,,,,,,,
5920.3257,91.041954,6049.616,5708.642,1000.0,340000,,,-497.1357116699219,-4.673990726470947,1.7897061109542847,495.8333740234375,495.862060546875,0.0003,0.0003,0.1
,,,,,340999,5865.1685,1000,,,,,,,,
,,,,,341000,,,-498.60272216796875,-4.776155471801758,2.4260549545288086,497.1296081542969,496.8841552734375,0.0003,0.0003,0.1
,,,,,341999,5825.369,1000,,,,,,,,
,,,,,342000,,,-499.69097900390625,-4.733197212219238,2.711421489715576,498.6526794433594,498.24267578125,0.0003,0.0003,0.1
,,,,,342999,5956.0405,1000,,,,,,,,
,,,,,343000,,,-503.7485046386719,-4.327839374542236,1.6368083953857422,502.6186828613281,502.76019287109375,0.0003,0.0003,0.1
,,,,,343999,5872.669,1000,,,,,,,,
,,,,,344000,,,-498.37664794921875,-4.2103776931762695,2.001985549926758,497.4307556152344,497.7666931152344,0.0003,0.0003,0.1
,,,,,344999,5723.6387,1000,,,,,,,,
5848.625,34.847954,5925.5,5793.74,1000.0,345000,,,-503.82513427734375,-4.186950206756592,1.8901287317276,502.89794921875,502.650390625,0.0003,0.0003,0.1
,,,,,345999,5852.9844,1000,,,,,,,,
,,,,,346000,,,-505.28179931640625,-4.692241668701172,1.560617446899414,504.36273193359375,504.4229736328125,0.0003,0.0003,0.1
,,,,,346999,5890.8896,1000,,,,,,,,
,,,,,347000,,,-501.75689697265625,-4.667730331420898,1.761579990386963,500.3807373046875,500.4432373046875,0.0003,0.0003,0.1
,,,,,347999,5935.0444,1000,,,,,,,,
,,,,,348000,,,-503.5234069824219,-4.275460720062256,1.5517940521240234,502.2611999511719,502.0983581542969,0.0003,0.0003,0.1
,,,,,348999,5947.8584,1000,,,,,,,,
,,,,,349000,,,-506.163330078125,-4.572004318237305,1.9004554748535156,505.02825927734375,504.9768371582031,0.0003,0.0003,0.1
,,,,,349999,5841.7456,1000,,,,,,,,
5812.924,366.2986,6028.564,4728.8022,1000.0,350000,,,-500.12384033203125,-4.703606605529785,2.443981170654297,498.86785888671875,498.76129150390625,0.0003,0.0003,0.1
,,,,,350999,5935.504,1000,,,,,,,,
,,,,,351000,,,-503.7851257324219,-4.546013832092285,2.182321548461914,502.6151123046875,502.56500244140625,0.0003,0.0003,0.1
,,,,,351999,5939.7173,1000,,,,,,,,
,,,,,352000,,,-505.87139892578125,-4.477431297302246,1.537392020225525,504.9157409667969,504.5632629394531,0.0003,0.0003,0.1
,,,,,352999,5987.0913,1000,,,,,,,,
,,,,,353000,,,-509.549560546875,-4.543859481811523,1.546494960784912,508.4901123046875,508.56329345703125,0.0003,0.0003,0.1
,,,,,353999,6006.455,1000,,,,,,,,
,,,,,354000,,,-512.0609741210938,-4.601258277893066,1.2673271894454956,510.9241943359375,510.93560791015625,0.0003,0.0003,0.1
,,,,,354999,5854.835,1000,,,,,,,,
5769.062,137.17505,5905.915,5417.5874,1000.0,355000,,,-510.0422668457031,-4.408902168273926,2.2223944664001465,508.8729248046875,508.895751953125,0.0003,0.0003,0.1
,,,,,355999,6094.133,1000,,,,,,,,
,,,,,356000,,,-511.39825439453125,-4.892847061157227,1.8996785879135132,510.30975341796875,510.4317626953125,0.0003,0.0003,0.1
,,,,,356999,5980.3735,1000,,,,,,,,
,,,,,357000,,,-510.4883728027344,-4.953935623168945,1.6269177198410034,509.36346435546875,509.5030517578125,0.0003,0.0003,0.1
,,,,,357999,6070.3223,1000,,,,,,,,
,,,,,358000,,,-510.11724853515625,-4.846177101135254,2.5216832160949707,509.02569580078125,508.87371826171875,0.0003,0.0003,0.1
,,,,,358999,6007.862,1000,,,,,,,,
,,,,,359000,,,-511.4639587402344,-4.753665924072266,1.79896080493927,510.46734619140625,510.59283447265625,0.0003,0.0003,0.1
,,,,,359999,6072.973,1000,,,,,,,,
5462.0303,1717.9358,6079.866,309.89987,1000.0,360000,,,-509.4734802246094,-4.691534042358398,2.493321418762207,508.4023742675781,508.4215087890625,0.0003,0.0003,0.1
,,,,,360999,6009.9546,1000,,,,,,,,
,,,,,361000,,,-516.6397705078125,-4.835386753082275,1.6518166065216064,515.6466674804688,515.684326171875,0.0003,0.0003,0.1
,,,,,361999,6144.428,1000,,,,,,,,
,,,,,362000,,,-510.91375732421875,-4.497142791748047,2.071061134338379,509.677490234375,509.81744384765625,0.0003,0.0003,0.1
,,,,,362999,6041.265,1000,,,,,,,,
,,,,,363000,,,-516.8248901367188,-4.294297218322754,1.8953235149383545,515.5631103515625,515.9117431640625,0.0003,0.0003,0.1
,,,,,363999,6030.362,1000,,,,,,,,
,,,,,364000,,,-517.2364501953125,-5.046815395355225,2.510057210922241,516.1591796875,516.056396484375,0.0003,0.0003,0.1
,,,,,364999,6086.054,1000,,,,,,,,
6110.324,53.857704,6236.657,6037.8755,1000.0,365000,,,-518.684814453125,-4.703977584838867,1.8567681312561035,517.5158081054688,517.5374755859375,0.0003,0.0003,0.1
,,,,,365999,6186.557,1000,,,,,,,,
,,,,,366000,,,-516.8243408203125,-4.686314582824707,2.133728504180908,515.3893432617188,515.7595825195312,0.0003,0.0003,0.1
,,,,,366999,6117.03,1000,,,,,,,,
,,,,,367000,,,-521.4820556640625,-4.7233381271362305,1.8463798761367798,520.03466796875,519.9346923828125,0.0003,0.0003,0.1
,,,,,367999,6177.931,1000,,,,,,,,
,,,,,368000,,,-522.0183715820312,-4.99989128112793,1.828951358795166,521.1092529296875,520.9447021484375,0.0003,0.0003,0.1
,,,,,368999,6108.852,1000,,,,,,,,
,,,,,369000,,,-517.6490478515625,-4.921454429626465,2.0933752059936523,516.33984375,516.54931640625,0.0003,0.0003,0.1
,,,,,369999,6154.438,1000,,,,,,,,
6249.1445,45.306847,6320.608,6186.553,1000.0,370000,,,-523.2406005859375,-4.969042778015137,1.6177020072937012,522.1157836914062,522.2910766601562,0.0003,0.0003,0.1
,,,,,370999,6235.8467,1000,,,,,,,,
,,,,,371000,,,-520.61279296875,-4.489237308502197,2.5182085037231445,519.3931884765625,519.26611328125,0.0003,0.0003,0.1
,,,,,371999,6186.2163,1000,,,,,,,,
,,,,,372000,,,-521.7078247070312,-5.2242431640625,2.2241134643554688,520.57568359375,520.251708984375,0.0003,0.0003,0.1
,,,,,372999,6232.6987,1000,,,,,,,,
,,,,,373000,,,-518.9976196289062,-4.665244102478027,2.2372703552246094,517.8832397460938,517.78173828125,0.0003,0.0003,0.1
,,,,,373999,-52.076263,1000,,,,,,,,
,,,,,374000,,,-524.5072021484375,-4.874398231506348,2.0324652194976807,523.473876953125,523.587158203125,0.0003,0.0003,0.1
,,,,,374999,6250.846,1000,,,,,,,,
6193.089,242.12587,6369.7134,5493.6416,1000.0,375000,,,-529.2938232421875,-5.184972763061523,2.1237964630126953,528.1505737304688,527.804443359375,0.0003,0.0003,0.1
,,,,,375999,6170.148,1000,,,,,,,,
,,,,,376000,,,-526.6776123046875,-4.636847972869873,2.6072468757629395,525.619873046875,525.5804443359375,0.0003,0.0003,0.1
,,,,,376999,6213.1997,1000,,,,,,,,
,,,,,377000,,,-530.11376953125,-4.648678779602051,2.1556925773620605,528.9000854492188,528.93310546875,0.0003,0.0003,0.1
,,,,,377999,6183.0503,1000,,,,,,,,
,,,,,378000,,,-523.2677612304688,-4.722546100616455,2.130044460296631,521.9820556640625,522.1798706054688,0.0003,0.0003,0.1
,,,,,378999,5880.802,1000,,,,,,,,
,,,,,379000,,,-521.5111694335938,-4.4341230392456055,2.3643386363983154,520.33740234375,520.1080932617188,0.0003,0.0003,0.1
,,,,,379999,6211.353,1000,,,,,,,,
6281.937,28.89541,6354.208,6243.478,1000.0,380000,,,-530.2181396484375,-4.560789108276367,1.9942474365234375,529.029541015625,529.0474853515625,0.0003,0.0003,0.1
,,,,,380999,6287.8438,1000,,,,,,,,
,,,,,381000,,,-525.149658203125,-5.049454689025879,1.5693765878677368,523.7286376953125,523.7739868164062,0.0003,0.0003,0.1
,,,,,381999,6282.1455,1000,,,,,,,,
,,,,,382000,,,-528.4779052734375,-5.241785049438477,1.950465440750122,527.1820068359375,527.264892578125,0.0003,0.0003,0.1
,,,,,382999,6309.611,1000,,,,,,,,
,,,,,383000,,,-522.5430908203125,-4.6795334815979,2.03775691986084,521.144287109375,521.194580078125,0.0003,0.0003,0.1
,,,,,383999,6289.6914,1000,,,,,,,,
,,,,,384000,,,-533.6744995117188,-4.209344863891602,2.288722038269043,532.71435546875,532.6643676757812,0.0003,0.0003,0.1
,,,,,384999,6321.667,1000,,,,,,,,
5775.6436,1589.1254,6427.7163,1012.3613,1000.0,385000,,,-530.6519165039062,-5.178362846374512,2.0134146213531494,529.294921875,529.2467041015625,0.0003,0.0003,0.1
,,,,,385999,6304.3345,1000,,,,,,,,
,,,,,386000,,,-535.7696533203125,-4.521583557128906,1.5724177360534668,534.7835693359375,534.6697998046875,0.0003,0.0003,0.1
,,,,,386999,6273.5063,1000,,,,,,,,
,,,,,387000,,,-533.7943115234375,-4.7043561935424805,2.0492143630981445,532.5686645507812,532.7335815429688,0.0003,0.0003,0.1
,,,,,387999,6263.2764,1000,,,,,,,,
,,,,,388000,,,-536.300537109375,-4.636693000793457,2.058265209197998,535.1714477539062,535.0872802734375,0.0003,0.0003,0.1
,,,,,388999,6333.2256,1000,,,,,,,,
,,,,,389000,,,-538.6173095703125,-4.872495651245117,1.7877715826034546,537.4459228515625,537.6617431640625,0.0003,0.0003,0.1
,,,,,389999,6405.7515,1000,,,,,,,,
6262.9463,60.211903,6323.8413,6114.08,1000.0,390000,,,-532.7828979492188,-5.0828094482421875,2.035905361175537,531.5197143554688,531.2735595703125,0.0003,0.0003,0.1
,,,,,390999,4967.432,1000,,,,,,,,
,,,,,391000,,,-533.473876953125,-5.136091232299805,2.3682005405426025,531.8027954101562,532.1091918945312,0.0003,0.0003,0.1
,,,,,391999,6423.4414,1000,,,,,,,,
,,,,,392000,,,-534.761962890625,-4.93106746673584,1.596868872642517,533.5892944335938,533.555908203125,0.0003,0.0003,0.1
,,,,,392999,6348.679,1000,,,,,,,,
,,,,,393000,,,-538.4598999023438,-4.956387042999268,1.9189436435699463,537.070068359375,537.2137451171875,0.0003,0.0003,0.1
,,,,,393999,6335.7124,1000,,,,,,,,
,,,,,394000,,,-540.8252563476562,-4.7972412109375,2.115933895111084,539.3642578125,539.4421997070312,0.0003,0.0003,0.1
,,,,,394999,6376.5303,1000,,,,,,,,
6346.557,60.541767,6428.0605,6203.009,1000.0,395000,,,-537.8963623046875,-5.107226371765137,2.6538729667663574,536.62451171875,536.4652709960938,0.0003,0.0003,0.1
,,,,,395999,6439.7925,1000,,,,,,,,
,,,,,396000,,,-542.2932739257812,-5.179766654968262,1.7690460681915283,540.7172241210938,541.00927734375,0.0003,0.0003,0.1
,,,,,396999,6361.208,1000,,,,,,,,
,,,,,397000,,,-540.6364135742188,-5.336562156677246,2.2421810626983643,539.31982421875,539.273681640625,0.0003,0.0003,0.1
,,,,,397999,6324.228,1000,,,,,,,,
,,,,,398000,,,-540.40673828125,-4.9455952644348145,2.4414916038513184,539.2197265625,539.0220947265625,0.0003,0.0003,0.1
,,,,,398999,6391.822,1000,,,,,,,,
,,,,,399000,,,-538.47314453125,-4.903778553009033,2.2478013038635254,536.614990234375,536.7529296875,0.0003,0.0003,0.1
,,,,,399999,6379.024,1000,,,,,,,,
6373.672,52.464443,6493.1943,6319.927,1000.0,400000,,,-543.1014404296875,-4.754398822784424,1.3909754753112793,541.6068115234375,541.6097412109375,0.0003,0.0003,0.1
,,,,,400999,6376.646,1000,,,,,,,,
,,,,,401000,,,-541.3145141601562,-4.839529037475586,2.078944444656372,539.9422607421875,540.1591186523438,0.0003,0.0003,0.1
,,,,,401999,6429.726,1000,,,,,,,,
,,,,,402000,,,-548.1419677734375,-4.931312561035156,1.739356517791748,546.774658203125,546.9581298828125,0.0003,0.0003,0.1
,,,,,402999,6419.689,1000,,,,,,,,
,,,,,403000,,,-544.6597900390625,-5.195827007293701,2.2964589595794678,543.52197265625,543.3230590820312,0.0003,0.0003,0.1
,,,,,403999,6338.3647,1000,,,,,,,,
,,,,,404000,,,-546.4931640625,-4.949492454528809,1.959301471710205,545.2708740234375,545.251708984375,0.0003,0.0003,0.1
,,,,,404999,6270.148,1000,,,,,,,,
6484.3286,48.93933,6584.553,6423.669,1000.0,405000,,,-544.2551879882812,-5.218292236328125,2.2516441345214844,543.0731201171875,543.1776123046875,0.0003,0.0003,0.1
,,,,,405999,6368.5977,1000,,,,,,,,
,,,,,406000,,,-546.268798828125,-4.755793571472168,3.3551158905029297,544.875732421875,544.896728515625,0.0003,0.0003,0.1
,,,,,406999,6412.209,1000,,,,,,,,
,,,,,407000,,,-548.5634155273438,-4.282916069030762,2.7639875411987305,547.3980712890625,547.158447265625,0.0003,0.0003,0.1
,,,,,407999,6302.0723,1000,,,,,,,,
,,,,,408000,,,-551.927001953125,-4.725314140319824,1.8831652402877808,550.92138671875,550.5797729492188,0.0003,0.0003,0.1
,,,,,408999,5420.799,1000,,,,,,,,
,,,,,409000,,,-555.4628295898438,-4.614901542663574,2.293358325958252,554.4486083984375,554.1640625,0.0003,0.0003,0.1
,,,,,409999,6539.1543,1000,,,,,,,,
6403.244,81.036705,6506.613,6224.5825,1000.0,410000,,,-548.116943359375,-4.878779411315918,2.361518383026123,546.756591796875,546.70263671875,0.0003,0.0003,0.1
,,,,,410999,6504.616,1000,,,,,,,,
,,,,,411000,,,-552.2073974609375,-4.966471195220947,2.0224180221557617,551.270751953125,551.043701171875,0.0003,0.0003,0.1
,,,,,411999,6507.2705,1000,,,,,,,,
,,,,,412000,,,-550.5718994140625,-5.141136646270752,2.1957509517669678,548.9735717773438,548.941650390625,0.0003,0.0003,0.1
,,,,,412999,6254.545,1000,,,,,,,,
,,,,,413000,,,-544.6939697265625,-5.088019847869873,2.473954200744629,543.3496704101562,543.326416015625,0.0003,0.0003,0.1
,,,,,413999,6464.6763,1000,,,,,,,,
,,,,,414000,,,-554.04638671875,-4.965383052825928,2.03043794631958,552.9329223632812,552.849853515625,0.0003,0.0003,0.1
,,,,,414999,6429.6904,1000,,,,,,,,
6513.323,65.31977,6603.2485,6399.4004,1000.0,415000,,,-554.05126953125,-5.074015140533447,2.5776314735412598,552.534423828125,552.6092529296875,0.0003,0.0003,0.1
,,,,,415999,4181.539,1000,,,,,,,,
,,,,,416000,,,-549.28271484375,-4.865642547607422,2.1540637016296387,547.7864379882812,547.744140625,0.0003,0.0003,0.1
,,,,,416999,6420.591,1000,,,,,,,,
,,,,,417000,,,-558.8092041015625,-4.601441383361816,1.5334477424621582,558.1229248046875,557.893798828125,0.0003,0.0003,0.1
,,,,,417999,6427.7764,1000,,,,,,,,
,,,,,418000,,,-556.02783203125,-4.90510892868042,2.4390249252319336,554.2838134765625,554.693115234375,0.0003,0.0003,0.1
,,,,,418999,6552.3843,1000,,,,,,,,
,,,,,419000,,,-559.1149291992188,-4.616935729980469,1.8502659797668457,557.8463134765625,557.9537963867188,0.0003,0.0003,0.1
,,,,,419999,6526.232,1000,,,,,,,,
6480.6064,90.57179,6588.928,6250.174,1000.0,420000,,,-554.3861083984375,-4.850454807281494,3.3525936603546143,553.154052734375,553.3596801757812,0.0003,0.0003,0.1
,,,,,420999,6455.742,1000,,,,,,,,
,,,,,421000,,,-558.8641357421875,-4.785839080810547,2.077631950378418,557.3065185546875,557.6875,0.0003,0.0003,0.1
,,,,,421999,6541.097,1000,,,,,,,,
,,,,,422000,,,-558.5733032226562,-4.579724311828613,2.249929904937744,557.7005615234375,557.630859375,0.0003,0.0003,0.1
,,,,,422999,6518.8716,1000,,,,,,,,
,,,,,423000,,,-555.20068359375,-4.916750907897949,2.389850616455078,554.0384521484375,553.994384765625,0.0003,0.0003,0.1
,,,,,423999,6506.8784,1000,,,,,,,,
,,,,,424000,,,-552.99072265625,-5.256324768066406,2.3496134281158447,551.6881713867188,551.9830932617188,0.0003,0.0003,0.1
,,,,,424999,6445.5693,1000,,,,,,,,
5964.661,1570.709,6564.0737,1254.9679,1000.0,425000,,,-562.2625122070312,-5.091784477233887,2.2135801315307617,560.87841796875,560.883056640625,0.0003,0.0003,0.1
,,,,,425999,6537.204,1000,,,,,,,,
,,,,,426000,,,-563.6126708984375,-4.5746235847473145,2.3955252170562744,562.370361328125,562.2086181640625,0.0003,0.0003,0.1
,,,,,426999,6448.374,1000,,,,,,,,
,,,,,427000,,,-558.481201171875,-4.509047985076904,2.7460880279541016,557.2717895507812,557.4061889648438,0.0003,0.0003,0.1
,,,,,427999,6454.8833,1000,,,,,,,,
,,,,,428000,,,-565.0867919921875,-4.878405570983887,2.430677890777588,563.6675415039062,563.8379516601562,0.0003,0.0003,0.1
,,,,,428999,6460.224,1000,,,,,,,,
,,,,,429000,,,-561.7157592773438,-4.925905227661133,2.4101314544677734,560.505126953125,560.2308349609375,0.0003,0.0003,0.1
,,,,,429999,6524.214,1000,,,,,,,,
6525.345,49.826668,6579.342,6440.377,1000.0,430000,,,-554.9874267578125,-5.412741661071777,2.1403138637542725,553.4961547851562,553.3491821289062,0.0003,0.0003,0.1
,,,,,430999,6633.2515,1000,,,,,,,,
,,,,,431000,,,-560.8221435546875,-4.905677318572998,2.2818729877471924,559.4790649414062,559.3975830078125,0.0003,0.0003,0.1
,,,,,431999,6555.8403,1000,,,,,,,,
,,,,,432000,,,-554.1318359375,-4.71457576751709,2.648435115814209,553.1791381835938,553.21630859375,0.0003,0.0003,0.1
,,,,,432999,6412.424,1000,,,,,,,,
,,,,,433000,,,-562.7053833007812,-4.801968574523926,3.980983257293701,561.567626953125,561.5498046875,0.0003,0.0003,0.1
,,,,,433999,6565.0366,1000,,,,,,,,
,,,,,434000,,,-561.2393798828125,-5.924659729003906,2.546586036682129,559.9690551757812,559.9404296875,0.0003,0.0003,0.1
,,,,,434999,6622.879,1000,,,,,,,,
6514.5303,47.111607,6603.7505,6410.383,1000.0,435000,,,-567.6959838867188,-4.745604038238525,2.1480565071105957,566.6090087890625,566.5634155273438,0.0003,0.0003,0.1
,,,,,435999,6467.241,1000,,,,,,,,
,,,,,436000,,,-566.5735473632812,-5.189083099365234,2.1259026527404785,565.2415771484375,565.6952514648438,0.0003,0.0003,0.1
,,,,,436999,6588.616,1000,,,,,,,,
,,,,,437000,,,-563.017578125,-4.795185089111328,2.135561227798462,561.6821899414062,561.7299194335938,0.0003,0.0003,0.1
,,,,,437999,6611.628,1000,,,,,,,,
,,,,,438000,,,-564.9837646484375,-4.522924900054932,2.0835540294647217,563.82666015625,563.7725830078125,0.0003,0.0003,0.1
,,,,,438999,6601.8315,1000,,,,,,,,
,,,,,439000,,,-569.69482421875,-4.805707931518555,1.861191987991333,568.849853515625,568.8544311523438,0.0003,0.0003,0.1
,,,,,439999,6540.433,1000,,,,,,,,
6662.7485,63.30334,6727.901,6515.08,1000.0,440000,,,-569.0894775390625,-5.442102432250977,2.178682804107666,567.477294921875,567.8336181640625,0.0003,0.0003,0.1
,,,,,440999,6578.2896,1000,,,,,,,,
,,,,,441000,,,-567.0367431640625,-4.512873649597168,1.9229679107666016,565.4171142578125,565.5145874023438,0.0003,0.0003,0.1
,,,,,441999,6693.4414,1000,,,,,,,,
,,,,,442000,,,-569.0794677734375,-5.178654670715332,2.658316135406494,567.40283203125,567.4444580078125,0.0003,0.0003,0.1
,,,,,442999,6747.975,1000,,,,,,,,
,,,,,443000,,,-568.3526611328125,-5.166376113891602,2.5749740600585938,566.983642578125,567.03857421875,0.0003,0.0003,0.1
,,,,,443999,6435.837,1000,,,,,,,,
,,,,,444000,,,-572.0078735351562,-4.948702335357666,1.5877830982208252,570.9148559570312,570.9156494140625,0.0003,0.0003,0.1
,,,,,444999,6149.1626,1000,,,,,,,,
5451.37,2210.1182,6676.691,197.43736,1000.0,445000,,,-570.6887817382812,-4.719236850738525,2.024796485900879,569.435546875,569.6844482421875,0.0003,0.0003,0.1
,,,,,445999,6602.603,1000,,,,,,,,
,,,,,446000,,,-571.1058349609375,-4.989819526672363,2.124661445617676,569.88623046875,569.9075927734375,0.0003,0.0003,0.1
,,,,,446999,6693.9136,1000,,,,,,,,
,,,,,447000,,,-568.8630981445312,-4.865745544433594,2.501828670501709,567.6904296875,567.7530517578125,0.0003,0.0003,0.1
,,,,,447999,6655.8696,1000,,,,,,,,
,,,,,448000,,,-573.7681274414062,-4.530328750610352,2.151236057281494,572.482666015625,572.545654296875,0.0003,0.0003,0.1
,,,,,448999,6623.0166,1000,,,,,,,,
,,,,,449000,,,-573.0685424804688,-5.145663738250732,1.9690749645233154,571.9970703125,571.906494140625,0.0003,0.0003,0.1
,,,,,449999,6749.7515,1000,,,,,,,,
6687.077,35.421,6744.3994,6613.8457,1000.0,450000,,,-574.2096557617188,-4.727199554443359,1.486659288406372,572.914306640625,572.8561401367188,0.0003,0.0003,0.1
,,,,,450999,6735.804,1000,,,,,,,,
,,,,,451000,,,-577.4608154296875,-4.838823318481445,2.04270076751709,576.2918701171875,576.2913818359375,0.0003,0.0003,0.1
,,,,,451999,6626.8335,1000,,,,,,,,
,,,,,452000,,,-582.0779418945312,-5.373051643371582,1.8717491626739502,580.8658447265625,580.757568359375,0.0003,0.0003,0.1
,,,,,452999,6752.552,1000,,,,,,,,
,,,,,453000,,,-575.375732421875,-4.838298797607422,2.5189104080200195,573.8148193359375,573.938720703125,0.0003,0.0003,0.1
,,,,,453999,6714.8486,1000,,,,,,,,
,,,,,454000,,,-573.17236328125,-5.588902473449707,2.619595527648926,571.523681640625,571.6824951171875,0.0003,0.0003,0.1
,,,,,454999,6691.734,1000,,,,,,,,
6351.6274,692.8259,6749.0337,4389.8027,1000.0,455000,,,-580.4409790039062,-4.796745777130127,2.414951801300049,579.1468505859375,579.067138671875,0.0003,0.0003,0.1
,,,,,455999,1199.3694,1000,,,,,,,,
,,,,,456000,,,-579.2157592773438,-4.891685485839844,2.411698341369629,577.6704711914062,577.9036865234375,0.0003,0.0003,0.1
,,,,,456999,6700.6836,1000,,,,,,,,
,,,,,457000,,,-579.6953125,-4.7001237869262695,2.3259596824645996,578.338134765625,578.064697265625,0.0003,0.0003,0.1
,,,,,457999,6841.844,1000,,,,,,,,
,,,,,458000,,,-580.4296264648438,-5.13799524307251,2.7512130737304688,578.8802490234375,579.2009887695312,0.0003,0.0003,0.1
,,,,,458999,6740.051,1000,,,,,,,,
,,,,,459000,,,-578.431640625,-4.9890594482421875,2.854588508605957,577.0355224609375,577.2177124023438,0.0003,0.0003,0.1
,,,,,459999,6735.6416,1000,,,,,,,,
6612.37,133.56946,6812.856,6376.2007,1000.0,460000,,,-582.97119140625,-5.419122695922852,3.2640438079833984,581.4471435546875,581.398193359375,0.0003,0.0003,0.1
,,,,,460999,6665.4106,1000,,,,,,,,
,,,,,461000,,,-583.61865234375,-5.23634147644043,1.7927968502044678,582.760009765625,582.5238037109375,0.0003,0.0003,0.1
,,,,,461999,6746.171,1000,,,,,,,,
,,,,,462000,,,-582.4609985351562,-4.791146278381348,3.4361283779144287,580.8829345703125,581.1708984375,0.0003,0.0003,0.1
,,,,,462999,6694.9995,1000,,,,,,,,
,,,,,463000,,,-573.6019287109375,-5.2354583740234375,4.212096214294434,572.1895751953125,571.8214721679688,0.0003,0.0003,0.1
,,,,,463999,6668.487,1000,,,,,,,,
,,,,,464000,,,-590.0236206054688,-4.340949058532715,2.187239408493042,588.92041015625,589.24951171875,0.0003,0.0003,0.1
,,,,,464999,6769.6626,1000,,,,,,,,
6809.935,54.37662,6894.8105,6702.952,1000.0,465000,,,-584.4747924804688,-4.753096580505371,2.202427864074707,583.292724609375,583.4029541015625,0.0003,0.0003,0.1
,,,,,465999,6688.291,1000,,,,,,,,
,,,,,466000,,,-580.0797729492188,-5.174893379211426,6.1184821128845215,578.6983642578125,578.4139404296875,0.0003,0.0003,0.1
,,,,,466999,6833.6685,1000,,,,,,,,
,,,,,467000,,,-587.799560546875,-5.560454368591309,1.9016900062561035,586.6416015625,586.730712890625,0.0003,0.0003,0.1
,,,,,467999,6789.011,1000,,,,,,,,
,,,,,468000,,,-580.802001953125,-5.3130292892456055,2.527472734451294,579.0762939453125,579.2596435546875,0.0003,0.0003,0.1
,,,,,468999,6731.8193,1000,,,,,,,,
,,,,,469000,,,-580.9210205078125,-5.239896297454834,2.565945625305176,579.4819946289062,579.3309326171875,0.0003,0.0003,0.1
,,,,,469999,6856.518,1000,,,,,,,,
6796.8594,55.4536,6899.281,6716.09,1000.0,470000,,,-595.4439697265625,-4.620064735412598,2.7048377990722656,594.4652099609375,594.638671875,0.0003,0.0003,0.1
,,,,,470999,6741.1323,1000,,,,,,,,
,,,,,471000,,,-585.756591796875,-4.778910160064697,2.3180575370788574,584.8597412109375,584.7581787109375,0.0003,0.0003,0.1
,,,,,471999,6864.6025,1000,,,,,,,,
,,,,,472000,,,-587.0621337890625,-4.829370021820068,2.6192479133605957,585.8072509765625,586.172607421875,0.0003,0.0003,0.1
,,,,,472999,6780.3843,1000,,,,,,,,
,,,,,473000,,,-590.4178466796875,-5.287229061126709,2.7074036598205566,588.7677001953125,588.9306030273438,0.0003,0.0003,0.1
,,,,,473999,6803.54,1000,,,,,,,,
,,,,,474000,,,-586.4761352539062,-4.867868900299072,2.8393239974975586,584.9414672851562,585.3721923828125,0.0003,0.0003,0.1
,,,,,474999,6881.989,1000,,,,,,,,
6438.6665,1228.0004,6924.624,2756.8079,1000.0,475000,,,-583.9676513671875,-4.709561824798584,3.381155014038086,582.73291015625,582.6644287109375,0.0003,0.0003,0.1
,,,,,475999,6893.318,1000,,,,,,,,
,,,,,476000,,,-582.790771484375,-5.183837413787842,2.785338878631592,581.3948974609375,581.517822265625,0.0003,0.0003,0.1
,,,,,476999,6840.4805,1000,,,,,,,,
,,,,,477000,,,-589.2740478515625,-5.020409107208252,3.3300814628601074,588.06103515625,588.1567993164062,0.0003,0.0003,0.1
,,,,,477999,6748.243,1000,,,,,,,,
,,,,,478000,,,-586.9627075195312,-5.412837505340576,1.9680172204971313,585.8619384765625,585.3857421875,0.0003,0.0003,0.1
,,,,,478999,6887.59,1000,,,,,,,,
,,,,,479000,,,-587.35107421875,-5.093524932861328,2.0116043090820312,586.146728515625,586.456787109375,0.0003,0.0003,0.1
,,,,,479999,6852.2095,1000,,,,,,,,
6825.9204,54.710346,6892.8936,6749.3833,1000.0,480000,,,-594.0186157226562,-4.779583930969238,2.9941933155059814,593.1690673828125,593.0709228515625,0.0003,0.0003,0.1
,,,,,480999,6848.2983,1000,,,,,,,,
,,,,,481000,,,-589.5961303710938,-5.1095733642578125,2.9933266639709473,588.0516967773438,588.005615234375,0.0003,0.0003,0.1
,,,,,481999,6611.6626,1000,,,,,,,,
,,,,,482000,,,-586.9906616210938,-4.772918701171875,3.469360828399658,585.86083984375,585.8047485351562,0.0003,0.0003,0.1
,,,,,482999,6817.9062,1000,,,,,,,,
,,,,,483000,,,-591.407470703125,-5.162110328674316,2.340416193008423,590.0379028320312,590.3258056640625,0.0003,0.0003,0.1
,,,,,483999,6898.635,1000,,,,,,,,
,,,,,484000,,,-591.12255859375,-4.96580696105957,3.192648410797119,590.3886108398438,589.9008178710938,0.0003,0.0003,0.1
,,,,,484999,6936.992,1000,,,,,,,,
6921.2017,72.94494,7019.851,6819.2134,1000.0,485000,,,-588.748291015625,-5.152690410614014,3.6395933628082275,587.2664794921875,587.5205078125,0.0003,0.0003,0.1
,,,,,485999,6900.2324,1000,,,,,,,,
,,,,,486000,,,-597.66357421875,-5.322291374206543,2.47091007232666,596.5906372070312,596.46728515625,0.0003,0.0003,0.1
,,,,,486999,6904.691,1000,,,,,,,,
,,,,,487000,,,-591.36328125,-5.243856906890869,2.9970479011535645,590.3359985351562,590.0682983398438,0.0003,0.0003,0.1
,,,,,487999,6931.8647,1000,,,,,,,,
,,,,,488000,,,-596.261962890625,-4.848378658294678,2.7245447635650635,594.7294311523438,595.2423095703125,0.0003,0.0003,0.1
,,,,,488999,6810.948,1000,,,,,,,,
,,,,,489000,,,-593.3892822265625,-5.254678249359131,2.904085159301758,591.6422729492188,591.717041015625,0.0003,0.0003,0.1
,,,,,489999,6953.444,1000,,,,,,,,
6853.8267,102.60083,7062.4507,6693.093,1000.0,490000,,,-595.8605346679688,-5.0608720779418945,2.3261656761169434,594.6567993164062,594.964599609375,0.0003,0.0003,0.1
,,,,,490999,6923.37,1000,,,,,,,,
,,,,,491000,,,-599.6236572265625,-4.986179351806641,1.8882415294647217,598.3095092773438,598.2318115234375,0.0003,0.0003,0.1
,,,,,491999,6964.5576,1000,,,,,,,,
,,,,,492000,,,-594.3846435546875,-5.28050422668457,2.893695831298828,593.1648559570312,592.9569702148438,0.0003,0.0003,0.1
,,,,,492999,6885.822,1000,,,,,,,,
,,,,,493000,,,-591.9277954101562,-5.361262321472168,3.2510597705841064,590.38525390625,590.4088134765625,0.0003,0.0003,0.1
,,,,,493999,7125.834,1000,,,,,,,,
,,,,,494000,,,-599.82470703125,-5.127741813659668,2.5586419105529785,598.8040161132812,598.6254272460938,0.0003,0.0003,0.1
,,,,,494999,7001.2954,1000,,,,,,,,
6845.315,120.28019,6948.791,6526.0225,1000.0,495000,,,-598.4266357421875,-4.468297958374023,3.076617956161499,597.5557250976562,596.9007568359375,0.0003,0.0003,0.1
,,,,,495999,6887.115,1000,,,,,,,,
,,,,,496000,,,-599.5767211914062,-5.058123588562012,2.186706066131592,598.68505859375,598.8065185546875,0.0003,0.0003,0.1
,,,,,496999,6851.086,1000,,,,,,,,
,,,,,497000,,,-605.3359985351562,-4.9662370681762695,2.180565595626831,604.001220703125,604.4431762695312,0.0003,0.0003,0.1
,,,,,497999,1612.754,1000,,,,,,,,
,,,,,498000,,,-597.9512329101562,-5.250428199768066,3.2445149421691895,597.0712890625,596.9412231445312,0.0003,0.0003,0.1
,,,,,498999,6938.807,1000,,,,,,,,
,,,,,499000,,,-603.4302978515625,-4.471402645111084,1.5993297100067139,602.4122924804688,602.2264404296875,0.0003,0.0003,0.1
,,,,,499999,6973.8276,1000,,,,,,,,
6931.5537,79.4702,7045.82,6722.6836,1000.0,500000,,,-600.7904663085938,-5.257911682128906,5.397030353546143,599.6104736328125,599.5655517578125,0.0003,0.0003,0.1
,,,,,500999,7028.9604,1000,,,,,,,,
,,,,,501000,,,-600.9003295898438,-5.512948036193848,2.5931146144866943,599.5364379882812,599.6375732421875,0.0003,0.0003,0.1
,,,,,501999,6938.472,1000,,,,,,,,
,,,,,502000,,,-603.3111572265625,-5.120889663696289,3.066847324371338,602.1422119140625,601.9547119140625,0.0003,0.0003,0.1
,,,,,502999,6974.383,1000,,,,,,,,
,,,,,503000,,,-602.5480346679688,-5.471552848815918,2.075273036956787,601.5477294921875,601.710205078125,0.0003,0.0003,0.1
,,,,,503999,6911.9727,1000,,,,,,,,
,,,,,504000,,,-607.200927734375,-4.929826259613037,2.1535892486572266,606.1072387695312,606.186767578125,0.0003,0.0003,0.1
,,,,,504999,6910.502,1000,,,,,,,,
7021.501,68.62823,7155.414,6904.566,1000.0,505000,,,-606.1519775390625,-4.997027397155762,3.8935980796813965,605.1874389648438,604.7049560546875,0.0003,0.0003,0.1
,,,,,505999,6962.328,1000,,,,,,,,
,,,,,506000,,,-607.6339721679688,-4.690526008605957,2.134805917739868,606.6815185546875,606.6915893554688,0.0003,0.0003,0.1
,,,,,506999,6940.397,1000,,,,,,,,
,,,,,507000,,,-605.0511474609375,-5.095425128936768,2.3419437408447266,603.68359375,603.4786376953125,0.0003,0.0003,0.1
,,,,,507999,6958.118,1000,,,,,,,,
,,,,,508000,,,-603.4771728515625,-5.14434814453125,2.13213849067688,602.468017578125,602.4715576171875,0.0003,0.0003,0.1
,,,,,508999,7045.4995,1000,,,,,,,,
,,,,,509000,,,-606.3011474609375,-4.970994472503662,3.681288003921509,604.67529296875,604.893798828125,0.0003,0.0003,0.1
,,,,,509999,7018.246,1000,,,,,,,,
7086.639,59.09898,7154.536,6996.3833,1000.0,510000,,,-609.2996826171875,-4.8744306564331055,2.285090446472168,608.0148315429688,607.684814453125,0.0003,0.0003,0.1
,,,,,510999,7032.9775,1000,,,,,,,,
,,,,,511000,,,-605.428955078125,-5.043217182159424,2.293578863143921,603.67041015625,603.93798828125,0.0003,0.0003,0.1
,,,,,511999,7044.0684,1000,,,,,,,,
,,,,,512000,,,-605.4114379882812,-5.5033979415893555,2.825955629348755,604.1116943359375,604.2944946289062,0.0003,0.0003,0.1
,,,,,512999,6996.7075,1000,,,,,,,,
,,,,,513000,,,-604.0973510742188,-5.41635799407959,3.138199806213379,602.7415771484375,602.701904296875,0.0003,0.0003,0.1
,,,,,513999,7015.96,1000,,,,,,,,
,,,,,514000,,,-606.9407958984375,-5.340536117553711,2.263324022293091,605.8757934570312,605.6348266601562,0.0003,0.0003,0.1
,,,,,514999,6992.6567,1000,,,,,,,,
7044.074,128.4841,7170.7363,6695.104,1000.0,515000,,,-609.4803466796875,-5.2760725021362305,3.5837011337280273,607.9541015625,607.5429077148438,0.0003,0.0003,0.1
,,,,,515999,7105.8306,1000,,,,,,,,
,,,,,516000,,,-607.853515625,-6.053377151489258,3.022594451904297,606.104248046875,606.4282836914062,0.0003,0.0003,0.1
,,,,,516999,7008.306,1000,,,,,,,,
,,,,,517000,,,-608.5165405273438,-5.448731422424316,2.3380727767944336,606.9215087890625,607.10595703125,0.0003,0.0003,0.1
,,,,,517999,6889.9746,1000,,,,,,,,
,,,,,518000,,,-610.598876953125,-4.857391357421875,3.7129440307617188,609.5576782226562,609.6531982421875,0.0003,0.0003,0.1
,,,,,518999,7107.8833,1000,,,,,,,,
,,,,,519000,,,-614.3353271484375,-5.610158443450928,3.0602846145629883,613.171142578125,613.20556640625,0.0003,0.0003,0.1
,,,,,519999,6718.8306,1000,,,,,,,,
7123.46,33.418243,7185.961,7062.5317,1000.0,520000,,,-611.961181640625,-5.527684211730957,2.845059633255005,610.5157470703125,610.3595581054688,0.0003,0.0003,0.1
,,,,,520999,7003.6704,1000,,,,,,,,
,,,,,521000,,,-614.69921875,-4.981982231140137,2.4833569526672363,613.2606201171875,613.1204223632812,0.0003,0.0003,0.1
,,,,,521999,7129.676,1000,,,,,,,,
,,,,,522000,,,-613.6957397460938,-4.995439529418945,2.2645294666290283,612.6427001953125,612.3809814453125,0.0003,0.0003,0.1
,,,,,522999,7091.718,1000,,,,,,,,
,,,,,523000,,,-610.7428588867188,-5.519096374511719,3.889986991882324,609.251953125,609.354736328125,0.0003,0.0003,0.1
,,,,,523999,1472.8771,1000,,,,,,,,
,,,,,524000,,,-605.6800537109375,-5.231293201446533,3.93550443649292,604.0696411132812,604.179443359375,0.0003,0.0003,0.1
,,,,,524999,7027.815,1000,,,,,,,,
7081.9326,45.467506,7141.934,7004.136,1000.0,525000,,,-616.3296508789062,-4.826442718505859,2.6886353492736816,614.8135986328125,615.1377563476562,0.0003,0.0003,0.1
,,,,,525999,7135.704,1000,,,,,,,,
,,,,,526000,,,-618.888671875,-5.607209205627441,2.574934482574463,617.6332397460938,617.8798828125,0.0003,0.0003,0.1
,,,,,526999,7115.5454,1000,,,,,,,,
,,,,,527000,,,-616.2081909179688,-5.973274230957031,2.391011953353882,614.9951171875,615.0645141601562,0.0003,0.0003,0.1
,,,,,527999,7155.7183,1000,,,,,,,,
,,,,,528000,,,-610.7747802734375,-5.630335807800293,2.8083248138427734,609.2789306640625,609.2517700195312,0.0003,0.0003,0.1
,,,,,528999,7077.4565,1000,,,,,,,,
,,,,,529000,,,-614.68603515625,-5.063301086425781,2.3237245082855225,613.393310546875,613.3036499023438,0.0003,0.0003,0.1
,,,,,529999,7144.8184,1000,,,,,,,,
6713.958,665.1937,7121.052,5011.6255,1000.0,530000,,,-619.0601806640625,-5.267207145690918,2.2916226387023926,617.78564453125,618.10302734375,0.0003,0.0003,0.1
,,,,,530999,7143.384,1000,,,,,,,,
,,,,,531000,,,-614.848876953125,-5.360431671142578,3.5783252716064453,613.3299560546875,613.1243286132812,0.0003,0.0003,0.1
,,,,,531999,7040.061,1000,,,,,,,,
,,,,,532000,,,-614.1209716796875,-5.174912452697754,2.537609577178955,612.9088745117188,612.9266357421875,0.0003,0.0003,0.1
,,,,,532999,7032.3374,1000,,,,,,,,
,,,,,533000,,,-619.4744262695312,-5.1764140129089355,3.1634774208068848,618.176025390625,618.4022216796875,0.0003,0.0003,0.1
,,,,,533999,7068.231,1000,,,,,,,,
,,,,,534000,,,-619.6128540039062,-5.425139427185059,3.4075231552124023,618.227294921875,618.272705078125,0.0003,0.0003,0.1
,,,,,534999,7099.621,1000,,,,,,,,
7135.8096,29.908316,7167.5103,7072.726,1000.0,535000,,,-612.8359375,-5.5158162117004395,4.076017379760742,611.6214599609375,611.5120849609375,0.0003,0.0003,0.1
,,,,,535999,7209.9595,1000,,,,,,,,
,,,,,536000,,,-619.5079345703125,-5.063525676727295,2.4144864082336426,618.2481079101562,618.1094970703125,0.0003,0.0003,0.1
,,,,,536999,7232.8555,1000,,,,,,,,
,,,,,537000,,,-618.9647216796875,-5.467315196990967,2.141279458999634,617.8614501953125,618.060791015625,0.0003,0.0003,0.1
,,,,,537999,7190.816,1000,,,,,,,,
,,,,,538000,,,-616.4256591796875,-5.555683612823486,3.82151460647583,615.3008422851562,615.3668823242188,0.0003,0.0003,0.1
,,,,,538999,7069.361,1000,,,,,,,,
,,,,,539000,,,-616.9319458007812,-4.885919570922852,3.089818239212036,615.69287109375,615.680419921875,0.0003,0.0003,0.1
,,,,,539999,7061.1836,1000,,,,,,,,
7084.911,46.74148,7129.9204,6951.3647,1000.0,540000,,,-620.0286865234375,-5.453978538513184,2.505884885787964,618.9524536132812,619.03515625,0.0003,0.0003,0.1
,,,,,540999,7202.372,1000,,,,,,,,
,,,,,541000,,,-615.7061767578125,-5.697108268737793,3.054780960083008,614.1527099609375,614.0048217773438,0.0003,0.0003,0.1
,,,,,541999,7132.8164,1000,,,,,,,,
,,,,,542000,,,-613.2651977539062,-5.454349994659424,3.1958465576171875,611.8521728515625,611.7821044921875,0.0003,0.0003,0.1
,,,,,542999,7118.8213,1000,,,,,,,,
,,,,,543000,,,-618.3651123046875,-5.341876029968262,5.399163722991943,617.10546875,617.32568359375,0.0003,0.0003,0.1
,,,,,543999,7069.8486,1000,,,,,,,,
,,,,,544000,,,-621.587890625,-5.209216117858887,2.3536152839660645,620.406494140625,620.5128173828125,0.0003,0.0003,0.1
,,,,,544999,7165.8896,1000,,,,,,,,
7027.5117,131.32016,7147.014,6789.0312,1000.0,545000,,,-620.5318603515625,-5.330533981323242,2.48360276222229,619.1337890625,619.21337890625,0.0003,0.0003,0.1
,,,,,545999,7151.544,1000,,,,,,,,
,,,,,546000,,,-611.4366455078125,-5.712878704071045,3.2630507946014404,609.69482421875,609.5772705078125,0.0003,0.0003,0.1
,,,,,546999,7210.144,1000,,,,,,,,
,,,,,547000,,,-620.886474609375,-5.625949859619141,3.4669599533081055,619.5880126953125,619.50244140625,0.0003,0.0003,0.1
,,,,,547999,7234.6074,1000,,,,,,,,
,,,,,548000,,,-625.50390625,-5.505458831787109,2.942368745803833,624.0472412109375,624.314208984375,0.0003,0.0003,0.1
,,,,,548999,6047.8516,1000,,,,,,,,
,,,,,549000,,,-625.724853515625,-5.090550422668457,2.8340139389038086,624.4488525390625,624.6240844726562,0.0003,0.0003,0.1
,,,,,549999,7164.296,1000,,,,,,,,
7200.2393,74.139595,7292.979,7088.2324,1000.0,550000,,,-624.642822265625,-5.461796760559082,3.8075664043426514,623.2230224609375,623.0606689453125,0.0003,0.0003,0.1
,,,,,550999,7213.8643,1000,,,,,,,,
,,,,,551000,,,-623.643798828125,-5.517683982849121,2.920522928237915,622.9166259765625,622.7630004882812,0.0003,0.0003,0.1
,,,,,551999,7215.6133,1000,,,,,,,,
,,,,,552000,,,-628.359130859375,-4.778991222381592,3.1088759899139404,627.5943603515625,627.1689453125,0.0003,0.0003,0.1
,,,,,552999,7170.3726,1000,,,,,,,,
,,,,,553000,,,-621.54443359375,-5.0294189453125,2.3467955589294434,620.2386474609375,620.1027221679688,0.0003,0.0003,0.1
,,,,,553999,7116.5684,1000,,,,,,,,
,,,,,554000,,,-629.390625,-4.81934928894043,3.0398330688476562,627.9908447265625,628.0142211914062,0.0003,0.0003,0.1
,,,,,554999,7208.757,1000,,,,,,,,
7203.9478,44.13845,7283.104,7140.6333,1000.0,555000,,,-622.4370727539062,-4.847352981567383,4.104476451873779,621.3659057617188,620.918212890625,0.0003,0.0003,0.1
,,,,,555999,7268.4546,1000,,,,,,,,
,,,,,556000,,,-633.242431640625,-4.8974714279174805,2.7100510597229004,631.8678588867188,632.3074951171875,0.0003,0.0003,0.1
,,,,,556999,7260.788,1000,,,,,,,,
,,,,,557000,,,-628.794189453125,-5.101128578186035,2.7415072917938232,627.3639526367188,627.3604736328125,0.0003,0.0003,0.1
,,,,,557999,7273.7593,1000,,,,,,,,
,,,,,558000,,,-626.294677734375,-5.25325345993042,2.581562042236328,624.9601440429688,625.0906372070312,0.0003,0.0003,0.1
,,,,,558999,7267.9634,1000,,,,,,,,
,,,,,559000,,,-621.00732421875,-5.589888572692871,3.1090545654296875,619.5260620117188,619.5396118164062,0.0003,0.0003,0.1
,,,,,559999,7223.5977,1000,,,,,,,,
7254.453,70.75734,7392.6616,7117.186,1000.0,560000,,,-631.3955078125,-5.239285469055176,3.216172695159912,629.8187255859375,630.3831787109375,0.0003,0.0003,0.1
,,,,,560999,7311.137,1000,,,,,,,,
,,,,,561000,,,-633.6124877929688,-5.262044906616211,3.465728759765625,631.946044921875,632.2322998046875,0.0003,0.0003,0.1
,,,,,561999,7227.7026,1000,,,,,,,,
,,,,,562000,,,-622.19921875,-5.277082443237305,3.0626745223999023,620.4769287109375,620.7965087890625,0.0003,0.0003,0.1
,,,,,562999,7178.4316,1000,,,,,,,,
,,,,,563000,,,-628.4261474609375,-5.186527729034424,2.990180015563965,626.7423095703125,627.3037109375,0.0003,0.0003,0.1
,,,,,563999,7368.907,1000,,,,,,,,
,,,,,564000,,,-634.3788452148438,-5.232696533203125,2.826291561126709,633.132080078125,633.143310546875,0.0003,0.0003,0.1
,,,,,564999,7189.134,1000,,,,,,,,
7179.3906,149.30421,7286.228,6754.664,1000.0,565000,,,-629.9844360351562,-5.282564640045166,3.515166997909546,628.61474609375,628.402099609375,0.0003,0.0003,0.1
,,,,,565999,7229.885,1000,,,,,,,,
,,,,,566000,,,-633.1525268554688,-5.2779765129089355,2.9667086601257324,631.5064697265625,631.9627685546875,0.0003,0.0003,0.1
,,,,,566999,7357.4707,1000,,,,,,,,
,,,,,567000,,,-633.1133422851562,-4.752115249633789,3.0472283363342285,631.7176513671875,631.7787475585938,0.0003,0.0003,0.1
,,,,,567999,7312.1924,1000,,,,,,,,
,,,,,568000,,,-641.1446533203125,-5.333439826965332,2.307159900665283,639.4081420898438,639.713623046875,0.0003,0.0003,0.1
,,,,,568999,7281.838,1000,,,,,,,,
,,,,,569000,,,-633.289794921875,-5.098572254180908,2.8449811935424805,632.205078125,632.2636108398438,0.0003,0.0003,0.1
,,,,,569999,7261.5854,1000,,,,,,,,
7310.5,56.925034,7387.68,7200.8247,1000.0,570000,,,-631.6720581054688,-5.399435997009277,3.3636817932128906,630.2879638671875,630.7265014648438,0.0003,0.0003,0.1
,,,,,570999,7371.341,1000,,,,,,,,
,,,,,571000,,,-641.038330078125,-5.400998592376709,2.6009738445281982,639.95263671875,639.57861328125,0.0003,0.0003,0.1
,,,,,571999,7263.311,1000,,,,,,,,
,,,,,572000,,,-637.5869140625,-5.38431453704834,2.5893826484680176,635.8070068359375,636.2578735351562,0.0003,0.0003,0.1
,,,,,572999,7365.614,1000,,,,,,,,
,,,,,573000,,,-637.2916259765625,-5.020573139190674,2.739027976989746,636.1845703125,636.022216796875,0.0003,0.0003,0.1
,,,,,573999,7296.441,1000,,,,,,,,
,,,,,574000,,,-636.3642578125,-5.627811431884766,2.366611957550049,634.724365234375,634.9839477539062,0.0003,0.0003,0.1
,,,,,574999,7353.194,1000,,,,,,,,
7179.05,326.16998,7407.8965,6213.6606,1000.0,575000,,,-629.0965576171875,-5.1382951736450195,3.928410291671753,627.678955078125,627.28173828125,0.0003,0.0003,0.1
,,,,,575999,7364.4106,1000,,,,,,,,
,,,,,576000,,,-634.1568603515625,-5.441936492919922,2.6118977069854736,633.09912109375,633.3483276367188,0.0003,0.0003,0.1
,,,,,576999,7277.203,1000,,,,,,,,
,,,,,577000,,,-634.6575317382812,-5.526546478271484,2.349320888519287,633.1276245117188,633.21728515625,0.0003,0.0003,0.1
,,,,,577999,7187.27,1000,,,,,,,,
,,,,,578000,,,-644.2950439453125,-5.47666072845459,1.7397381067276,642.8727416992188,642.9139404296875,0.0003,0.0003,0.1
,,,,,578999,7395.6807,1000,,,,,,,,
,,,,,579000,,,-644.8045654296875,-5.4441423416137695,2.539984703063965,643.5233764648438,643.4168701171875,0.0003,0.0003,0.1
,,,,,579999,7393.619,1000,,,,,,,,
7396.7725,51.99516,7485.695,7289.2056,1000.0,580000,,,-633.6188354492188,-6.1220703125,4.0199384689331055,632.264892578125,632.4317626953125,0.0003,0.0003,0.1
,,,,,580999,7442.5796,1000,,,,,,,,
,,,,,581000,,,-644.28173828125,-5.037142753601074,2.8051230907440186,643.009521484375,643.1768798828125,0.0003,0.0003,0.1
,,,,,581999,7223.2583,1000,,,,,,,,
,,,,,582000,,,-642.9685668945312,-5.476585388183594,2.794576644897461,641.5864868164062,641.6152954101562,0.0003,0.0003,0.1
,,,,,582999,7354.2065,1000,,,,,,,,
,,,,,583000,,,-637.62744140625,-5.2473602294921875,3.079411506652832,636.189208984375,636.1849365234375,0.0003,0.0003,0.1
,,,,,583999,7332.313,1000,,,,,,,,
,,,,,584000,,,-641.7138671875,-5.302568435668945,3.2785966396331787,640.5602416992188,640.466064453125,0.0003,0.0003,0.1
,,,,,584999,7410.9077,1000,,,,,,,,
7405.12,93.851875,7547.173,7254.024,1000.0,585000,,,-636.6038818359375,-5.638861656188965,2.9323203563690186,635.4514770507812,635.45263671875,0.0003,0.0003,0.1
,,,,,585999,7427.7896,1000,,,,,,,,
,,,,,586000,,,-647.069091796875,-5.525598049163818,2.81282377243042,645.9534912109375,645.5780639648438,0.0003,0.0003,0.1
,,,,,586999,7346.472,1000,,,,,,,,
,,,,,587000,,,-635.9918212890625,-5.298961639404297,5.438611030578613,634.5938720703125,634.808349609375,0.0003,0.0003,0.1
,,,,,587999,7353.746,1000,,,,,,,,
,,,,,588000,,,-640.08544921875,-5.639272689819336,3.4806227684020996,638.9591064453125,638.760498046875,0.0003,0.0003,0.1
,,,,,588999,7234.8564,1000,,,,,,,,
,,,,,589000,,,-645.4767456054688,-5.460358142852783,2.403913736343384,644.0028076171875,644.0634765625,0.0003,0.0003,0.1
,,,,,589999,7356.1025,1000,,,,,,,,
7435.9585,36.799576,7488.7925,7375.5464,1000.0,590000,,,-638.3818359375,-5.198164939880371,4.0019989013671875,636.559814453125,636.4913330078125,0.0003,0.0003,0.1
,,,,,590999,7392.2495,1000,,,,,,,,
,,,,,591000,,,-640.02685546875,-5.012235641479492,2.530015468597412,638.922607421875,638.7325439453125,0.0003,0.0003,0.1
,,,,,591999,7435.1943,1000,,,,,,,,
,,,,,592000,,,-648.6018676757812,-5.664588928222656,3.3595573902130127,647.4105224609375,647.127197265625,0.0003,0.0003,0.1
,,,,,592999,7484.435,1000,,,,,,,,
,,,,,593000,,,-635.5392456054688,-5.8079118728637695,3.7597622871398926,634.2366943359375,634.282958984375,0.0003,0.0003,0.1
,,,,,593999,7510.8506,1000,,,,,,,,
,,,,,594000,,,-647.919921875,-5.460001468658447,3.171126365661621,646.8797607421875,646.8704833984375,0.0003,0.0003,0.1
,,,,,594999,7399.802,1000,,,,,,,,
7536.9297,38.294334,7584.26,7445.1333,1000.0,595000,,,-645.6163330078125,-5.073693752288818,2.1041183471679688,644.3041381835938,644.4136962890625,0.0003,0.0003,0.1
,,,,,595999,7357.469,1000,,,,,,,,
,,,,,596000,,,-645.578125,-5.389831066131592,2.746821641921997,644.1895141601562,644.533203125,0.0003,0.0003,0.1
,,,,,596999,7390.7363,1000,,,,,,,,
,,,,,597000,,,-646.1453857421875,-5.834347248077393,2.5092039108276367,645.0559692382812,644.8135986328125,0.0003,0.0003,0.1
,,,,,597999,7423.996,1000,,,,,,,,
,,,,,598000,,,-645.0447387695312,-5.953366756439209,3.1403937339782715,643.8312377929688,643.3018188476562,0.0003,0.0003,0.1
,,,,,598999,7431.3223,1000,,,,,,,,
,,,,,599000,,,-647.886474609375,-5.75405740737915,2.1757123470306396,646.724365234375,646.6425170898438,0.0003,0.0003,0.1
,,,,,599999,7412.065,1000,,,,,,,,
7486.2803,28.195036,7534.039,7430.77,1000.0,600000,,,-645.3917236328125,-5.270489692687988,2.617846965789795,643.9639892578125,644.2205810546875,0.0003,0.0003,0.1
,,,,,600999,7434.7886,1000,,,,,,,,
,,,,,601000,,,-652.5885009765625,-5.236269474029541,3.4757184982299805,651.5985717773438,651.5164184570312,0.0003,0.0003,0.1
,,,,,601999,7401.537,1000,,,,,,,,
,,,,,602000,,,-647.0678100585938,-5.374061584472656,3.8834807872772217,645.6495361328125,645.8580322265625,0.0003,0.0003,0.1
,,,,,602999,7479.7534,1000,,,,,,,,
,,,,,603000,,,-653.03271484375,-5.636514663696289,2.3824496269226074,651.618896484375,651.5995483398438,0.0003,0.0003,0.1
,,,,,603999,7464.36,1000,,,,,,,,
,,,,,604000,,,-645.383544921875,-5.398928642272949,2.5781636238098145,644.19287109375,644.1031494140625,0.0003,0.0003,0.1
,,,,,604999,7491.7144,1000,,,,,,,,
7478.88,42.67803,7529.3516,7385.5405,1000.0,605000,,,-648.936279296875,-5.182002067565918,2.6255884170532227,647.4502563476562,647.9127197265625,0.0003,0.0003,0.1
,,,,,605999,7460.79,1000,,,,,,,,
,,,,,606000,,,-651.322509765625,-5.527754306793213,2.6235976219177246,649.9580078125,650.3699951171875,0.0003,0.0003,0.1
,,,,,606999,7597.9746,1000,,,,,,,,
,,,,,607000,,,-650.2733764648438,-5.6928253173828125,3.2073755264282227,648.8885498046875,648.8915405273438,0.0003,0.0003,0.1
,,,,,607999,7512.14,1000,,,,,,,,
,,,,,608000,,,-652.8748168945312,-5.2116851806640625,2.9211578369140625,651.593994140625,651.5393676757812,0.0003,0.0003,0.1
,,,,,608999,7520.557,1000,,,,,,,,
,,,,,609000,,,-653.309326171875,-5.687353134155273,2.573451280593872,651.7615966796875,652.1641235351562,0.0003,0.0003,0.1
,,,,,609999,7488.4424,1000,,,,,,,,
7526.5244,63.458176,7625.142,7436.0938,1000.0,610000,,,-653.7120361328125,-5.471642971038818,2.687282085418701,652.45947265625,652.3834228515625,0.0003,0.0003,0.1
,,,,,610999,7516.2505,1000,,,,,,,,
,,,,,611000,,,-648.72412109375,-5.721011161804199,4.646864891052246,647.8414306640625,647.3499755859375,0.0003,0.0003,0.1
,,,,,611999,7600.1245,1000,,,,,,,,
,,,,,612000,,,-662.009033203125,-5.920330047607422,2.63700795173645,660.777587890625,660.681884765625,0.0003,0.0003,0.1
,,,,,612999,7534.2563,1000,,,,,,,,
,,,,,613000,,,-652.808837890625,-5.161660671234131,2.9856743812561035,652.0872802734375,651.6807861328125,0.0003,0.0003,0.1
,,,,,613999,7577.122,1000,,,,,,,,
,,,,,614000,,,-660.3831787109375,-5.267092704772949,2.2964425086975098,659.030517578125,659.5123901367188,0.0003,0.0003,0.1
,,,,,614999,7388.5225,1000,,,,,,,,
7473.296,44.20813,7556.143,7393.383,1000.0,615000,,,-656.2316284179688,-5.579348564147949,2.546037197113037,654.6728515625,654.6825561523438,0.0003,0.0003,0.1
,,,,,615999,7434.3184,1000,,,,,,,,
,,,,,616000,,,-654.234619140625,-5.751420974731445,2.3887455463409424,653.191650390625,653.21875,0.0003,0.0003,0.1
,,,,,616999,7448.1504,1000,,,,,,,,
,,,,,617000,,,-653.5037231445312,-5.928363800048828,3.134056806564331,652.1885986328125,652.2228393554688,0.0003,0.0003,0.1
,,,,,617999,7564.013,1000,,,,,,,,
,,,,,618000,,,-656.211669921875,-5.5266876220703125,2.820145845413208,654.6529541015625,655.17041015625,0.0003,0.0003,0.1
,,,,,618999,7613.605,1000,,,,,,,,
,,,,,619000,,,-656.3792724609375,-5.936505317687988,2.7191944122314453,654.917236328125,654.9534912109375,0.0003,0.0003,0.1
,,,,,619999,7496.9883,1000,,,,,,,,
7595.664,45.54226,7677.2437,7538.353,1000.0,620000,,,-654.673095703125,-5.7200541496276855,3.8086600303649902,653.73779296875,653.3077392578125,0.0003,0.0003,0.1
,,,,,620999,7607.88,1000,,,,,,,,
,,,,,621000,,,-654.1168212890625,-5.90093469619751,3.081223487854004,652.3881225585938,652.5008544921875,0.0003,0.0003,0.1
,,,,,621999,7552.6763,1000,,,,,,,,
,,,,,622000,,,-652.417236328125,-5.450185298919678,3.6920018196105957,651.4537963867188,651.50439453125,0.0003,0.0003,0.1
,,,,,622999,7569.93,1000,,,,,,,,
,,,,,623000,,,-660.1234130859375,-5.891445159912109,2.835437774658203,658.7684326171875,658.9188232421875,0.0003,0.0003,0.1
,,,,,623999,7600.8003,1000,,,,,,,,
,,,,,624000,,,-660.7152709960938,-5.964688301086426,2.2760229110717773,659.0325927734375,659.158935546875,0.0003,0.0003,0.1
,,,,,624999,7570.6997,1000,,,,,,,,
7620.8438,47.334667,7698.6465,7543.313,1000.0,625000,,,-659.697265625,-5.328780651092529,3.4384207725524902,658.4022216796875,658.4071044921875,0.0003,0.0003,0.1
,,,,,625999,7638.7188,1000,,,,,,,,
,,,,,626000,,,-654.707763671875,-5.947967052459717,2.570640802383423,653.251220703125,653.3861083984375,0.0003,0.0003,0.1
,,,,,626999,7489.125,1000,,,,,,,,
,,,,,627000,,,-658.8690185546875,-5.673651218414307,2.6312456130981445,657.2653198242188,657.23046875,0.0003,0.0003,0.1
,,,,,627999,7551.809,1000,,,,,,,,
,,,,,628000,,,-657.8355712890625,-5.394101142883301,3.861898183822632,656.165283203125,656.0451049804688,0.0003,0.0003,0.1
,,,,,628999,7528.3438,1000,,,,,,,,
,,,,,629000,,,-665.8780517578125,-5.265925884246826,2.175595998764038,665.14453125,665.3297119140625,0.0003,0.0003,0.1
,,,,,629999,7553.019,1000,,,,,,,,
7391.28,71.25073,7518.9443,7277.968,1000.0,630000,,,-661.0203857421875,-5.3283538818359375,2.1573123931884766,659.6549072265625,659.6256103515625,0.0003,0.0003,0.1
,,,,,630999,7589.827,1000,,,,,,,,
,,,,,631000,,,-659.5425415039062,-5.374860763549805,2.6493258476257324,658.0992431640625,658.1611328125,0.0003,0.0003,0.1
,,,,,631999,7575.624,1000,,,,,,,,
,,,,,632000,,,-661.494140625,-5.523348808288574,3.2750895023345947,660.505859375,660.0543212890625,0.0003,0.0003,0.1
,,,,,632999,7587.2407,1000,,,,,,,,
,,,,,633000,,,-662.8204345703125,-5.467278480529785,5.820455551147461,661.9940795898438,661.8499755859375,0.0003,0.0003,0.1
,,,,,633999,7668.9556,1000,,,,,,,,
,,,,,634000,,,-665.8364868164062,-5.505481719970703,3.045224905014038,665.0459594726562,664.9278564453125,0.0003,0.0003,0.1
,,,,,634999,7536.212,1000,,,,,,,,
7567.904,59.813915,7610.222,7406.977,1000.0,635000,,,-666.0509643554688,-5.172965049743652,2.337100028991699,665.1298828125,665.138671875,0.0003,0.0003,0.1
,,,,,635999,5721.9326,1000,,,,,,,,
,,,,,636000,,,-661.7791748046875,-5.9948601722717285,2.5054070949554443,659.7247314453125,659.867431640625,0.0003,0.0003,0.1
,,,,,636999,6295.145,1000,,,,,,,,
,,,,,637000,,,-658.293212890625,-5.544675827026367,3.9521450996398926,656.3851928710938,656.76806640625,0.0003,0.0003,0.1
,,,,,637999,7641.2,1000,,,,,,,,
,,,,,638000,,,-666.829833984375,-5.645184516906738,3.355541229248047,665.2581176757812,665.427490234375,0.0003,0.0003,0.1
,,,,,638999,7590.5137,1000,,,,,,,,
,,,,,639000,,,-666.5281372070312,-5.340608596801758,3.304187774658203,664.64453125,664.8644409179688,0.0003,0.0003,0.1
,,,,,639999,7678.954,1000,,,,,,,,
7649.957,68.23862,7737.197,7499.564,1000.0,640000,,,-663.60888671875,-5.347210884094238,3.1315698623657227,662.2764282226562,662.0592041015625,0.0003,0.0003,0.1
,,,,,640999,121.787415,1000,,,,,,,,
,,,,,641000,,,-665.8875732421875,-5.036471366882324,2.8274874687194824,664.390625,664.3890380859375,0.0003,0.0003,0.1
,,,,,641999,7586.4434,1000,,,,,,,,
,,,,,642000,,,-661.4791259765625,-5.4548420906066895,3.8165881633758545,659.9208374023438,659.8944091796875,0.0003,0.0003,0.1
,,,,,642999,7649.378,1000,,,,,,,,
,,,,,643000,,,-657.9820556640625,-5.221402168273926,2.784214973449707,656.6173095703125,656.6851806640625,0.0003,0.0003,0.1
,,,,,643999,7618.0146,1000,,,,,,,,
,,,,,644000,,,-671.8825073242188,-5.302490234375,3.2345995903015137,670.5595092773438,670.5913696289062,0.0003,0.0003,0.1
,,,,,644999,7610.573,1000,,,,,,,,
7574.415,28.776218,7635.7754,7522.479,1000.0,645000,,,-667.3392333984375,-5.38537073135376,3.1734094619750977,665.924072265625,666.073486328125,0.0003,0.0003,0.1
,,,,,645999,7581.6836,1000,,,,,,,,
,,,,,646000,,,-663.0413818359375,-5.064910888671875,3.9878313541412354,661.607666015625,661.6455078125,0.0003,0.0003,0.1
,,,,,646999,7624.755,1000,,,,,,,,
,,,,,647000,,,-669.6456909179688,-5.577955722808838,2.9874958992004395,668.2314453125,668.5311279296875,0.0003,0.0003,0.1
,,,,,647999,7574.9893,1000,,,,,,,,
,,,,,648000,,,-667.9591064453125,-5.688970565795898,2.4653303623199463,666.306640625,666.5146484375,0.0003,0.0003,0.1
,,,,,648999,7542.901,1000,,,,,,,,
,,,,,649000,,,-658.3602294921875,-5.666749000549316,3.032932996749878,656.7042236328125,656.86669921875,0.0003,0.0003,0.1
,,,,,649999,7622.216,1000,,,,,,,,
7573.189,35.727768,7638.946,7518.656,1000.0,650000,,,-661.5723876953125,-4.711198806762695,2.2591781616210938,660.3668823242188,660.417724609375,0.0003,0.0003,0.1
,,,,,650999,7589.676,1000,,,,,,,,
,,,,,651000,,,-670.830322265625,-5.259746074676514,3.329451084136963,669.7247314453125,669.5750732421875,0.0003,0.0003,0.1
,,,,,651999,7564.7773,1000,,,,,,,,
,,,,,652000,,,-668.07763671875,-5.494699478149414,3.344205141067505,666.7061157226562,666.9043579101562,0.0003,0.0003,0.1
,,,,,652999,7688.213,1000,,,,,,,,
,,,,,653000,,,-666.501953125,-5.8024983406066895,2.9507627487182617,665.1507568359375,665.4600830078125,0.0003,0.0003,0.1
,,,,,653999,7573.2476,1000,,,,,,,,
,,,,,654000,,,-668.9692993164062,-5.874462127685547,3.4098551273345947,667.9818115234375,667.5421142578125,0.0003,0.0003,0.1
,,,,,654999,7570.655,1000,,,,,,,,
7634.711,54.77768,7707.8477,7541.7007,1000.0,655000,,,-664.105712890625,-5.246788024902344,3.3555288314819336,662.5768432617188,662.4364013671875,0.0003,0.0003,0.1
,,,,,655999,7650.125,1000,,,,,,,,
,,,,,656000,,,-665.2003173828125,-5.973169803619385,4.052921772003174,663.5230712890625,663.456787109375,0.0003,0.0003,0.1
,,,,,656999,7680.9863,1000,,,,,,,,
,,,,,657000,,,-672.502197265625,-5.722862720489502,4.0349321365356445,671.1307983398438,671.0037841796875,0.0003,0.0003,0.1
,,,,,657999,7562.2876,1000,,,,,,,,
,,,,,658000,,,-669.1881713867188,-5.276982307434082,2.313690662384033,668.0762939453125,667.797607421875,0.0003,0.0003,0.1
,,,,,658999,7314.8486,1000,,,,,,,,
,,,,,659000,,,-662.556640625,-5.575135707855225,3.3878533840179443,661.08837890625,661.201904296875,0.0003,0.0003,0.1
,,,,,659999,7561.7627,1000,,,,,,,,
7619.5264,50.710735,7704.6484,7530.0825,1000.0,660000,,,-673.309814453125,-5.442091941833496,2.8853652477264404,672.2813720703125,672.3084106445312,0.0003,0.0003,0.1
,,,,,660999,7596.4146,1000,,,,,,,,
,,,,,661000,,,-677.25341796875,-5.263044357299805,2.1925954818725586,676.3695678710938,676.050537109375,0.0003,0.0003,0.1
,,,,,661999,7657.509,1000,,,,,,,,
,,,,,662000,,,-668.956787109375,-5.941874027252197,3.5079758167266846,667.806640625,667.801513671875,0.0003,0.0003,0.1
,,,,,662999,7718.9526,1000,,,,,,,,
,,,,,663000,,,-661.971923828125,-5.305127143859863,4.168667793273926,660.66943359375,660.7501220703125,0.0003,0.0003,0.1
,,,,,663999,6013.716,1000,,,,,,,,
,,,,,664000,,,-675.3330078125,-5.569079399108887,3.7979817390441895,674.3480224609375,674.0277099609375,0.0003,0.0003,0.1
,,,,,664999,7718.9497,1000,,,,,,,,
7649.2734,49.652485,7750.666,7578.6753,1000.0,665000,,,-673.614990234375,-5.42366886138916,2.7515599727630615,672.480224609375,672.0618286132812,0.0003,0.0003,0.1
,,,,,665999,7783.672,1000,,,,,,,,
,,,,,666000,,,-667.073486328125,-5.797516345977783,4.938361167907715,665.850830078125,665.901611328125,0.0003,0.0003,0.1
,,,,,666999,7558.3496,1000,,,,,,,,
,,,,,667000,,,-674.2880859375,-5.179587364196777,8.177955627441406,672.9586181640625,672.8778076171875,0.0003,0.0003,0.1
,,,,,667999,7729.71,1000,,,,,,,,
,,,,,668000,,,-663.3701171875,-5.875856399536133,3.7435989379882812,661.8637084960938,662.200927734375,0.0003,0.0003,0.1
,,,,,668999,7701.3765,1000,,,,,,,,
,,,,,669000,,,-662.779541015625,-5.803932189941406,5.543178558349609,661.6782836914062,661.4915771484375,0.0003,0.0003,0.1
,,,,,669999,7608.1553,1000,,,,,,,,
7040.918,1632.8843,7673.961,2147.2,1000.0,670000,,,-676.92822265625,-5.226304054260254,2.4744110107421875,675.7076416015625,675.72265625,0.0003,0.0003,0.1
,,,,,670999,7798.1685,1000,,,,,,,,
,,,,,671000,,,-667.3248291015625,-5.683930397033691,4.575015068054199,665.8082275390625,665.7937622070312,0.0003,0.0003,0.1
,,,,,671999,7668.5576,1000,,,,,,,,
,,,,,672000,,,-669.4764404296875,-5.550802230834961,3.6943440437316895,668.3099975585938,668.0848388671875,0.0003,0.0003,0.1
,,,,,672999,7753.127,1000,,,,,,,,
,,,,,673000,,,-669.3531494140625,-5.448221206665039,5.255979537963867,668.393310546875,668.0303955078125,0.0003,0.0003,0.1
,,,,,673999,7601.3506,1000,,,,,,,,
,,,,,674000,,,-671.2387084960938,-5.4496750831604,2.614689350128174,670.1813354492188,670.0640258789062,0.0003,0.0003,0.1
,,,,,674999,7704.749,1000,,,,,,,,
7710.7656,70.059326,7817.5195,7569.088,1000.0,675000,,,-674.8992309570312,-5.304608345031738,3.3245468139648438,673.7591552734375,673.970703125,0.0003,0.0003,0.1
,,,,,675999,7668.487,1000,,,,,,,,
,,,,,676000,,,-666.35986328125,-5.6284942626953125,3.0295867919921875,664.8939819335938,664.640625,0.0003,0.0003,0.1
,,,,,676999,7734.048,1000,,,,,,,,
,,,,,677000,,,-671.3587646484375,-5.482158660888672,2.28898286819458,669.8883666992188,669.9136962890625,0.0003,0.0003,0.1
,,,,,677999,7762.2144,1000,,,,,,,,
,,,,,678000,,,-678.68994140625,-5.725306510925293,2.689453125,677.3215942382812,677.2644653320312,0.0003,0.0003,0.1
,,,,,678999,7642.4487,1000,,,,,,,,
,,,,,679000,,,-666.5438232421875,-5.621227264404297,5.596634864807129,665.3177490234375,665.0716552734375,0.0003,0.0003,0.1
,,,,,679999,7602.1055,1000,,,,,,,,
7734.7056,53.10949,7808.142,7632.255,1000.0,680000,,,-674.12890625,-5.606973648071289,4.8892717361450195,672.7601318359375,672.9412841796875,0.0003,0.0003,0.1
,,,,,680999,7816.9785,1000,,,,,,,,
,,,,,681000,,,-677.1787109375,-5.510042190551758,4.185832977294922,675.9119873046875,675.8507690429688,0.0003,0.0003,0.1
,,,,,681999,7703.505,1000,,,,,,,,
,,,,,682000,,,-668.241455078125,-5.897861003875732,2.440922260284424,666.908935546875,666.6773681640625,0.0003,0.0003,0.1
,,,,,682999,7760.0693,1000,,,,,,,,
,,,,,683000,,,-683.2423706054688,-5.633934020996094,4.026213645935059,682.056884765625,681.5286254882812,0.0003,0.0003,0.1
,,,,,683999,7668.9834,1000,,,,,,,,
,,,,,684000,,,-674.4444580078125,-5.82733154296875,3.1126654148101807,673.072509765625,673.113037109375,0.0003,0.0003,0.1
,,,,,684999,7695.9287,1000,,,,,,,,
7815.319,41.003468,7859.324,7737.931,1000.0,685000,,,-681.648193359375,-5.7342987060546875,2.9451041221618652,680.2120361328125,680.218017578125,0.0003,0.0003,0.1
,,,,,685999,7659.747,1000,,,,,,,,
,,,,,686000,,,-673.0068359375,-5.281495094299316,3.8883445262908936,672.07568359375,671.9727783203125,0.0003,0.0003,0.1
,,,,,686999,7640.0386,1000,,,,,,,,
,,,,,687000,,,-674.0902099609375,-5.422438621520996,3.210965156555176,672.7133178710938,672.968994140625,0.0003,0.0003,0.1
,,,,,687999,7687.6147,1000,,,,,,,,
,,,,,688000,,,-678.460693359375,-5.431073188781738,3.1189045906066895,677.7083740234375,677.4583740234375,0.0003,0.0003,0.1
,,,,,688999,7700.5,1000,,,,,,,,
,,,,,689000,,,-682.4745483398438,-5.251034736633301,3.5399274826049805,681.327392578125,681.1619873046875,0.0003,0.0003,0.1
,,,,,689999,7753.6777,1000,,,,,,,,
7715.586,55.43046,7778.0615,7607.401,1000.0,690000,,,-684.048095703125,-5.301695823669434,3.7114601135253906,682.2994384765625,682.238037109375,0.0003,0.0003,0.1
,,,,,690999,7702.921,1000,,,,,,,,
,,,,,691000,,,-679.3865966796875,-5.453522205352783,2.984830379486084,677.7783203125,678.0931396484375,0.0003,0.0003,0.1
,,,,,691999,7735.617,1000,,,,,,,,
,,,,,692000,,,-682.156982421875,-5.517974853515625,2.755155086517334,680.8551635742188,681.2542724609375,0.0003,0.0003,0.1
,,,,,692999,7761.189,1000,,,,,,,,
,,,,,693000,,,-677.5419921875,-5.896689414978027,2.3875210285186768,676.3453979492188,676.3751220703125,0.0003,0.0003,0.1
,,,,,693999,7837.8022,1000,,,,,,,,
,,,,,694000,,,-688.8078002929688,-5.583253860473633,3.833803653717041,687.8718872070312,687.4683227539062,0.0003,0.0003,0.1
,,,,,694999,7809.3965,1000,,,,,,,,
7724.504,65.02989,7819.7383,7617.7134,1000.0,695000,,,-679.81884765625,-5.142541885375977,3.0472252368927,678.3423461914062,678.6337280273438,0.0003,0.0003,0.1
,,,,,695999,7794.56,1000,,,,,,,,
,,,,,696000,,,-674.1370849609375,-5.762692451477051,3.7011399269104004,672.34375,672.6997680664062,0.0003,0.0003,0.1
,,,,,696999,7768.075,1000,,,,,,,,
,,,,,697000,,,-686.2001342773438,-5.382237434387207,5.656059265136719,685.1021728515625,684.9544067382812,0.0003,0.0003,0.1
,,,,,697999,7816.2056,1000,,,,,,,,
,,,,,698000,,,-685.430419921875,-5.514159202575684,3.393894672393799,683.8795166015625,684.2274169921875,0.0003,0.0003,0.1
,,,,,698999,7667.0327,1000,,,,,,,,
,,,,,699000,,,-679.1716918945312,-5.721247673034668,5.909609317779541,678.06982421875,677.782470703125,0.0003,0.0003,0.1
,,,,,699999,7728.398,1000,,,,,,,,
7930.3193,56.891983,8049.2876,7873.988,1000.0,700000,,,-680.9512939453125,-6.0178632736206055,4.395609378814697,679.2079467773438,679.590576171875,0.0003,0.0003,0.1
,,,,,700999,7826.1465,1000,,,,,,,,
,,,,,701000,,,-676.287109375,-5.906525611877441,4.462838649749756,674.573974609375,674.56982421875,0.0003,0.0003,0.1
,,,,,701999,7784.9854,1000,,,,,,,,
,,,,,702000,,,-682.52685546875,-5.601317882537842,4.449109077453613,680.8023681640625,681.5283203125,0.0003,0.0003,0.1
,,,,,702999,7713.8403,1000,,,,,,,,
,,,,,703000,,,-680.553466796875,-5.840366363525391,3.592650890350342,679.1785888671875,679.4525756835938,0.0003,0.0003,0.1
,,,,,703999,7867.3257,1000,,,,,,,,
,,,,,704000,,,-687.316162109375,-5.6161394119262695,3.4376211166381836,686.2354736328125,686.18017578125,0.0003,0.0003,0.1
,,,,,704999,7863.343,1000,,,,,,,,
7214.621,1746.1725,7885.7837,1980.4945,1000.0,705000,,,-683.8656005859375,-5.567958831787109,4.22967004776001,682.6284790039062,682.5203857421875,0.0003,0.0003,0.1
,,,,,705999,7639.3833,1000,,,,,,,,
,,,,,706000,,,-683.2387084960938,-5.863109588623047,2.4025354385375977,681.4019775390625,681.5528564453125,0.0003,0.0003,0.1
,,,,,706999,7805.11,1000,,,,,,,,
,,,,,707000,,,-686.0818481445312,-5.61500358581543,3.0469961166381836,685.6265869140625,685.53369140625,0.0003,0.0003,0.1
,,,,,707999,7795.6353,1000,,,,,,,,
,,,,,708000,,,-686.27783203125,-5.419065475463867,2.3920071125030518,684.9375,684.986572265625,0.0003,0.0003,0.1
,,,,,708999,7746.0005,1000,,,,,,,,
,,,,,709000,,,-686.013916015625,-5.07252311706543,3.28871488571167,684.96630859375,684.7828369140625,0.0003,0.0003,0.1
,,,,,709999,7849.863,1000,,,,,,,,
7711.333,75.873344,7849.3203,7552.018,1000.0,710000,,,-689.976318359375,-5.379338264465332,4.189026832580566,688.5123901367188,688.5866088867188,0.0003,0.0003,0.1
,,,,,710999,7830.103,1000,,,,,,,,
,,,,,711000,,,-685.3301391601562,-5.807592868804932,8.366839408874512,684.106201171875,683.6340942382812,0.0003,0.0003,0.1
,,,,,711999,7823.8833,1000,,,,,,,,
,,,,,712000,,,-683.085693359375,-5.698066234588623,4.344583511352539,681.140625,681.560791015625,0.0003,0.0003,0.1
,,,,,712999,7724.584,1000,,,,,,,,
,,,,,713000,,,-687.0457763671875,-5.662564754486084,3.081881523132324,685.6651611328125,685.99755859375,0.0003,0.0003,0.1
,,,,,713999,7834.9097,1000,,,,,,,,
,,,,,714000,,,-686.896484375,-5.49122428894043,2.166396141052246,685.239501953125,685.2844848632812,0.0003,0.0003,0.1
,,,,,714999,7770.9307,1000,,,,,,,,
7803.2134,36.614582,7840.4663,7740.125,1000.0,715000,,,-688.908203125,-5.551018238067627,2.5829877853393555,687.33154296875,687.4651489257812,0.0003,0.0003,0.1
,,,,,715999,7939.649,1000,,,,,,,,
,,,,,716000,,,-688.2122802734375,-5.310961723327637,3.0874171257019043,686.9943237304688,687.267333984375,0.0003,0.0003,0.1
,,,,,716999,7693.274,1000,,,,,,,,
,,,,,717000,,,-689.4407958984375,-5.458095550537109,3.5436904430389404,688.2220458984375,688.2442016601562,0.0003,0.0003,0.1
,,,,,717999,7749.274,1000,,,,,,,,
,,,,,718000,,,-690.8338623046875,-5.816413402557373,3.385219097137451,689.6256103515625,689.4970703125,0.0003,0.0003,0.1
,,,,,718999,7785.803,1000,,,,,,,,
,,,,,719000,,,-694.4739990234375,-5.21696662902832,3.3236618041992188,693.2510375976562,693.4002685546875,0.0003,0.0003,0.1
,,,,,719999,7829.5596,1000,,,,,,,,
7524.104,908.3472,7974.557,4806.1045,1000.0,720000,,,-682.7630615234375,-5.888065338134766,3.997580051422119,681.0906372070312,680.9470825195312,0.0003,0.0003,0.1
,,,,,720999,7916.2354,1000,,,,,,,,
,,,,,721000,,,-686.911865234375,-5.4455485343933105,2.78118896484375,685.664794921875,685.615966796875,0.0003,0.0003,0.1
,,,,,721999,7819.876,1000,,,,,,,,
,,,,,722000,,,-690.336669921875,-5.744141101837158,2.8267908096313477,688.96923828125,688.7755126953125,0.0003,0.0003,0.1
,,,,,722999,7844.074,1000,,,,,,,,
,,,,,723000,,,-683.3673095703125,-6.1288981437683105,3.662665367126465,682.5247192382812,682.1121826171875,0.0003,0.0003,0.1
,,,,,723999,7898.6035,1000,,,,,,,,
,,,,,724000,,,-695.6004638671875,-5.610189437866211,2.1542232036590576,694.0035400390625,693.91943359375,0.0003,0.0003,0.1
,,,,,724999,7889.402,1000,,,,,,,,
7934.29,32.680332,8018.903,7891.9717,1000.0,725000,,,-689.2569580078125,-5.480740547180176,5.681203842163086,687.95947265625,688.2459716796875,0.0003,0.0003,0.1
,,,,,725999,7991.2456,1000,,,,,,,,
,,,,,726000,,,-686.8471069335938,-5.872086524963379,3.295128345489502,685.5411376953125,685.5101318359375,0.0003,0.0003,0.1
,,,,,726999,7911.9688,1000,,,,,,,,
,,,,,727000,,,-703.398681640625,-5.054023742675781,3.0100555419921875,702.1591796875,702.2464599609375,0.0003,0.0003,0.1
,,,,,727999,7756.0293,1000,,,,,,,,
,,,,,728000,,,-692.1132202148438,-6.100412368774414,4.509138107299805,690.49365234375,690.3390502929688,0.0003,0.0003,0.1
,,,,,728999,7983.2593,1000,,,,,,,,
,,,,,729000,,,-693.0990600585938,-5.122808456420898,2.3016796112060547,691.763671875,692.0003662109375,0.0003,0.0003,0.1
,,,,,729999,7874.637,1000,,,,,,,,
7802.7773,43.817207,7887.1885,7744.38,1000.0,730000,,,-692.7587890625,-5.477052688598633,3.0457472801208496,691.3880615234375,691.418701171875,0.0003,0.0003,0.1
,,,,,730999,7871.5728,1000,,,,,,,,
,,,,,731000,,,-699.7344970703125,-5.696581840515137,3.180388927459717,698.4173583984375,698.322998046875,0.0003,0.0003,0.1
,,,,,731999,7885.023,1000,,,,,,,,
,,,,,732000,,,-693.4847412109375,-5.093017578125,3.949028491973877,692.39599609375,692.228759765625,0.0003,0.0003,0.1
,,,,,732999,7850.734,1000,,,,,,,,
,,,,,733000,,,-700.1453247070312,-5.418259620666504,3.9877562522888184,699.0933227539062,698.7672119140625,0.0003,0.0003,0.1
,,,,,733999,7873.557,1000,,,,,,,,
,,,,,734000,,,-695.966552734375,-5.441858291625977,2.3323354721069336,694.9567260742188,695.1439819335938,0.0003,0.0003,0.1
,,,,,734999,7950.1836,1000,,,,,,,,
7968.84,84.59969,8044.2515,7730.4355,1000.0,735000,,,-693.3765869140625,-6.008870601654053,3.33736515045166,692.1991577148438,691.6703491210938,0.0003,0.0003,0.1
,,,,,735999,7862.595,1000,,,,,,,,
,,,,,736000,,,-691.41357421875,-6.1418046951293945,3.844925880432129,689.874267578125,689.806396484375,0.0003,0.0003,0.1
,,,,,736999,7765.913,1000,,,,,,,,
,,,,,737000,,,-701.7198486328125,-5.60376501083374,3.1267385482788086,700.6070556640625,700.492431640625,0.0003,0.0003,0.1
,,,,,737999,7932.949,1000,,,,,,,,
,,,,,738000,,,-695.1949462890625,-5.049833297729492,3.1992502212524414,693.8091430664062,693.7431030273438,0.0003,0.0003,0.1
,,,,,738999,7869.2354,1000,,,,,,,,
,,,,,739000,,,-699.9886474609375,-5.656337738037109,3.3164827823638916,699.020263671875,698.8720703125,0.0003,0.0003,0.1
,,,,,739999,7880.672,1000,,,,,,,,
7566.432,897.6679,7986.1987,4883.5137,1000.0,740000,,,-697.185791015625,-4.971889019012451,3.2683000564575195,695.91650390625,695.9920654296875,0.0003,0.0003,0.1
,,,,,740999,7909.2036,1000,,,,,,,,
,,,,,741000,,,-693.8493041992188,-5.516213893890381,3.3237338066101074,692.5867309570312,692.302978515625,0.0003,0.0003,0.1
,,,,,741999,7937.622,1000,,,,,,,,
,,,,,742000,,,-695.9227905273438,-5.233019828796387,4.947394371032715,694.798828125,694.4107055664062,0.0003,0.0003,0.1
,,,,,742999,7882.922,1000,,,,,,,,
,,,,,743000,,,-692.5648193359375,-5.844328880310059,3.080604076385498,691.0319213867188,691.0679321289062,0.0003,0.0003,0.1
,,,,,743999,7842.4043,1000,,,,,,,,
,,,,,744000,,,-697.1357421875,-5.528405666351318,2.4970898628234863,695.8262329101562,695.6087646484375,0.0003,0.0003,0.1
,,,,,744999,7985.4883,1000,,,,,,,,
7900.6445,86.67405,7973.636,7663.6797,1000.0,745000,,,-697.5269165039062,-4.996100425720215,2.9040918350219727,696.4840087890625,696.185546875,0.0003,0.0003,0.1
,,,,,745999,7940.8525,1000,,,,,,,,
,,,,,746000,,,-699.5589599609375,-5.674674987792969,3.5780911445617676,698.0311279296875,697.9904174804688,0.0003,0.0003,0.1
,,,,,746999,7963.702,1000,,,,,,,,
,,,,,747000,,,-701.8834228515625,-5.587297439575195,2.871764659881592,700.329833984375,700.6514282226562,0.0003,0.0003,0.1
,,,,,747999,7863.8022,1000,,,,,,,,
,,,,,748000,,,-698.66748046875,-5.391257286071777,4.107317924499512,697.1351928710938,696.916259765625,0.0003,0.0003,0.1
,,,,,748999,7929.3677,1000,,,,,,,,
,,,,,749000,,,-697.3170776367188,-5.753026962280273,4.244724273681641,695.9891967773438,695.5960083007812,0.0003,0.0003,0.1
,,,,,749999,7934.361,1000,,,,,,,,
7256.987,2026.3958,8014.426,1179.3453,1000.0,750000,,,-700.3883056640625,-5.979974746704102,3.475980043411255,699.412353515625,699.4358520507812,0.0003,0.0003,0.1
,,,,,750999,7895.78,1000,,,,,,,,
,,,,,751000,,,-701.4776000976562,-5.557843208312988,3.652270793914795,700.6884765625,700.3802490234375,0.0003,0.0003,0.1
,,,,,751999,7886.9976,1000,,,,,,,,
,,,,,752000,,,-693.21923828125,-5.7254438400268555,3.0058484077453613,691.831298828125,692.277099609375,0.0003,0.0003,0.1
,,,,,752999,7957.0317,1000,,,,,,,,
,,,,,753000,,,-701.2470703125,-4.9857177734375,3.2567200660705566,699.995361328125,699.8277587890625,0.0003,0.0003,0.1
,,,,,753999,8024.7075,1000,,,,,,,,
,,,,,754000,,,-700.2626342773438,-5.347598075866699,4.177238941192627,698.9219360351562,698.9498291015625,0.0003,0.0003,0.1
,,,,,754999,8059.3687,1000,,,,,,,,
7621.2485,614.572,7970.3125,6045.9727,1000.0,755000,,,-698.1883544921875,-6.118946552276611,3.1675431728363037,696.4228515625,696.5057983398438,0.0003,0.0003,0.1
,,,,,755999,7926.5723,1000,,,,,,,,
,,,,,756000,,,-705.4525146484375,-5.353864669799805,3.5348477363586426,704.2376708984375,703.9981689453125,0.0003,0.0003,0.1
,,,,,756999,7938.594,1000,,,,,,,,
,,,,,757000,,,-708.5723876953125,-5.2003936767578125,4.339325904846191,707.2745361328125,707.6182861328125,0.0003,0.0003,0.1
,,,,,757999,7928.385,1000,,,,,,,,
,,,,,758000,,,-710.2409057617188,-5.6032257080078125,4.16184139251709,709.0107421875,709.2324829101562,0.0003,0.0003,0.1
,,,,,758999,8004.8423,1000,,,,,,,,
,,,,,759000,,,-705.9696044921875,-5.099494934082031,2.879882335662842,704.70458984375,704.520751953125,0.0003,0.0003,0.1
,,,,,759999,8012.2646,1000,,,,,,,,
7955.449,49.3395,8043.013,7878.874,1000.0,760000,,,-706.7633666992188,-5.691768169403076,3.484264612197876,705.4515380859375,705.366455078125,0.0003,0.0003,0.1
,,,,,760999,7885.2656,1000,,,,,,,,
,,,,,761000,,,-700.3849487304688,-5.4268107414245605,3.0421698093414307,699.02880859375,698.8289794921875,0.0003,0.0003,0.1
,,,,,761999,8041.4604,1000,,,,,,,,
,,,,,762000,,,-708.759033203125,-5.435243606567383,3.5329983234405518,707.5018920898438,707.286865234375,0.0003,0.0003,0.1
,,,,,762999,8080.125,1000,,,,,,,,
,,,,,763000,,,-707.061279296875,-5.837911605834961,3.5600671768188477,705.3907470703125,705.4647216796875,0.0003,0.0003,0.1
,,,,,763999,8039.7295,1000,,,,,,,,
,,,,,764000,,,-710.7037963867188,-5.759087562561035,2.2183730602264404,709.918212890625,709.6566162109375,0.0003,0.0003,0.1
,,,,,764999,8040.752,1000,,,,,,,,
8054.5796,69.71324,8149.633,7941.943,1000.0,765000,,,-704.0140991210938,-5.54555606842041,2.7279653549194336,703.059814453125,702.79638671875,0.0003,0.0003,0.1
,,,,,765999,8053.0376,1000,,,,,,,,
,,,,,766000,,,-704.3882446289062,-5.671328067779541,3.2107584476470947,703.2158203125,703.3388671875,0.0003,0.0003,0.1
,,,,,766999,8005.162,1000,,,,,,,,
,,,,,767000,,,-706.716552734375,-5.671335697174072,3.240532875061035,705.4486083984375,705.5467529296875,0.0003,0.0003,0.1
,,,,,767999,7962.9463,1000,,,,,,,,
,,,,,768000,,,-704.9334716796875,-5.742881774902344,2.765388011932373,703.1964111328125,703.1400146484375,0.0003,0.0003,0.1
,,,,,768999,8002.5273,1000,,,,,,,,
,,,,,769000,,,-702.3922119140625,-5.292294979095459,3.415449857711792,701.4193115234375,701.3106079101562,0.0003,0.0003,0.1
,,,,,769999,8036.0493,1000,,,,,,,,
7975.796,37.24331,8041.105,7922.4087,1000.0,770000,,,-706.1256103515625,-5.121606349945068,3.0836384296417236,704.8768310546875,704.624755859375,0.0003,0.0003,0.1
,,,,,770999,8070.2046,1000,,,,,,,,
,,,,,771000,,,-703.331787109375,-5.832974433898926,3.247295379638672,701.4769897460938,701.9775390625,0.0003,0.0003,0.1
,,,,,771999,7996.5513,1000,,,,,,,,
,,,,,772000,,,-709.8060302734375,-5.392941474914551,3.514658212661743,708.44970703125,708.678466796875,0.0003,0.0003,0.1
,,,,,772999,8044.7373,1000,,,,,,,,
,,,,,773000,,,-707.666259765625,-5.626057147979736,3.433875560760498,706.5043334960938,706.590087890625,0.0003,0.0003,0.1
,,,,,773999,7984.5366,1000,,,,,,,,
,,,,,774000,,,-712.3946533203125,-5.65275764465332,3.36234450340271,711.4180908203125,711.12744140625,0.0003,0.0003,0.1
,,,,,774999,7926.5107,1000,,,,,,,,
8052.6147,53.506573,8131.4624,7942.4404,1000.0,775000,,,-708.6817626953125,-6.316049575805664,3.1661884784698486,707.0732421875,707.313720703125,0.0003,0.0003,0.1
,,,,,775999,7994.561,1000,,,,,,,,
,,,,,776000,,,-716.6248779296875,-5.71026086807251,2.539125442504883,715.818603515625,715.89501953125,0.0003,0.0003,0.1
,,,,,776999,8083.805,1000,,,,,,,,
,,,,,777000,,,-711.9143676757812,-5.751018047332764,2.726956844329834,710.41064453125,710.8109130859375,0.0003,0.0003,0.1
,,,,,777999,7950.765,1000,,,,,,,,
,,,,,778000,,,-713.2354736328125,-5.32421875,4.059682369232178,711.4645385742188,711.50927734375,0.0003,0.0003,0.1
,,,,,778999,7999.588,1000,,,,,,,,
,,,,,779000,,,-715.353759765625,-5.540737152099609,2.6272339820861816,714.0955200195312,714.4405517578125,0.0003,0.0003,0.1
,,,,,779999,8114.1436,1000,,,,,,,,
7927.5273,363.58206,8151.8506,6862.2085,1000.0,780000,,,-708.7417602539062,-5.364625930786133,3.2219181060791016,707.5721435546875,707.4332275390625,0.0003,0.0003,0.1
,,,,,780999,8100.8633,1000,,,,,,,,
,,,,,781000,,,-703.1397705078125,-5.566689491271973,4.281106472015381,701.782470703125,701.7977294921875,0.0003,0.0003,0.1
,,,,,781999,8001.3354,1000,,,,,,,,
,,,,,782000,,,-712.3823852539062,-5.2871012687683105,2.9102964401245117,711.5167236328125,711.494873046875,0.0003,0.0003,0.1
,,,,,782999,7982.314,1000,,,,,,,,
,,,,,783000,,,-713.8760986328125,-5.887733459472656,3.838144302368164,712.6603393554688,712.7354125976562,0.0003,0.0003,0.1
,,,,,783999,8098.154,1000,,,,,,,,
,,,,,784000,,,-708.1439208984375,-5.841892719268799,3.4085075855255127,706.60009765625,706.6841430664062,0.0003,0.0003,0.1
,,,,,784999,8024.316,1000,,,,,,,,
8045.6133,39.88943,8132.54,7983.6133,1000.0,785000,,,-714.4263916015625,-5.500607490539551,2.6451032161712646,713.1266479492188,713.1600341796875,0.0003,0.0003,0.1
,,,,,785999,7989.2124,1000,,,,,,,,
,,,,,786000,,,-710.322265625,-4.876186370849609,3.9293053150177,709.229248046875,708.637939453125,0.0003,0.0003,0.1
,,,,,786999,7987.5146,1000,,,,,,,,
,,,,,787000,,,-711.1253051757812,-5.385019779205322,3.7714743614196777,709.8032836914062,709.9039306640625,0.0003,0.0003,0.1
,,,,,787999,8142.1406,1000,,,,,,,,
,,,,,788000,,,-711.6727905273438,-5.567874431610107,3.52554988861084,710.04638671875,709.9857788085938,0.0003,0.0003,0.1
,,,,,788999,8037.011,1000,,,,,,,,
,,,,,789000,,,-713.1591796875,-5.837798118591309,2.3958253860473633,711.7547607421875,711.6159057617188,0.0003,0.0003,0.1
,,,,,789999,8174.0674,1000,,,,,,,,
8050.376,46.6906,8118.6963,7948.0337,1000.0,790000,,,-707.1738891601562,-5.20185661315918,2.9114723205566406,705.373779296875,705.4949340820312,0.0003,0.0003,0.1
,,,,,790999,7999.4917,1000,,,,,,,,
,,,,,791000,,,-715.1220092773438,-5.108816623687744,2.5493409633636475,713.5655517578125,713.663818359375,0.0003,0.0003,0.1
,,,,,791999,8086.56,1000,,,,,,,,
,,,,,792000,,,-714.9650268554688,-5.71481466293335,3.0552451610565186,713.4254150390625,713.2642211914062,0.0003,0.0003,0.1
,,,,,792999,8006.9824,1000,,,,,,,,
,,,,,793000,,,-710.1566162109375,-6.045595169067383,3.145153045654297,708.9163818359375,708.3673095703125,0.0003,0.0003,0.1
,,,,,793999,8073.7954,1000,,,,,,,,
,,,,,794000,,,-711.14990234375,-6.007286071777344,3.412200450897217,709.538330078125,709.5584106445312,0.0003,0.0003,0.1
,,,,,794999,8046.835,1000,,,,,,,,
7909.8696,395.5054,8141.988,6735.9536,1000.0,795000,,,-706.1727294921875,-5.648766994476318,3.342864990234375,704.7513427734375,704.8674926757812,0.0003,0.0003,0.1
,,,,,795999,8011.8447,1000,,,,,,,,
,,,,,796000,,,-717.5198974609375,-5.621249198913574,2.552501678466797,716.2033081054688,716.1043701171875,0.0003,0.0003,0.1
,,,,,796999,8107.049,1000,,,,,,,,
,,,,,797000,,,-715.642578125,-5.790428161621094,2.492969512939453,714.2227783203125,714.5435791015625,0.0003,0.0003,0.1
,,,,,797999,1366.726,1000,,,,,,,,
,,,,,798000,,,-706.315673828125,-6.016329288482666,5.379745006561279,704.987060546875,705.1082763671875,0.0003,0.0003,0.1
,,,,,798999,8030.9756,1000,,,,,,,,
,,,,,799000,,,-714.5716552734375,-5.66398811340332,2.4761016368865967,713.5771484375,713.5478515625,0.0003,0.0003,0.1
,,,,,799999,8073.19,1000,,,,,,,,
8155.958,44.951393,8208.664,8069.187,1000.0,800000,,,-716.9691772460938,-5.743913650512695,3.838747501373291,715.7326049804688,715.732666015625,0.0003,0.0003,0.1
,,,,,800999,8097.926,1000,,,,,,,,
,,,,,801000,,,-719.677001953125,-5.770085334777832,2.894735813140869,718.7153930664062,718.744384765625,0.0003,0.0003,0.1
,,,,,801999,2583.5835,1000,,,,,,,,
,,,,,802000,,,-712.8778076171875,-5.776900768280029,4.980209827423096,711.814697265625,711.4915161132812,0.0003,0.0003,0.1
,,,,,802999,8010.9087,1000,,,,,,,,
,,,,,803000,,,-718.111083984375,-5.494499206542969,3.2256131172180176,716.5413208007812,716.906982421875,0.0003,0.0003,0.1
,,,,,803999,8125.1562,1000,,,,,,,,
,,,,,804000,,,-714.9246826171875,-5.456573963165283,6.008054256439209,713.2911987304688,713.0556640625,0.0003,0.0003,0.1
,,,,,804999,7880.473,1000,,,,,,,,
8124.2256,19.23286,8158.92,8097.7944,1000.0,805000,,,-717.968017578125,-5.627371788024902,3.985872745513916,716.072998046875,716.9208984375,0.0003,0.0003,0.1
,,,,,805999,8024.03,1000,,,,,,,,
,,,,,806000,,,-721.1054077148438,-5.988230228424072,3.759577512741089,719.6666259765625,719.736328125,0.0003,0.0003,0.1
,,,,,806999,8145.232,1000,,,,,,,,
,,,,,807000,,,-719.5747680664062,-5.313510894775391,3.3202483654022217,718.5552978515625,718.335205078125,0.0003,0.0003,0.1
,,,,,807999,8136.183,1000,,,,,,,,
,,,,,808000,,,-714.8773193359375,-5.7933502197265625,5.732318878173828,713.4242553710938,713.463623046875,0.0003,0.0003,0.1
,,,,,808999,8059.0024,1000,,,,,,,,
,,,,,809000,,,-717.1041870117188,-5.602801322937012,3.3751397132873535,716.0006103515625,716.1655883789062,0.0003,0.0003,0.1
,,,,,809999,7941.46,1000,,,,,,,,
7259.7446,1618.3472,8160.6597,2773.343,1000.0,810000,,,-715.97412109375,-5.760229110717773,3.5622148513793945,714.1394653320312,714.337158203125,0.0003,0.0003,0.1
,,,,,810999,8145.831,1000,,,,,,,,
,,,,,811000,,,-711.0597534179688,-5.6476945877075195,2.693101167678833,709.8968505859375,709.7605590820312,0.0003,0.0003,0.1
,,,,,811999,8178.0854,1000,,,,,,,,
,,,,,812000,,,-714.2017211914062,-5.271216869354248,3.339595079421997,712.5808715820312,712.7884521484375,0.0003,0.0003,0.1
,,,,,812999,8178.064,1000,,,,,,,,
,,,,,813000,,,-718.2456665039062,-5.6331658363342285,3.680386781692505,717.066650390625,717.1361694335938,0.0003,0.0003,0.1
,,,,,813999,8116.9497,1000,,,,,,,,
,,,,,814000,,,-720.196044921875,-5.931760311126709,4.092965126037598,718.8964233398438,718.8026123046875,0.0003,0.0003,0.1
,,,,,814999,8074.951,1000,,,,,,,,
7847.8594,766.8981,8170.9,5549.3384,1000.0,815000,,,-728.5916748046875,-5.329206466674805,3.758540153503418,727.5828247070312,727.5416259765625,0.0003,0.0003,0.1
,,,,,815999,7515.2393,1000,,,,,,,,
,,,,,816000,,,-717.0653076171875,-5.261987209320068,2.7173476219177246,716.116943359375,716.22802734375,0.0003,0.0003,0.1
,,,,,816999,8039.4346,1000,,,,,,,,
,,,,,817000,,,-710.1553955078125,-5.737362861633301,3.808293581008911,708.6785888671875,708.7651977539062,0.0003,0.0003,0.1
,,,,,817999,2901.3352,1000,,,,,,,,
,,,,,818000,,,-720.4857177734375,-5.175240516662598,4.111034393310547,719.8310546875,719.9222412109375,0.0003,0.0003,0.1
,,,,,818999,8091.4907,1000,,,,,,,,
,,,,,819000,,,-720.6317749023438,-5.232024669647217,3.3620123863220215,719.416015625,719.09033203125,0.0003,0.0003,0.1
,,,,,819999,8036.5845,1000,,,,,,,,
6802.9243,2424.2944,8190.2666,1219.5801,1000.0,820000,,,-723.1712036132812,-5.369721412658691,4.581058502197266,722.2542724609375,722.2263793945312,0.0003,0.0003,0.1
,,,,,820999,7907.882,1000,,,,,,,,
,,,,,821000,,,-718.5570068359375,-5.62454891204834,3.1595141887664795,717.0150146484375,717.130615234375,0.0003,0.0003,0.1
,,,,,821999,8038.8716,1000,,,,,,,,
,,,,,822000,,,-718.1798706054688,-5.327296733856201,3.6261982917785645,716.7806396484375,716.9940185546875,0.0003,0.0003,0.1
,,,,,822999,8076.4585,1000,,,,,,,,
,,,,,823000,,,-715.901123046875,-5.643629550933838,3.8959994316101074,714.4634399414062,714.3290405273438,0.0003,0.0003,0.1
,,,,,823999,8039.1396,1000,,,,,,,,
,,,,,824000,,,-723.2445678710938,-4.943951606750488,6.3245530128479,722.3162841796875,722.0316162109375,0.0003,0.0003,0.1
,,,,,824999,8056.5923,1000,,,,,,,,
8062.3037,84.93252,8142.5073,7860.9937,1000.0,825000,,,-707.81689453125,-5.214137077331543,4.662023544311523,706.5728759765625,706.7115478515625,0.0003,0.0003,0.1
,,,,,825999,8071.3296,1000,,,,,,,,
,,,,,826000,,,-725.9380493164062,-5.324196815490723,3.6270828247070312,724.80126953125,724.56396484375,0.0003,0.0003,0.1
,,,,,826999,7970.9253,1000,,,,,,,,
,,,,,827000,,,-717.3074340820312,-4.910575866699219,3.1778364181518555,715.6107177734375,715.9137573242188,0.0003,0.0003,0.1
,,,,,827999,7976.7515,1000,,,,,,,,
,,,,,828000,,,-725.1748657226562,-5.630274772644043,3.2110822200775146,723.789794921875,723.7455444335938,0.0003,0.0003,0.1
,,,,,828999,8088.3384,1000,,,,,,,,
,,,,,829000,,,-717.76513671875,-5.05828857421875,3.2207674980163574,716.5264892578125,716.3724365234375,0.0003,0.0003,0.1
,,,,,829999,8161.992,1000,,,,,,,,
7931.357,497.0773,8166.7544,6456.535,1000.0,830000,,,-727.8631591796875,-4.811518669128418,2.9338276386260986,726.8275756835938,726.7738647460938,0.0003,0.0003,0.1
,,,,,830999,8062.6123,1000,,,,,,,,
,,,,,831000,,,-719.447998046875,-5.32089900970459,3.2569596767425537,718.5712280273438,718.1264038085938,0.0003,0.0003,0.1
,,,,,831999,8097.904,1000,,,,,,,,
,,,,,832000,,,-725.8460693359375,-5.456847190856934,3.278930425643921,724.5576782226562,724.5386962890625,0.0003,0.0003,0.1
,,,,,832999,8129.7466,1000,,,,,,,,
,,,,,833000,,,-722.5219116210938,-5.727343559265137,4.832547187805176,721.5392456054688,721.6006469726562,0.0003,0.0003,0.1
,,,,,833999,8086.4614,1000,,,,,,,,
,,,,,834000,,,-720.3807373046875,-5.475208282470703,4.2855095863342285,719.1610107421875,719.0013427734375,0.0003,0.0003,0.1
,,,,,834999,8051.6216,1000,,,,,,,,
8082.1704,87.21806,8175.2876,7865.7603,1000.0,835000,,,-729.0083618164062,-5.420126438140869,3.3912010192871094,727.7744750976562,727.47412109375,0.0003,0.0003,0.1
,,,,,835999,8158.8896,1000,,,,,,,,
,,,,,836000,,,-725.5352172851562,-4.758916854858398,4.702685356140137,724.0651245117188,724.5960693359375,0.0003,0.0003,0.1
,,,,,836999,8004.076,1000,,,,,,,,
,,,,,837000,,,-723.1807861328125,-5.589329242706299,3.755941390991211,722.1673583984375,722.190185546875,0.0003,0.0003,0.1
,,,,,837999,722.8874,1000,,,,,,,,
,,,,,838000,,,-722.18115234375,-5.3569793701171875,3.825951099395752,720.7067260742188,721.3214111328125,0.0003,0.0003,0.1
,,,,,838999,8057.861,1000,,,,,,,,
,,,,,839000,,,-727.201416015625,-5.277527332305908,6.14096212387085,726.0098876953125,726.0905151367188,0.0003,0.0003,0.1
,,,,,839999,8030.0703,1000,,,,,,,,
8143.2837,24.42579,8196.812,8113.5317,1000.0,840000,,,-731.0242919921875,-5.670371055603027,4.2105712890625,729.4500732421875,729.23828125,0.0003,0.0003,0.1
,,,,,840999,8243.388,1000,,,,,,,,
,,,,,841000,,,-728.031005859375,-5.328024864196777,2.794646978378296,726.801025390625,727.2609252929688,0.0003,0.0003,0.1
,,,,,841999,7953.763,1000,,,,,,,,
,,,,,842000,,,-720.8599243164062,-5.431933403015137,6.63273286819458,719.986328125,719.548828125,0.0003,0.0003,0.1
,,,,,842999,8101.496,1000,,,,,,,,
,,,,,843000,,,-721.66748046875,-5.698189735412598,3.9385576248168945,720.3123779296875,720.853759765625,0.0003,0.0003,0.1
,,,,,843999,8184.7134,1000,,,,,,,,
,,,,,844000,,,-725.59521484375,-4.927234649658203,3.1570839881896973,724.466064453125,724.7244262695312,0.0003,0.0003,0.1
,,,,,844999,8188.8804,1000,,,,,,,,
8020.46,57.87182,8102.441,7919.758,1000.0,845000,,,-719.1404418945312,-5.731766700744629,3.700923204421997,718.1920166015625,718.13720703125,0.0003,0.0003,0.1
,,,,,845999,8123.6255,1000,,,,,,,,
,,,,,846000,,,-717.58154296875,-5.28380012512207,4.619368553161621,716.0745239257812,716.04150390625,0.0003,0.0003,0.1
,,,,,846999,6368.9062,1000,,,,,,,,
,,,,,847000,,,-727.1734619140625,-5.249375343322754,3.4324541091918945,725.9710693359375,725.9797973632812,0.0003,0.0003,0.1
,,,,,847999,8114.5215,1000,,,,,,,,
,,,,,848000,,,-733.5469360351562,-5.435667037963867,2.9917306900024414,732.465087890625,732.371826171875,0.0003,0.0003,0.1
,,,,,848999,8182.4023,1000,,,,,,,,
,,,,,849000,,,-733.5478515625,-4.896846294403076,3.721090078353882,732.2588500976562,732.421142578125,0.0003,0.0003,0.1
,,,,,849999,8199.125,1000,,,,,,,,
8137.8804,35.714104,8185.553,8085.234,1000.0,850000,,,-718.4165649414062,-5.475011825561523,31.8116512298584,717.33154296875,717.0579833984375,0.0003,0.0003,0.1
,,,,,850999,8128.65,1000,,,,,,,,
,,,,,851000,,,-727.7001953125,-5.353019714355469,3.6126513481140137,726.3004150390625,726.4613037109375,0.0003,0.0003,0.1
,,,,,851999,8138.736,1000,,,,,,,,
,,,,,852000,,,-721.2611083984375,-5.621345043182373,3.771989345550537,720.28173828125,720.3036499023438,0.0003,0.0003,0.1
,,,,,852999,2299.5125,1000,,,,,,,,
,,,,,853000,,,-734.0643920898438,-5.363379001617432,5.886478900909424,733.0037231445312,732.859619140625,0.0003,0.0003,0.1
,,,,,853999,8146.2812,1000,,,,,,,,
,,,,,854000,,,-719.9806518554688,-5.659599781036377,6.309908866882324,718.8741455078125,718.562255859375,0.0003,0.0003,0.1
,,,,,854999,8114.9976,1000,,,,,,,,
7846.9634,657.02,8151.73,5882.6914,1000.0,855000,,,-728.40185546875,-5.3785481452941895,3.8037755489349365,727.2944946289062,727.3082275390625,0.0003,0.0003,0.1
,,,,,855999,7986.9683,1000,,,,,,,,
,,,,,856000,,,-724.7801513671875,-5.934747219085693,4.182055950164795,723.6578979492188,723.4493408203125,0.0003,0.0003,0.1
,,,,,856999,8104.125,1000,,,,,,,,
,,,,,857000,,,-722.5546875,-5.173202037811279,3.3618743419647217,721.2117919921875,721.2554321289062,0.0003,0.0003,0.1
,,,,,857999,8172.3774,1000,,,,,,,,
,,,,,858000,,,-720.9541625976562,-5.287438869476318,4.75455379486084,719.1976928710938,719.3718872070312,0.0003,0.0003,0.1
,,,,,858999,8049.504,1000,,,,,,,,
,,,,,859000,,,-727.9948120117188,-5.233523368835449,3.18740177154541,727.1250610351562,726.8726806640625,0.0003,0.0003,0.1
,,,,,859999,8135.987,1000,,,,,,,,
8126.578,79.01237,8246.786,7957.345,1000.0,860000,,,-729.494873046875,-5.988762855529785,4.444307327270508,728.0478515625,727.9946899414062,0.0003,0.0003,0.1
,,,,,860999,8111.7373,1000,,,,,,,,
,,,,,861000,,,-727.0709838867188,-5.088602066040039,3.7359375953674316,725.6410522460938,726.0372314453125,0.0003,0.0003,0.1
,,,,,861999,8165.1284,1000,,,,,,,,
,,,,,862000,,,-731.5919189453125,-5.4580254554748535,6.074001312255859,730.2442626953125,730.5126953125,0.0003,0.0003,0.1
,,,,,862999,7772.7017,1000,,,,,,,,
,,,,,863000,,,-728.6285400390625,-5.447638988494873,3.938479423522949,727.221923828125,727.3200073242188,0.0003,0.0003,0.1
,,,,,863999,8179.5376,1000,,,,,,,,
,,,,,864000,,,-725.5354614257812,-5.391894817352295,5.011439323425293,724.8212280273438,724.3583984375,0.0003,0.0003,0.1
,,,,,864999,6716.793,1000,,,,,,,,
8133.2773,58.72867,8196.451,7986.6016,1000.0,865000,,,-733.2031860351562,-4.971860885620117,2.731304168701172,731.9555053710938,731.9954223632812,0.0003,0.0003,0.1
,,,,,865999,8135.208,1000,,,,,,,,
,,,,,866000,,,-732.4336547851562,-5.84794282913208,4.756159782409668,731.3232421875,731.78369140625,0.0003,0.0003,0.1
,,,,,866999,8222.62,1000,,,,,,,,
,,,,,867000,,,-727.9547729492188,-5.188506126403809,4.212967872619629,726.7097778320312,726.7308349609375,0.0003,0.0003,0.1
,,,,,867999,8166.7617,1000,,,,,,,,
,,,,,868000,,,-733.085205078125,-5.814139366149902,2.3125391006469727,732.1859130859375,732.1490478515625,0.0003,0.0003,0.1
,,,,,868999,8200.808,1000,,,,,,,,
,,,,,869000,,,-730.0569458007812,-4.758128643035889,3.546175003051758,728.6576538085938,728.573486328125,0.0003,0.0003,0.1
,,,,,869999,8107.6743,1000,,,,,,,,
8133.9478,75.99123,8241.484,7937.1675,1000.0,870000,,,-728.2213745117188,-5.309786796569824,3.017375946044922,727.0369873046875,726.8616333007812,0.0003,0.0003,0.1
,,,,,870999,8255.958,1000,,,,,,,,
,,,,,871000,,,-729.9788818359375,-5.1026458740234375,4.2503156661987305,728.85400390625,728.8438110351562,0.0003,0.0003,0.1
,,,,,871999,8032.7563,1000,,,,,,,,
,,,,,872000,,,-724.6912841796875,-5.576743125915527,6.531770706176758,722.914306640625,722.7996215820312,0.0003,0.0003,0.1
,,,,,872999,8209.088,1000,,,,,,,,
,,,,,873000,,,-717.2384033203125,-5.950376033782959,13.185250282287598,715.633544921875,715.3778076171875,0.0003,0.0003,0.1
,,,,,873999,8230.865,1000,,,,,,,,
,,,,,874000,,,-728.8036499023438,-5.443953514099121,4.031585693359375,727.7535400390625,727.6348266601562,0.0003,0.0003,0.1
,,,,,874999,8141.8525,1000,,,,,,,,
8205.744,73.65251,8305.803,8041.7153,1000.0,875000,,,-739.3269653320312,-5.74879789352417,2.5863418579101562,738.03466796875,738.3049926757812,0.0003,0.0003,0.1
,,,,,875999,7984.403,1000,,,,,,,,
,,,,,876000,,,-742.834228515625,-5.242187976837158,3.783820629119873,741.70263671875,742.2100219726562,0.0003,0.0003,0.1
,,,,,876999,8203.732,1000,,,,,,,,
,,,,,877000,,,-733.19775390625,-5.414018154144287,2.5983216762542725,731.7380981445312,732.1318359375,0.0003,0.0003,0.1
,,,,,877999,8244.521,1000,,,,,,,,
,,,,,878000,,,-724.143798828125,-6.132190704345703,3.9083878993988037,723.0364379882812,723.1867065429688,0.0003,0.0003,0.1
,,,,,878999,3217.672,1000,,,,,,,,
,,,,,879000,,,-740.0309448242188,-5.118964672088623,3.0513205528259277,739.11328125,739.063232421875,0.0003,0.0003,0.1
,,,,,879999,8204.502,1000,,,,,,,,
8118.367,65.746735,8228.53,8020.4966,1000.0,880000,,,-729.7119750976562,-4.51353645324707,2.9607791900634766,728.68896484375,728.5857543945312,0.0003,0.0003,0.1
,,,,,880999,8100.4385,1000,,,,,,,,
,,,,,881000,,,-721.0107421875,-5.442657947540283,3.7650086879730225,719.7835693359375,719.8624877929688,0.0003,0.0003,0.1
,,,,,881999,8176.75,1000,,,,,,,,
,,,,,882000,,,-736.1009521484375,-5.190725326538086,23.954952239990234,734.9810180664062,735.1055908203125,0.0003,0.0003,0.1
,,,,,882999,8103.098,1000,,,,,,,,
,,,,,883000,,,-732.3765869140625,-5.656210899353027,3.1282401084899902,731.1939697265625,731.0586547851562,0.0003,0.0003,0.1
,,,,,883999,8234.693,1000,,,,,,,,
,,,,,884000,,,-736.9105224609375,-5.116012096405029,4.458076477050781,736.0547485351562,735.71484375,0.0003,0.0003,0.1
,,,,,884999,8113.191,1000,,,,,,,,
8161.4204,36.991135,8226.179,8117.3438,1000.0,885000,,,-728.94775390625,-5.391547203063965,3.470060110092163,727.5067138671875,727.6886596679688,0.0003,0.0003,0.1
,,,,,885999,8157.614,1000,,,,,,,,
,,,,,886000,,,-740.225341796875,-5.278881072998047,5.933343887329102,739.1611328125,739.0689697265625,0.0003,0.0003,0.1
,,,,,886999,8257.94,1000,,,,,,,,
,,,,,887000,,,-734.2266235351562,-5.553598403930664,3.926699161529541,733.060546875,733.1759643554688,0.0003,0.0003,0.1
,,,,,887999,8103.461,1000,,,,,,,,
,,,,,888000,,,-721.345458984375,-5.947332382202148,2.96152925491333,719.9647216796875,719.9883422851562,0.0003,0.0003,0.1
,,,,,888999,7976.733,1000,,,,,,,,
,,,,,889000,,,-731.9537353515625,-5.451544761657715,3.557541608810425,730.7293701171875,730.6142578125,0.0003,0.0003,0.1
,,,,,889999,8298.975,1000,,,,,,,,
7884.7197,846.2554,8220.111,5347.981,1000.0,890000,,,-733.2174072265625,-5.688165187835693,3.1892566680908203,731.873779296875,731.7772216796875,0.0003,0.0003,0.1
,,,,,890999,8316.1455,1000,,,,,,,,
,,,,,891000,,,-729.6636962890625,-4.97869873046875,16.146257400512695,728.3643188476562,728.2584228515625,0.0003,0.0003,0.1
,,,,,891999,8220.422,1000,,,,,,,,
,,,,,892000,,,-726.7105102539062,-5.481521129608154,3.3245744705200195,725.6629638671875,725.87109375,0.0003,0.0003,0.1
,,,,,892999,8210.263,1000,,,,,,,,
,,,,,893000,,,-720.64306640625,-5.417724132537842,4.363130569458008,719.314453125,719.4735107421875,0.0003,0.0003,0.1
,,,,,893999,2290.3462,1000,,,,,,,,
,,,,,894000,,,-740.8894653320312,-4.917725563049316,2.2967164516448975,739.4647827148438,739.7484741210938,0.0003,0.0003,0.1
,,,,,894999,8231.243,1000,,,,,,,,
8125.6772,70.74881,8235.643,8015.907,1000.0,895000,,,-726.7601318359375,-5.864444732666016,4.053104400634766,725.0026245117188,725.0726928710938,0.0003,0.0003,0.1
,,,,,895999,8116.2627,1000,,,,,,,,
,,,,,896000,,,-731.0128784179688,-5.313426971435547,3.1190085411071777,729.7842407226562,729.8350830078125,0.0003,0.0003,0.1
,,,,,896999,8187.0796,1000,,,,,,,,
,,,,,897000,,,-735.97998046875,-5.205422878265381,2.680330276489258,734.995849609375,735.0260009765625,0.0003,0.0003,0.1
,,,,,897999,8129.552,1000,,,,,,,,
,,,,,898000,,,-733.9928588867188,-5.922502517700195,4.2452073097229,732.4876708984375,732.4678955078125,0.0003,0.0003,0.1
,,,,,898999,7015.7065,1000,,,,,,,,
,,,,,899000,,,-726.1459350585938,-5.7457275390625,4.282286643981934,725.1040649414062,724.8330078125,0.0003,0.0003,0.1
,,,,,899999,8228.168,1000,,,,,,,,
8185.118,62.449863,8300.906,8033.986,1000.0,900000,,,-734.5045166015625,-5.7488250732421875,4.084595680236816,733.257080078125,733.2745361328125,0.0003,0.0003,0.1
,,,,,900999,8213.34,1000,,,,,,,,
,,,,,901000,,,-728.8941040039062,-4.868197441101074,5.006350517272949,727.6009521484375,727.3803100585938,0.0003,0.0003,0.1
,,,,,901999,8244.596,1000,,,,,,,,
,,,,,902000,,,-727.0033569335938,-5.678467750549316,5.041994094848633,725.5408935546875,725.6112670898438,0.0003,0.0003,0.1
,,,,,902999,8032.024,1000,,,,,,,,
,,,,,903000,,,-736.080322265625,-5.718466758728027,3.339893341064453,734.9945068359375,734.9260864257812,0.0003,0.0003,0.1
,,,,,903999,8166.7,1000,,,,,,,,
,,,,,904000,,,-733.537353515625,-5.747835159301758,3.7939047813415527,731.9940795898438,732.0595703125,0.0003,0.0003,0.1
,,,,,904999,8294.339,1000,,,,,,,,
8242.459,82.72424,8350.932,8027.606,1000.0,905000,,,-736.87548828125,-5.811314582824707,2.7712385654449463,735.7632446289062,735.8241577148438,0.0003,0.0003,0.1
,,,,,905999,8261.462,1000,,,,,,,,
,,,,,906000,,,-739.515869140625,-5.618858814239502,5.4817094802856445,738.2353515625,738.3038940429688,0.0003,0.0003,0.1
,,,,,906999,8256.832,1000,,,,,,,,
,,,,,907000,,,-741.6963500976562,-4.728140830993652,2.576803207397461,740.512939453125,740.6226806640625,0.0003,0.0003,0.1
,,,,,907999,8200.586,1000,,,,,,,,
,,,,,908000,,,-733.505859375,-5.36713981628418,2.745774269104004,731.9422607421875,731.7900390625,0.0003,0.0003,0.1
,,,,,908999,8139.889,1000,,,,,,,,
,,,,,909000,,,-733.3014526367188,-5.445497512817383,5.613875389099121,732.1275634765625,731.7578735351562,0.0003,0.0003,0.1
,,,,,909999,8251.1875,1000,,,,,,,,
7627.6147,1706.2599,8378.31,2583.0469,1000.0,910000,,,-740.55419921875,-5.198404788970947,3.664271116256714,739.4166259765625,739.30126953125,0.0003,0.0003,0.1
,,,,,910999,8281.685,1000,,,,,,,,
,,,,,911000,,,-738.8636474609375,-5.738595008850098,4.1797919273376465,737.620361328125,737.4149169921875,0.0003,0.0003,0.1
,,,,,911999,8182.858,1000,,,,,,,,
,,,,,912000,,,-738.29052734375,-5.585623741149902,5.694350719451904,736.6505126953125,736.6650390625,0.0003,0.0003,0.1
,,,,,912999,6333.3467,1000,,,,,,,,
,,,,,913000,,,-736.856201171875,-5.2451276779174805,5.4428839683532715,735.6520385742188,735.4682006835938,0.0003,0.0003,0.1
,,,,,913999,8080.0728,1000,,,,,,,,
,,,,,914000,,,-736.4054565429688,-5.992798328399658,7.529792308807373,735.0345458984375,735.136962890625,0.0003,0.0003,0.1
,,,,,914999,8258.491,1000,,,,,,,,
8273.611,40.924366,8343.937,8189.1733,1000.0,915000,,,-731.2188720703125,-5.998379230499268,4.067941665649414,729.9381713867188,729.70654296875,0.0003,0.0003,0.1
,,,,,915999,8039.243,1000,,,,,,,,
,,,,,916000,,,-738.8025512695312,-5.475530624389648,6.536181449890137,737.73095703125,737.9365234375,0.0003,0.0003,0.1
,,,,,916999,8219.416,1000,,,,,,,,
,,,,,917000,,,-734.5177612304688,-5.263261318206787,3.820094347000122,733.5965576171875,733.2710571289062,0.0003,0.0003,0.1
,,,,,917999,8255.604,1000,,,,,,,,
,,,,,918000,,,-744.3876953125,-5.205528259277344,4.089475154876709,743.3817138671875,743.1080322265625,0.0003,0.0003,0.1
,,,,,918999,8165.489,1000,,,,,,,,
,,,,,919000,,,-742.1077880859375,-5.152390956878662,3.41361665725708,740.7943115234375,740.9617919921875,0.0003,0.0003,0.1
,,,,,919999,8210.321,1000,,,,,,,,
8232.104,42.601498,8287.466,8157.1997,1000.0,920000,,,-740.2911376953125,-5.298771381378174,5.426836013793945,739.6829223632812,739.7648315429688,0.0003,0.0003,0.1
,,,,,920999,8153.4067,1000,,,,,,,,
,,,,,921000,,,-732.693603515625,-5.592889785766602,6.101768493652344,731.4232177734375,731.211181640625,0.0003,0.0003,0.1
,,,,,921999,7970.1113,1000,,,,,,,,
,,,,,922000,,,-740.9059448242188,-5.392827033996582,4.80665397644043,739.712890625,739.890380859375,0.0003,0.0003,0.1
,,,,,922999,8151.9404,1000,,,,,,,,
,,,,,923000,,,-747.003173828125,-5.614706039428711,4.088429927825928,745.8507690429688,746.0414428710938,0.0003,0.0003,0.1
,,,,,923999,8228.923,1000,,,,,,,,
,,,,,924000,,,-733.5177001953125,-5.423533916473389,3.8829238414764404,731.6005249023438,732.0833740234375,0.0003,0.0003,0.1
,,,,,924999,8156.4097,1000,,,,,,,,
8137.526,167.80621,8303.901,7695.455,1000.0,925000,,,-731.7937622070312,-5.561018466949463,3.7086963653564453,730.915771484375,730.78955078125,0.0003,0.0003,0.1
,,,,,925999,8131.5557,1000,,,,,,,,
,,,,,926000,,,-734.7388916015625,-5.668923377990723,5.120436668395996,733.6648559570312,733.7618408203125,0.0003,0.0003,0.1
,,,,,926999,8177.0723,1000,,,,,,,,
,,,,,927000,,,-749.6907958984375,-5.830170631408691,2.795536994934082,748.8576049804688,748.53369140625,0.0003,0.0003,0.1
,,,,,927999,8124.56,1000,,,,,,,,
,,,,,928000,,,-738.7822265625,-5.453283786773682,5.662508964538574,737.7294921875,737.8013916015625,0.0003,0.0003,0.1
,,,,,928999,8163.8086,1000,,,,,,,,
,,,,,929000,,,-737.558837890625,-5.626131057739258,6.068307876586914,736.02880859375,736.5439453125,0.0003,0.0003,0.1
,,,,,929999,7437.335,1000,,,,,,,,
8121.6265,118.594635,8289.686,7923.562,1000.0,930000,,,-737.596923828125,-6.222081661224365,4.40770149230957,736.4436645507812,736.2999267578125,0.0003,0.0003,0.1
,,,,,930999,8257.174,1000,,,,,,,,
,,,,,931000,,,-748.7962036132812,-5.282190322875977,3.086228132247925,747.537841796875,747.228271484375,0.0003,0.0003,0.1
,,,,,931999,8151.2246,1000,,,,,,,,
,,,,,932000,,,-745.6654052734375,-5.434431076049805,1.9936003684997559,744.432861328125,744.48193359375,0.0003,0.0003,0.1
,,,,,932999,8277.573,1000,,,,,,,,
,,,,,933000,,,-737.746826171875,-5.029811859130859,5.005496025085449,736.7794189453125,736.3939208984375,0.0003,0.0003,0.1
,,,,,933999,8002.203,1000,,,,,,,,
,,,,,934000,,,-733.8424682617188,-5.41841983795166,7.551827907562256,732.7987060546875,732.7705078125,0.0003,0.0003,0.1
,,,,,934999,8014.625,1000,,,,,,,,
8188.134,42.07033,8251.759,8115.0923,1000.0,935000,,,-732.4636840820312,-5.388194561004639,3.0576767921447754,731.2706298828125,731.3310546875,0.0003,0.0003,0.1
,,,,,935999,8281.991,1000,,,,,,,,
,,,,,936000,,,-742.9485473632812,-5.763425827026367,4.1301493644714355,741.6637573242188,741.578369140625,0.0003,0.0003,0.1
,,,,,936999,7053.2354,1000,,,,,,,,
,,,,,937000,,,-740.4962158203125,-5.706661224365234,3.512103319168091,739.6231689453125,739.2692260742188,0.0003,0.0003,0.1
,,,,,937999,8279.232,1000,,,,,,,,
,,,,,938000,,,-739.6137084960938,-5.259225368499756,4.135508060455322,738.6380004882812,738.5444946289062,0.0003,0.0003,0.1
,,,,,938999,8235.734,1000,,,,,,,,
,,,,,939000,,,-749.52392578125,-5.128560543060303,4.79641580581665,748.23291015625,747.9020385742188,0.0003,0.0003,0.1
,,,,,939999,8067.1763,1000,,,,,,,,
8244.403,37.55618,8309.11,8187.327,1000.0,940000,,,-746.6944580078125,-5.003735542297363,2.5329134464263916,745.4488525390625,745.635986328125,0.0003,0.0003,0.1
,,,,,940999,8127.124,1000,,,,,,,,
,,,,,941000,,,-748.6910400390625,-5.5073747634887695,2.7916483879089355,747.5643310546875,747.8311767578125,0.0003,0.0003,0.1
,,,,,941999,8220.149,1000,,,,,,,,
,,,,,942000,,,-740.0822143554688,-4.944120407104492,5.042947769165039,739.0747680664062,738.8104858398438,0.0003,0.0003,0.1
,,,,,942999,8195.102,1000,,,,,,,,
,,,,,943000,,,-740.52392578125,-5.362679958343506,3.3142001628875732,739.2137451171875,739.0726318359375,0.0003,0.0003,0.1
,,,,,943999,8248.896,1000,,,,,,,,
,,,,,944000,,,-738.6163330078125,-5.307248115539551,3.3880741596221924,737.4683837890625,737.3133544921875,0.0003,0.0003,0.1
,,,,,944999,8133.2227,1000,,,,,,,,
7294.1885,786.7429,8087.147,5601.9116,1000.0,945000,,,-741.5155639648438,-5.822986602783203,5.062359809875488,740.113525390625,740.496826171875,0.0003,0.0003,0.1
,,,,,945999,8125.682,1000,,,,,,,,
,,,,,946000,,,-740.427001953125,-5.38010835647583,3.8393940925598145,739.018310546875,739.432861328125,0.0003,0.0003,0.1
,,,,,946999,8239.835,1000,,,,,,,,
,,,,,947000,,,-746.727294921875,-5.482147216796875,5.225902080535889,745.40087890625,745.7391967773438,0.0003,0.0003,0.1
,,,,,947999,8174.555,1000,,,,,,,,
,,,,,948000,,,-748.0120239257812,-4.771646499633789,3.367814064025879,747.2916259765625,746.9939575195312,0.0003,0.0003,0.1
,,,,,948999,8361.082,1000,,,,,,,,
,,,,,949000,,,-740.7662963867188,-5.687685966491699,3.888561248779297,739.7215576171875,739.720703125,0.0003,0.0003,0.1
,,,,,949999,7188.872,1000,,,,,,,,
8258.32,41.22933,8331.479,8196.456,1000.0,950000,,,-733.1590576171875,-5.554446220397949,4.95051383972168,731.7939453125,731.66455078125,0.0003,0.0003,0.1
,,,,,950999,8219.831,1000,,,,,,,,
,,,,,951000,,,-748.8775634765625,-5.02040958404541,3.2038936614990234,747.7247314453125,747.6907958984375,0.0003,0.0003,0.1
,,,,,951999,8172.5474,1000,,,,,,,,
,,,,,952000,,,-738.7446899414062,-5.917770862579346,3.1430954933166504,737.4156494140625,737.1180419921875,0.0003,0.0003,0.1
,,,,,952999,8240.6,1000,,,,,,,,
,,,,,953000,,,-734.8807373046875,-5.306957244873047,3.591423273086548,733.4752197265625,733.550537109375,0.0003,0.0003,0.1
,,,,,953999,8267.774,1000,,,,,,,,
,,,,,954000,,,-751.1952514648438,-5.455783843994141,2.293881416320801,750.0277099609375,749.6420288085938,0.0003,0.0003,0.1
,,,,,954999,8188.419,1000,,,,,,,,
8280.024,49.493988,8348.05,8178.4595,1000.0,955000,,,-742.3809814453125,-5.061970233917236,4.700262546539307,740.4805908203125,740.6845703125,0.0003,0.0003,0.1
,,,,,955999,8270.717,1000,,,,,,,,
,,,,,956000,,,-750.2645263671875,-5.469479560852051,2.956038475036621,749.2899169921875,748.9635009765625,0.0003,0.0003,0.1
,,,,,956999,8231.31,1000,,,,,,,,
,,,,,957000,,,-741.748291015625,-5.654865741729736,3.7848992347717285,740.4340209960938,740.618896484375,0.0003,0.0003,0.1
,,,,,957999,8275.746,1000,,,,,,,,
,,,,,958000,,,-738.5880737304688,-5.796276569366455,7.09261417388916,737.0559692382812,737.1646728515625,0.0003,0.0003,0.1
,,,,,958999,8053.719,1000,,,,,,,,
,,,,,959000,,,-743.602783203125,-5.3458147048950195,8.898639678955078,742.5861206054688,742.592529296875,0.0003,0.0003,0.1
,,,,,959999,8246.811,1000,,,,,,,,
8300.74,56.625893,8386.5205,8217.394,1000.0,960000,,,-752.7188720703125,-5.517434120178223,3.1391334533691406,751.6624755859375,751.78515625,0.0003,0.0003,0.1
,,,,,960999,8293.238,1000,,,,,,,,
,,,,,961000,,,-737.99755859375,-5.660103797912598,4.360677719116211,736.9249267578125,736.924560546875,0.0003,0.0003,0.1
,,,,,961999,8254.609,1000,,,,,,,,
,,,,,962000,,,-742.39501953125,-5.44000244140625,3.6944713592529297,740.925048828125,741.3859252929688,0.0003,0.0003,0.1
,,,,,962999,8241.878,1000,,,,,,,,
,,,,,963000,,,-742.387939453125,-5.639400959014893,3.8814291954040527,741.385009765625,741.7529296875,0.0003,0.0003,0.1
,,,,,963999,8285.567,1000,,,,,,,,
,,,,,964000,,,-740.1615600585938,-5.316646099090576,3.1974973678588867,739.2083740234375,739.1279296875,0.0003,0.0003,0.1
,,,,,964999,7999.0615,1000,,,,,,,,
8299.419,29.350704,8348.899,8259.22,1000.0,965000,,,-740.128173828125,-6.174299716949463,3.5567333698272705,738.694580078125,738.9942016601562,0.0003,0.0003,0.1
,,,,,965999,8226.844,1000,,,,,,,,
,,,,,966000,,,-747.652099609375,-5.1489410400390625,7.0241312980651855,747.003662109375,746.978759765625,0.0003,0.0003,0.1
,,,,,966999,8208.789,1000,,,,,,,,
,,,,,967000,,,-746.27392578125,-5.097782135009766,5.439476013183594,745.1312866210938,745.4873657226562,0.0003,0.0003,0.1
,,,,,967999,8277.891,1000,,,,,,,,
,,,,,968000,,,-745.3468627929688,-5.390873908996582,4.385228157043457,744.3414306640625,744.4166259765625,0.0003,0.0003,0.1
,,,,,968999,8151.1333,1000,,,,,,,,
,,,,,969000,,,-740.453369140625,-5.6598663330078125,3.959801197052002,738.7367553710938,738.9256591796875,0.0003,0.0003,0.1
,,,,,969999,8362.087,1000,,,,,,,,
8117.336,98.07659,8282.978,7882.133,1000.0,970000,,,-745.6595458984375,-5.181609630584717,8.22347640991211,744.7579345703125,744.9420166015625,0.0003,0.0003,0.1
,,,,,970999,8325.479,1000,,,,,,,,
,,,,,971000,,,-756.4744262695312,-5.360342025756836,6.217599391937256,755.2509765625,755.1187744140625,0.0003,0.0003,0.1
,,,,,971999,8169.5454,1000,,,,,,,,
,,,,,972000,,,-740.7769775390625,-5.607397079467773,6.428293228149414,739.81640625,740.0906982421875,0.0003,0.0003,0.1
,,,,,972999,8312.862,1000,,,,,,,,
,,,,,973000,,,-745.9207763671875,-5.3629021644592285,3.9801456928253174,744.8814697265625,744.689453125,0.0003,0.0003,0.1
,,,,,973999,8301.69,1000,,,,,,,,
,,,,,974000,,,-744.0386962890625,-5.345781326293945,4.205942153930664,742.9962158203125,743.3950805664062,0.0003,0.0003,0.1
,,,,,974999,8291.977,1000,,,,,,,,
8328.144,65.307816,8437.929,8229.24,1000.0,975000,,,-743.8203125,-6.071832180023193,3.9081997871398926,742.4354248046875,742.7078857421875,0.0003,0.0003,0.1
,,,,,975999,8254.671,1000,,,,,,,,
,,,,,976000,,,-752.2885131835938,-5.611313343048096,3.60789155960083,751.2275390625,751.197021484375,0.0003,0.0003,0.1
,,,,,976999,8263.699,1000,,,,,,,,
,,,,,977000,,,-746.513671875,-5.049066543579102,3.431278705596924,745.0792236328125,745.410400390625,0.0003,0.0003,0.1
,,,,,977999,8238.521,1000,,,,,,,,
,,,,,978000,,,-742.7112426757812,-5.227490425109863,2.573880195617676,741.4769287109375,741.6351318359375,0.0003,0.0003,0.1
,,,,,978999,8291.338,1000,,,,,,,,
,,,,,979000,,,-735.5480346679688,-5.107939720153809,6.582215309143066,734.2769165039062,734.5704345703125,0.0003,0.0003,0.1
,,,,,979999,8313.002,1000,,,,,,,,
8261.497,45.95615,8348.835,8162.581,1000.0,980000,,,-750.1697998046875,-5.074079513549805,4.641449451446533,749.0112915039062,748.799560546875,0.0003,0.0003,0.1
,,,,,980999,8162.383,1000,,,,,,,,
,,,,,981000,,,-742.0891723632812,-5.142246246337891,4.182902812957764,740.5416259765625,740.72705078125,0.0003,0.0003,0.1
,,,,,981999,8333.52,1000,,,,,,,,
,,,,,982000,,,-737.6222534179688,-5.524064064025879,10.094029426574707,735.4549560546875,735.2839965820312,0.0003,0.0003,0.1
,,,,,982999,8266.373,1000,,,,,,,,
,,,,,983000,,,-754.4971923828125,-5.720828056335449,3.720510721206665,753.02099609375,753.11279296875,0.0003,0.0003,0.1
,,,,,983999,7879.677,1000,,,,,,,,
,,,,,984000,,,-747.978515625,-4.95904541015625,2.6977829933166504,746.8353881835938,746.86572265625,0.0003,0.0003,0.1
,,,,,984999,8323.554,1000,,,,,,,,
8283.497,47.551167,8349.3545,8180.643,1000.0,985000,,,-746.61962890625,-5.353775501251221,3.876437187194824,745.3444213867188,745.3509521484375,0.0003,0.0003,0.1
,,,,,985999,8218.106,1000,,,,,,,,
,,,,,986000,,,-752.2439575195312,-5.3025031089782715,3.9361186027526855,751.4663696289062,751.2845458984375,0.0003,0.0003,0.1
,,,,,986999,8333.154,1000,,,,,,,,
,,,,,987000,,,-744.3381958007812,-5.459384918212891,5.22028923034668,743.0475463867188,743.0189208984375,0.0003,0.0003,0.1
,,,,,987999,8222.918,1000,,,,,,,,
,,,,,988000,,,-751.7379150390625,-5.22165584564209,4.446440696716309,750.7972412109375,750.61962890625,0.0003,0.0003,0.1
,,,,,988999,8323.865,1000,,,,,,,,
,,,,,989000,,,-743.1006469726562,-5.8648681640625,4.68133544921875,741.931884765625,741.967041015625,0.0003,0.0003,0.1
,,,,,989999,8239.271,1000,,,,,,,,
8250.742,27.241499,8286.127,8192.929,1000.0,990000,,,-751.7935791015625,-5.413137435913086,10.94835376739502,750.62353515625,750.2568359375,0.0003,0.0003,0.1
,,,,,990999,8311.395,1000,,,,,,,,
,,,,,991000,,,-748.5784912109375,-5.1077094078063965,3.7569284439086914,747.19580078125,746.8973388671875,0.0003,0.0003,0.1
,,,,,991999,8271.128,1000,,,,,,,,
,,,,,992000,,,-748.348388671875,-5.258211612701416,3.617950439453125,746.7723388671875,747.358154296875,0.0003,0.0003,0.1
,,,,,992999,8200.405,1000,,,,,,,,
,,,,,993000,,,-751.9736328125,-5.21176290512085,3.7436418533325195,751.0347290039062,750.8309326171875,0.0003,0.0003,0.1
,,,,,993999,8270.252,1000,,,,,,,,
,,,,,994000,,,-747.6885986328125,-5.141627311706543,4.128711700439453,746.8784790039062,746.6957397460938,0.0003,0.0003,0.1
,,,,,994999,8269.327,1000,,,,,,,,
8362.965,27.979017,8401.97,8304.979,1000.0,995000,,,-756.4974975585938,-5.139443397521973,3.7831008434295654,755.58544921875,755.035888671875,0.0003,0.0003,0.1
,,,,,995999,8236.316,1000,,,,,,,,
,,,,,996000,,,-744.55419921875,-5.135863780975342,5.164804458618164,743.2175903320312,743.4918212890625,0.0003,0.0003,0.1
,,,,,996999,8315.922,1000,,,,,,,,
,,,,,997000,,,-756.44873046875,-5.456763744354248,3.7086973190307617,755.2537231445312,755.4990234375,0.0003,0.0003,0.1
,,,,,997999,8379.854,1000,,,,,,,,
,,,,,998000,,,-754.464599609375,-4.940554618835449,2.9060988426208496,753.3231811523438,753.5592041015625,0.0003,0.0003,0.1
,,,,,998999,8328.606,1000,,,,,,,,
,,,,,999000,,,-754.081787109375,-5.456902980804443,3.0137813091278076,753.0643310546875,753.083984375,0.0003,0.0003,0.1
,,,,,999999,8322.661,1000,,,,,,,,
