Eval_AverageReturn,Eval_StdReturn,Eval_MaxReturn,Eval_MinReturn,Eval_AverageEpLen,step,Train_EpisodeReturn,Train_EpisodeLen,actor_loss,entropy,critic_loss,q_values,target_values,actor_lr,critic_lr,temperature
19.054688,6.0468884,27.780916,7.176793,21.1,0,,,,,,,,,,
,,,,,14,10.993588,15,,,,,,,,
,,,,,34,15.411754,20,,,,,,,,
,,,,,77,60.220325,43,,,,,,,,
,,,,,102,12.715611,25,,,,,,,,
,,,,,115,11.203184,13,,,,,,,,
,,,,,127,10.1707735,12,,,,,,,,
,,,,,141,9.260858,14,,,,,,,,
,,,,,158,10.313222,17,,,,,,,,
,,,,,180,12.214359,22,,,,,,,,
,,,,,211,20.386816,31,,,,,,,,
,,,,,230,11.779179,19,,,,,,,,
,,,,,259,24.821058,29,,,,,,,,
,,,,,280,14.961244,21,,,,,,,,
,,,,,303,11.772036,23,,,,,,,,
,,,,,320,17.9124,17,,,,,,,,
,,,,,331,7.5941043,11,,,,,,,,
,,,,,344,11.579568,13,,,,,,,,
,,,,,359,9.167932,15,,,,,,,,
,,,,,425,99.97018,66,,,,,,,,
,,,,,442,9.640649,17,,,,,,,,
,,,,,471,35.71479,29,,,,,,,,
,,,,,492,12.74368,21,,,,,,,,
,,,,,548,84.92314,56,,,,,,,,
,,,,,558,5.862619,10,,,,,,,,
,,,,,572,8.84516,14,,,,,,,,
,,,,,589,17.6741,17,,,,,,,,
,,,,,604,9.592309,15,,,,,,,,
,,,,,624,21.509426,20,,,,,,,,
,,,,,646,16.669197,22,,,,,,,,
,,,,,671,14.70689,25,,,,,,,,
,,,,,680,5.2723775,9,,,,,,,,
,,,,,728,44.062794,48,,,,,,,,
,,,,,748,12.327091,20,,,,,,,,
,,,,,767,10.625359,19,,,,,,,,
,,,,,781,11.218133,14,,,,,,,,
,,,,,802,16.445618,21,,,,,,,,
,,,,,822,12.264758,20,,,,,,,,
,,,,,843,19.5355,21,,,,,,,,
,,,,,860,10.699813,17,,,,,,,,
,,,,,896,29.462471,36,,,,,,,,
,,,,,920,12.388292,24,,,,,,,,
,,,,,939,18.530983,19,,,,,,,,
,,,,,952,6.5279717,13,,,,,,,,
,,,,,971,15.513987,19,,,,,,,,
,,,,,986,8.507361,15,,,,,,,,
,,,,,1013,19.663883,27,,,,,,,,
,,,,,1034,18.160778,21,,,,,,,,
,,,,,1049,14.773589,15,,,,,,,,
,,,,,1082,11.819475,33,,,,,,,,
,,,,,1098,12.268067,16,,,,,,,,
,,,,,1114,6.953701,16,,,,,,,,
,,,,,1127,9.959355,13,,,,,,,,
,,,,,1148,25.554577,21,,,,,,,,
,,,,,1157,6.3096623,9,,,,,,,,
,,,,,1170,10.938661,13,,,,,,,,
,,,,,1184,12.980737,14,,,,,,,,
,,,,,1214,28.415913,30,,,,,,,,
,,,,,1239,17.059702,25,,,,,,,,
,,,,,1250,7.769343,11,,,,,,,,
,,,,,1262,8.252623,12,,,,,,,,
,,,,,1289,16.029697,27,,,,,,,,
,,,,,1308,19.93794,19,,,,,,,,
,,,,,1323,11.642344,15,,,,,,,,
,,,,,1341,10.59103,18,,,,,,,,
,,,,,1354,8.90447,13,,,,,,,,
,,,,,1365,7.6026354,11,,,,,,,,
,,,,,1383,15.800523,18,,,,,,,,
,,,,,1410,29.366858,27,,,,,,,,
,,,,,1420,8.181639,10,,,,,,,,
,,,,,1436,12.941046,16,,,,,,,,
,,,,,1465,14.121475,29,,,,,,,,
,,,,,1487,13.639472,22,,,,,,,,
,,,,,1529,38.826317,42,,,,,,,,
,,,,,1554,11.542368,25,,,,,,,,
,,,,,1582,33.99697,28,,,,,,,,
,,,,,1600,13.291286,18,,,,,,,,
,,,,,1617,11.442185,17,,,,,,,,
,,,,,1641,20.98353,24,,,,,,,,
,,,,,1657,8.415927,16,,,,,,,,
,,,,,1684,20.252502,27,,,,,,,,
,,,,,1709,9.543253,25,,,,,,,,
,,,,,1729,17.774529,20,,,,,,,,
,,,,,1748,11.739973,19,,,,,,,,
,,,,,1806,39.399605,58,,,,,,,,
,,,,,1838,32.63619,32,,,,,,,,
,,,,,1855,11.888992,17,,,,,,,,
,,,,,1888,27.324493,33,,,,,,,,
,,,,,1909,15.5228195,21,,,,,,,,
,,,,,1954,57.34155,45,,,,,,,,
,,,,,1970,11.525748,16,,,,,,,,
,,,,,1987,13.846279,17,,,,,,,,
,,,,,2006,17.001968,19,,,,,,,,
,,,,,2020,13.231429,14,,,,,,,,
,,,,,2028,6.0094924,8,,,,,,,,
,,,,,2043,8.91683,15,,,,,,,,
,,,,,2053,6.4423337,10,,,,,,,,
,,,,,2077,13.902606,24,,,,,,,,
,,,,,2125,43.097458,48,,,,,,,,
,,,,,2154,29.115168,29,,,,,,,,
,,,,,2166,9.221815,12,,,,,,,,
,,,,,2209,67.48791,43,,,,,,,,
,,,,,2223,10.265137,14,,,,,,,,
,,,,,2233,6.4082656,10,,,,,,,,
,,,,,2253,12.509897,20,,,,,,,,
,,,,,2266,8.998952,13,,,,,,,,
,,,,,2295,14.216336,29,,,,,,,,
,,,,,2308,10.32874,13,,,,,,,,
,,,,,2324,7.4417896,16,,,,,,,,
,,,,,2348,18.269733,24,,,,,,,,
,,,,,2365,9.64462,17,,,,,,,,
,,,,,2378,10.535587,13,,,,,,,,
,,,,,2391,9.692509,13,,,,,,,,
,,,,,2406,12.1554575,15,,,,,,,,
,,,,,2421,13.671264,15,,,,,,,,
,,,,,2431,6.3305645,10,,,,,,,,
,,,,,2444,11.488035,13,,,,,,,,
,,,,,2466,22.532503,22,,,,,,,,
,,,,,2482,13.394614,16,,,,,,,,
,,,,,2493,7.562271,11,,,,,,,,
,,,,,2510,15.455926,17,,,,,,,,
,,,,,2537,11.808399,27,,,,,,,,
,,,,,2552,9.926839,15,,,,,,,,
,,,,,2606,81.619415,54,,,,,,,,
,,,,,2623,10.579297,17,,,,,,,,
,,,,,2660,21.578367,37,,,,,,,,
,,,,,2686,8.989578,26,,,,,,,,
,,,,,2722,21.109306,36,,,,,,,,
,,,,,2740,9.745405,18,,,,,,,,
,,,,,2766,19.96577,26,,,,,,,,
,,,,,2792,6.694855,26,,,,,,,,
,,,,,2808,8.732474,16,,,,,,,,
,,,,,2824,14.952619,16,,,,,,,,
,,,,,2842,12.15715,18,,,,,,,,
,,,,,2856,12.851606,14,,,,,,,,
,,,,,2878,10.758556,22,,,,,,,,
,,,,,2913,8.732241,35,,,,,,,,
,,,,,2968,87.982605,55,,,,,,,,
,,,,,2989,10.370376,21,,,,,,,,
,,,,,3008,12.840395,19,,,,,,,,
,,,,,3027,10.476473,19,,,,,,,,
,,,,,3043,14.597148,16,,,,,,,,
,,,,,3072,14.029073,29,,,,,,,,
,,,,,3093,11.329461,21,,,,,,,,
,,,,,3128,18.848932,35,,,,,,,,
,,,,,3148,22.671495,20,,,,,,,,
,,,,,3175,10.964146,27,,,,,,,,
,,,,,3206,32.96834,31,,,,,,,,
,,,,,3233,32.847855,27,,,,,,,,
,,,,,3251,18.000704,18,,,,,,,,
,,,,,3286,12.458503,35,,,,,,,,
,,,,,3304,16.017208,18,,,,,,,,
,,,,,3318,11.485817,14,,,,,,,,
,,,,,3333,14.2068815,15,,,,,,,,
,,,,,3365,26.452234,32,,,,,,,,
,,,,,3391,15.550513,26,,,,,,,,
,,,,,3415,12.392912,24,,,,,,,,
,,,,,3433,10.5811,18,,,,,,,,
,,,,,3477,54.548824,44,,,,,,,,
,,,,,3502,23.542528,25,,,,,,,,
,,,,,3525,19.870483,23,,,,,,,,
,,,,,3541,9.020339,16,,,,,,,,
,,,,,3560,11.84695,19,,,,,,,,
,,,,,3583,10.6221075,23,,,,,,,,
,,,,,3596,8.286035,13,,,,,,,,
,,,,,3607,8.1587105,11,,,,,,,,
,,,,,3625,18.142477,18,,,,,,,,
,,,,,3635,7.5899677,10,,,,,,,,
,,,,,3653,13.251075,18,,,,,,,,
,,,,,3662,5.029809,9,,,,,,,,
,,,,,3679,11.662586,17,,,,,,,,
,,,,,3694,14.239084,15,,,,,,,,
,,,,,3711,8.708591,17,,,,,,,,
,,,,,3735,14.390952,24,,,,,,,,
,,,,,3759,19.347458,24,,,,,,,,
,,,,,3780,12.059187,21,,,,,,,,
,,,,,3791,8.052693,11,,,,,,,,
,,,,,3807,8.885491,16,,,,,,,,
,,,,,3827,8.936184,20,,,,,,,,
,,,,,3839,5.4161735,12,,,,,,,,
,,,,,3859,15.5351925,20,,,,,,,,
,,,,,3874,12.566208,15,,,,,,,,
,,,,,3892,14.497028,18,,,,,,,,
,,,,,3904,9.077725,12,,,,,,,,
,,,,,3923,12.552836,19,,,,,,,,
,,,,,4035,176.25136,112,,,,,,,,
,,,,,4060,18.469759,25,,,,,,,,
,,,,,4073,8.337917,13,,,,,,,,
,,,,,4087,9.896637,14,,,,,,,,
,,,,,4103,14.26443,16,,,,,,,,
,,,,,4113,8.3554945,10,,,,,,,,
,,,,,4127,9.212371,14,,,,,,,,
,,,,,4149,20.300852,22,,,,,,,,
,,,,,4209,111.11017,60,,,,,,,,
,,,,,4252,41.819504,43,,,,,,,,
,,,,,4268,14.844875,16,,,,,,,,
,,,,,4278,6.623559,10,,,,,,,,
,,,,,4321,65.31163,43,,,,,,,,
,,,,,4343,17.031641,22,,,,,,,,
,,,,,4368,15.790441,25,,,,,,,,
,,,,,4380,7.980482,12,,,,,,,,
,,,,,4401,21.290674,21,,,,,,,,
,,,,,4423,23.534431,22,,,,,,,,
,,,,,4452,12.839272,29,,,,,,,,
,,,,,4483,29.228144,31,,,,,,,,
,,,,,4497,12.292761,14,,,,,,,,
,,,,,4516,11.902705,19,,,,,,,,
,,,,,4540,27.712734,24,,,,,,,,
,,,,,4571,25.721329,31,,,,,,,,
,,,,,4586,11.991642,15,,,,,,,,
,,,,,4599,10.972506,13,,,,,,,,
,,,,,4618,16.025412,19,,,,,,,,
,,,,,4640,14.843529,22,,,,,,,,
,,,,,4650,7.0480504,10,,,,,,,,
,,,,,4662,10.665474,12,,,,,,,,
,,,,,4672,6.2668896,10,,,,,,,,
,,,,,4688,15.503934,16,,,,,,,,
,,,,,4701,8.903839,13,,,,,,,,
,,,,,4732,13.589928,31,,,,,,,,
,,,,,4748,15.7982855,16,,,,,,,,
,,,,,4765,6.8222346,17,,,,,,,,
,,,,,4794,21.79269,29,,,,,,,,
,,,,,4814,9.790649,20,,,,,,,,
,,,,,4845,41.925404,31,,,,,,,,
,,,,,4864,16.827782,19,,,,,,,,
,,,,,4874,7.4691153,10,,,,,,,,
,,,,,4892,14.936098,18,,,,,,,,
,,,,,4909,14.952192,17,,,,,,,,
,,,,,4938,22.708261,29,,,,,,,,
,,,,,4949,8.919744,11,,,,,,,,
,,,,,4970,15.544966,21,,,,,,,,
,,,,,4988,9.598103,18,,,,,,,,
16.947968,9.13054,39.804462,8.095792,21.6,5000,,,,,,,,,,
,,,,,5003,8.969663,15,,,,,,,,
,,,,,5019,15.053162,16,,,,,,,,
,,,,,5044,27.640223,25,,,,,,,,
,,,,,5055,7.938262,11,,,,,,,,
,,,,,5065,7.964099,10,,,,,,,,
,,,,,5090,16.300491,25,,,,,,,,
,,,,,5113,20.243982,23,,,,,,,,
,,,,,5150,24.377413,37,,,,,,,,
,,,,,5169,13.376976,19,,,,,,,,
,,,,,5207,15.867553,38,,,,,,,,
,,,,,5225,12.734044,18,,,,,,,,
,,,,,5243,11.957514,18,,,,,,,,
,,,,,5262,20.346628,19,,,,,,,,
,,,,,5284,20.686338,22,,,,,,,,
,,,,,5306,7.518989,22,,,,,,,,
,,,,,5322,13.294194,16,,,,,,,,
,,,,,5336,10.109568,14,,,,,,,,
,,,,,5355,13.936685,19,,,,,,,,
,,,,,5387,25.094814,32,,,,,,,,
,,,,,5419,34.51093,32,,,,,,,,
,,,,,5441,18.584171,22,,,,,,,,
,,,,,5482,42.109596,41,,,,,,,,
,,,,,5502,21.658918,20,,,,,,,,
,,,,,5532,33.3317,30,,,,,,,,
,,,,,5550,20.032024,18,,,,,,,,
,,,,,5565,8.588819,15,,,,,,,,
,,,,,5583,15.793969,18,,,,,,,,
,,,,,5599,13.786801,16,,,,,,,,
,,,,,5613,8.985171,14,,,,,,,,
,,,,,5628,15.486598,15,,,,,,,,
,,,,,5647,16.718187,19,,,,,,,,
,,,,,5663,12.530908,16,,,,,,,,
,,,,,5678,12.738396,15,,,,,,,,
,,,,,5689,8.137649,11,,,,,,,,
,,,,,5700,9.3585005,11,,,,,,,,
,,,,,5714,10.609945,14,,,,,,,,
,,,,,5742,32.854897,28,,,,,,,,
,,,,,5774,32.442585,32,,,,,,,,
,,,,,5798,11.385514,24,,,,,,,,
,,,,,5813,10.512147,15,,,,,,,,
,,,,,5830,12.961531,17,,,,,,,,
,,,,,5852,22.671276,22,,,,,,,,
,,,,,5870,19.049442,18,,,,,,,,
,,,,,5893,15.016964,23,,,,,,,,
,,,,,5918,31.803965,25,,,,,,,,
,,,,,5937,21.162409,19,,,,,,,,
,,,,,5972,32.025505,35,,,,,,,,
,,,,,5989,17.137953,17,,,,,,,,
,,,,,6009,13.13519,20,,,,,,,,
,,,,,6022,11.977619,13,,,,,,,,
,,,,,6038,14.36776,16,,,,,,,,
,,,,,6053,14.630629,15,,,,,,,,
,,,,,6080,17.924791,27,,,,,,,,
,,,,,6102,17.811586,22,,,,,,,,
,,,,,6131,15.716256,29,,,,,,,,
,,,,,6187,78.41608,56,,,,,,,,
,,,,,6206,16.39715,19,,,,,,,,
,,,,,6227,14.768326,21,,,,,,,,
,,,,,6265,13.197585,38,,,,,,,,
,,,,,6298,54.297604,33,,,,,,,,
,,,,,6318,20.05257,20,,,,,,,,
,,,,,6342,20.26144,24,,,,,,,,
,,,,,6375,15.421813,33,,,,,,,,
,,,,,6391,16.355587,16,,,,,,,,
,,,,,6409,9.432142,18,,,,,,,,
,,,,,6459,87.52125,50,,,,,,,,
,,,,,6493,45.341957,34,,,,,,,,
,,,,,6503,8.534632,10,,,,,,,,
,,,,,6540,37.309437,37,,,,,,,,
,,,,,6572,24.123306,32,,,,,,,,
,,,,,6603,30.546787,31,,,,,,,,
,,,,,6622,12.768625,19,,,,,,,,
,,,,,6677,51.487366,55,,,,,,,,
,,,,,6702,33.02682,25,,,,,,,,
,,,,,6730,31.752304,28,,,,,,,,
,,,,,6747,12.35882,17,,,,,,,,
,,,,,6764,13.489181,17,,,,,,,,
,,,,,6776,7.712411,12,,,,,,,,
,,,,,6805,20.427053,29,,,,,,,,
,,,,,6826,15.043351,21,,,,,,,,
,,,,,6840,9.89652,14,,,,,,,,
,,,,,6857,10.881359,17,,,,,,,,
,,,,,6875,13.698001,18,,,,,,,,
,,,,,6890,15.597518,15,,,,,,,,
,,,,,6915,13.170458,25,,,,,,,,
,,,,,6924,7.085381,9,,,,,,,,
,,,,,6943,15.016921,19,,,,,,,,
,,,,,6957,15.656035,14,,,,,,,,
,,,,,7004,28.398907,47,,,,,,,,
,,,,,7020,16.035793,16,,,,,,,,
,,,,,7044,24.102459,24,,,,,,,,
,,,,,7071,13.363081,27,,,,,,,,
,,,,,7093,19.858114,22,,,,,,,,
,,,,,7119,32.257797,26,,,,,,,,
,,,,,7128,5.527845,9,,,,,,,,
,,,,,7147,13.390951,19,,,,,,,,
,,,,,7196,46.193504,49,,,,,,,,
,,,,,7219,27.540524,23,,,,,,,,
,,,,,7246,31.950607,27,,,,,,,,
,,,,,7276,28.595545,30,,,,,,,,
,,,,,7322,66.38379,46,,,,,,,,
,,,,,7344,18.663645,22,,,,,,,,
,,,,,7374,16.288563,30,,,,,,,,
,,,,,7384,7.8019333,10,,,,,,,,
,,,,,7394,8.3376465,10,,,,,,,,
,,,,,7404,8.425389,10,,,,,,,,
,,,,,7441,41.53104,37,,,,,,,,
,,,,,7456,12.406382,15,,,,,,,,
,,,,,7485,20.90086,29,,,,,,,,
,,,,,7510,11.224992,25,,,,,,,,
,,,,,7527,16.304468,17,,,,,,,,
,,,,,7567,67.38575,40,,,,,,,,
,,,,,7580,11.719219,13,,,,,,,,
,,,,,7612,27.010574,32,,,,,,,,
,,,,,7640,32.797054,28,,,,,,,,
,,,,,7654,9.783793,14,,,,,,,,
,,,,,7681,27.915857,27,,,,,,,,
,,,,,7693,9.681293,12,,,,,,,,
,,,,,7709,15.39607,16,,,,,,,,
,,,,,7734,14.474212,25,,,,,,,,
,,,,,7775,34.14748,41,,,,,,,,
,,,,,7787,10.223408,12,,,,,,,,
,,,,,7807,20.795994,20,,,,,,,,
,,,,,7827,19.960863,20,,,,,,,,
,,,,,7869,27.34631,42,,,,,,,,
,,,,,7879,7.549409,10,,,,,,,,
,,,,,7895,12.010952,16,,,,,,,,
,,,,,7953,75.26053,58,,,,,,,,
,,,,,7971,12.158958,18,,,,,,,,
,,,,,8044,92.341354,73,,,,,,,,
,,,,,8070,28.457342,26,,,,,,,,
,,,,,8086,11.43817,16,,,,,,,,
,,,,,8113,21.236626,27,,,,,,,,
,,,,,8141,13.919089,28,,,,,,,,
,,,,,8150,6.570318,9,,,,,,,,
,,,,,8180,26.249023,30,,,,,,,,
,,,,,8207,20.423164,27,,,,,,,,
,,,,,8226,15.7521515,19,,,,,,,,
,,,,,8245,15.47397,19,,,,,,,,
,,,,,8255,8.428768,10,,,,,,,,
,,,,,8276,15.1077385,21,,,,,,,,
,,,,,8306,39.857788,30,,,,,,,,
,,,,,8324,17.124058,18,,,,,,,,
,,,,,8339,14.365039,15,,,,,,,,
,,,,,8353,12.296517,14,,,,,,,,
,,,,,8372,21.025936,19,,,,,,,,
,,,,,8396,27.403896,24,,,,,,,,
,,,,,8412,13.502602,16,,,,,,,,
,,,,,8429,12.634128,17,,,,,,,,
,,,,,8481,56.107685,52,,,,,,,,
,,,,,8509,29.013313,28,,,,,,,,
,,,,,8528,5.4849463,19,,,,,,,,
,,,,,8544,13.8782015,16,,,,,,,,
,,,,,8559,13.544219,15,,,,,,,,
,,,,,8574,13.77816,15,,,,,,,,
,,,,,8589,13.8284,15,,,,,,,,
,,,,,8601,9.417892,12,,,,,,,,
,,,,,8620,19.271753,19,,,,,,,,
,,,,,8655,40.81434,35,,,,,,,,
,,,,,8673,21.100737,18,,,,,,,,
,,,,,8691,18.039816,18,,,,,,,,
,,,,,8738,25.313072,47,,,,,,,,
,,,,,8786,59.034378,48,,,,,,,,
,,,,,8806,11.784712,20,,,,,,,,
,,,,,8818,9.722526,12,,,,,,,,
,,,,,8843,27.531052,25,,,,,,,,
,,,,,8887,53.611477,44,,,,,,,,
,,,,,8911,21.416983,24,,,,,,,,
,,,,,8932,23.080465,21,,,,,,,,
,,,,,8953,18.656303,21,,,,,,,,
,,,,,8970,8.55685,17,,,,,,,,
,,,,,8998,31.222591,28,,,,,,,,
,,,,,9024,12.281973,26,,,,,,,,
,,,,,9038,10.518007,14,,,,,,,,
,,,,,9052,8.513785,14,,,,,,,,
,,,,,9069,11.953694,17,,,,,,,,
,,,,,9093,13.291347,24,,,,,,,,
,,,,,9115,18.16569,22,,,,,,,,
,,,,,9143,23.075754,28,,,,,,,,
,,,,,9163,21.150955,20,,,,,,,,
,,,,,9175,9.910936,12,,,,,,,,
,,,,,9186,9.116222,11,,,,,,,,
,,,,,9215,40.079857,29,,,,,,,,
,,,,,9244,33.269497,29,,,,,,,,
,,,,,9259,13.321779,15,,,,,,,,
,,,,,9273,8.326616,14,,,,,,,,
,,,,,9290,14.994975,17,,,,,,,,
,,,,,9322,27.275702,32,,,,,,,,
,,,,,9379,53.38545,57,,,,,,,,
,,,,,9391,9.072997,12,,,,,,,,
,,,,,9402,9.642094,11,,,,,,,,
,,,,,9417,11.328888,15,,,,,,,,
,,,,,9442,13.644526,25,,,,,,,,
,,,,,9464,18.864761,22,,,,,,,,
,,,,,9486,17.188585,22,,,,,,,,
,,,,,9501,8.165678,15,,,,,,,,
,,,,,9530,20.763556,29,,,,,,,,
,,,,,9552,16.394302,22,,,,,,,,
,,,,,9594,62.125187,42,,,,,,,,
,,,,,9623,25.454342,29,,,,,,,,
,,,,,9649,13.818902,26,,,,,,,,
,,,,,9675,23.013662,26,,,,,,,,
,,,,,9701,24.92676,26,,,,,,,,
,,,,,9717,14.256056,16,,,,,,,,
,,,,,9749,31.699064,32,,,,,,,,
,,,,,9801,48.946053,52,,,,,,,,
,,,,,9815,12.841692,14,,,,,,,,
,,,,,9830,13.624285,15,,,,,,,,
,,,,,9844,12.904471,14,,,,,,,,
,,,,,9856,10.028666,12,,,,,,,,
,,,,,9874,12.194675,18,,,,,,,,
,,,,,9898,15.0186,24,,,,,,,,
,,,,,9916,10.312879,18,,,,,,,,
,,,,,9934,10.337148,18,,,,,,,,
,,,,,9945,9.136014,11,,,,,,,,
,,,,,9961,11.992221,16,,,,,,,,
14.369138,2.9668705,19.980505,8.257728,16.9,10000,,,-0.35145166516304016,1.9461455345153809,1.0021603107452393,0.00026213994715362787,0.9222896099090576,0.0003,0.0003,0.1
,,,,,10038,149.2927,77,,,,,,,,
,,,,,10051,13.731639,13,,,,,,,,
,,,,,10068,13.813998,17,,,,,,,,
,,,,,10102,31.89325,34,,,,,,,,
,,,,,10132,34.13863,30,,,,,,,,
,,,,,10198,93.294525,66,,,,,,,,
,,,,,10285,123.08051,87,,,,,,,,
,,,,,10333,85.070526,48,,,,,,,,
,,,,,10404,94.575714,71,,,,,,,,
,,,,,10452,80.322174,48,,,,,,,,
,,,,,10516,99.82254,64,,,,,,,,
,,,,,10564,84.53335,48,,,,,,,,
,,,,,10606,67.647514,42,,,,,,,,
,,,,,10648,68.62191,42,,,,,,,,
,,,,,10724,160.421,76,,,,,,,,
,,,,,10766,68.78564,42,,,,,,,,
,,,,,10821,100.94403,55,,,,,,,,
,,,,,10859,62.92984,38,,,,,,,,
,,,,,10895,60.134983,36,,,,,,,,
,,,,,10957,118.00779,62,,,,,,,,
,,,,,10988,51.23699,31,,,,,,,,
,,,,,11000,,,-5.94415283203125,0.1183278039097786,0.441792368888855,5.599427223205566,5.602689743041992,0.0003,0.0003,0.1
,,,,,11070,177.20337,82,,,,,,,,
,,,,,11126,103.51829,56,,,,,,,,
,,,,,11160,56.02719,34,,,,,,,,
,,,,,11198,63.093487,38,,,,,,,,
,,,,,11234,59.127506,36,,,,,,,,
,,,,,11270,59.419216,36,,,,,,,,
,,,,,11306,60.171944,36,,,,,,,,
,,,,,11343,61.802418,37,,,,,,,,
,,,,,11411,138.56078,68,,,,,,,,
,,,,,11443,53.409775,32,,,,,,,,
,,,,,11525,180.6828,82,,,,,,,,
,,,,,11576,90.177315,51,,,,,,,,
,,,,,11667,208.07654,91,,,,,,,,
,,,,,11758,206.49655,91,,,,,,,,
,,,,,11838,174.84293,80,,,,,,,,
,,,,,11916,168.9832,78,,,,,,,,
,,,,,11999,180.91956,83,,,,,,,,
,,,,,12000,,,-13.001476287841797,-0.6607650518417358,1.6362980604171753,12.159978866577148,12.285652160644531,0.0003,0.0003,0.1
,,,,,12082,184.6402,83,,,,,,,,
,,,,,12164,179.75487,82,,,,,,,,
,,,,,12247,179.44011,83,,,,,,,,
,,,,,12335,193.65128,88,,,,,,,,
,,,,,12418,182.50005,83,,,,,,,,
,,,,,12503,183.92229,85,,,,,,,,
,,,,,12592,194.65454,89,,,,,,,,
,,,,,12684,204.59645,92,,,,,,,,
,,,,,12774,186.1212,90,,,,,,,,
,,,,,12867,203.40945,93,,,,,,,,
,,,,,12959,200.36697,92,,,,,,,,
,,,,,13000,,,-22.124839782714844,-1.4910056591033936,3.060093402862549,20.26858901977539,20.10765266418457,0.0003,0.0003,0.1
,,,,,13051,203.88255,92,,,,,,,,
,,,,,13147,198.94948,96,,,,,,,,
,,,,,13244,203.46262,97,,,,,,,,
,,,,,13347,204.7933,103,,,,,,,,
,,,,,13446,231.73796,99,,,,,,,,
,,,,,13544,215.93587,98,,,,,,,,
,,,,,13655,256.16272,111,,,,,,,,
,,,,,13750,221.34668,95,,,,,,,,
,,,,,13861,240.82831,111,,,,,,,,
,,,,,13974,273.18692,113,,,,,,,,
,,,,,14000,,,-30.851451873779297,-0.9850685000419617,6.771241188049316,29.05950164794922,29.564590454101562,0.0003,0.0003,0.1
,,,,,14085,234.55453,111,,,,,,,,
,,,,,14187,219.88094,102,,,,,,,,
,,,,,14285,222.80054,98,,,,,,,,
,,,,,14381,204.94547,96,,,,,,,,
,,,,,14475,205.60297,94,,,,,,,,
,,,,,14569,209.29248,94,,,,,,,,
,,,,,14661,193.64723,92,,,,,,,,
,,,,,14760,210.61833,99,,,,,,,,
,,,,,14850,205.66466,90,,,,,,,,
,,,,,14945,205.25851,95,,,,,,,,
208.2638,17.200813,246.99777,192.3815,94.9,15000,,,-38.59100341796875,-0.8457798361778259,2.990194320678711,36.910282135009766,37.07503890991211,0.0003,0.0003,0.1
,,,,,15041,220.97273,96,,,,,,,,
,,,,,15127,185.59753,86,,,,,,,,
,,,,,15215,192.65865,88,,,,,,,,
,,,,,15316,231.7727,101,,,,,,,,
,,,,,15410,205.87064,94,,,,,,,,
,,,,,15497,178.08559,87,,,,,,,,
,,,,,15591,190.25276,94,,,,,,,,
,,,,,15686,213.31837,95,,,,,,,,
,,,,,15776,177.69261,90,,,,,,,,
,,,,,15872,190.47964,96,,,,,,,,
,,,,,15957,185.06995,85,,,,,,,,
,,,,,16000,,,-46.725337982177734,-1.118865728378296,4.39804744720459,44.93206024169922,44.70191955566406,0.0003,0.0003,0.1
,,,,,16048,201.0758,91,,,,,,,,
,,,,,16145,202.5309,97,,,,,,,,
,,,,,16232,193.63246,87,,,,,,,,
,,,,,16325,192.65976,93,,,,,,,,
,,,,,16420,209.19295,95,,,,,,,,
,,,,,16505,191.1279,85,,,,,,,,
,,,,,16601,202.58711,96,,,,,,,,
,,,,,16708,271.2707,107,,,,,,,,
,,,,,16800,203.35292,92,,,,,,,,
,,,,,16894,214.87993,94,,,,,,,,
,,,,,16987,190.77007,93,,,,,,,,
,,,,,17000,,,-53.530029296875,-1.8182225227355957,7.743742942810059,51.55503463745117,51.625694274902344,0.0003,0.0003,0.1
,,,,,17083,202.35063,96,,,,,,,,
,,,,,17184,216.24258,101,,,,,,,,
,,,,,17285,229.01906,101,,,,,,,,
,,,,,17375,209.04941,90,,,,,,,,
,,,,,17472,219.16501,97,,,,,,,,
,,,,,17565,207.64462,93,,,,,,,,
,,,,,17654,203.29666,89,,,,,,,,
,,,,,17745,195.13463,91,,,,,,,,
,,,,,17840,206.00851,95,,,,,,,,
,,,,,17934,202.86339,94,,,,,,,,
,,,,,18000,,,-61.26362609863281,-1.6990816593170166,2.358153820037842,57.85995101928711,57.85204315185547,0.0003,0.0003,0.1
,,,,,18025,207.61845,91,,,,,,,,
,,,,,18120,226.82059,95,,,,,,,,
,,,,,18214,209.63861,94,,,,,,,,
,,,,,18310,216.68054,96,,,,,,,,
,,,,,18408,215.4539,98,,,,,,,,
,,,,,18507,224.2606,99,,,,,,,,
,,,,,18609,245.81445,102,,,,,,,,
,,,,,18707,208.15933,98,,,,,,,,
,,,,,18802,222.9607,95,,,,,,,,
,,,,,18898,224.04967,96,,,,,,,,
,,,,,18993,216.05302,95,,,,,,,,
,,,,,19000,,,-68.88421630859375,-1.3864738941192627,7.27187442779541,66.96549224853516,66.91825866699219,0.0003,0.0003,0.1
,,,,,19088,219.2794,95,,,,,,,,
,,,,,19185,226.18558,97,,,,,,,,
,,,,,19285,239.08278,100,,,,,,,,
,,,,,19384,237.35991,99,,,,,,,,
,,,,,19481,227.53918,97,,,,,,,,
,,,,,19577,231.8432,96,,,,,,,,
,,,,,19673,234.55295,96,,,,,,,,
,,,,,19772,238.67673,99,,,,,,,,
,,,,,19874,247.80579,102,,,,,,,,
,,,,,19979,266.09933,105,,,,,,,,
234.29395,3.0993943,238.40076,228.35725,96.6,20000,,,-75.88102722167969,-0.9518044590950012,15.103975296020508,73.7410888671875,73.86408996582031,0.0003,0.0003,0.1
,,,,,20081,252.32353,102,,,,,,,,
,,,,,20181,245.70232,100,,,,,,,,
,,,,,20288,270.17792,107,,,,,,,,
,,,,,20388,250.62006,100,,,,,,,,
,,,,,20489,257.03235,101,,,,,,,,
,,,,,20612,283.0455,123,,,,,,,,
,,,,,20716,265.7883,104,,,,,,,,
,,,,,20833,273.67163,117,,,,,,,,
,,,,,20938,231.38748,105,,,,,,,,
,,,,,21000,,,-80.46560668945312,-1.6302980184555054,3.357059955596924,77.38773345947266,77.2283706665039,0.0003,0.0003,0.1
,,,,,21015,144.75662,77,,,,,,,,
,,,,,21138,283.51727,123,,,,,,,,
,,,,,21254,259.73584,116,,,,,,,,
,,,,,21360,250.60725,106,,,,,,,,
,,,,,21440,149.614,80,,,,,,,,
,,,,,21551,263.1161,111,,,,,,,,
,,,,,21659,272.14493,108,,,,,,,,
,,,,,21768,256.9237,109,,,,,,,,
,,,,,21875,256.9131,107,,,,,,,,
,,,,,21990,267.04404,115,,,,,,,,
,,,,,22000,,,-85.56491088867188,-1.6654244661331177,10.570831298828125,82.4822769165039,82.10628509521484,0.0003,0.0003,0.1
,,,,,22104,273.03622,114,,,,,,,,
,,,,,22211,272.48624,107,,,,,,,,
,,,,,22328,260.8418,117,,,,,,,,
,,,,,22436,247.28723,108,,,,,,,,
,,,,,22542,245.47336,106,,,,,,,,
,,,,,22646,231.28069,104,,,,,,,,
,,,,,22757,252.90196,111,,,,,,,,
,,,,,22864,237.23267,107,,,,,,,,
,,,,,22973,253.5921,109,,,,,,,,
,,,,,23000,,,-94.55218505859375,-1.1991322040557861,3.8197474479675293,90.65754699707031,90.56246185302734,0.0003,0.0003,0.1
,,,,,23069,216.02608,96,,,,,,,,
,,,,,23178,250.6449,109,,,,,,,,
,,,,,23286,247.03452,108,,,,,,,,
,,,,,23396,248.82391,110,,,,,,,,
,,,,,23498,234.8131,102,,,,,,,,
,,,,,23597,240.49176,99,,,,,,,,
,,,,,23707,245.68655,110,,,,,,,,
,,,,,23808,232.0621,101,,,,,,,,
,,,,,23903,206.79028,95,,,,,,,,
,,,,,24000,,,-99.25177001953125,-1.4343042373657227,4.51632022857666,97.55557250976562,97.48709869384766,0.0003,0.0003,0.1
,,,,,24016,257.4731,113,,,,,,,,
,,,,,24118,223.75539,102,,,,,,,,
,,,,,24233,265.57346,115,,,,,,,,
,,,,,24337,246.76723,104,,,,,,,,
,,,,,24446,253.80582,109,,,,,,,,
,,,,,24567,282.80295,121,,,,,,,,
,,,,,24683,277.74985,116,,,,,,,,
,,,,,24786,234.50397,103,,,,,,,,
,,,,,24883,215.89687,97,,,,,,,,
,,,,,24991,265.42816,108,,,,,,,,
254.0184,10.398798,268.31686,236.39635,107.4,25000,,,-101.6903305053711,-1.7800030708312988,12.05884838104248,97.80122375488281,98.45365905761719,0.0003,0.0003,0.1
,,,,,25099,260.2904,108,,,,,,,,
,,,,,25201,230.95976,102,,,,,,,,
,,,,,25300,220.28528,99,,,,,,,,
,,,,,25413,263.57623,113,,,,,,,,
,,,,,25520,252.1868,107,,,,,,,,
,,,,,25635,286.65826,115,,,,,,,,
,,,,,25749,291.25403,114,,,,,,,,
,,,,,25861,264.5672,112,,,,,,,,
,,,,,25968,247.01248,107,,,,,,,,
,,,,,26000,,,-109.06343841552734,-1.2840051651000977,5.229246139526367,106.29093933105469,106.68681335449219,0.0003,0.0003,0.1
,,,,,26092,321.8046,124,,,,,,,,
,,,,,26218,329.88376,126,,,,,,,,
,,,,,26346,332.61456,128,,,,,,,,
,,,,,26479,363.0831,133,,,,,,,,
,,,,,26613,383.9389,134,,,,,,,,
,,,,,26740,333.00342,127,,,,,,,,
,,,,,26878,363.57437,138,,,,,,,,
,,,,,27000,,,-114.26148986816406,-1.723118543624878,2.47157621383667,111.61251831054688,111.75238037109375,0.0003,0.0003,0.1
,,,,,27003,329.68692,125,,,,,,,,
,,,,,27132,366.2329,129,,,,,,,,
,,,,,27233,240.66978,101,,,,,,,,
,,,,,27362,361.90277,129,,,,,,,,
,,,,,27479,319.5855,117,,,,,,,,
,,,,,27615,374.13388,136,,,,,,,,
,,,,,27744,347.00928,129,,,,,,,,
,,,,,27890,397.76752,146,,,,,,,,
,,,,,28000,,,-114.36467742919922,-1.7399094104766846,31.3648624420166,111.1239013671875,111.22129821777344,0.0003,0.0003,0.1
,,,,,28023,329.66238,133,,,,,,,,
,,,,,28164,403.5259,141,,,,,,,,
,,,,,28301,380.52777,137,,,,,,,,
,,,,,28427,290.12946,126,,,,,,,,
,,,,,28550,288.13156,123,,,,,,,,
,,,,,28685,380.65332,135,,,,,,,,
,,,,,28821,370.91577,136,,,,,,,,
,,,,,28952,348.86835,131,,,,,,,,
,,,,,29000,,,-119.04387664794922,-2.002058267593384,18.438018798828125,115.69941711425781,116.16921997070312,0.0003,0.0003,0.1
,,,,,29081,331.75967,129,,,,,,,,
,,,,,29204,313.00604,123,,,,,,,,
,,,,,29339,341.0043,135,,,,,,,,
,,,,,29483,406.61795,144,,,,,,,,
,,,,,29611,310.78146,128,,,,,,,,
,,,,,29735,320.41895,124,,,,,,,,
,,,,,29870,327.90448,135,,,,,,,,
,,,,,29994,293.6843,124,,,,,,,,
327.87625,23.353148,375.5631,292.44067,130.5,30000,,,-124.08061218261719,-1.6661843061447144,5.146876335144043,122.2480239868164,122.2809829711914,0.0003,0.0003,0.1
,,,,,30114,296.43698,120,,,,,,,,
,,,,,30241,310.2776,127,,,,,,,,
,,,,,30363,276.13196,122,,,,,,,,
,,,,,30483,300.39755,120,,,,,,,,
,,,,,30617,374.5708,134,,,,,,,,
,,,,,30742,285.02,125,,,,,,,,
,,,,,30876,297.93115,134,,,,,,,,
,,,,,30998,318.73248,122,,,,,,,,
,,,,,31000,,,-131.3856658935547,-1.3617281913757324,8.443517684936523,127.92181396484375,128.21148681640625,0.0003,0.0003,0.1
,,,,,31120,298.7912,122,,,,,,,,
,,,,,31240,296.8723,120,,,,,,,,
,,,,,31366,291.00128,126,,,,,,,,
,,,,,31478,280.07077,112,,,,,,,,
,,,,,31610,296.59525,132,,,,,,,,
,,,,,31733,285.5345,123,,,,,,,,
,,,,,31870,376.55038,137,,,,,,,,
,,,,,31989,275.274,119,,,,,,,,
,,,,,32000,,,-128.83462524414062,-1.60396409034729,10.911977767944336,125.36088562011719,125.18081665039062,0.0003,0.0003,0.1
,,,,,32113,311.43607,124,,,,,,,,
,,,,,32134,30.838968,21,,,,,,,,
,,,,,32272,373.95245,138,,,,,,,,
,,,,,32415,403.37054,143,,,,,,,,
,,,,,32536,329.0107,121,,,,,,,,
,,,,,32547,10.25268,11,,,,,,,,
,,,,,32558,10.189162,11,,,,,,,,
,,,,,32694,375.2423,136,,,,,,,,
,,,,,32823,373.33322,129,,,,,,,,
,,,,,32949,333.4241,126,,,,,,,,
,,,,,33000,,,-137.09213256835938,-1.2685880661010742,5.668129920959473,132.82533264160156,133.1396942138672,0.0003,0.0003,0.1
,,,,,33081,354.00525,132,,,,,,,,
,,,,,33234,376.98193,153,,,,,,,,
,,,,,33386,356.53406,152,,,,,,,,
,,,,,33513,361.55533,127,,,,,,,,
,,,,,33637,336.94995,124,,,,,,,,
,,,,,33677,35.947987,40,,,,,,,,
,,,,,33818,406.51923,141,,,,,,,,
,,,,,33858,36.82435,40,,,,,,,,
,,,,,34000,,,-139.5234375,-1.5214123725891113,11.506038665771484,136.81704711914062,137.31719970703125,0.0003,0.0003,0.1
,,,,,34013,398.98175,155,,,,,,,,
,,,,,34049,30.192553,36,,,,,,,,
,,,,,34087,32.47557,38,,,,,,,,
,,,,,34256,420.03433,169,,,,,,,,
,,,,,34321,77.466034,65,,,,,,,,
,,,,,34452,373.14835,131,,,,,,,,
,,,,,34599,416.82123,147,,,,,,,,
,,,,,34739,393.13348,140,,,,,,,,
,,,,,34903,335.28268,164,,,,,,,,
395.39954,37.186806,455.72015,336.05,162.3,35000,,,-139.79046630859375,-1.4907934665679932,7.625463485717773,136.20669555664062,135.7730255126953,0.0003,0.0003,0.1
,,,,,35049,429.55917,146,,,,,,,,
,,,,,35204,426.31198,155,,,,,,,,
,,,,,35371,368.97357,167,,,,,,,,
,,,,,35529,433.10638,158,,,,,,,,
,,,,,35700,486.20135,171,,,,,,,,
,,,,,35852,378.1142,152,,,,,,,,
,,,,,36000,,,-145.50375366210938,-1.4016458988189697,4.416393280029297,142.10409545898438,141.97364807128906,0.0003,0.0003,0.1
,,,,,36011,398.51755,159,,,,,,,,
,,,,,36167,429.4424,156,,,,,,,,
,,,,,36328,429.90732,161,,,,,,,,
,,,,,36479,416.23672,151,,,,,,,,
,,,,,36618,394.71573,139,,,,,,,,
,,,,,36786,476.11417,168,,,,,,,,
,,,,,36925,402.89426,139,,,,,,,,
,,,,,37000,,,-147.8363037109375,-1.5427441596984863,7.402719497680664,145.83013916015625,146.10903930664062,0.0003,0.0003,0.1
,,,,,37067,413.7714,142,,,,,,,,
,,,,,37231,459.19135,164,,,,,,,,
,,,,,37395,397.5783,164,,,,,,,,
,,,,,37529,319.66196,134,,,,,,,,
,,,,,37709,525.8694,180,,,,,,,,
,,,,,37859,439.9194,150,,,,,,,,
,,,,,38000,,,-151.91433715820312,-1.3245762586593628,9.656692504882812,148.75131225585938,148.50579833984375,0.0003,0.0003,0.1
,,,,,38006,415.8482,147,,,,,,,,
,,,,,38162,412.84427,156,,,,,,,,
,,,,,38325,470.01807,163,,,,,,,,
,,,,,38460,387.8662,135,,,,,,,,
,,,,,38611,424.58777,151,,,,,,,,
,,,,,38765,447.95096,154,,,,,,,,
,,,,,38898,382.9973,133,,,,,,,,
,,,,,39000,,,-151.09646606445312,-1.4084246158599854,5.365538120269775,148.40408325195312,148.7987060546875,0.0003,0.0003,0.1
,,,,,39033,389.93475,135,,,,,,,,
,,,,,39173,394.6565,140,,,,,,,,
,,,,,39322,427.65527,149,,,,,,,,
,,,,,39462,405.63815,140,,,,,,,,
,,,,,39598,395.45944,136,,,,,,,,
,,,,,39736,400.15707,138,,,,,,,,
,,,,,39871,387.38773,135,,,,,,,,
378.83038,13.04006,398.57483,361.62558,131.7,40000,,,-150.62998962402344,-1.7155742645263672,53.98428726196289,145.92852783203125,146.41195678710938,0.0003,0.0003,0.1
,,,,,40019,419.4989,148,,,,,,,,
,,,,,40149,371.2655,130,,,,,,,,
,,,,,40278,371.81738,129,,,,,,,,
,,,,,40415,396.93796,137,,,,,,,,
,,,,,40548,380.11813,133,,,,,,,,
,,,,,40697,452.80008,149,,,,,,,,
,,,,,40838,408.6087,141,,,,,,,,
,,,,,40969,378.3746,131,,,,,,,,
,,,,,41000,,,-154.3411865234375,-1.3526055812835693,9.343978881835938,151.1409149169922,151.29440307617188,0.0003,0.0003,0.1
,,,,,41105,394.8591,136,,,,,,,,
,,,,,41238,385.49658,133,,,,,,,,
,,,,,41381,425.5831,143,,,,,,,,
,,,,,41520,404.37485,139,,,,,,,,
,,,,,41653,383.0473,133,,,,,,,,
,,,,,41784,374.83527,131,,,,,,,,
,,,,,41923,403.92612,139,,,,,,,,
,,,,,42000,,,-150.79144287109375,-1.717301368713379,7.1541900634765625,148.94529724121094,149.04498291015625,0.0003,0.0003,0.1
,,,,,42060,401.3996,137,,,,,,,,
,,,,,42192,381.36057,132,,,,,,,,
,,,,,42328,397.24866,136,,,,,,,,
,,,,,42461,382.06616,133,,,,,,,,
,,,,,42590,369.70367,129,,,,,,,,
,,,,,42725,387.74637,135,,,,,,,,
,,,,,42861,392.64206,136,,,,,,,,
,,,,,42995,388.17776,134,,,,,,,,
,,,,,43000,,,-159.55282592773438,-1.3287749290466309,5.867684364318848,157.77061462402344,158.15870666503906,0.0003,0.0003,0.1
,,,,,43132,392.21805,137,,,,,,,,
,,,,,43268,391.16916,136,,,,,,,,
,,,,,43409,409.55225,141,,,,,,,,
,,,,,43558,442.96133,149,,,,,,,,
,,,,,43704,430.15384,146,,,,,,,,
,,,,,43851,439.93402,147,,,,,,,,
,,,,,43998,427.55737,147,,,,,,,,
,,,,,44000,,,-162.9017333984375,-1.662430763244629,5.736889362335205,160.37786865234375,160.17149353027344,0.0003,0.0003,0.1
,,,,,44161,522.2828,163,,,,,,,,
,,,,,44339,570.35004,178,,,,,,,,
,,,,,44517,566.1518,178,,,,,,,,
,,,,,44695,571.32184,178,,,,,,,,
,,,,,44851,481.02444,156,,,,,,,,
,,,,,44990,386.1861,139,,,,,,,,
543.4974,77.08539,604.6702,363.93213,174.5,45000,,,-156.2212371826172,-1.9162423610687256,3.4332189559936523,153.28382873535156,153.43711853027344,0.0003,0.0003,0.1
,,,,,45156,512.8042,166,,,,,,,,
,,,,,45336,572.92395,180,,,,,,,,
,,,,,45526,601.81494,190,,,,,,,,
,,,,,45688,503.77676,162,,,,,,,,
,,,,,45883,621.1382,195,,,,,,,,
,,,,,46000,,,-161.03407287597656,-1.3328479528427124,4.4026198387146,158.35894775390625,158.12332153320312,0.0003,0.0003,0.1
,,,,,46031,426.63773,148,,,,,,,,
,,,,,46197,503.20892,166,,,,,,,,
,,,,,46378,580.35547,181,,,,,,,,
,,,,,46552,538.58435,174,,,,,,,,
,,,,,46741,614.8372,189,,,,,,,,
,,,,,46889,412.22787,148,,,,,,,,
,,,,,47000,,,-162.36920166015625,-1.4589509963989258,3.836948871612549,159.95030212402344,160.13296508789062,0.0003,0.0003,0.1
,,,,,47055,510.24316,166,,,,,,,,
,,,,,47222,522.03296,167,,,,,,,,
,,,,,47368,422.22137,146,,,,,,,,
,,,,,47533,517.29254,165,,,,,,,,
,,,,,47701,522.8546,168,,,,,,,,
,,,,,47857,469.81665,156,,,,,,,,
,,,,,48000,,,-162.99111938476562,-1.5532739162445068,12.799043655395508,160.61553955078125,160.7117919921875,0.0003,0.0003,0.1
,,,,,48067,689.60785,210,,,,,,,,
,,,,,48255,609.1706,188,,,,,,,,
,,,,,48383,339.41336,128,,,,,,,,
,,,,,48526,402.18002,143,,,,,,,,
,,,,,48643,269.4602,117,,,,,,,,
,,,,,48813,518.8912,170,,,,,,,,
,,,,,48930,272.9793,117,,,,,,,,
,,,,,49000,,,-157.15692138671875,-2.020671844482422,9.907672882080078,154.92202758789062,154.5812225341797,0.0003,0.0003,0.1
,,,,,49061,318.81854,131,,,,,,,,
,,,,,49193,347.98645,132,,,,,,,,
,,,,,49326,346.50964,133,,,,,,,,
,,,,,49519,600.55945,193,,,,,,,,
,,,,,49722,684.3618,203,,,,,,,,
,,,,,49924,634.49396,202,,,,,,,,
495.7479,186.7333,736.9295,187.53885,172.5,50000,,,-161.998046875,-1.5533548593521118,7.166635990142822,157.47915649414062,157.631591796875,0.0003,0.0003,0.1
,,,,,50122,524.5571,198,,,,,,,,
,,,,,50282,434.10385,160,,,,,,,,
,,,,,50414,332.8778,132,,,,,,,,
,,,,,50540,293.77737,126,,,,,,,,
,,,,,50671,299.34216,131,,,,,,,,
,,,,,50861,580.23346,190,,,,,,,,
,,,,,51000,,,-168.29869079589844,-1.6690478324890137,2.7568891048431396,166.99557495117188,167.2310791015625,0.0003,0.0003,0.1
,,,,,51072,660.1255,211,,,,,,,,
,,,,,51249,533.59406,177,,,,,,,,
,,,,,51369,288.5491,120,,,,,,,,
,,,,,51573,618.7605,204,,,,,,,,
,,,,,51765,610.20447,192,,,,,,,,
,,,,,51986,676.4621,221,,,,,,,,
,,,,,52000,,,-164.382080078125,-1.7629036903381348,6.826879978179932,161.70040893554688,161.67398071289062,0.0003,0.0003,0.1
,,,,,52153,508.72546,167,,,,,,,,
,,,,,52173,28.112713,20,,,,,,,,
,,,,,52190,22.593472,17,,,,,,,,
,,,,,52210,28.826675,20,,,,,,,,
,,,,,52397,604.52167,187,,,,,,,,
,,,,,52415,23.928783,18,,,,,,,,
,,,,,52588,535.14636,173,,,,,,,,
,,,,,52760,535.1627,172,,,,,,,,
,,,,,52884,356.09573,124,,,,,,,,
,,,,,53000,,,-163.90138244628906,-1.6368107795715332,5.851594924926758,161.2359619140625,161.38865661621094,0.0003,0.0003,0.1
,,,,,53082,626.7723,198,,,,,,,,
,,,,,53288,629.6859,206,,,,,,,,
,,,,,53408,290.53983,120,,,,,,,,
,,,,,53576,545.06805,168,,,,,,,,
,,,,,53760,595.28894,184,,,,,,,,
,,,,,53964,644.2819,204,,,,,,,,
,,,,,54000,,,-169.43701171875,-1.6782690286636353,6.468475341796875,164.21331787109375,164.37930297851562,0.0003,0.0003,0.1
,,,,,54141,563.91907,177,,,,,,,,
,,,,,54314,560.61597,173,,,,,,,,
,,,,,54496,601.67224,182,,,,,,,,
,,,,,54673,594.84924,177,,,,,,,,
,,,,,54842,556.6941,169,,,,,,,,
,,,,,54979,393.0079,137,,,,,,,,
533.7277,121.35174,650.3701,292.4436,172.7,55000,,,-165.14422607421875,-1.987077236175537,9.568769454956055,161.7454833984375,161.6394805908203,0.0003,0.0003,0.1
,,,,,55144,506.6562,165,,,,,,,,
,,,,,55337,627.07764,193,,,,,,,,
,,,,,55512,542.7107,175,,,,,,,,
,,,,,55654,373.81042,142,,,,,,,,
,,,,,55861,666.23096,207,,,,,,,,
,,,,,56000,,,-165.88970947265625,-1.8653736114501953,7.8377685546875,162.59161376953125,162.6986846923828,0.0003,0.0003,0.1
,,,,,56036,518.2943,175,,,,,,,,
,,,,,56240,596.00696,204,,,,,,,,
,,,,,56443,633.06366,203,,,,,,,,
,,,,,56643,603.84265,200,,,,,,,,
,,,,,56739,218.33621,96,,,,,,,,
,,,,,56926,578.22534,187,,,,,,,,
,,,,,57000,,,-169.0414276123047,-1.7117228507995605,9.046316146850586,167.1314239501953,166.83926391601562,0.0003,0.0003,0.1
,,,,,57083,465.44098,157,,,,,,,,
,,,,,57263,537.1325,180,,,,,,,,
,,,,,57304,70.95989,41,,,,,,,,
,,,,,57482,529.66724,178,,,,,,,,
,,,,,57657,512.6811,175,,,,,,,,
,,,,,57807,390.15634,150,,,,,,,,
,,,,,57883,155.15974,76,,,,,,,,
,,,,,58000,,,-174.24215698242188,-1.6292372941970825,11.751213073730469,171.24798583984375,171.259521484375,0.0003,0.0003,0.1
,,,,,58070,534.7709,187,,,,,,,,
,,,,,58280,616.63965,210,,,,,,,,
,,,,,58445,458.8205,165,,,,,,,,
,,,,,58634,554.20087,189,,,,,,,,
,,,,,58822,559.7632,188,,,,,,,,
,,,,,59000,,,-175.07769775390625,-1.2782504558563232,21.756624221801758,172.5513916015625,172.1378173828125,0.0003,0.0003,0.1
,,,,,59004,525.33044,182,,,,,,,,
,,,,,59204,588.6626,200,,,,,,,,
,,,,,59392,553.806,188,,,,,,,,
,,,,,59587,554.8649,195,,,,,,,,
,,,,,59776,537.74493,189,,,,,,,,
,,,,,59977,604.13556,201,,,,,,,,
532.63586,107.0477,678.9533,257.89508,188.7,60000,,,-163.5990447998047,-1.7298109531402588,6.622666358947754,161.88232421875,162.09555053710938,0.0003,0.0003,0.1
,,,,,60147,478.71994,170,,,,,,,,
,,,,,60360,621.43866,213,,,,,,,,
,,,,,60526,462.83197,166,,,,,,,,
,,,,,60717,569.4867,191,,,,,,,,
,,,,,60907,542.8924,190,,,,,,,,
,,,,,61000,,,-169.95834350585938,-1.6117136478424072,9.7665376663208,168.5214080810547,168.49630737304688,0.0003,0.0003,0.1
,,,,,61096,565.64056,189,,,,,,,,
,,,,,61292,581.5353,196,,,,,,,,
,,,,,61480,580.4063,188,,,,,,,,
,,,,,61669,565.52045,189,,,,,,,,
,,,,,61783,233.00232,114,,,,,,,,
,,,,,61950,476.7618,167,,,,,,,,
,,,,,61959,8.5656395,9,,,,,,,,
,,,,,62000,,,-168.14166259765625,-1.6478041410446167,12.99303913116455,164.25729370117188,164.45291137695312,0.0003,0.0003,0.1
,,,,,62131,433.2235,172,,,,,,,,
,,,,,62299,469.4464,168,,,,,,,,
,,,,,62456,413.3234,157,,,,,,,,
,,,,,62492,55.4382,36,,,,,,,,
,,,,,62678,537.2705,186,,,,,,,,
,,,,,62840,433.6307,162,,,,,,,,
,,,,,63000,,,-172.6483154296875,-1.9860477447509766,10.166324615478516,167.7224578857422,167.5167236328125,0.0003,0.0003,0.1
,,,,,63005,428.81656,165,,,,,,,,
,,,,,63161,390.14368,156,,,,,,,,
,,,,,63334,504.28946,173,,,,,,,,
,,,,,63499,457.01865,165,,,,,,,,
,,,,,63671,502.87665,172,,,,,,,,
,,,,,63850,590.4436,179,,,,,,,,
,,,,,64000,,,-175.88804626464844,-1.9590553045272827,8.443065643310547,173.772705078125,173.6307373046875,0.0003,0.0003,0.1
,,,,,64033,620.62103,183,,,,,,,,
,,,,,64178,419.51956,145,,,,,,,,
,,,,,64331,473.0049,153,,,,,,,,
,,,,,64489,487.00092,158,,,,,,,,
,,,,,64665,592.61993,176,,,,,,,,
,,,,,64702,61.008873,37,,,,,,,,
,,,,,64760,111.678925,58,,,,,,,,
,,,,,64925,542.3712,165,,,,,,,,
404.54303,133.85365,536.77795,52.60549,141.1,65000,,,-177.25265502929688,-1.8780739307403564,7.897892951965332,175.33070373535156,174.71466064453125,0.0003,0.0003,0.1
,,,,,65099,543.3336,174,,,,,,,,
,,,,,65129,46.7098,30,,,,,,,,
,,,,,65315,547.7652,186,,,,,,,,
,,,,,65508,598.8161,193,,,,,,,,
,,,,,65676,513.23254,168,,,,,,,,
,,,,,65846,470.22733,170,,,,,,,,
,,,,,66000,,,-171.02755737304688,-1.989054560661316,13.159097671508789,168.44078063964844,168.50286865234375,0.0003,0.0003,0.1
,,,,,66044,651.271,198,,,,,,,,
,,,,,66208,498.1746,164,,,,,,,,
,,,,,66395,597.2852,187,,,,,,,,
,,,,,66585,641.8572,190,,,,,,,,
,,,,,66795,673.37665,210,,,,,,,,
,,,,,66860,129.31386,65,,,,,,,,
,,,,,67000,,,-170.76109313964844,-1.8562893867492676,6.106348991394043,168.32302856445312,167.94735717773438,0.0003,0.0003,0.1
,,,,,67070,694.2915,210,,,,,,,,
,,,,,67281,697.27,211,,,,,,,,
,,,,,67472,614.97186,191,,,,,,,,
,,,,,67665,625.7122,193,,,,,,,,
,,,,,67691,31.97173,26,,,,,,,,
,,,,,67864,588.99945,173,,,,,,,,
,,,,,68000,,,-172.61117553710938,-2.0944788455963135,182.47247314453125,169.72314453125,168.61294555664062,0.0003,0.0003,0.1
,,,,,68052,635.0231,188,,,,,,,,
,,,,,68242,621.43835,190,,,,,,,,
,,,,,68303,121.82468,61,,,,,,,,
,,,,,68490,551.8393,187,,,,,,,,
,,,,,68552,125.11592,62,,,,,,,,
,,,,,68740,623.1784,188,,,,,,,,
,,,,,68885,365.85397,145,,,,,,,,
,,,,,69000,,,-175.71072387695312,-2.0073742866516113,8.576961517333984,172.6000213623047,172.0926055908203,0.0003,0.0003,0.1
,,,,,69095,687.84705,210,,,,,,,,
,,,,,69288,641.9742,193,,,,,,,,
,,,,,69340,84.434784,52,,,,,,,,
,,,,,69532,654.378,192,,,,,,,,
,,,,,69722,561.0408,190,,,,,,,,
,,,,,69772,79.45247,50,,,,,,,,
,,,,,69952,520.2224,180,,,,,,,,
657.7975,23.482334,695.3045,614.9408,199.1,70000,,,-180.1568145751953,-2.177213191986084,75.91432189941406,178.2827606201172,179.19216918945312,0.0003,0.0003,0.1
,,,,,70152,641.1799,200,,,,,,,,
,,,,,70346,637.82495,194,,,,,,,,
,,,,,70539,658.8157,193,,,,,,,,
,,,,,70734,661.60364,195,,,,,,,,
,,,,,70931,667.0951,197,,,,,,,,
,,,,,71000,,,-180.47824096679688,-1.9830796718597412,17.025146484375,176.52651977539062,176.31851196289062,0.0003,0.0003,0.1
,,,,,71136,691.2965,205,,,,,,,,
,,,,,71329,617.2546,193,,,,,,,,
,,,,,71526,662.3212,197,,,,,,,,
,,,,,71744,671.67957,218,,,,,,,,
,,,,,71931,642.06067,187,,,,,,,,
,,,,,72000,,,-180.75,-2.0126852989196777,7.330776214599609,177.9609375,178.30393981933594,0.0003,0.0003,0.1
,,,,,72123,653.1348,192,,,,,,,,
,,,,,72325,682.0928,202,,,,,,,,
,,,,,72528,697.9067,203,,,,,,,,
,,,,,72706,586.29144,178,,,,,,,,
,,,,,72920,632.1487,214,,,,,,,,
,,,,,73000,,,-177.78768920898438,-2.298253059387207,7.694067478179932,176.07742309570312,176.1711883544922,0.0003,0.0003,0.1
,,,,,73126,667.99,206,,,,,,,,
,,,,,73330,697.4967,204,,,,,,,,
,,,,,73545,695.46643,215,,,,,,,,
,,,,,73742,674.10205,197,,,,,,,,
,,,,,73946,702.5455,204,,,,,,,,
,,,,,74000,,,-181.97769165039062,-2.015268325805664,6.4503679275512695,179.6181640625,179.9053497314453,0.0003,0.0003,0.1
,,,,,74130,610.3093,184,,,,,,,,
,,,,,74317,644.66455,187,,,,,,,,
,,,,,74497,597.8587,180,,,,,,,,
,,,,,74690,645.7237,193,,,,,,,,
,,,,,74869,591.3178,179,,,,,,,,
580.151,10.454207,597.291,555.25714,179.2,75000,,,-189.85255432128906,-2.060673236846924,14.213706970214844,187.60427856445312,187.9389190673828,0.0003,0.0003,0.1
,,,,,75048,587.0781,179,,,,,,,,
,,,,,75216,546.2707,168,,,,,,,,
,,,,,75396,588.1608,180,,,,,,,,
,,,,,75575,583.6335,179,,,,,,,,
,,,,,75783,693.5552,208,,,,,,,,
,,,,,75976,640.74316,193,,,,,,,,
,,,,,76000,,,-179.7353515625,-2.4424667358398438,9.688210487365723,175.09323120117188,175.29568481445312,0.0003,0.0003,0.1
,,,,,76170,656.3084,194,,,,,,,,
,,,,,76374,702.8947,204,,,,,,,,
,,,,,76577,685.0933,203,,,,,,,,
,,,,,76762,637.0133,185,,,,,,,,
,,,,,76970,710.83514,208,,,,,,,,
,,,,,77000,,,-193.63430786132812,-2.0782713890075684,9.73725700378418,191.2723388671875,191.000732421875,0.0003,0.0003,0.1
,,,,,77178,699.20435,208,,,,,,,,
,,,,,77388,728.4265,210,,,,,,,,
,,,,,77583,672.05804,195,,,,,,,,
,,,,,77788,701.61554,205,,,,,,,,
,,,,,77943,479.51752,155,,,,,,,,
,,,,,78000,,,-184.45028686523438,-1.9471445083618164,7.523275852203369,182.7594451904297,182.8018798828125,0.0003,0.0003,0.1
,,,,,78145,701.4484,202,,,,,,,,
,,,,,78353,710.37256,208,,,,,,,,
,,,,,78548,635.6909,195,,,,,,,,
,,,,,78750,702.5625,202,,,,,,,,
,,,,,78894,410.2056,144,,,,,,,,
,,,,,79000,,,-187.53709411621094,-2.3386456966400146,7.407787322998047,184.44326782226562,184.12005615234375,0.0003,0.0003,0.1
,,,,,79097,688.42706,203,,,,,,,,
,,,,,79254,476.15207,157,,,,,,,,
,,,,,79445,652.7882,191,,,,,,,,
,,,,,79644,685.5631,199,,,,,,,,
,,,,,79853,709.4192,209,,,,,,,,
570.75574,98.01896,698.5657,435.34036,178.7,80000,,,-188.68443298339844,-2.286590099334717,6.50447940826416,186.64793395996094,186.35430908203125,0.0003,0.0003,0.1
,,,,,80069,719.8183,216,,,,,,,,
,,,,,80276,698.32184,207,,,,,,,,
,,,,,80439,506.50262,163,,,,,,,,
,,,,,80636,641.9796,197,,,,,,,,
,,,,,80843,694.02234,207,,,,,,,,
,,,,,81000,,,-190.01480102539062,-2.200802803039551,8.228708267211914,186.7763214111328,186.97653198242188,0.0003,0.0003,0.1
,,,,,81023,600.207,180,,,,,,,,
,,,,,81212,605.0776,189,,,,,,,,
,,,,,81422,688.4166,210,,,,,,,,
,,,,,81634,722.8543,212,,,,,,,,
,,,,,81840,670.8727,206,,,,,,,,
,,,,,82000,,,-192.76759338378906,-2.006591796875,28.940574645996094,189.58934020996094,189.3008575439453,0.0003,0.0003,0.1
,,,,,82021,571.20135,181,,,,,,,,
,,,,,82231,712.84204,210,,,,,,,,
,,,,,82444,691.42664,213,,,,,,,,
,,,,,82641,681.57684,197,,,,,,,,
,,,,,82837,644.02405,196,,,,,,,,
,,,,,83000,,,-191.5548095703125,-2.319000720977783,10.090311050415039,190.13031005859375,189.9627685546875,0.0003,0.0003,0.1
,,,,,83048,684.42126,211,,,,,,,,
,,,,,83263,703.35077,215,,,,,,,,
,,,,,83490,714.42554,227,,,,,,,,
,,,,,83727,779.90265,237,,,,,,,,
,,,,,83931,676.29034,204,,,,,,,,
,,,,,84000,,,-194.15972900390625,-1.956886887550354,9.355052947998047,192.52813720703125,192.96131896972656,0.0003,0.0003,0.1
,,,,,84146,694.4551,215,,,,,,,,
,,,,,84361,643.2846,215,,,,,,,,
,,,,,84573,698.55115,212,,,,,,,,
,,,,,84797,682.5947,224,,,,,,,,
704.9762,32.414356,752.82733,630.6619,219.5,85000,,,-183.3286895751953,-2.3818039894104004,10.167898178100586,181.23251342773438,180.700927734375,0.0003,0.0003,0.1
,,,,,85023,743.9381,226,,,,,,,,
,,,,,85282,823.89404,259,,,,,,,,
,,,,,85500,677.5139,218,,,,,,,,
,,,,,85737,747.5928,237,,,,,,,,
,,,,,85961,723.58606,224,,,,,,,,
,,,,,86000,,,-196.29046630859375,-2.322883367538452,5.801423072814941,194.12551879882812,193.939208984375,0.0003,0.0003,0.1
,,,,,86187,695.77136,226,,,,,,,,
,,,,,86420,724.7899,233,,,,,,,,
,,,,,86429,8.744749,9,,,,,,,,
,,,,,86649,692.0547,220,,,,,,,,
,,,,,86869,687.24335,220,,,,,,,,
,,,,,87000,,,-191.8541259765625,-1.8449440002441406,10.590739250183105,189.8868408203125,189.66494750976562,0.0003,0.0003,0.1
,,,,,87096,692.13,227,,,,,,,,
,,,,,87317,670.74506,221,,,,,,,,
,,,,,87525,673.38306,208,,,,,,,,
,,,,,87731,614.1532,206,,,,,,,,
,,,,,87952,710.524,221,,,,,,,,
,,,,,88000,,,-191.06582641601562,-2.2474751472473145,9.711128234863281,188.91162109375,189.00616455078125,0.0003,0.0003,0.1
,,,,,88171,699.5054,219,,,,,,,,
,,,,,88385,667.7741,214,,,,,,,,
,,,,,88600,638.68915,215,,,,,,,,
,,,,,88816,685.62885,216,,,,,,,,
,,,,,89000,,,-195.87550354003906,-2.4281134605407715,5.0388503074646,192.13833618164062,192.18179321289062,0.0003,0.0003,0.1
,,,,,89034,692.65674,218,,,,,,,,
,,,,,89253,690.9038,219,,,,,,,,
,,,,,89461,697.4369,208,,,,,,,,
,,,,,89679,704.86206,218,,,,,,,,
,,,,,89892,697.9876,213,,,,,,,,
684.44196,16.964088,702.0605,648.23193,215.8,90000,,,-194.9107666015625,-2.0446009635925293,8.902515411376953,193.6752471923828,193.82028198242188,0.0003,0.0003,0.1
,,,,,90095,632.12555,203,,,,,,,,
,,,,,90323,725.6093,228,,,,,,,,
,,,,,90544,672.4307,221,,,,,,,,
,,,,,90761,660.73645,217,,,,,,,,
,,,,,90981,691.10297,220,,,,,,,,
,,,,,91000,,,-193.91204833984375,-2.397862672805786,6.737839698791504,190.89321899414062,191.215576171875,0.0003,0.0003,0.1
,,,,,91208,741.6838,227,,,,,,,,
,,,,,91403,660.3406,195,,,,,,,,
,,,,,91625,690.9117,222,,,,,,,,
,,,,,91841,651.9071,216,,,,,,,,
,,,,,92000,,,-198.7540740966797,-2.258500099182129,14.445243835449219,194.91648864746094,194.268310546875,0.0003,0.0003,0.1
,,,,,92067,725.2463,226,,,,,,,,
,,,,,92282,692.62274,215,,,,,,,,
,,,,,92494,714.24634,212,,,,,,,,
,,,,,92715,702.30054,221,,,,,,,,
,,,,,92928,708.4324,213,,,,,,,,
,,,,,93000,,,-196.16717529296875,-2.2371625900268555,8.583904266357422,194.36456298828125,194.04525756835938,0.0003,0.0003,0.1
,,,,,93159,741.8949,231,,,,,,,,
,,,,,93379,696.01447,220,,,,,,,,
,,,,,93604,692.8085,225,,,,,,,,
,,,,,93817,642.8864,213,,,,,,,,
,,,,,94000,,,-202.40487670898438,-2.3842763900756836,5.786504745483398,200.00929260253906,199.83917236328125,0.0003,0.0003,0.1
,,,,,94033,728.3067,216,,,,,,,,
,,,,,94257,740.93915,224,,,,,,,,
,,,,,94467,698.14386,210,,,,,,,,
,,,,,94656,581.48956,189,,,,,,,,
,,,,,94866,701.17303,210,,,,,,,,
707.20575,46.04437,741.8369,578.7261,213.4,95000,,,-195.7906951904297,-2.3844423294067383,10.91124153137207,194.06817626953125,193.8480224609375,0.0003,0.0003,0.1
,,,,,95081,726.98706,215,,,,,,,,
,,,,,95305,703.84717,224,,,,,,,,
,,,,,95517,707.4394,212,,,,,,,,
,,,,,95740,749.0844,223,,,,,,,,
,,,,,95962,720.59106,222,,,,,,,,
,,,,,96000,,,-199.40139770507812,-2.12591814994812,12.032352447509766,197.46556091308594,197.29736328125,0.0003,0.0003,0.1
,,,,,96161,701.2747,199,,,,,,,,
,,,,,96385,732.57544,224,,,,,,,,
,,,,,96608,740.28815,223,,,,,,,,
,,,,,96826,706.7819,218,,,,,,,,
,,,,,97000,,,-200.29095458984375,-1.723693609237671,8.514703750610352,198.13682556152344,198.38986206054688,0.0003,0.0003,0.1
,,,,,97031,699.91125,205,,,,,,,,
,,,,,97255,737.1939,224,,,,,,,,
,,,,,97462,695.3313,207,,,,,,,,
,,,,,97640,619.80774,178,,,,,,,,
,,,,,97840,679.12317,200,,,,,,,,
,,,,,98000,,,-201.9270477294922,-2.0802817344665527,7.79184627532959,199.39920043945312,199.34622192382812,0.0003,0.0003,0.1
,,,,,98035,674.6558,195,,,,,,,,
,,,,,98233,676.98224,198,,,,,,,,
,,,,,98449,715.3236,216,,,,,,,,
,,,,,98662,731.2471,213,,,,,,,,
,,,,,98865,689.44,203,,,,,,,,
,,,,,99000,,,-197.14779663085938,-2.398146629333496,22.239168167114258,193.68344116210938,194.1788330078125,0.0003,0.0003,0.1
,,,,,99088,716.91205,223,,,,,,,,
,,,,,99319,731.99994,231,,,,,,,,
,,,,,99540,704.586,221,,,,,,,,
,,,,,99742,680.0976,202,,,,,,,,
,,,,,99948,713.0221,206,,,,,,,,
619.56726,194.00656,718.9169,48.727432,184.7,100000,,,-199.6776580810547,-2.351278305053711,6.731170177459717,198.5735626220703,198.12452697753906,0.0003,0.0003,0.1
,,,,,100128,621.0202,180,,,,,,,,
,,,,,100320,668.8271,192,,,,,,,,
,,,,,100535,721.10815,215,,,,,,,,
,,,,,100730,600.17236,195,,,,,,,,
,,,,,100919,598.75226,189,,,,,,,,
,,,,,101000,,,-203.85406494140625,-2.074127197265625,93.95652770996094,199.97496032714844,199.88430786132812,0.0003,0.0003,0.1
,,,,,101143,739.79785,224,,,,,,,,
,,,,,101426,938.42084,283,,,,,,,,
,,,,,101628,690.7254,202,,,,,,,,
,,,,,101832,688.31537,204,,,,,,,,
,,,,,102000,,,-205.47369384765625,-2.469027519226074,9.327217102050781,204.5249786376953,205.27053833007812,0.0003,0.0003,0.1
,,,,,102028,608.2587,196,,,,,,,,
,,,,,102258,735.6071,230,,,,,,,,
,,,,,102491,743.901,233,,,,,,,,
,,,,,102708,732.8632,217,,,,,,,,
,,,,,102932,704.0646,224,,,,,,,,
,,,,,103000,,,-208.13922119140625,-2.0180563926696777,11.07832145690918,205.81158447265625,205.77362060546875,0.0003,0.0003,0.1
,,,,,103182,808.74115,250,,,,,,,,
,,,,,103415,731.0876,233,,,,,,,,
,,,,,103652,735.7371,237,,,,,,,,
,,,,,103879,700.8186,227,,,,,,,,
,,,,,104000,,,-203.31863403320312,-2.0055224895477295,7.868001937866211,201.07272338867188,201.67434692382812,0.0003,0.0003,0.1
,,,,,104104,708.54736,225,,,,,,,,
,,,,,104346,781.0807,242,,,,,,,,
,,,,,104569,696.4447,223,,,,,,,,
,,,,,104777,681.82227,208,,,,,,,,
,,,,,104989,677.6725,212,,,,,,,,
713.7919,54.43222,804.10736,611.7883,215.0,105000,,,-201.47169494628906,-1.9964083433151245,8.363399505615234,200.17469787597656,200.06649780273438,0.0003,0.0003,0.1
,,,,,105204,716.8721,215,,,,,,,,
,,,,,105429,732.5804,225,,,,,,,,
,,,,,105658,725.3356,229,,,,,,,,
,,,,,105949,939.7638,291,,,,,,,,
,,,,,106000,,,-204.7574462890625,-2.2297379970550537,10.831608772277832,202.20004272460938,202.49822998046875,0.0003,0.0003,0.1
,,,,,106148,675.2678,199,,,,,,,,
,,,,,106364,674.4846,216,,,,,,,,
,,,,,106427,117.0507,63,,,,,,,,
,,,,,106452,41.895016,25,,,,,,,,
,,,,,106733,914.6841,281,,,,,,,,
,,,,,106948,720.1752,215,,,,,,,,
,,,,,107000,,,-198.7452850341797,-2.2654385566711426,8.778521537780762,196.86697387695312,197.61605834960938,0.0003,0.0003,0.1
,,,,,107200,818.65826,252,,,,,,,,
,,,,,107386,542.4819,186,,,,,,,,
,,,,,107616,716.3373,230,,,,,,,,
,,,,,107841,714.25604,225,,,,,,,,
,,,,,108000,,,-206.55880737304688,-1.92582368850708,6.114335060119629,204.55758666992188,205.17767333984375,0.0003,0.0003,0.1
,,,,,108052,708.467,211,,,,,,,,
,,,,,108269,714.99524,217,,,,,,,,
,,,,,108474,696.7455,205,,,,,,,,
,,,,,108686,679.83624,212,,,,,,,,
,,,,,108907,730.97394,221,,,,,,,,
,,,,,109000,,,-208.49142456054688,-2.2710421085357666,15.04560661315918,206.4603271484375,206.41796875,0.0003,0.0003,0.1
,,,,,109116,689.146,209,,,,,,,,
,,,,,109311,664.61163,195,,,,,,,,
,,,,,109502,657.22754,191,,,,,,,,
,,,,,109703,653.9665,201,,,,,,,,
,,,,,109918,704.56146,215,,,,,,,,
850.78485,95.67898,988.41895,718.46204,259.1,110000,,,-209.39817810058594,-2.0652217864990234,147.8702392578125,207.9569091796875,207.5810546875,0.0003,0.0003,0.1
,,,,,110235,1014.9788,317,,,,,,,,
,,,,,110429,655.8931,194,,,,,,,,
,,,,,110736,996.65533,307,,,,,,,,
,,,,,110943,688.9516,207,,,,,,,,
,,,,,111000,,,-205.463623046875,-1.981595516204834,12.352029800415039,203.45518493652344,203.09625244140625,0.0003,0.0003,0.1
,,,,,111176,755.3572,233,,,,,,,,
,,,,,111419,794.7862,243,,,,,,,,
,,,,,111644,690.4103,225,,,,,,,,
,,,,,111866,678.7751,222,,,,,,,,
,,,,,112000,,,-213.01022338867188,-2.0388922691345215,14.680009841918945,210.23446655273438,211.2178497314453,0.0003,0.0003,0.1
,,,,,112082,725.3757,216,,,,,,,,
,,,,,112299,689.93085,217,,,,,,,,
,,,,,112503,696.8342,204,,,,,,,,
,,,,,112726,723.24945,223,,,,,,,,
,,,,,112936,702.1618,210,,,,,,,,
,,,,,113000,,,-205.4390411376953,-2.079630136489868,18.680831909179688,202.80841064453125,203.134765625,0.0003,0.0003,0.1
,,,,,113144,707.0051,208,,,,,,,,
,,,,,113454,1012.0046,310,,,,,,,,
,,,,,113666,709.67645,212,,,,,,,,
,,,,,113939,884.38696,273,,,,,,,,
,,,,,114000,,,-201.87728881835938,-1.9667606353759766,12.497945785522461,199.1190185546875,198.81292724609375,0.0003,0.0003,0.1
,,,,,114234,1000.1528,295,,,,,,,,
,,,,,114445,713.25244,211,,,,,,,,
,,,,,114655,669.0773,210,,,,,,,,
667.5901,56.82915,801.9422,566.01654,196.0,115000,,,-206.20147705078125,-2.3038787841796875,5.720842361450195,204.38844299316406,204.57846069335938,0.0003,0.0003,0.1
,,,,,115019,1147.3466,364,,,,,,,,
,,,,,115309,938.83234,290,,,,,,,,
,,,,,115640,1010.613,331,,,,,,,,
,,,,,115915,891.4803,275,,,,,,,,
,,,,,116000,,,-209.1328125,-1.9442371129989624,8.305908203125,207.12130737304688,206.55706787109375,0.0003,0.0003,0.1
,,,,,116187,856.08215,272,,,,,,,,
,,,,,116356,464.3677,169,,,,,,,,
,,,,,116641,935.954,285,,,,,,,,
,,,,,116885,784.2679,244,,,,,,,,
,,,,,117000,,,-201.64784240722656,-1.7002100944519043,6.145638942718506,200.47731018066406,200.97303771972656,0.0003,0.0003,0.1
,,,,,117140,799.99915,255,,,,,,,,
,,,,,117360,726.1,220,,,,,,,,
,,,,,117581,716.8332,221,,,,,,,,
,,,,,117828,785.82086,247,,,,,,,,
,,,,,118000,,,-207.26632690429688,-1.8975504636764526,6.949730396270752,205.10723876953125,204.99822998046875,0.0003,0.0003,0.1
,,,,,118052,734.66876,224,,,,,,,,
,,,,,118282,742.4624,230,,,,,,,,
,,,,,118513,736.8881,231,,,,,,,,
,,,,,118759,835.947,246,,,,,,,,
,,,,,118794,54.957985,35,,,,,,,,
,,,,,119000,,,-207.68185424804688,-2.145353317260742,11.16187858581543,204.7591552734375,204.75469970703125,0.0003,0.0003,0.1
,,,,,119048,884.9465,254,,,,,,,,
,,,,,119252,696.9384,204,,,,,,,,
,,,,,119490,804.0397,238,,,,,,,,
,,,,,119715,715.83685,225,,,,,,,,
,,,,,119937,738.5317,222,,,,,,,,
667.6339,209.94696,816.08026,51.91202,201.3,120000,,,-210.3547821044922,-2.131035089492798,5.221393585205078,208.52621459960938,208.9052734375,0.0003,0.0003,0.1
,,,,,120155,723.9718,218,,,,,,,,
,,,,,120382,742.8619,227,,,,,,,,
,,,,,120598,673.3465,216,,,,,,,,
,,,,,120817,737.81683,219,,,,,,,,
,,,,,121000,,,-207.769287109375,-2.2954487800598145,8.950054168701172,205.59710693359375,205.74183654785156,0.0003,0.0003,0.1
,,,,,121035,729.9032,218,,,,,,,,
,,,,,121266,731.58,231,,,,,,,,
,,,,,121517,767.59875,251,,,,,,,,
,,,,,121743,764.3416,226,,,,,,,,
,,,,,121996,755.5319,253,,,,,,,,
,,,,,122000,,,-203.30047607421875,-2.1605968475341797,14.31052017211914,201.47877502441406,201.47332763671875,0.0003,0.0003,0.1
,,,,,122195,691.41907,199,,,,,,,,
,,,,,122436,748.2062,241,,,,,,,,
,,,,,122670,719.9653,234,,,,,,,,
,,,,,122924,811.8293,254,,,,,,,,
,,,,,123000,,,-210.5849609375,-1.7921417951583862,4.831953525543213,209.9459228515625,209.84095764160156,0.0003,0.0003,0.1
,,,,,123138,722.2556,214,,,,,,,,
,,,,,123376,768.37915,238,,,,,,,,
,,,,,123603,735.14685,227,,,,,,,,
,,,,,123839,771.24445,236,,,,,,,,
,,,,,124000,,,-211.567626953125,-1.8313026428222656,10.537018775939941,209.17111206054688,208.77011108398438,0.0003,0.0003,0.1
,,,,,124053,692.35455,214,,,,,,,,
,,,,,124278,746.364,225,,,,,,,,
,,,,,124514,745.6053,236,,,,,,,,
,,,,,124715,663.90015,201,,,,,,,,
,,,,,124741,29.491488,26,,,,,,,,
,,,,,124976,781.5436,235,,,,,,,,
633.52515,210.13983,826.4215,33.395977,195.5,125000,,,-211.09573364257812,-2.149991512298584,9.21306037902832,209.58334350585938,209.66302490234375,0.0003,0.0003,0.1
,,,,,125197,738.5967,221,,,,,,,,
,,,,,125437,755.7219,240,,,,,,,,
,,,,,125653,694.4743,216,,,,,,,,
,,,,,125876,727.7662,223,,,,,,,,
,,,,,126000,,,-213.38946533203125,-1.9867240190505981,8.477757453918457,210.98190307617188,211.23468017578125,0.0003,0.0003,0.1
,,,,,126138,818.8654,262,,,,,,,,
,,,,,126368,731.09937,230,,,,,,,,
,,,,,126554,554.10443,186,,,,,,,,
,,,,,126772,708.4781,218,,,,,,,,
,,,,,126983,664.3662,211,,,,,,,,
,,,,,127000,,,-211.56463623046875,-2.073248863220215,4.542214393615723,209.3079833984375,209.54934692382812,0.0003,0.0003,0.1
,,,,,127202,721.00757,219,,,,,,,,
,,,,,127408,676.32855,206,,,,,,,,
,,,,,127608,681.8106,200,,,,,,,,
,,,,,127807,588.2742,199,,,,,,,,
,,,,,128000,,,-204.0675506591797,-2.4392547607421875,6.560020923614502,201.97872924804688,202.2429656982422,0.0003,0.0003,0.1
,,,,,128057,835.00793,250,,,,,,,,
,,,,,128284,746.62897,227,,,,,,,,
,,,,,128503,726.5489,219,,,,,,,,
,,,,,128735,783.9349,232,,,,,,,,
,,,,,128938,650.2405,203,,,,,,,,
,,,,,129000,,,-214.06674194335938,-2.095470428466797,4.993328094482422,213.1396026611328,212.7860107421875,0.0003,0.0003,0.1
,,,,,129186,841.29486,248,,,,,,,,
,,,,,129377,561.0236,191,,,,,,,,
,,,,,129617,757.5779,240,,,,,,,,
,,,,,129863,775.996,246,,,,,,,,
795.62195,48.207767,867.3573,702.5789,245.7,130000,,,-207.2793731689453,-2.3281562328338623,8.529231071472168,206.08816528320312,206.8699188232422,0.0003,0.0003,0.1
,,,,,130093,768.6753,230,,,,,,,,
,,,,,130353,848.6179,260,,,,,,,,
,,,,,130600,853.0365,247,,,,,,,,
,,,,,130848,851.5944,248,,,,,,,,
,,,,,131000,,,-201.9468536376953,-2.338085889816284,11.762438774108887,199.97183227539062,200.74227905273438,0.0003,0.0003,0.1
,,,,,131105,911.4498,257,,,,,,,,
,,,,,131314,710.66583,209,,,,,,,,
,,,,,131583,860.9074,269,,,,,,,,
,,,,,131902,974.4147,319,,,,,,,,
,,,,,132000,,,-212.16909790039062,-2.0778884887695312,11.485069274902344,210.27032470703125,210.312255859375,0.0003,0.0003,0.1
,,,,,132132,772.0195,230,,,,,,,,
,,,,,132367,760.5165,235,,,,,,,,
,,,,,132616,795.9534,249,,,,,,,,
,,,,,132881,927.5501,265,,,,,,,,
,,,,,133000,,,-202.2032470703125,-2.0968518257141113,8.392166137695312,201.20143127441406,201.00942993164062,0.0003,0.0003,0.1
,,,,,133196,1021.6769,315,,,,,,,,
,,,,,133439,819.8606,243,,,,,,,,
,,,,,133656,690.54266,217,,,,,,,,
,,,,,133872,705.59467,216,,,,,,,,
,,,,,134000,,,-212.49766540527344,-2.0708422660827637,19.086746215820312,210.35458374023438,210.31771850585938,0.0003,0.0003,0.1
,,,,,134166,994.5752,294,,,,,,,,
,,,,,134564,1336.4468,398,,,,,,,,
,,,,,134802,799.54987,238,,,,,,,,
715.4488,70.41771,873.6573,609.8823,211.9,135000,,,-208.33029174804688,-2.0847811698913574,18.308658599853516,205.44461059570312,206.01307678222656,0.0003,0.0003,0.1
,,,,,135024,727.7649,222,,,,,,,,
,,,,,135226,650.4793,202,,,,,,,,
,,,,,135426,653.5951,200,,,,,,,,
,,,,,135676,841.68567,250,,,,,,,,
,,,,,136000,,,-211.0732421875,-1.8767318725585938,15.482769012451172,209.23379516601562,210.08456420898438,0.0003,0.0003,0.1
,,,,,136002,1155.8406,326,,,,,,,,
,,,,,136207,675.32,205,,,,,,,,
,,,,,136428,710.16425,221,,,,,,,,
,,,,,136703,924.65375,275,,,,,,,,
,,,,,137000,,,-205.3451385498047,-1.8712968826293945,9.817368507385254,202.35345458984375,202.1579132080078,0.0003,0.0003,0.1
,,,,,137044,1157.3761,341,,,,,,,,
,,,,,137414,1261.9944,370,,,,,,,,
,,,,,137629,706.3752,215,,,,,,,,
,,,,,138000,,,-218.3099365234375,-1.485586404800415,13.412566184997559,217.15499877929688,217.09036254882812,0.0003,0.0003,0.1
,,,,,138079,1503.1053,450,,,,,,,,
,,,,,138373,990.4715,294,,,,,,,,
,,,,,138670,968.22345,297,,,,,,,,
,,,,,139000,,,-209.07882690429688,-2.032769203186035,12.660524368286133,206.93016052246094,207.09945678710938,0.0003,0.0003,0.1
,,,,,139002,1142.1223,332,,,,,,,,
,,,,,139231,779.4703,229,,,,,,,,
,,,,,139448,729.48376,217,,,,,,,,
,,,,,139665,715.1161,217,,,,,,,,
,,,,,139961,988.6718,296,,,,,,,,
734.1598,58.688786,820.48303,615.9558,222.5,140000,,,-209.16427612304688,-1.9800078868865967,7.969491958618164,206.8341522216797,207.17869567871094,0.0003,0.0003,0.1
,,,,,140195,753.41113,234,,,,,,,,
,,,,,140411,717.5872,216,,,,,,,,
,,,,,140609,656.3429,198,,,,,,,,
,,,,,140881,927.9167,272,,,,,,,,
,,,,,141000,,,-214.1231689453125,-1.9653186798095703,10.184527397155762,211.77706909179688,211.57525634765625,0.0003,0.0003,0.1
,,,,,141077,617.1349,196,,,,,,,,
,,,,,141371,1005.6154,294,,,,,,,,
,,,,,141591,721.66516,220,,,,,,,,
,,,,,141795,639.1126,204,,,,,,,,
,,,,,142000,,,-213.4530792236328,-2.0012083053588867,5.614387512207031,211.0691375732422,211.3762664794922,0.0003,0.0003,0.1
,,,,,142002,697.2691,207,,,,,,,,
,,,,,142209,671.86957,207,,,,,,,,
,,,,,142498,969.5133,289,,,,,,,,
,,,,,142770,919.01044,272,,,,,,,,
,,,,,142999,752.0254,229,,,,,,,,
,,,,,143000,,,-216.0975799560547,-1.6208069324493408,6.770888328552246,214.98045349121094,214.97605895996094,0.0003,0.0003,0.1
,,,,,143275,812.1984,276,,,,,,,,
,,,,,143489,703.40796,214,,,,,,,,
,,,,,143706,684.86566,217,,,,,,,,
,,,,,143761,96.68029,55,,,,,,,,
,,,,,143978,712.72485,217,,,,,,,,
,,,,,144000,,,-215.56671142578125,-1.8147411346435547,6.385896682739258,213.7792510986328,214.25555419921875,0.0003,0.0003,0.1
,,,,,144255,977.63434,277,,,,,,,,
,,,,,144482,735.61505,227,,,,,,,,
,,,,,144922,1424.6118,440,,,,,,,,
935.265,215.01028,1391.5876,669.0795,274.6,145000,,,-210.3548583984375,-2.3319754600524902,8.944673538208008,207.56533813476562,207.141845703125,0.0003,0.0003,0.1
,,,,,145150,747.8009,228,,,,,,,,
,,,,,145400,775.89514,250,,,,,,,,
,,,,,145628,758.8432,228,,,,,,,,
,,,,,145842,680.60406,214,,,,,,,,
,,,,,146000,,,-207.99008178710938,-1.643560528755188,9.112785339355469,206.34423828125,206.7425537109375,0.0003,0.0003,0.1
,,,,,146086,795.9417,244,,,,,,,,
,,,,,146300,704.13617,214,,,,,,,,
,,,,,146513,716.5861,213,,,,,,,,
,,,,,146724,706.66766,211,,,,,,,,
,,,,,147000,,,-209.10635375976562,-2.1109447479248047,40.04658889770508,206.70486450195312,206.546142578125,0.0003,0.0003,0.1
,,,,,147010,1002.1417,286,,,,,,,,
,,,,,147221,704.99915,211,,,,,,,,
,,,,,147440,701.6494,219,,,,,,,,
,,,,,147966,1767.1038,526,,,,,,,,
,,,,,148000,,,-213.778564453125,-1.8616434335708618,5.718738555908203,212.22515869140625,212.011962890625,0.0003,0.0003,0.1
,,,,,148186,724.5982,220,,,,,,,,
,,,,,148404,723.9138,218,,,,,,,,
,,,,,148669,885.99945,265,,,,,,,,
,,,,,148993,1130.249,324,,,,,,,,
,,,,,149000,,,-211.94387817382812,-2.1840908527374268,23.828453063964844,210.02561950683594,209.5214080810547,0.0003,0.0003,0.1
,,,,,149204,709.4208,211,,,,,,,,
,,,,,149420,703.2321,216,,,,,,,,
,,,,,149675,914.5027,255,,,,,,,,
,,,,,149907,791.3575,232,,,,,,,,
803.57227,100.00768,977.80615,661.3466,238.6,150000,,,-214.90878295898438,-1.96815824508667,6.305717468261719,211.0015106201172,211.33802795410156,0.0003,0.0003,0.1
,,,,,150126,740.78613,219,,,,,,,,
,,,,,150359,802.11005,233,,,,,,,,
,,,,,150600,818.7127,241,,,,,,,,
,,,,,150807,694.63654,207,,,,,,,,
,,,,,151000,,,-213.1650390625,-1.8970493078231812,6.230031967163086,211.14505004882812,210.90231323242188,0.0003,0.0003,0.1
,,,,,151053,847.6109,246,,,,,,,,
,,,,,151322,906.63605,269,,,,,,,,
,,,,,151542,730.9995,220,,,,,,,,
,,,,,151802,913.0894,260,,,,,,,,
,,,,,152000,,,-216.27938842773438,-1.8200814723968506,5.211711883544922,215.40484619140625,215.02218627929688,0.0003,0.0003,0.1
,,,,,152004,633.04596,202,,,,,,,,
,,,,,152206,644.4307,202,,,,,,,,
,,,,,152471,924.97644,265,,,,,,,,
,,,,,152693,728.34125,222,,,,,,,,
,,,,,152919,751.0984,226,,,,,,,,
,,,,,153000,,,-215.06336975097656,-1.7485482692718506,9.06855583190918,213.5294189453125,213.3210906982422,0.0003,0.0003,0.1
,,,,,153124,645.58966,205,,,,,,,,
,,,,,153326,653.37366,202,,,,,,,,
,,,,,153538,672.48456,212,,,,,,,,
,,,,,153732,616.4563,194,,,,,,,,
,,,,,153936,645.4611,204,,,,,,,,
,,,,,154000,,,-217.4337921142578,-1.7376221418380737,4.815130233764648,216.3748321533203,216.59597778320312,0.0003,0.0003,0.1
,,,,,154145,672.076,209,,,,,,,,
,,,,,154350,649.17834,205,,,,,,,,
,,,,,154558,664.39075,208,,,,,,,,
,,,,,154779,722.0315,221,,,,,,,,
681.0465,60.152016,783.51324,554.052,212.2,155000,,,-210.38551330566406,-1.6350865364074707,32.21951675415039,207.07579040527344,206.86807250976562,0.0003,0.0003,0.1
,,,,,155007,759.1478,228,,,,,,,,
,,,,,155212,655.00684,205,,,,,,,,
,,,,,155423,668.72363,211,,,,,,,,
,,,,,155624,641.9061,201,,,,,,,,
,,,,,155871,830.3469,247,,,,,,,,
,,,,,156000,,,-214.82778930664062,-1.8611242771148682,12.059897422790527,213.66531372070312,213.49859619140625,0.0003,0.0003,0.1
,,,,,156082,682.0948,211,,,,,,,,
,,,,,156286,653.1505,204,,,,,,,,
,,,,,156502,688.3881,216,,,,,,,,
,,,,,156673,514.923,171,,,,,,,,
,,,,,156876,657.3693,203,,,,,,,,
,,,,,156913,55.849094,37,,,,,,,,
,,,,,157000,,,-208.9444580078125,-1.7333886623382568,4.182713031768799,206.99969482421875,206.89901733398438,0.0003,0.0003,0.1
,,,,,157112,634.13416,199,,,,,,,,
,,,,,157327,689.8295,215,,,,,,,,
,,,,,157365,55.70655,38,,,,,,,,
,,,,,157549,587.71405,184,,,,,,,,
,,,,,157789,820.61707,240,,,,,,,,
,,,,,157998,667.31244,209,,,,,,,,
,,,,,158000,,,-212.8123779296875,-1.704425573348999,5.504441738128662,210.8660888671875,211.06619262695312,0.0003,0.0003,0.1
,,,,,158202,661.3351,204,,,,,,,,
,,,,,158411,672.57916,209,,,,,,,,
,,,,,158624,675.22955,213,,,,,,,,
,,,,,158859,778.0063,235,,,,,,,,
,,,,,159000,,,-216.05514526367188,-1.6484532356262207,11.096303939819336,214.38693237304688,215.44534301757812,0.0003,0.0003,0.1
,,,,,159087,751.33386,228,,,,,,,,
,,,,,159309,720.99036,222,,,,,,,,
,,,,,159549,820.1601,240,,,,,,,,
,,,,,159580,45.26137,31,,,,,,,,
,,,,,159772,634.87317,192,,,,,,,,
,,,,,159782,9.994793,10,,,,,,,,
,,,,,159793,11.97022,11,,,,,,,,
,,,,,159848,99.780205,55,,,,,,,,
742.79456,59.984623,826.22473,669.5914,225.1,160000,,,-214.7882537841797,-1.8219293355941772,6.562044620513916,212.90347290039062,213.0406494140625,0.0003,0.0003,0.1
,,,,,160039,638.222,191,,,,,,,,
,,,,,160253,691.3845,214,,,,,,,,
,,,,,160497,821.5163,244,,,,,,,,
,,,,,160507,9.937899,10,,,,,,,,
,,,,,160789,969.1213,282,,,,,,,,
,,,,,161000,,,-213.44296264648438,-1.718714952468872,10.776357650756836,211.99240112304688,212.46778869628906,0.0003,0.0003,0.1
,,,,,161031,825.077,242,,,,,,,,
,,,,,161040,8.66152,9,,,,,,,,
,,,,,161049,8.662078,9,,,,,,,,
,,,,,161304,876.7844,255,,,,,,,,
,,,,,161550,842.36316,246,,,,,,,,
,,,,,161747,631.43494,197,,,,,,,,
,,,,,161960,692.8175,213,,,,,,,,
,,,,,162000,,,-210.08908081054688,-1.845601201057434,7.729844093322754,206.61178588867188,206.7857208251953,0.0003,0.0003,0.1
,,,,,162317,1198.6505,357,,,,,,,,
,,,,,162535,712.33923,218,,,,,,,,
,,,,,162850,1043.2837,315,,,,,,,,
,,,,,163000,,,-212.53201293945312,-1.7607522010803223,4.95828914642334,210.85980224609375,211.00469970703125,0.0003,0.0003,0.1
,,,,,163100,850.147,250,,,,,,,,
,,,,,163300,623.2712,200,,,,,,,,
,,,,,163542,819.46844,242,,,,,,,,
,,,,,163741,638.40704,199,,,,,,,,
,,,,,164000,,,-210.33035278320312,-1.8909331560134888,5.889507293701172,208.21205139160156,208.36651611328125,0.0003,0.0003,0.1
,,,,,164028,960.85767,287,,,,,,,,
,,,,,164264,797.73596,236,,,,,,,,
,,,,,164516,864.84607,252,,,,,,,,
,,,,,164728,682.4204,212,,,,,,,,
,,,,,164935,672.1328,207,,,,,,,,
727.25104,94.43892,989.0671,647.95654,222.5,165000,,,-204.99685668945312,-2.1428651809692383,8.088201522827148,203.3587646484375,203.64013671875,0.0003,0.0003,0.1
,,,,,165130,634.24335,195,,,,,,,,
,,,,,165158,38.490456,28,,,,,,,,
,,,,,165373,695.8554,215,,,,,,,,
,,,,,165577,665.5521,204,,,,,,,,
,,,,,165792,696.1596,215,,,,,,,,
,,,,,166000,,,-204.00926208496094,-2.144254446029663,7.720536708831787,202.28607177734375,202.29815673828125,0.0003,0.0003,0.1
,,,,,166002,693.0803,210,,,,,,,,
,,,,,166201,645.4162,199,,,,,,,,
,,,,,166412,689.1545,211,,,,,,,,
,,,,,166607,631.193,195,,,,,,,,
,,,,,166850,848.393,243,,,,,,,,
,,,,,167000,,,-213.39999389648438,-1.6693122386932373,3.9636311531066895,212.9628448486328,212.96139526367188,0.0003,0.0003,0.1
,,,,,167045,646.4495,195,,,,,,,,
,,,,,167246,669.97644,201,,,,,,,,
,,,,,167457,667.2696,211,,,,,,,,
,,,,,167658,656.9347,201,,,,,,,,
,,,,,167862,665.34296,204,,,,,,,,
,,,,,168000,,,-219.21975708007812,-1.6582542657852173,6.077505111694336,217.24966430664062,217.681640625,0.0003,0.0003,0.1
,,,,,168150,968.45746,288,,,,,,,,
,,,,,168374,740.2036,224,,,,,,,,
,,,,,168617,862.114,243,,,,,,,,
,,,,,168884,915.40717,267,,,,,,,,
,,,,,169000,,,-212.31349182128906,-2.088268280029297,16.979293823242188,211.01235961914062,211.17796325683594,0.0003,0.0003,0.1
,,,,,169094,677.2339,210,,,,,,,,
,,,,,169311,680.15125,217,,,,,,,,
,,,,,169511,655.2996,200,,,,,,,,
,,,,,169730,740.6401,219,,,,,,,,
,,,,,169914,531.6976,184,,,,,,,,
,,,,,169941,32.0289,27,,,,,,,,
761.8669,83.02741,877.2152,637.73474,223.5,170000,,,-213.55868530273438,-1.5482373237609863,8.873781204223633,211.0771484375,210.9629669189453,0.0003,0.0003,0.1
,,,,,170132,638.55475,191,,,,,,,,
,,,,,170348,715.4288,216,,,,,,,,
,,,,,170607,883.0168,259,,,,,,,,
,,,,,170798,557.459,191,,,,,,,,
,,,,,171000,,,-217.5679473876953,-1.3336281776428223,8.380799293518066,215.61773681640625,215.775634765625,0.0003,0.0003,0.1
,,,,,171023,762.0055,225,,,,,,,,
,,,,,171229,678.2415,206,,,,,,,,
,,,,,171524,990.9747,295,,,,,,,,
,,,,,171740,742.1907,216,,,,,,,,
,,,,,171938,657.5379,198,,,,,,,,
,,,,,172000,,,-208.3436279296875,-1.8410784006118774,16.722946166992188,205.98941040039062,205.4603729248047,0.0003,0.0003,0.1
,,,,,172171,804.38245,233,,,,,,,,
,,,,,172389,726.65204,218,,,,,,,,
,,,,,172667,968.9736,278,,,,,,,,
,,,,,172879,668.3917,212,,,,,,,,
,,,,,173000,,,-212.98231506347656,-1.8209879398345947,29.636402130126953,211.74339294433594,211.75311279296875,0.0003,0.0003,0.1
,,,,,173079,661.7033,200,,,,,,,,
,,,,,173308,783.3216,229,,,,,,,,
,,,,,173550,832.5698,242,,,,,,,,
,,,,,173790,857.3241,240,,,,,,,,
,,,,,174000,,,-207.99114990234375,-1.9301517009735107,4.605124473571777,206.96299743652344,206.85293579101562,0.0003,0.0003,0.1
,,,,,174033,855.6334,243,,,,,,,,
,,,,,174276,842.04724,243,,,,,,,,
,,,,,174480,657.5795,204,,,,,,,,
,,,,,174673,629.98865,193,,,,,,,,
,,,,,174882,663.15125,209,,,,,,,,
699.5866,86.1943,897.79553,617.1791,209.3,175000,,,-216.50469970703125,-1.5777504444122314,6.6417951583862305,214.63436889648438,214.6345977783203,0.0003,0.0003,0.1
,,,,,175112,793.82135,230,,,,,,,,
,,,,,175311,657.8712,199,,,,,,,,
,,,,,175525,696.7522,214,,,,,,,,
,,,,,175728,659.7401,203,,,,,,,,
,,,,,175977,888.54987,249,,,,,,,,
,,,,,176000,,,-212.61827087402344,-1.8899624347686768,6.721866607666016,209.71484375,209.89581298828125,0.0003,0.0003,0.1
,,,,,176146,519.32526,169,,,,,,,,
,,,,,176404,908.188,258,,,,,,,,
,,,,,176607,665.2277,203,,,,,,,,
,,,,,176837,797.3604,230,,,,,,,,
,,,,,177000,,,-218.88113403320312,-1.7612450122833252,24.582447052001953,215.75027465820312,215.88247680664062,0.0003,0.0003,0.1
,,,,,177117,957.4204,280,,,,,,,,
,,,,,177307,632.2596,190,,,,,,,,
,,,,,177505,648.05865,198,,,,,,,,
,,,,,177735,667.9693,230,,,,,,,,
,,,,,177949,703.8816,214,,,,,,,,
,,,,,178000,,,-208.29901123046875,-1.6642824411392212,50.04436111450195,205.88853454589844,205.1697998046875,0.0003,0.0003,0.1
,,,,,178242,995.233,293,,,,,,,,
,,,,,178454,706.52686,212,,,,,,,,
,,,,,178626,568.78,172,,,,,,,,
,,,,,178810,619.1805,184,,,,,,,,
,,,,,179000,,,-216.953125,-2.1276893615722656,10.875316619873047,214.9879150390625,214.98573303222656,0.0003,0.0003,0.1
,,,,,179010,656.62854,200,,,,,,,,
,,,,,179299,984.88324,289,,,,,,,,
,,,,,179541,856.1136,242,,,,,,,,
,,,,,179732,629.5572,191,,,,,,,,
,,,,,179964,811.3591,232,,,,,,,,
833.9382,139.02162,1175.39,666.3279,239.8,180000,,,-210.90225219726562,-1.8647208213806152,6.80698299407959,209.9311981201172,209.48440551757812,0.0003,0.0003,0.1
,,,,,180237,948.0391,273,,,,,,,,
,,,,,180467,789.41833,230,,,,,,,,
,,,,,180666,653.8283,199,,,,,,,,
,,,,,180884,731.4277,218,,,,,,,,
,,,,,181000,,,-211.34747314453125,-1.7967190742492676,4.432318687438965,209.987548828125,209.885986328125,0.0003,0.0003,0.1
,,,,,181141,906.7464,257,,,,,,,,
,,,,,181417,911.4433,276,,,,,,,,
,,,,,181637,731.5779,220,,,,,,,,
,,,,,181845,685.35583,208,,,,,,,,
,,,,,182000,,,-211.69406127929688,-2.098726749420166,13.851164817810059,211.19219970703125,211.53370666503906,0.0003,0.0003,0.1
,,,,,182085,841.25336,240,,,,,,,,
,,,,,182320,831.9503,235,,,,,,,,
,,,,,182523,667.6785,203,,,,,,,,
,,,,,182762,859.8199,239,,,,,,,,
,,,,,182794,45.66843,32,,,,,,,,
,,,,,183000,,,-213.27590942382812,-1.696455478668213,7.389464855194092,211.61676025390625,212.29981994628906,0.0003,0.0003,0.1
,,,,,183003,692.8822,209,,,,,,,,
,,,,,183218,719.1489,215,,,,,,,,
,,,,,183467,871.19165,249,,,,,,,,
,,,,,183679,699.91986,212,,,,,,,,
,,,,,183876,656.371,197,,,,,,,,
,,,,,184000,,,-212.37564086914062,-1.5236191749572754,5.915163040161133,211.18751525878906,211.76461791992188,0.0003,0.0003,0.1
,,,,,184091,713.47577,215,,,,,,,,
,,,,,184350,931.32916,259,,,,,,,,
,,,,,184563,708.7487,213,,,,,,,,
,,,,,184824,933.25757,261,,,,,,,,
959.2131,166.76369,1221.3147,647.90063,278.5,185000,,,-218.52407836914062,-1.3862059116363525,8.071584701538086,216.81353759765625,216.62319946289062,0.0003,0.0003,0.1
,,,,,185131,1063.0275,307,,,,,,,,
,,,,,185359,801.9311,228,,,,,,,,
,,,,,185614,873.53394,255,,,,,,,,
,,,,,185818,674.4056,204,,,,,,,,
,,,,,186000,,,-216.91737365722656,-1.7197225093841553,3.0154762268066406,215.09310913085938,215.1119384765625,0.0003,0.0003,0.1
,,,,,186003,618.41754,185,,,,,,,,
,,,,,186202,654.64105,199,,,,,,,,
,,,,,186441,857.3632,239,,,,,,,,
,,,,,186654,699.69006,213,,,,,,,,
,,,,,186867,706.2086,213,,,,,,,,
,,,,,187000,,,-208.5209197998047,-1.2454181909561157,6.270393371582031,206.83511352539062,207.06915283203125,0.0003,0.0003,0.1
,,,,,187057,613.5122,190,,,,,,,,
,,,,,187279,752.613,222,,,,,,,,
,,,,,187495,714.32184,216,,,,,,,,
,,,,,187702,684.93915,207,,,,,,,,
,,,,,187897,646.27466,195,,,,,,,,
,,,,,188000,,,-207.78587341308594,-1.5718587636947632,3.948479652404785,206.81153869628906,207.23526000976562,0.0003,0.0003,0.1
,,,,,188168,951.34094,271,,,,,,,,
,,,,,188352,617.39435,184,,,,,,,,
,,,,,188552,665.3686,200,,,,,,,,
,,,,,188750,658.4932,198,,,,,,,,
,,,,,188759,6.230354,9,,,,,,,,
,,,,,189000,,,-221.39108276367188,-1.4491915702819824,7.693159103393555,219.1005096435547,219.1119384765625,0.0003,0.0003,0.1
,,,,,189013,899.0099,254,,,,,,,,
,,,,,189266,896.9093,253,,,,,,,,
,,,,,189520,906.1802,254,,,,,,,,
,,,,,189690,542.0577,170,,,,,,,,
,,,,,189976,966.3417,286,,,,,,,,
858.30597,103.45575,1086.034,703.8074,243.1,190000,,,-213.69740295410156,-1.5664864778518677,3.9912266731262207,211.91641235351562,211.8680419921875,0.0003,0.0003,0.1
,,,,,190169,630.46436,193,,,,,,,,
,,,,,190398,783.11395,229,,,,,,,,
,,,,,190610,726.96643,212,,,,,,,,
,,,,,190871,919.8632,261,,,,,,,,
,,,,,191000,,,-210.18511962890625,-1.847232460975647,237.11868286132812,209.97836303710938,209.56719970703125,0.0003,0.0003,0.1
,,,,,191163,1005.2823,292,,,,,,,,
,,,,,191451,989.1291,288,,,,,,,,
,,,,,191731,1001.4258,280,,,,,,,,
,,,,,191976,884.95764,245,,,,,,,,
,,,,,192000,,,-210.9755096435547,-1.8507587909698486,4.133687496185303,210.24728393554688,210.2127227783203,0.0003,0.0003,0.1
,,,,,192196,753.619,220,,,,,,,,
,,,,,192418,779.6182,222,,,,,,,,
,,,,,192640,782.9597,222,,,,,,,,
,,,,,192923,1006.3758,283,,,,,,,,
,,,,,193000,,,-214.061279296875,-1.8034496307373047,142.90269470214844,213.40834045410156,212.5145263671875,0.0003,0.0003,0.1
,,,,,193214,1029.5978,291,,,,,,,,
,,,,,193416,670.3893,202,,,,,,,,
,,,,,193640,776.98956,224,,,,,,,,
,,,,,193888,872.295,248,,,,,,,,
,,,,,194000,,,-211.05123901367188,-1.6227476596832275,4.102897644042969,209.1959686279297,209.16336059570312,0.0003,0.0003,0.1
,,,,,194164,975.9207,276,,,,,,,,
,,,,,194409,879.60187,245,,,,,,,,
,,,,,194651,858.8524,242,,,,,,,,
,,,,,194856,706.79205,205,,,,,,,,
833.12317,54.371735,915.58795,732.27374,236.6,195000,,,-211.5482635498047,-1.7516229152679443,9.972183227539062,209.87811279296875,209.55105590820312,0.0003,0.0003,0.1
,,,,,195102,863.14325,246,,,,,,,,
,,,,,195400,1059.675,298,,,,,,,,
,,,,,195677,944.42896,277,,,,,,,,
,,,,,196000,,,-216.16378784179688,-1.825230360031128,8.711195945739746,214.52328491210938,214.5851287841797,0.0003,0.0003,0.1
,,,,,196039,1291.8944,362,,,,,,,,
,,,,,196274,838.34015,235,,,,,,,,
,,,,,196480,694.6587,206,,,,,,,,
,,,,,196721,861.5773,241,,,,,,,,
,,,,,196985,923.11664,264,,,,,,,,
,,,,,197000,,,-216.07565307617188,-1.7116482257843018,6.529315948486328,214.1307373046875,214.27154541015625,0.0003,0.0003,0.1
,,,,,197194,719.98334,209,,,,,,,,
,,,,,197403,712.3323,209,,,,,,,,
,,,,,197678,972.7063,275,,,,,,,,
,,,,,197965,958.9883,287,,,,,,,,
,,,,,198000,,,-211.1160430908203,-1.9109634160995483,4.479177474975586,209.53619384765625,209.5941925048828,0.0003,0.0003,0.1
,,,,,198195,822.7028,230,,,,,,,,
,,,,,198448,878.85956,253,,,,,,,,
,,,,,198682,831.9046,234,,,,,,,,
,,,,,198951,937.7132,269,,,,,,,,
,,,,,199000,,,-216.81439208984375,-1.6279659271240234,4.6525373458862305,215.375,215.7465362548828,0.0003,0.0003,0.1
,,,,,199291,1075.1348,340,,,,,,,,
,,,,,199502,700.89465,211,,,,,,,,
,,,,,199751,881.7152,249,,,,,,,,
,,,,,199986,844.63416,235,,,,,,,,
820.4083,285.01022,1034.308,17.766432,235.7,200000,,,-209.39321899414062,-1.7304209470748901,9.276166915893555,208.27999877929688,207.81431579589844,0.0003,0.0003,0.1
,,,,,200272,1028.7979,286,,,,,,,,
,,,,,200290,22.888775,18,,,,,,,,
,,,,,200547,916.1697,257,,,,,,,,
,,,,,200810,910.2964,263,,,,,,,,
,,,,,201000,,,-216.5924072265625,-2.0657553672790527,34.38484191894531,213.2744598388672,212.72943115234375,0.0003,0.0003,0.1
,,,,,201088,992.6979,278,,,,,,,,
,,,,,201359,906.9754,271,,,,,,,,
,,,,,201687,1183.0853,328,,,,,,,,
,,,,,201964,953.0109,277,,,,,,,,
,,,,,202000,,,-222.62355041503906,-1.2659788131713867,3.596317768096924,221.75839233398438,221.83355712890625,0.0003,0.0003,0.1
,,,,,202234,928.5822,270,,,,,,,,
,,,,,202537,1067.2946,303,,,,,,,,
,,,,,202812,917.69354,275,,,,,,,,
,,,,,203000,,,-213.6813507080078,-1.7127503156661987,7.333619117736816,210.71670532226562,210.7643280029297,0.0003,0.0003,0.1
,,,,,203058,902.224,246,,,,,,,,
,,,,,203072,16.544321,14,,,,,,,,
,,,,,203307,789.628,235,,,,,,,,
,,,,,203573,942.56903,266,,,,,,,,
,,,,,203848,924.8674,275,,,,,,,,
,,,,,204000,,,-214.47628784179688,-1.253929853439331,11.43762493133545,213.17434692382812,212.7147216796875,0.0003,0.0003,0.1
,,,,,204129,978.3365,281,,,,,,,,
,,,,,204395,940.4901,266,,,,,,,,
,,,,,204623,818.272,228,,,,,,,,
,,,,,204828,705.62396,205,,,,,,,,
851.0833,107.966515,974.0438,690.4093,240.5,205000,,,-215.99684143066406,-1.9263272285461426,5.429031848907471,214.0128631591797,214.24288940429688,0.0003,0.0003,0.1
,,,,,205054,802.8629,226,,,,,,,,
,,,,,205288,848.3459,234,,,,,,,,
,,,,,205543,866.3584,255,,,,,,,,
,,,,,205773,822.18005,230,,,,,,,,
,,,,,206000,,,-216.85073852539062,-1.7772305011749268,4.871825218200684,216.25469970703125,216.1767578125,0.0003,0.0003,0.1
,,,,,206013,864.8368,240,,,,,,,,
,,,,,206276,942.22797,263,,,,,,,,
,,,,,206544,946.8097,268,,,,,,,,
,,,,,206772,717.7776,228,,,,,,,,
,,,,,207000,,,-211.11233520507812,-1.890154480934143,3.8201498985290527,209.25070190429688,209.12109375,0.0003,0.0003,0.1
,,,,,207020,894.10065,248,,,,,,,,
,,,,,207252,826.46924,232,,,,,,,,
,,,,,207584,1195.6704,332,,,,,,,,
,,,,,207854,964.98505,270,,,,,,,,
,,,,,208000,,,-216.60096740722656,-2.0395467281341553,35.281524658203125,215.48416137695312,215.12420654296875,0.0003,0.0003,0.1
,,,,,208097,887.90985,243,,,,,,,,
,,,,,208385,1038.9277,288,,,,,,,,
,,,,,208736,1143.2183,351,,,,,,,,
,,,,,209000,,,-219.10250854492188,-1.72959566116333,6.524094581604004,218.1214141845703,217.88711547851562,0.0003,0.0003,0.1
,,,,,209027,968.10583,291,,,,,,,,
,,,,,209230,681.61444,203,,,,,,,,
,,,,,209475,887.59015,245,,,,,,,,
,,,,,209689,752.88153,214,,,,,,,,
,,,,,209948,896.5844,259,,,,,,,,
902.5163,144.37717,1095.4264,706.0002,262.5,210000,,,-215.37368774414062,-1.820059061050415,7.414877891540527,214.48028564453125,213.79055786132812,0.0003,0.0003,0.1
,,,,,210255,1126.1318,307,,,,,,,,
,,,,,210518,890.01825,263,,,,,,,,
,,,,,210759,854.93286,241,,,,,,,,
,,,,,211000,,,-214.18043518066406,-1.8202853202819824,5.942714691162109,212.91685485839844,212.82305908203125,0.0003,0.0003,0.1
,,,,,211005,894.68585,246,,,,,,,,
,,,,,211250,861.9129,245,,,,,,,,
,,,,,211535,993.3789,285,,,,,,,,
,,,,,211741,665.19977,206,,,,,,,,
,,,,,212000,,,-223.12060546875,-2.1230902671813965,4.0914082527160645,222.33079528808594,222.54434204101562,0.0003,0.0003,0.1
,,,,,212042,1068.064,301,,,,,,,,
,,,,,212297,883.0676,255,,,,,,,,
,,,,,212523,785.5029,226,,,,,,,,
,,,,,212847,1164.6436,324,,,,,,,,
,,,,,213000,,,-219.808349609375,-1.8162256479263306,5.338254928588867,219.33624267578125,219.14361572265625,0.0003,0.0003,0.1
,,,,,213135,974.14777,288,,,,,,,,
,,,,,213390,886.93555,255,,,,,,,,
,,,,,213627,860.15247,237,,,,,,,,
,,,,,213860,748.1722,233,,,,,,,,
,,,,,214000,,,-217.80477905273438,-1.3770458698272705,2.958676815032959,216.94146728515625,217.23536682128906,0.0003,0.0003,0.1
,,,,,214134,933.0883,274,,,,,,,,
,,,,,214360,699.7785,226,,,,,,,,
,,,,,214636,971.0023,276,,,,,,,,
,,,,,214908,933.8599,272,,,,,,,,
988.1639,98.34526,1159.0851,861.42535,284.2,215000,,,-220.77798461914062,-1.8846979141235352,3.9974045753479004,218.57095336914062,218.53836059570312,0.0003,0.0003,0.1
,,,,,215162,863.6162,254,,,,,,,,
,,,,,215442,985.6698,280,,,,,,,,
,,,,,215749,1068.7548,307,,,,,,,,
,,,,,216000,,,-210.80007934570312,-1.8168306350708008,4.186368942260742,209.99658203125,210.14749145507812,0.0003,0.0003,0.1
,,,,,216059,1150.3724,310,,,,,,,,
,,,,,216285,811.9776,226,,,,,,,,
,,,,,216574,960.96326,289,,,,,,,,
,,,,,216818,869.801,244,,,,,,,,
,,,,,217000,,,-212.78387451171875,-2.074160575866699,11.93835163116455,211.673828125,211.9510498046875,0.0003,0.0003,0.1
,,,,,217073,879.7649,255,,,,,,,,
,,,,,217332,912.893,259,,,,,,,,
,,,,,217648,1179.6542,316,,,,,,,,
,,,,,217906,945.52185,258,,,,,,,,
,,,,,218000,,,-206.64602661132812,-1.7661998271942139,4.089022636413574,205.97113037109375,205.84860229492188,0.0003,0.0003,0.1
,,,,,218196,1005.9918,290,,,,,,,,
,,,,,218453,912.4502,257,,,,,,,,
,,,,,218512,114.80305,59,,,,,,,,
,,,,,218757,850.769,245,,,,,,,,
,,,,,219000,,,-214.571044921875,-1.7376348972320557,17.106487274169922,213.0660400390625,213.53375244140625,0.0003,0.0003,0.1
,,,,,219032,934.1945,275,,,,,,,,
,,,,,219304,912.1177,272,,,,,,,,
,,,,,219593,1004.39874,289,,,,,,,,
,,,,,219846,900.41595,253,,,,,,,,
965.26575,35.79756,1020.60956,902.702,279.9,220000,,,-215.21023559570312,-1.8136389255523682,8.059993743896484,214.18978881835938,213.62222290039062,0.0003,0.0003,0.1
,,,,,220093,916.0251,247,,,,,,,,
,,,,,220388,1040.7792,295,,,,,,,,
,,,,,220678,989.46643,290,,,,,,,,
,,,,,220932,880.3883,254,,,,,,,,
,,,,,221000,,,-215.56695556640625,-1.7965922355651855,6.084236145019531,214.87966918945312,214.59812927246094,0.0003,0.0003,0.1
,,,,,221232,1089.1135,300,,,,,,,,
,,,,,221531,1027.6122,299,,,,,,,,
,,,,,221824,1021.1851,293,,,,,,,,
,,,,,222000,,,-219.3392333984375,-1.59568190574646,4.686885833740234,218.6022491455078,218.07254028320312,0.0003,0.0003,0.1
,,,,,222111,989.2042,287,,,,,,,,
,,,,,222400,1049.3568,289,,,,,,,,
,,,,,222636,815.09,236,,,,,,,,
,,,,,222938,977.0319,302,,,,,,,,
,,,,,223000,,,-219.60125732421875,-1.8376374244689941,5.140580654144287,218.8665771484375,218.67880249023438,0.0003,0.0003,0.1
,,,,,223165,791.5952,227,,,,,,,,
,,,,,223437,859.40204,272,,,,,,,,
,,,,,223730,1059.8784,293,,,,,,,,
,,,,,224000,,,-215.0565185546875,-1.488773226737976,5.670568943023682,214.09242248535156,214.44317626953125,0.0003,0.0003,0.1
,,,,,224011,975.9487,281,,,,,,,,
,,,,,224292,892.608,281,,,,,,,,
,,,,,224581,945.77576,289,,,,,,,,
,,,,,224873,1001.2595,292,,,,,,,,
988.0834,48.09244,1052.5554,884.3286,282.2,225000,,,-224.44906616210938,-1.6509308815002441,4.274231910705566,223.326904296875,223.53367614746094,0.0003,0.0003,0.1
,,,,,225175,1025.2496,302,,,,,,,,
,,,,,225460,1024.2588,285,,,,,,,,
,,,,,225734,868.26044,274,,,,,,,,
,,,,,225988,898.8974,254,,,,,,,,
,,,,,226000,,,-213.1292266845703,-1.884966492652893,130.5360565185547,210.37591552734375,210.05551147460938,0.0003,0.0003,0.1
,,,,,226284,1071.1298,296,,,,,,,,
,,,,,226615,1205.8955,331,,,,,,,,
,,,,,226907,1026.0585,292,,,,,,,,
,,,,,227000,,,-220.64251708984375,-1.4238154888153076,7.318153381347656,218.73971557617188,218.74502563476562,0.0003,0.0003,0.1
,,,,,227209,1056.712,302,,,,,,,,
,,,,,227510,977.1748,301,,,,,,,,
,,,,,227758,886.9661,248,,,,,,,,
,,,,,228000,,,-217.5334930419922,-1.6918437480926514,6.2976274490356445,216.4278106689453,216.81089782714844,0.0003,0.0003,0.1
,,,,,228042,991.53125,284,,,,,,,,
,,,,,228336,982.65173,294,,,,,,,,
,,,,,228611,973.3698,275,,,,,,,,
,,,,,228880,931.45056,269,,,,,,,,
,,,,,229000,,,-225.1202392578125,-1.788901686668396,3.9550185203552246,223.93472290039062,223.6995391845703,0.0003,0.0003,0.1
,,,,,229116,850.2673,236,,,,,,,,
,,,,,229435,1160.9507,319,,,,,,,,
,,,,,229493,107.98752,58,,,,,,,,
,,,,,229756,942.96954,263,,,,,,,,
1008.5661,25.792288,1045.2333,961.35004,293.9,230000,,,-209.59133911132812,-1.7951022386550903,5.361507415771484,208.70565795898438,208.62950134277344,0.0003,0.0003,0.1
,,,,,230021,939.9224,265,,,,,,,,
,,,,,230282,939.50494,261,,,,,,,,
,,,,,230624,1122.8501,342,,,,,,,,
,,,,,230912,883.41705,288,,,,,,,,
,,,,,231000,,,-221.2301025390625,-1.7133277654647827,2.887516498565674,219.834716796875,219.7158660888672,0.0003,0.0003,0.1
,,,,,231191,919.51794,279,,,,,,,,
,,,,,231482,953.5317,291,,,,,,,,
,,,,,231507,30.616472,25,,,,,,,,
,,,,,231532,31.565979,25,,,,,,,,
,,,,,231868,1228.0942,336,,,,,,,,
,,,,,232000,,,-221.75460815429688,-1.8064403533935547,3.687124252319336,220.47174072265625,220.169189453125,0.0003,0.0003,0.1
,,,,,232224,1184.2268,356,,,,,,,,
,,,,,232584,1287.2747,360,,,,,,,,
,,,,,232886,1030.6226,302,,,,,,,,
,,,,,233000,,,-223.10545349121094,-1.8402349948883057,4.661986827850342,222.18959045410156,222.19937133789062,0.0003,0.0003,0.1
,,,,,233253,1302.4374,367,,,,,,,,
,,,,,233504,904.68536,251,,,,,,,,
,,,,,233810,968.7882,306,,,,,,,,
,,,,,234000,,,-221.75604248046875,-1.7513130903244019,5.870547294616699,220.32015991210938,220.2742462158203,0.0003,0.0003,0.1
,,,,,234057,888.6494,247,,,,,,,,
,,,,,234369,1120.8956,312,,,,,,,,
,,,,,234401,55.20645,32,,,,,,,,
,,,,,234559,401.2699,158,,,,,,,,
,,,,,234802,833.633,243,,,,,,,,
1030.7834,79.43789,1179.3271,928.20776,293.4,235000,,,-221.03353881835938,-1.852563500404358,9.664012908935547,219.9710693359375,220.42823791503906,0.0003,0.0003,0.1
,,,,,235076,881.4161,274,,,,,,,,
,,,,,235402,1187.7299,326,,,,,,,,
,,,,,235651,917.0021,249,,,,,,,,
,,,,,235996,1251.3245,345,,,,,,,,
,,,,,236000,,,-226.18820190429688,-1.5657011270523071,5.728695869445801,224.4247589111328,224.5299072265625,0.0003,0.0003,0.1
,,,,,236285,1021.3302,289,,,,,,,,
,,,,,236575,1006.5732,290,,,,,,,,
,,,,,236813,874.3626,238,,,,,,,,
,,,,,237000,,,-226.28369140625,-1.9486193656921387,7.652247905731201,225.10984802246094,224.86672973632812,0.0003,0.0003,0.1
,,,,,237117,1111.7938,304,,,,,,,,
,,,,,237381,965.36096,264,,,,,,,,
,,,,,237650,936.8959,269,,,,,,,,
,,,,,237947,1066.4377,297,,,,,,,,
,,,,,238000,,,-224.93020629882812,-1.8234617710113525,3.266559362411499,224.15032958984375,224.4071044921875,0.0003,0.0003,0.1
,,,,,238302,1243.5422,355,,,,,,,,
,,,,,238629,1054.0831,327,,,,,,,,
,,,,,238865,864.47076,236,,,,,,,,
,,,,,239000,,,-227.40115356445312,-1.7897249460220337,10.38803768157959,223.82351684570312,223.75193786621094,0.0003,0.0003,0.1
,,,,,239121,950.78564,256,,,,,,,,
,,,,,239554,1478.6348,433,,,,,,,,
,,,,,239818,972.4652,264,,,,,,,,
611.922,770.0035,1955.7408,15.348404,180.0,240000,,,-214.98568725585938,-1.6546905040740967,5.544833660125732,213.75625610351562,214.10281372070312,0.0003,0.0003,0.1
,,,,,240104,1017.8354,286,,,,,,,,
,,,,,240428,1196.0978,324,,,,,,,,
,,,,,240448,26.457174,20,,,,,,,,
,,,,,240740,1062.3378,292,,,,,,,,
,,,,,241000,,,-218.0430908203125,-1.812550663948059,28.46390151977539,216.82815551757812,216.138916015625,0.0003,0.0003,0.1
,,,,,241034,1056.3726,294,,,,,,,,
,,,,,241270,803.6104,236,,,,,,,,
,,,,,241532,897.9786,262,,,,,,,,
,,,,,241823,1038.6362,291,,,,,,,,
,,,,,242000,,,-225.6033172607422,-1.8405207395553589,4.923768997192383,224.67295837402344,224.57379150390625,0.0003,0.0003,0.1
,,,,,242112,1023.2081,289,,,,,,,,
,,,,,242417,1102.4817,305,,,,,,,,
,,,,,242708,1046.9587,291,,,,,,,,
,,,,,243000,,,-232.43917846679688,-1.4728652238845825,7.51789665222168,230.35446166992188,230.73904418945312,0.0003,0.0003,0.1
,,,,,243168,1620.9303,460,,,,,,,,
,,,,,243449,1010.7778,281,,,,,,,,
,,,,,243752,1079.2688,303,,,,,,,,
,,,,,244000,,,-222.59658813476562,-1.6527924537658691,4.096956253051758,221.8709716796875,222.1548614501953,0.0003,0.0003,0.1
,,,,,244053,1094.4067,301,,,,,,,,
,,,,,244383,1137.3099,330,,,,,,,,
,,,,,244712,1203.1646,329,,,,,,,,
,,,,,244982,967.00836,270,,,,,,,,
962.2197,281.1878,1786.0974,749.4678,266.4,245000,,,-218.3024139404297,-1.807210922241211,10.786681175231934,216.9876708984375,217.25335693359375,0.0003,0.0003,0.1
,,,,,245312,1175.011,330,,,,,,,,
,,,,,245559,901.63617,247,,,,,,,,
,,,,,245829,946.0543,270,,,,,,,,
,,,,,246000,,,-221.0223388671875,-1.5866053104400635,4.425844192504883,219.94345092773438,219.74200439453125,0.0003,0.0003,0.1
,,,,,246104,959.13763,275,,,,,,,,
,,,,,246337,846.1749,233,,,,,,,,
,,,,,246598,946.495,261,,,,,,,,
,,,,,246840,870.6119,242,,,,,,,,
,,,,,247000,,,-229.1522216796875,-1.5835946798324585,3.4596638679504395,228.14337158203125,228.28277587890625,0.0003,0.0003,0.1
,,,,,247120,994.33514,280,,,,,,,,
,,,,,247377,958.17944,257,,,,,,,,
,,,,,247625,898.8483,248,,,,,,,,
,,,,,247945,1177.035,320,,,,,,,,
,,,,,248000,,,-222.30142211914062,-1.7902472019195557,6.187045097351074,220.579833984375,221.0416717529297,0.0003,0.0003,0.1
,,,,,248199,912.6366,254,,,,,,,,
,,,,,248472,979.2271,273,,,,,,,,
,,,,,248738,956.4664,266,,,,,,,,
,,,,,248985,896.6107,247,,,,,,,,
,,,,,249000,,,-224.689453125,-1.6343624591827393,5.5238142013549805,223.13369750976562,222.75787353515625,0.0003,0.0003,0.1
,,,,,249204,753.9122,219,,,,,,,,
,,,,,249459,887.9442,255,,,,,,,,
,,,,,249665,710.14764,206,,,,,,,,
,,,,,249891,799.4485,226,,,,,,,,
819.0824,56.154247,902.7039,694.0447,229.6,250000,,,-224.5689697265625,-1.56815505027771,3.539656162261963,223.8547821044922,223.6617431640625,0.0003,0.0003,0.1
,,,,,250137,884.61237,246,,,,,,,,
,,,,,250397,921.6865,260,,,,,,,,
,,,,,250654,947.792,257,,,,,,,,
,,,,,250895,861.051,241,,,,,,,,
,,,,,251000,,,-219.6788330078125,-2.07705020904541,6.016802787780762,218.69937133789062,218.41346740722656,0.0003,0.0003,0.1
,,,,,251239,1239.6239,344,,,,,,,,
,,,,,251491,933.3796,252,,,,,,,,
,,,,,251765,989.1953,274,,,,,,,,
,,,,,252000,,,-220.99349975585938,-1.8012431859970093,12.797746658325195,220.25946044921875,221.10333251953125,0.0003,0.0003,0.1
,,,,,252018,909.3073,253,,,,,,,,
,,,,,252351,1231.4349,333,,,,,,,,
,,,,,252608,944.6622,257,,,,,,,,
,,,,,252867,950.4878,259,,,,,,,,
,,,,,253000,,,-216.0693817138672,-1.8545665740966797,6.3217573165893555,214.16848754882812,214.24588012695312,0.0003,0.0003,0.1
,,,,,253204,1243.5509,337,,,,,,,,
,,,,,253440,867.6126,236,,,,,,,,
,,,,,253699,966.8004,259,,,,,,,,
,,,,,253997,1067.8131,298,,,,,,,,
,,,,,254000,,,-223.55133056640625,-1.3224643468856812,2.8638925552368164,223.00828552246094,223.24005126953125,0.0003,0.0003,0.1
,,,,,254893,3050.767,896,,,,,,,,
998.91907,91.70604,1175.8601,920.10785,276.5,255000,,,-230.61279296875,-1.778923511505127,5.7174811363220215,229.80538940429688,229.62850952148438,0.0003,0.0003,0.1
,,,,,255154,945.2438,261,,,,,,,,
,,,,,255423,952.55383,269,,,,,,,,
,,,,,255703,1005.5967,280,,,,,,,,
,,,,,255996,1057.3385,293,,,,,,,,
,,,,,256000,,,-222.5953369140625,-1.3921136856079102,8.116585731506348,221.13827514648438,221.27908325195312,0.0003,0.0003,0.1
,,,,,256323,1146.1346,327,,,,,,,,
,,,,,256604,1006.46906,281,,,,,,,,
,,,,,256865,964.22864,261,,,,,,,,
,,,,,257000,,,-230.29510498046875,-2.0271663665771484,4.692265510559082,228.23281860351562,228.191650390625,0.0003,0.0003,0.1
,,,,,257106,883.08167,241,,,,,,,,
,,,,,257373,965.92255,267,,,,,,,,
,,,,,257613,816.9438,240,,,,,,,,
,,,,,257862,911.14966,249,,,,,,,,
,,,,,258000,,,-220.67660522460938,-1.5332551002502441,4.173694610595703,219.0208740234375,219.208251953125,0.0003,0.0003,0.1
,,,,,258136,977.149,274,,,,,,,,
,,,,,258423,1012.2549,287,,,,,,,,
,,,,,258686,969.7317,263,,,,,,,,
,,,,,258952,946.08673,266,,,,,,,,
,,,,,259000,,,-226.7542724609375,-1.7547639608383179,3.5536251068115234,225.206298828125,225.05599975585938,0.0003,0.0003,0.1
,,,,,259190,875.8689,238,,,,,,,,
,,,,,259411,797.07495,221,,,,,,,,
,,,,,259673,965.6342,262,,,,,,,,
,,,,,259977,1146.0525,304,,,,,,,,
791.73596,396.59897,1217.1025,16.640223,221.4,260000,,,-224.2367401123047,-1.8389403820037842,4.632979393005371,222.7686309814453,222.72119140625,0.0003,0.0003,0.1
,,,,,260210,841.36536,233,,,,,,,,
,,,,,260468,945.5426,258,,,,,,,,
,,,,,260691,808.901,223,,,,,,,,
,,,,,260942,909.9975,251,,,,,,,,
,,,,,261000,,,-230.19085693359375,-1.544832706451416,6.603342056274414,228.45584106445312,228.15231323242188,0.0003,0.0003,0.1
,,,,,261215,963.09357,273,,,,,,,,
,,,,,261464,915.2354,249,,,,,,,,
,,,,,261666,684.279,202,,,,,,,,
,,,,,261927,934.63525,261,,,,,,,,
,,,,,262000,,,-232.10690307617188,-1.6810858249664307,5.696640968322754,229.61647033691406,230.07757568359375,0.0003,0.0003,0.1
,,,,,262267,1227.3193,340,,,,,,,,
,,,,,262626,1274.7802,359,,,,,,,,
,,,,,262854,818.5154,228,,,,,,,,
,,,,,263000,,,-234.10891723632812,-1.5241749286651611,3.734867811203003,232.85379028320312,232.66644287109375,0.0003,0.0003,0.1
,,,,,263080,814.4274,226,,,,,,,,
,,,,,263289,715.8331,209,,,,,,,,
,,,,,263519,855.87946,230,,,,,,,,
,,,,,263747,815.0916,228,,,,,,,,
,,,,,264000,,,-222.55487060546875,-1.6709973812103271,5.0874552726745605,221.12689208984375,220.8616943359375,0.0003,0.0003,0.1
,,,,,264028,1008.1865,281,,,,,,,,
,,,,,264261,846.30066,233,,,,,,,,
,,,,,264518,911.19183,257,,,,,,,,
,,,,,264756,883.6969,238,,,,,,,,
868.14,57.537193,976.9081,787.67377,241.9,265000,,,-235.99957275390625,-1.4144805669784546,4.334448337554932,233.94696044921875,234.54034423828125,0.0003,0.0003,0.1
,,,,,265006,916.9764,250,,,,,,,,
,,,,,265258,914.5395,252,,,,,,,,
,,,,,265486,829.3608,228,,,,,,,,
,,,,,265717,823.95123,231,,,,,,,,
,,,,,265973,945.51636,256,,,,,,,,
,,,,,266000,,,-219.29888916015625,-1.4370875358581543,6.883528709411621,218.49331665039062,217.92274475097656,0.0003,0.0003,0.1
,,,,,266188,736.211,215,,,,,,,,
,,,,,266423,876.4061,235,,,,,,,,
,,,,,266666,897.70667,243,,,,,,,,
,,,,,266874,711.7197,208,,,,,,,,
,,,,,267000,,,-212.85858154296875,-2.114678382873535,7.726848602294922,212.1333770751953,211.30807495117188,0.0003,0.0003,0.1
,,,,,267139,951.5511,265,,,,,,,,
,,,,,267382,916.74835,243,,,,,,,,
,,,,,267643,962.74536,261,,,,,,,,
,,,,,267906,966.1837,263,,,,,,,,
,,,,,268000,,,-224.3885040283203,-1.7069244384765625,5.762577056884766,223.15615844726562,223.332763671875,0.0003,0.0003,0.1
,,,,,268150,894.16974,244,,,,,,,,
,,,,,268395,907.1838,245,,,,,,,,
,,,,,268635,885.8464,240,,,,,,,,
,,,,,268869,854.0374,234,,,,,,,,
,,,,,269000,,,-230.8411865234375,-1.5384410619735718,2.6936821937561035,230.11151123046875,230.32131958007812,0.0003,0.0003,0.1
,,,,,269122,930.26935,253,,,,,,,,
,,,,,269556,1581.0847,434,,,,,,,,
,,,,,269803,911.4615,247,,,,,,,,
868.41583,31.670702,938.4086,824.92584,238.5,270000,,,-229.04867553710938,-1.6784312725067139,32.88050842285156,227.2339630126953,226.72450256347656,0.0003,0.0003,0.1
,,,,,270035,842.49677,232,,,,,,,,
,,,,,270259,703.03503,224,,,,,,,,
,,,,,270473,776.98914,214,,,,,,,,
,,,,,270706,856.6344,233,,,,,,,,
,,,,,270998,1070.2892,292,,,,,,,,
,,,,,271000,,,-218.49850463867188,-1.7704191207885742,7.41021728515625,217.73202514648438,217.49124145507812,0.0003,0.0003,0.1
,,,,,271214,775.67065,216,,,,,,,,
,,,,,271449,863.9534,235,,,,,,,,
,,,,,271718,915.50916,269,,,,,,,,
,,,,,271793,156.42805,75,,,,,,,,
,,,,,272000,,,-229.47824096679688,-1.4901106357574463,14.633885383605957,228.04940795898438,228.52978515625,0.0003,0.0003,0.1
,,,,,272082,1048.3617,289,,,,,,,,
,,,,,272316,876.0629,234,,,,,,,,
,,,,,272670,1260.6809,354,,,,,,,,
,,,,,272942,972.0764,272,,,,,,,,
,,,,,273000,,,-236.43374633789062,-1.4169191122055054,2.9656310081481934,235.19651794433594,235.37261962890625,0.0003,0.0003,0.1
,,,,,273181,873.0009,239,,,,,,,,
,,,,,273493,1144.4543,312,,,,,,,,
,,,,,273720,826.25507,227,,,,,,,,
,,,,,274000,,,-227.341064453125,-1.4518543481826782,7.401416778564453,225.66897583007812,225.55633544921875,0.0003,0.0003,0.1
,,,,,274009,1054.9529,289,,,,,,,,
,,,,,274254,891.1391,245,,,,,,,,
,,,,,274502,915.0209,248,,,,,,,,
,,,,,274736,855.5359,234,,,,,,,,
,,,,,274984,908.97266,248,,,,,,,,
916.401,35.41987,961.1027,841.54517,251.3,275000,,,-221.51617431640625,-1.7256970405578613,7.473906993865967,219.81187438964844,220.05575561523438,0.0003,0.0003,0.1
,,,,,275210,806.89294,226,,,,,,,,
,,,,,275444,862.82477,234,,,,,,,,
,,,,,275676,838.432,232,,,,,,,,
,,,,,275899,795.89185,223,,,,,,,,
,,,,,276000,,,-221.4277801513672,-1.8822407722473145,6.696537971496582,219.5404510498047,219.82156372070312,0.0003,0.0003,0.1
,,,,,276168,971.77576,269,,,,,,,,
,,,,,276409,872.3615,241,,,,,,,,
,,,,,276656,928.64526,247,,,,,,,,
,,,,,276909,916.9811,253,,,,,,,,
,,,,,277000,,,-222.83453369140625,-1.7241476774215698,3.4799094200134277,221.64105224609375,221.59031677246094,0.0003,0.0003,0.1
,,,,,277159,925.83,250,,,,,,,,
,,,,,277418,944.57184,259,,,,,,,,
,,,,,277684,946.5474,266,,,,,,,,
,,,,,277911,806.9614,227,,,,,,,,
,,,,,278000,,,-223.21595764160156,-1.5438233613967896,5.313405990600586,222.17904663085938,222.1483917236328,0.0003,0.0003,0.1
,,,,,278149,847.84503,238,,,,,,,,
,,,,,278372,783.977,223,,,,,,,,
,,,,,278623,918.08154,251,,,,,,,,
,,,,,278857,837.9493,234,,,,,,,,
,,,,,279000,,,-232.8240509033203,-1.4268901348114014,4.420737266540527,231.95314025878906,232.30209350585938,0.0003,0.0003,0.1
,,,,,279106,912.3772,249,,,,,,,,
,,,,,279348,891.5511,242,,,,,,,,
,,,,,279604,921.2674,256,,,,,,,,
,,,,,279868,977.84344,264,,,,,,,,
952.1551,136.9836,1329.4604,823.93915,267.6,280000,,,-229.04579162597656,-1.8178915977478027,5.056561470031738,228.45440673828125,228.2016143798828,0.0003,0.0003,0.1
,,,,,280111,880.3407,243,,,,,,,,
,,,,,280354,893.5994,243,,,,,,,,
,,,,,280618,972.5608,264,,,,,,,,
,,,,,280836,762.94635,218,,,,,,,,
,,,,,281000,,,-227.53836059570312,-1.829590082168579,3.8771300315856934,224.87039184570312,224.74111938476562,0.0003,0.0003,0.1
,,,,,281083,899.1398,247,,,,,,,,
,,,,,281354,996.36884,271,,,,,,,,
,,,,,281559,706.75183,205,,,,,,,,
,,,,,281811,893.296,252,,,,,,,,
,,,,,282000,,,-228.16273498535156,-1.640823245048523,6.198763847351074,226.7835235595703,226.56912231445312,0.0003,0.0003,0.1
,,,,,282080,949.6403,269,,,,,,,,
,,,,,282313,831.48126,233,,,,,,,,
,,,,,282661,1241.4297,348,,,,,,,,
,,,,,283000,,,-216.47030639648438,-1.8043314218521118,7.562670707702637,215.25189208984375,215.22760009765625,0.0003,0.0003,0.1
,,,,,283082,1519.7378,421,,,,,,,,
,,,,,283330,906.8609,248,,,,,,,,
,,,,,283555,809.44385,225,,,,,,,,
,,,,,283873,1122.9432,318,,,,,,,,
,,,,,284000,,,-223.49554443359375,-1.5847879648208618,7.708873748779297,222.643798828125,222.77731323242188,0.0003,0.0003,0.1
,,,,,284166,1011.0909,293,,,,,,,,
,,,,,284420,906.8445,254,,,,,,,,
,,,,,284650,819.8206,230,,,,,,,,
,,,,,284922,959.47186,272,,,,,,,,
,,,,,284931,8.429108,9,,,,,,,,
752.82135,253.45702,930.0075,17.127428,212.1,285000,,,-233.35598754882812,-1.6667505502700806,5.258063793182373,231.58258056640625,230.9691162109375,0.0003,0.0003,0.1
,,,,,285184,904.22675,253,,,,,,,,
,,,,,285414,818.21356,230,,,,,,,,
,,,,,285654,871.90985,240,,,,,,,,
,,,,,285899,899.0552,245,,,,,,,,
,,,,,286000,,,-232.04379272460938,-1.6822763681411743,5.196321487426758,231.07894897460938,230.99832153320312,0.0003,0.0003,0.1
,,,,,286148,928.2388,249,,,,,,,,
,,,,,286436,1020.27246,288,,,,,,,,
,,,,,286657,785.4286,221,,,,,,,,
,,,,,286890,841.3283,233,,,,,,,,
,,,,,287000,,,-223.451904296875,-1.7360403537750244,4.718757629394531,222.32949829101562,222.62277221679688,0.0003,0.0003,0.1
,,,,,287143,892.5269,253,,,,,,,,
,,,,,287375,826.4479,232,,,,,,,,
,,,,,287617,883.18243,242,,,,,,,,
,,,,,287927,1135.8789,310,,,,,,,,
,,,,,288000,,,-232.0647735595703,-1.424440860748291,8.487030982971191,230.95738220214844,230.80731201171875,0.0003,0.0003,0.1
,,,,,288157,841.308,230,,,,,,,,
,,,,,288390,841.2486,233,,,,,,,,
,,,,,288623,815.5878,233,,,,,,,,
,,,,,288852,818.8234,229,,,,,,,,
,,,,,289000,,,-226.2632293701172,-1.3683192729949951,4.149223804473877,225.34149169921875,225.62692260742188,0.0003,0.0003,0.1
,,,,,289105,927.1255,253,,,,,,,,
,,,,,289361,921.5197,256,,,,,,,,
,,,,,289613,894.32416,252,,,,,,,,
,,,,,289643,41.186146,30,,,,,,,,
,,,,,289914,919.43567,271,,,,,,,,
635.68243,215.4416,834.08887,7.822173,188.6,290000,,,-223.6855010986328,-1.4030040502548218,3.702279567718506,222.36819458007812,222.48927307128906,0.0003,0.0003,0.1
,,,,,290137,757.0843,223,,,,,,,,
,,,,,290165,40.970787,28,,,,,,,,
,,,,,290399,846.2581,234,,,,,,,,
,,,,,290648,910.7583,249,,,,,,,,
,,,,,290885,853.1082,237,,,,,,,,
,,,,,290913,38.653965,28,,,,,,,,
,,,,,291000,,,-234.85699462890625,-1.7451021671295166,4.548639297485352,233.5248260498047,233.73912048339844,0.0003,0.0003,0.1
,,,,,291148,834.46985,235,,,,,,,,
,,,,,291421,969.40704,273,,,,,,,,
,,,,,291451,45.111176,30,,,,,,,,
,,,,,291473,31.98312,22,,,,,,,,
,,,,,291678,688.04504,205,,,,,,,,
,,,,,291949,977.6175,271,,,,,,,,
,,,,,292000,,,-228.41241455078125,-1.6202855110168457,5.3297834396362305,227.53369140625,227.17160034179688,0.0003,0.0003,0.1
,,,,,292201,894.9294,252,,,,,,,,
,,,,,292461,940.7364,260,,,,,,,,
,,,,,292729,968.4175,268,,,,,,,,
,,,,,292983,916.2267,254,,,,,,,,
,,,,,293000,,,-228.4412841796875,-1.6798861026763916,6.006110191345215,227.4100341796875,227.26568603515625,0.0003,0.0003,0.1
,,,,,293216,802.93164,233,,,,,,,,
,,,,,293497,988.0415,281,,,,,,,,
,,,,,293754,898.21576,257,,,,,,,,
,,,,,294000,,,-229.1175537109375,-1.6668813228607178,5.036782741546631,228.14462280273438,228.13026428222656,0.0003,0.0003,0.1
,,,,,294087,1213.019,333,,,,,,,,
,,,,,294332,874.6286,245,,,,,,,,
,,,,,294565,837.4677,233,,,,,,,,
,,,,,294843,992.01715,278,,,,,,,,
1060.9957,301.98947,1658.2771,722.22504,300.9,295000,,,-231.66897583007812,-1.2414193153381348,9.196788787841797,230.9287109375,230.8192138671875,0.0003,0.0003,0.1
,,,,,295081,854.971,238,,,,,,,,
,,,,,295320,867.6574,239,,,,,,,,
,,,,,295579,944.53986,259,,,,,,,,
,,,,,295795,758.3834,216,,,,,,,,
,,,,,296000,,,-225.90664672851562,-1.5671703815460205,3.580991744995117,225.10409545898438,225.31857299804688,0.0003,0.0003,0.1
,,,,,296025,847.0149,230,,,,,,,,
,,,,,296236,702.02386,211,,,,,,,,
,,,,,296492,932.5936,256,,,,,,,,
,,,,,296728,829.7259,236,,,,,,,,
,,,,,297000,,,-234.0032958984375,-1.4309792518615723,4.185279846191406,233.1176300048828,233.07870483398438,0.0003,0.0003,0.1
,,,,,297039,1145.3885,311,,,,,,,,
,,,,,297284,870.04065,245,,,,,,,,
,,,,,297515,829.7997,231,,,,,,,,
,,,,,297744,800.5359,229,,,,,,,,
,,,,,297984,871.3265,240,,,,,,,,
,,,,,298000,,,-223.64259338378906,-1.5931720733642578,3.1129322052001953,223.0396728515625,223.10073852539062,0.0003,0.0003,0.1
,,,,,298199,759.9318,215,,,,,,,,
,,,,,298465,921.5053,266,,,,,,,,
,,,,,298704,869.0152,239,,,,,,,,
,,,,,298975,976.92816,271,,,,,,,,
,,,,,299000,,,-228.68276977539062,-1.3342581987380981,3.213402271270752,228.02481079101562,227.86660766601562,0.0003,0.0003,0.1
,,,,,299261,1017.4433,286,,,,,,,,
,,,,,299577,962.4429,316,,,,,,,,
,,,,,299806,831.6285,229,,,,,,,,
932.4752,127.60048,1220.7858,791.5442,260.3,300000,,,-233.99537658691406,-1.477031946182251,5.509407043457031,233.0413818359375,233.43316650390625,0.0003,0.0003,0.1
,,,,,300047,862.03394,241,,,,,,,,
,,,,,300308,939.80273,261,,,,,,,,
,,,,,300523,739.2195,215,,,,,,,,
,,,,,300756,844.9444,233,,,,,,,,
,,,,,300980,787.4898,224,,,,,,,,
,,,,,301000,,,-233.3152618408203,-1.902085781097412,4.462429046630859,231.32745361328125,231.324951171875,0.0003,0.0003,0.1
,,,,,301260,1007.5465,280,,,,,,,,
,,,,,301490,830.7101,230,,,,,,,,
,,,,,301736,883.19464,246,,,,,,,,
,,,,,301975,869.3612,239,,,,,,,,
,,,,,302000,,,-230.90185546875,-1.5606837272644043,4.258127689361572,230.16751098632812,230.21783447265625,0.0003,0.0003,0.1
,,,,,302229,903.0936,254,,,,,,,,
,,,,,302461,841.2928,232,,,,,,,,
,,,,,302694,828.06757,233,,,,,,,,
,,,,,302948,910.4333,254,,,,,,,,
,,,,,303000,,,-225.77789306640625,-1.7373054027557373,3.224885940551758,225.23385620117188,225.52426147460938,0.0003,0.0003,0.1
,,,,,303197,896.95355,249,,,,,,,,
,,,,,303464,948.29224,267,,,,,,,,
,,,,,303666,699.8697,202,,,,,,,,
,,,,,303908,837.5907,242,,,,,,,,
,,,,,304000,,,-230.52447509765625,-1.343005657196045,2.8033318519592285,229.93203735351562,230.10317993164062,0.0003,0.0003,0.1
,,,,,304149,830.60077,241,,,,,,,,
,,,,,304377,808.9885,228,,,,,,,,
,,,,,304621,840.0614,244,,,,,,,,
,,,,,304861,864.779,240,,,,,,,,
852.34607,59.214855,997.9231,751.98334,237.9,305000,,,-230.35523986816406,-1.748055338859558,11.79076099395752,228.33493041992188,228.24151611328125,0.0003,0.0003,0.1
,,,,,305092,845.6988,231,,,,,,,,
,,,,,305341,884.4793,249,,,,,,,,
,,,,,305602,930.9009,261,,,,,,,,
,,,,,305830,816.2798,228,,,,,,,,
,,,,,306000,,,-232.79180908203125,-1.4285292625427246,5.414082050323486,231.79112243652344,231.9720001220703,0.0003,0.0003,0.1
,,,,,306126,1092.7507,296,,,,,,,,
,,,,,306382,843.90784,256,,,,,,,,
,,,,,306636,873.1842,254,,,,,,,,
,,,,,306884,903.2094,248,,,,,,,,
,,,,,307000,,,-232.27264404296875,-1.5559619665145874,11.49237060546875,230.46607971191406,230.13241577148438,0.0003,0.0003,0.1
,,,,,307135,914.2791,251,,,,,,,,
,,,,,307378,883.59424,243,,,,,,,,
,,,,,307616,866.0696,238,,,,,,,,
,,,,,307889,963.4213,273,,,,,,,,
,,,,,308000,,,-229.15113830566406,-1.7640354633331299,5.440911293029785,228.59210205078125,228.56846618652344,0.0003,0.0003,0.1
,,,,,308118,813.7871,229,,,,,,,,
,,,,,308324,706.82916,206,,,,,,,,
,,,,,308556,818.25543,232,,,,,,,,
,,,,,308794,858.1424,238,,,,,,,,
,,,,,309000,,,-225.95217895507812,-1.509020209312439,3.3674497604370117,225.56365966796875,225.60458374023438,0.0003,0.0003,0.1
,,,,,309050,889.35205,256,,,,,,,,
,,,,,309282,835.4788,232,,,,,,,,
,,,,,309541,924.5362,259,,,,,,,,
,,,,,309778,831.74896,237,,,,,,,,
913.5975,107.902,1066.4626,725.0442,261.2,310000,,,-228.65025329589844,-1.4219834804534912,5.1850199699401855,227.26995849609375,227.4255828857422,0.0003,0.0003,0.1
,,,,,310015,799.4276,237,,,,,,,,
,,,,,310241,813.92896,226,,,,,,,,
,,,,,310446,710.06006,205,,,,,,,,
,,,,,310665,788.4823,219,,,,,,,,
,,,,,310937,955.08997,272,,,,,,,,
,,,,,311000,,,-231.26742553710938,-1.4406312704086304,3.7905945777893066,230.63778686523438,231.0531005859375,0.0003,0.0003,0.1
,,,,,311171,845.1227,234,,,,,,,,
,,,,,311443,942.12305,272,,,,,,,,
,,,,,311662,791.9174,219,,,,,,,,
,,,,,311903,897.046,241,,,,,,,,
,,,,,312000,,,-226.6005859375,-1.7579741477966309,4.940934181213379,225.60621643066406,225.8842315673828,0.0003,0.0003,0.1
,,,,,312145,857.1764,242,,,,,,,,
,,,,,312364,779.54987,219,,,,,,,,
,,,,,312622,918.8907,258,,,,,,,,
,,,,,312854,834.94916,232,,,,,,,,
,,,,,313000,,,-227.9190673828125,-1.2622374296188354,4.7564005851745605,227.27740478515625,227.30230712890625,0.0003,0.0003,0.1
,,,,,313097,884.0516,243,,,,,,,,
,,,,,313371,948.5261,274,,,,,,,,
,,,,,313580,685.1241,209,,,,,,,,
,,,,,313844,917.878,264,,,,,,,,
,,,,,314000,,,-222.17523193359375,-1.4436067342758179,6.306014537811279,220.5967254638672,220.8035430908203,0.0003,0.0003,0.1
,,,,,314085,825.8439,241,,,,,,,,
,,,,,314312,846.97437,227,,,,,,,,
,,,,,314602,1042.9348,290,,,,,,,,
,,,,,314856,896.9505,254,,,,,,,,
1163.8857,460.46548,2394.1406,864.1422,328.1,315000,,,-231.62379455566406,-1.4078540802001953,5.462008953094482,230.7040252685547,231.19351196289062,0.0003,0.0003,0.1
,,,,,315071,756.425,215,,,,,,,,
,,,,,315290,777.2322,219,,,,,,,,
,,,,,315515,819.7561,225,,,,,,,,
,,,,,315816,1083.6182,301,,,,,,,,
,,,,,316000,,,-224.4340057373047,-1.5899500846862793,6.053728103637695,222.2825927734375,222.80279541015625,0.0003,0.0003,0.1
,,,,,316078,938.5937,262,,,,,,,,
,,,,,316295,726.42505,217,,,,,,,,
,,,,,316517,715.6753,222,,,,,,,,
,,,,,316741,701.8329,224,,,,,,,,
,,,,,316933,571.43805,192,,,,,,,,
,,,,,317000,,,-232.46128845214844,-1.380157470703125,5.01608419418335,231.43487548828125,231.76416015625,0.0003,0.0003,0.1
,,,,,317215,978.0519,282,,,,,,,,
,,,,,317474,916.18054,259,,,,,,,,
,,,,,317686,666.5642,212,,,,,,,,
,,,,,317913,811.3656,227,,,,,,,,
,,,,,318000,,,-225.95379638671875,-1.6256909370422363,5.587424278259277,224.96725463867188,225.1299285888672,0.0003,0.0003,0.1
,,,,,318179,910.9076,266,,,,,,,,
,,,,,318409,809.1588,230,,,,,,,,
,,,,,318657,884.5262,248,,,,,,,,
,,,,,318888,831.65466,231,,,,,,,,
,,,,,319000,,,-226.8317413330078,-1.722663402557373,4.219551086425781,225.15203857421875,225.0646514892578,0.0003,0.0003,0.1
,,,,,319147,917.803,259,,,,,,,,
,,,,,319396,870.97235,249,,,,,,,,
,,,,,319639,882.0863,243,,,,,,,,
,,,,,319875,846.5811,236,,,,,,,,
1003.57715,126.858635,1196.6766,813.5186,280.7,320000,,,-234.97035217285156,-1.4965710639953613,5.128171443939209,234.17788696289062,234.45574951171875,0.0003,0.0003,0.1
,,,,,320086,729.3625,211,,,,,,,,
,,,,,320316,826.29877,230,,,,,,,,
,,,,,320543,805.14343,227,,,,,,,,
,,,,,320803,901.7335,260,,,,,,,,
,,,,,321000,,,-235.84800720214844,-1.5149550437927246,7.978900909423828,234.21578979492188,234.32589721679688,0.0003,0.0003,0.1
,,,,,321119,1139.783,316,,,,,,,,
,,,,,321355,838.59845,236,,,,,,,,
,,,,,321595,870.4614,240,,,,,,,,
,,,,,321913,1138.7349,318,,,,,,,,
,,,,,322000,,,-236.6988525390625,-1.2072365283966064,3.6110429763793945,235.9101104736328,236.21104431152344,0.0003,0.0003,0.1
,,,,,322157,867.5775,244,,,,,,,,
,,,,,322393,860.1304,236,,,,,,,,
,,,,,322647,893.6463,254,,,,,,,,
,,,,,322894,882.2043,247,,,,,,,,
,,,,,323000,,,-230.17330932617188,-1.5895013809204102,4.881490707397461,228.76901245117188,228.74949645996094,0.0003,0.0003,0.1
,,,,,323212,1114.793,318,,,,,,,,
,,,,,323556,1241.8964,344,,,,,,,,
,,,,,323810,899.4876,254,,,,,,,,
,,,,,324000,,,-230.5275421142578,-1.444937825202942,20.555707931518555,229.35260009765625,229.73214721679688,0.0003,0.0003,0.1
,,,,,324058,891.45123,248,,,,,,,,
,,,,,324286,798.1763,228,,,,,,,,
,,,,,324507,760.6921,221,,,,,,,,
,,,,,324737,806.4079,230,,,,,,,,
,,,,,324973,825.22284,236,,,,,,,,
853.19354,59.501663,969.8106,760.00226,241.2,325000,,,-238.87158203125,-1.4762024879455566,6.336066246032715,237.81712341308594,237.96836853027344,0.0003,0.0003,0.1
,,,,,325255,1015.8584,282,,,,,,,,
,,,,,325547,1074.9086,292,,,,,,,,
,,,,,325846,1069.8431,299,,,,,,,,
,,,,,326000,,,-225.8951416015625,-1.6549714803695679,4.928384780883789,225.07742309570312,225.02902221679688,0.0003,0.0003,0.1
,,,,,326060,785.84955,214,,,,,,,,
,,,,,326260,698.60736,200,,,,,,,,
,,,,,326496,886.2988,236,,,,,,,,
,,,,,326706,720.1468,210,,,,,,,,
,,,,,326934,841.8024,228,,,,,,,,
,,,,,327000,,,-229.1201629638672,-1.578954815864563,3.963383436203003,228.09112548828125,228.12948608398438,0.0003,0.0003,0.1
,,,,,327169,870.2646,235,,,,,,,,
,,,,,327375,745.7632,206,,,,,,,,
,,,,,327607,867.91547,232,,,,,,,,
,,,,,327824,801.02136,217,,,,,,,,
,,,,,327852,37.345993,28,,,,,,,,
,,,,,327880,39.998585,28,,,,,,,,
,,,,,328000,,,-233.81356811523438,-1.7113029956817627,8.52650260925293,232.4351043701172,232.50628662109375,0.0003,0.0003,0.1
,,,,,328106,852.0759,226,,,,,,,,
,,,,,328358,934.98517,252,,,,,,,,
,,,,,328387,44.87052,29,,,,,,,,
,,,,,328649,953.35376,262,,,,,,,,
,,,,,328866,783.739,217,,,,,,,,
,,,,,329000,,,-224.0116424560547,-1.6416008472442627,8.157214164733887,223.62130737304688,223.8770294189453,0.0003,0.0003,0.1
,,,,,329085,814.1664,219,,,,,,,,
,,,,,329316,819.59467,231,,,,,,,,
,,,,,329550,878.32135,234,,,,,,,,
,,,,,329760,701.50616,210,,,,,,,,
,,,,,329994,851.7853,234,,,,,,,,
805.7941,100.07351,1063.5305,663.7342,230.1,330000,,,-228.16510009765625,-1.633329153060913,8.236948013305664,227.3059539794922,227.07608032226562,0.0003,0.0003,0.1
,,,,,330199,726.67065,205,,,,,,,,
,,,,,330468,968.78516,269,,,,,,,,
,,,,,330724,910.36566,256,,,,,,,,
,,,,,330963,872.0781,239,,,,,,,,
,,,,,331000,,,-236.383056640625,-1.392885684967041,3.3939270973205566,235.8378143310547,235.43484497070312,0.0003,0.0003,0.1
,,,,,331224,918.03076,261,,,,,,,,
,,,,,331475,888.9063,251,,,,,,,,
,,,,,331706,831.5339,231,,,,,,,,
,,,,,331925,783.7751,219,,,,,,,,
,,,,,332000,,,-226.79217529296875,-2.0456764698028564,4.213086128234863,226.12747192382812,226.12994384765625,0.0003,0.0003,0.1
,,,,,332051,349.58505,126,,,,,,,,
,,,,,332333,987.19293,282,,,,,,,,
,,,,,332556,827.47217,223,,,,,,,,
,,,,,332814,930.1517,258,,,,,,,,
,,,,,333000,,,-235.78897094726562,-1.5888036489486694,5.32831335067749,235.07432556152344,234.55166625976562,0.0003,0.0003,0.1
,,,,,333020,727.0408,206,,,,,,,,
,,,,,333270,877.34906,250,,,,,,,,
,,,,,333496,816.7456,226,,,,,,,,
,,,,,333793,1073.8739,297,,,,,,,,
,,,,,334000,,,-228.40292358398438,-1.520186424255371,4.64419412612915,227.6051025390625,227.79562377929688,0.0003,0.0003,0.1
,,,,,334013,733.71704,220,,,,,,,,
,,,,,334319,1107.8104,306,,,,,,,,
,,,,,334546,774.61304,227,,,,,,,,
,,,,,334791,845.98254,245,,,,,,,,
862.91565,119.25907,1064.2605,682.74255,248.8,335000,,,-226.0317840576172,-1.6245923042297363,3.9153008460998535,224.42198181152344,224.7952423095703,0.0003,0.0003,0.1
,,,,,335017,836.2832,226,,,,,,,,
,,,,,335263,840.2451,246,,,,,,,,
,,,,,335481,727.1852,218,,,,,,,,
,,,,,335729,895.29297,248,,,,,,,,
,,,,,335929,672.3058,200,,,,,,,,
,,,,,336000,,,-233.05404663085938,-1.2821000814437866,4.282514572143555,231.70582580566406,231.86639404296875,0.0003,0.0003,0.1
,,,,,336190,919.1452,261,,,,,,,,
,,,,,336432,824.23834,242,,,,,,,,
,,,,,336692,891.9725,260,,,,,,,,
,,,,,336935,833.10144,243,,,,,,,,
,,,,,337000,,,-231.04086303710938,-1.4081376791000366,3.4326300621032715,230.37474060058594,230.37908935546875,0.0003,0.0003,0.1
,,,,,337242,1122.95,307,,,,,,,,
,,,,,337496,865.263,254,,,,,,,,
,,,,,337765,961.1913,269,,,,,,,,
,,,,,338000,,,-227.7674560546875,-1.4392608404159546,18.55143928527832,227.13165283203125,226.97695922851562,0.0003,0.0003,0.1
,,,,,338015,869.5695,250,,,,,,,,
,,,,,338256,841.22186,241,,,,,,,,
,,,,,338501,879.4588,245,,,,,,,,
,,,,,338789,983.9271,288,,,,,,,,
,,,,,339000,,,-230.30120849609375,-1.4648125171661377,4.089569091796875,229.77444458007812,229.6904754638672,0.0003,0.0003,0.1
,,,,,339064,959.71954,275,,,,,,,,
,,,,,339192,339.0756,128,,,,,,,,
,,,,,339406,700.3876,214,,,,,,,,
,,,,,339622,700.6326,216,,,,,,,,
,,,,,339878,915.5209,256,,,,,,,,
959.1825,83.2738,1136.5776,830.786,269.9,340000,,,-226.2776641845703,-1.3927823305130005,44.20744705200195,225.21359252929688,225.21885681152344,0.0003,0.0003,0.1
,,,,,340125,887.91754,247,,,,,,,,
,,,,,340542,1518.6799,417,,,,,,,,
,,,,,340814,953.3859,272,,,,,,,,
,,,,,341000,,,-229.09906005859375,-1.5583528280258179,4.349944114685059,228.06573486328125,227.99996948242188,0.0003,0.0003,0.1
,,,,,341082,920.617,268,,,,,,,,
,,,,,341403,1168.5883,321,,,,,,,,
,,,,,341688,1032.4272,285,,,,,,,,
,,,,,341955,944.8756,267,,,,,,,,
,,,,,342000,,,-234.67288208007812,-1.2629036903381348,3.4238510131835938,234.2163543701172,234.0441131591797,0.0003,0.0003,0.1
,,,,,342216,934.0845,261,,,,,,,,
,,,,,342453,874.39343,237,,,,,,,,
,,,,,342700,882.27295,247,,,,,,,,
,,,,,342982,1023.58246,282,,,,,,,,
,,,,,343000,,,-234.34034729003906,-1.1883265972137451,3.0767674446105957,233.71737670898438,233.7638397216797,0.0003,0.0003,0.1
,,,,,343225,874.3204,243,,,,,,,,
,,,,,343522,1082.4084,297,,,,,,,,
,,,,,344000,,,-229.27035522460938,-1.5542311668395996,9.559625625610352,227.75682067871094,227.368408203125,0.0003,0.0003,0.1
,,,,,344186,2266.516,664,,,,,,,,
,,,,,344426,860.36414,240,,,,,,,,
,,,,,344686,935.6806,260,,,,,,,,
,,,,,344942,926.19714,256,,,,,,,,
871.3986,49.886322,929.24335,792.5349,241.4,345000,,,-220.73886108398438,-1.5494093894958496,4.93345308303833,219.82484436035156,219.78126525878906,0.0003,0.0003,0.1
,,,,,345224,1032.8969,282,,,,,,,,
,,,,,345498,993.37335,274,,,,,,,,
,,,,,345511,15.904935,13,,,,,,,,
,,,,,345837,1160.4834,326,,,,,,,,
,,,,,346000,,,-225.2090301513672,-1.2440922260284424,3.1407275199890137,224.64393615722656,224.55105590820312,0.0003,0.0003,0.1
,,,,,346059,789.8566,222,,,,,,,,
,,,,,346274,735.52966,215,,,,,,,,
,,,,,346495,757.2524,221,,,,,,,,
,,,,,346751,898.5381,256,,,,,,,,
,,,,,346991,872.0753,240,,,,,,,,
,,,,,347000,,,-229.49942016601562,-1.5567364692687988,3.404362678527832,227.2474365234375,227.49459838867188,0.0003,0.0003,0.1
,,,,,347235,864.75824,244,,,,,,,,
,,,,,347486,892.1522,251,,,,,,,,
,,,,,347730,874.0873,244,,,,,,,,
,,,,,347939,754.5644,209,,,,,,,,
,,,,,348000,,,-230.043212890625,-1.7063796520233154,9.355656623840332,229.1436309814453,229.48329162597656,0.0003,0.0003,0.1
,,,,,348184,856.8766,245,,,,,,,,
,,,,,348416,843.3025,232,,,,,,,,
,,,,,348679,912.74713,263,,,,,,,,
,,,,,348904,819.4854,225,,,,,,,,
,,,,,349000,,,-236.58938598632812,-1.5050437450408936,89.16814422607422,235.4108123779297,236.07342529296875,0.0003,0.0003,0.1
,,,,,349136,846.84924,232,,,,,,,,
,,,,,349149,16.30217,13,,,,,,,,
,,,,,349385,846.0256,236,,,,,,,,
,,,,,349636,907.45905,251,,,,,,,,
,,,,,349891,902.20294,255,,,,,,,,
773.0465,262.33286,1014.17706,17.61363,219.5,350000,,,-228.5677032470703,-1.4442558288574219,3.8766939640045166,228.00958251953125,228.10275268554688,0.0003,0.0003,0.1
,,,,,350114,773.7172,223,,,,,,,,
,,,,,350409,1075.5419,295,,,,,,,,
,,,,,350679,972.1211,270,,,,,,,,
,,,,,350913,830.636,234,,,,,,,,
,,,,,351000,,,-235.75967407226562,-1.104846715927124,4.382482528686523,235.33102416992188,235.08041381835938,0.0003,0.0003,0.1
,,,,,351147,869.4166,234,,,,,,,,
,,,,,351381,821.1774,234,,,,,,,,
,,,,,351690,1101.704,309,,,,,,,,
,,,,,351935,864.047,245,,,,,,,,
,,,,,352000,,,-235.68194580078125,-1.9920254945755005,5.329595565795898,233.92291259765625,233.75762939453125,0.0003,0.0003,0.1
,,,,,352240,1103.1462,305,,,,,,,,
,,,,,352472,823.0314,232,,,,,,,,
,,,,,352718,874.16724,246,,,,,,,,
,,,,,352748,46.09588,30,,,,,,,,
,,,,,353000,,,-233.78347778320312,-1.6025505065917969,9.070898056030273,233.08392333984375,232.8006591796875,0.0003,0.0003,0.1
,,,,,353003,913.04144,255,,,,,,,,
,,,,,353242,845.8917,239,,,,,,,,
,,,,,353503,947.2279,261,,,,,,,,
,,,,,353721,738.68604,218,,,,,,,,
,,,,,353936,794.02844,215,,,,,,,,
,,,,,354000,,,-233.05763244628906,-1.3916504383087158,5.0820417404174805,232.15316772460938,232.40472412109375,0.0003,0.0003,0.1
,,,,,354163,842.4248,227,,,,,,,,
,,,,,354420,912.7534,257,,,,,,,,
,,,,,354659,856.32056,239,,,,,,,,
,,,,,354900,868.3005,241,,,,,,,,
972.28894,98.72246,1206.384,863.6734,277.3,355000,,,-222.22320556640625,-1.4968962669372559,4.265288352966309,220.3916778564453,219.859619140625,0.0003,0.0003,0.1
,,,,,355138,859.6803,238,,,,,,,,
,,,,,355399,931.0146,261,,,,,,,,
,,,,,355640,872.324,241,,,,,,,,
,,,,,355887,903.5957,247,,,,,,,,
,,,,,356000,,,-233.55703735351562,-1.143254041671753,3.3874094486236572,232.46490478515625,232.8329315185547,0.0003,0.0003,0.1
,,,,,356144,920.72644,257,,,,,,,,
,,,,,356365,791.0478,221,,,,,,,,
,,,,,356659,1066.3508,294,,,,,,,,
,,,,,356954,1074.394,295,,,,,,,,
,,,,,357000,,,-242.45901489257812,-1.0365642309188843,4.389962673187256,241.92575073242188,241.91546630859375,0.0003,0.0003,0.1
,,,,,357266,1136.7667,312,,,,,,,,
,,,,,357506,855.80884,240,,,,,,,,
,,,,,357756,886.68964,250,,,,,,,,
,,,,,358000,,,-228.04608154296875,-1.5097875595092773,8.946878433227539,226.8133087158203,226.52072143554688,0.0003,0.0003,0.1
,,,,,358027,986.6893,271,,,,,,,,
,,,,,358269,862.21674,242,,,,,,,,
,,,,,358526,916.9783,257,,,,,,,,
,,,,,358783,917.0178,257,,,,,,,,
,,,,,359000,,,-229.26101684570312,-1.8264358043670654,7.028719425201416,227.93301391601562,227.2978057861328,0.0003,0.0003,0.1
,,,,,359017,832.6103,234,,,,,,,,
,,,,,359244,805.862,227,,,,,,,,
,,,,,359459,767.5761,215,,,,,,,,
,,,,,359722,934.46423,263,,,,,,,,
,,,,,359952,843.45306,230,,,,,,,,
887.93896,148.36047,1303.2275,751.64075,244.4,360000,,,-215.42056274414062,-1.708216905593872,5.423433303833008,213.8419647216797,214.03285217285156,0.0003,0.0003,0.1
,,,,,360178,790.39417,226,,,,,,,,
,,,,,360449,968.62006,271,,,,,,,,
,,,,,360693,862.468,244,,,,,,,,
,,,,,360936,896.32477,243,,,,,,,,
,,,,,361000,,,-241.26663208007812,-1.2545820474624634,2.8410210609436035,240.50537109375,240.50344848632812,0.0003,0.0003,0.1
,,,,,361183,893.7143,247,,,,,,,,
,,,,,361418,836.48065,235,,,,,,,,
,,,,,361670,924.18054,252,,,,,,,,
,,,,,361900,845.62036,230,,,,,,,,
,,,,,362000,,,-229.27284240722656,-1.5319840908050537,4.799863815307617,228.47103881835938,228.52352905273438,0.0003,0.0003,0.1
,,,,,362139,861.8218,239,,,,,,,,
,,,,,362404,939.51263,265,,,,,,,,
,,,,,362609,719.3331,205,,,,,,,,
,,,,,362853,863.17316,244,,,,,,,,
,,,,,363000,,,-237.30703735351562,-1.657325267791748,3.2402641773223877,236.56072998046875,236.79263305664062,0.0003,0.0003,0.1
,,,,,363100,908.211,247,,,,,,,,
,,,,,363403,1131.8984,303,,,,,,,,
,,,,,363715,1147.5737,312,,,,,,,,
,,,,,363994,1027.1462,279,,,,,,,,
,,,,,364000,,,-231.86868286132812,-1.2561856508255005,3.67105770111084,230.45745849609375,230.76589965820312,0.0003,0.0003,0.1
,,,,,364245,897.7301,251,,,,,,,,
,,,,,364501,926.85736,256,,,,,,,,
,,,,,364733,809.30115,232,,,,,,,,
954.96027,57.763348,1082.348,879.1964,265.2,365000,,,-232.01808166503906,-1.5308303833007812,7.754893779754639,231.45306396484375,231.3509063720703,0.0003,0.0003,0.1
,,,,,365017,1044.508,284,,,,,,,,
,,,,,365297,1006.9293,280,,,,,,,,
,,,,,365509,707.4781,212,,,,,,,,
,,,,,365766,893.7429,257,,,,,,,,
,,,,,366000,,,-237.47482299804688,-1.4446518421173096,3.2590627670288086,236.4840087890625,236.3268585205078,0.0003,0.0003,0.1
,,,,,366020,909.2672,254,,,,,,,,
,,,,,366308,1025.0979,288,,,,,,,,
,,,,,366556,857.4259,248,,,,,,,,
,,,,,366839,1041.5183,283,,,,,,,,
,,,,,367000,,,-234.10092163085938,-1.110178828239441,3.259376049041748,233.2718048095703,233.30809020996094,0.0003,0.0003,0.1
,,,,,367086,892.4099,247,,,,,,,,
,,,,,367371,1028.0774,285,,,,,,,,
,,,,,367652,982.9842,281,,,,,,,,
,,,,,367892,868.7218,240,,,,,,,,
,,,,,368000,,,-242.2332305908203,-1.261092185974121,2.488262891769409,241.5848388671875,241.47666931152344,0.0003,0.0003,0.1
,,,,,368164,985.842,272,,,,,,,,
,,,,,368418,908.51605,254,,,,,,,,
,,,,,368661,875.5836,243,,,,,,,,
,,,,,368960,1085.7117,299,,,,,,,,
,,,,,369000,,,-237.48477172851562,-1.2604501247406006,3.944002628326416,235.88845825195312,235.65322875976562,0.0003,0.0003,0.1
,,,,,369251,1059.5623,291,,,,,,,,
,,,,,369295,76.1866,44,,,,,,,,
,,,,,369626,1189.6997,331,,,,,,,,
,,,,,369883,917.388,257,,,,,,,,
1167.7073,102.9136,1325.8864,1024.967,321.7,370000,,,-235.96875,-1.7195026874542236,13.550228118896484,234.28335571289062,235.57786560058594,0.0003,0.0003,0.1
,,,,,370127,874.68445,244,,,,,,,,
,,,,,370433,1119.126,306,,,,,,,,
,,,,,370725,1073.2269,292,,,,,,,,
,,,,,371000,,,-226.2093505859375,-1.7368717193603516,4.998595237731934,225.4630126953125,225.34170532226562,0.0003,0.0003,0.1
,,,,,371048,1127.4618,323,,,,,,,,
,,,,,371307,936.171,259,,,,,,,,
,,,,,371549,862.1562,242,,,,,,,,
,,,,,371789,875.92053,240,,,,,,,,
,,,,,372000,,,-227.52743530273438,-1.2521377801895142,4.808552265167236,226.19082641601562,226.37600708007812,0.0003,0.0003,0.1
,,,,,372132,1240.5801,343,,,,,,,,
,,,,,372432,1109.2572,300,,,,,,,,
,,,,,372672,828.78156,240,,,,,,,,
,,,,,372979,1141.0309,307,,,,,,,,
,,,,,373000,,,-237.4119110107422,-1.3597866296768188,3.098113775253296,236.80331420898438,236.81219482421875,0.0003,0.0003,0.1
,,,,,373241,936.2013,262,,,,,,,,
,,,,,373528,1026.462,287,,,,,,,,
,,,,,373840,1136.9086,312,,,,,,,,
,,,,,374000,,,-229.15899658203125,-1.3622925281524658,4.5413336753845215,228.74008178710938,228.8218231201172,0.0003,0.0003,0.1
,,,,,374071,830.0651,231,,,,,,,,
,,,,,374358,1038.2618,287,,,,,,,,
,,,,,374601,884.2281,243,,,,,,,,
,,,,,374872,961.6087,271,,,,,,,,
885.62274,75.28493,1034.1875,783.2771,248.6,375000,,,-232.8289794921875,-1.392020344734192,3.9218058586120605,232.24679565429688,232.3914794921875,0.0003,0.0003,0.1
,,,,,375151,1010.80176,279,,,,,,,,
,,,,,375430,998.59015,279,,,,,,,,
,,,,,375697,949.51184,267,,,,,,,,
,,,,,375932,871.38434,235,,,,,,,,
,,,,,376000,,,-235.853515625,-1.4073781967163086,3.659008502960205,235.21005249023438,234.99810791015625,0.0003,0.0003,0.1
,,,,,376194,927.0745,262,,,,,,,,
,,,,,376439,880.42334,245,,,,,,,,
,,,,,376674,854.8143,235,,,,,,,,
,,,,,376880,722.479,206,,,,,,,,
,,,,,377000,,,-240.4771728515625,-1.3656436204910278,5.652178764343262,239.96389770507812,239.6642608642578,0.0003,0.0003,0.1
,,,,,377140,939.212,260,,,,,,,,
,,,,,377382,889.8619,242,,,,,,,,
,,,,,377612,840.78284,230,,,,,,,,
,,,,,377854,861.84985,242,,,,,,,,
,,,,,378000,,,-234.92312622070312,-1.6806104183197021,6.790553569793701,233.2361602783203,233.09225463867188,0.0003,0.0003,0.1
,,,,,378091,847.2078,237,,,,,,,,
,,,,,378336,900.005,245,,,,,,,,
,,,,,378565,790.795,229,,,,,,,,
,,,,,378819,929.7431,254,,,,,,,,
,,,,,379000,,,-231.06568908691406,-1.1690130233764648,3.9882073402404785,229.58309936523438,229.8576202392578,0.0003,0.0003,0.1
,,,,,379068,883.5497,249,,,,,,,,
,,,,,379334,947.2447,266,,,,,,,,
,,,,,379634,1086.6068,300,,,,,,,,
,,,,,379904,967.2172,270,,,,,,,,
979.2274,80.911354,1112.736,875.62,271.3,380000,,,-237.9591064453125,-1.51106595993042,6.404030799865723,236.30014038085938,236.28912353515625,0.0003,0.0003,0.1
,,,,,380153,913.80145,249,,,,,,,,
,,,,,380441,1044.6562,288,,,,,,,,
,,,,,380718,999.36475,277,,,,,,,,
,,,,,380961,881.066,243,,,,,,,,
,,,,,381000,,,-233.03890991210938,-1.0635112524032593,2.896941900253296,232.55319213867188,232.55999755859375,0.0003,0.0003,0.1
,,,,,381214,911.6201,253,,,,,,,,
,,,,,381469,932.4627,255,,,,,,,,
,,,,,381717,889.8197,248,,,,,,,,
,,,,,381945,816.89984,228,,,,,,,,
,,,,,382000,,,-227.77386474609375,-1.6906801462173462,4.367210388183594,227.34974670410156,226.71343994140625,0.0003,0.0003,0.1
,,,,,382196,912.1475,251,,,,,,,,
,,,,,382428,807.304,232,,,,,,,,
,,,,,382702,980.6824,274,,,,,,,,
,,,,,382951,881.78925,249,,,,,,,,
,,,,,383000,,,-226.1769561767578,-1.2483657598495483,4.782227516174316,225.13348388671875,225.58834838867188,0.0003,0.0003,0.1
,,,,,383270,1138.0145,319,,,,,,,,
,,,,,383500,805.4323,230,,,,,,,,
,,,,,383745,848.667,245,,,,,,,,
,,,,,384000,,,-236.96826171875,-1.492295503616333,4.067841529846191,235.9160614013672,236.17218017578125,0.0003,0.0003,0.1
,,,,,384002,914.7403,257,,,,,,,,
,,,,,384237,836.65546,235,,,,,,,,
,,,,,384518,1031.2762,281,,,,,,,,
,,,,,384787,970.3931,269,,,,,,,,
848.0924,38.52894,918.3516,789.4332,235.4,385000,,,-233.4295196533203,-1.5046743154525757,5.306014060974121,232.9104461669922,232.71310424804688,0.0003,0.0003,0.1
,,,,,385023,859.48755,236,,,,,,,,
,,,,,385263,842.37054,240,,,,,,,,
,,,,,385537,954.1458,274,,,,,,,,
,,,,,385781,885.85156,244,,,,,,,,
,,,,,386000,,,-233.3384246826172,-1.2264693975448608,4.714649677276611,232.88592529296875,233.15089416503906,0.0003,0.0003,0.1
,,,,,386019,848.72296,238,,,,,,,,
,,,,,386305,1019.54553,286,,,,,,,,
,,,,,386599,1082.081,294,,,,,,,,
,,,,,386900,1083.8932,301,,,,,,,,
,,,,,387000,,,-234.48870849609375,-1.0491111278533936,3.295342206954956,233.88182067871094,233.89739990234375,0.0003,0.0003,0.1
,,,,,387150,865.27734,250,,,,,,,,
,,,,,387396,906.3629,246,,,,,,,,
,,,,,387661,940.1455,265,,,,,,,,
,,,,,387928,947.9021,267,,,,,,,,
,,,,,388000,,,-231.89593505859375,-1.4618868827819824,2.6930229663848877,229.70387268066406,229.469970703125,0.0003,0.0003,0.1
,,,,,388166,881.8086,238,,,,,,,,
,,,,,388421,924.98157,255,,,,,,,,
,,,,,388638,788.0109,217,,,,,,,,
,,,,,388945,1089.0438,307,,,,,,,,
,,,,,389000,,,-235.10299682617188,-1.464521050453186,8.842073440551758,234.205322265625,234.16268920898438,0.0003,0.0003,0.1
,,,,,389239,1076.082,294,,,,,,,,
,,,,,389476,836.2536,237,,,,,,,,
,,,,,389698,812.36914,222,,,,,,,,
,,,,,389945,888.9608,247,,,,,,,,
717.72327,351.46387,1012.59845,23.777878,203.4,390000,,,-233.50509643554688,-1.4404795169830322,6.5020551681518555,232.84347534179688,232.69869995117188,0.0003,0.0003,0.1
,,,,,390211,968.3732,266,,,,,,,,
,,,,,390448,838.8791,237,,,,,,,,
,,,,,390697,887.26465,249,,,,,,,,
,,,,,390941,876.6032,244,,,,,,,,
,,,,,391000,,,-230.35008239746094,-1.557232141494751,3.3259143829345703,229.61378479003906,229.56820678710938,0.0003,0.0003,0.1
,,,,,391181,851.90784,240,,,,,,,,
,,,,,391426,883.54236,245,,,,,,,,
,,,,,391682,906.1419,256,,,,,,,,
,,,,,391949,957.05,267,,,,,,,,
,,,,,392000,,,-227.9375457763672,-1.3832900524139404,4.211338996887207,226.53794860839844,226.61981201171875,0.0003,0.0003,0.1
,,,,,392259,1126.3323,310,,,,,,,,
,,,,,392539,1022.41376,280,,,,,,,,
,,,,,392774,796.84247,235,,,,,,,,
,,,,,393000,,,-230.19540405273438,-1.3442541360855103,4.538728713989258,228.66976928710938,228.53665161132812,0.0003,0.0003,0.1
,,,,,393057,1039.325,283,,,,,,,,
,,,,,393377,1175.0298,320,,,,,,,,
,,,,,393646,966.7814,269,,,,,,,,
,,,,,393996,1298.3745,350,,,,,,,,
,,,,,394000,,,-232.10548400878906,-1.4223300218582153,13.53147029876709,230.3118438720703,230.1714324951172,0.0003,0.0003,0.1
,,,,,394246,895.8071,250,,,,,,,,
,,,,,394459,756.7159,213,,,,,,,,
,,,,,394703,884.9639,244,,,,,,,,
,,,,,394941,856.62476,238,,,,,,,,
856.69073,31.848024,909.45,805.79504,240.4,395000,,,-225.54788208007812,-1.1401255130767822,3.641235589981079,225.05047607421875,225.22853088378906,0.0003,0.0003,0.1
,,,,,395171,838.8599,230,,,,,,,,
,,,,,395481,1137.9141,310,,,,,,,,
,,,,,395732,873.58606,251,,,,,,,,
,,,,,396000,,,-226.46754455566406,-1.5992995500564575,6.037759304046631,225.36233520507812,225.37200927734375,0.0003,0.0003,0.1
,,,,,396132,1445.9408,400,,,,,,,,
,,,,,396375,857.3049,243,,,,,,,,
,,,,,396609,845.6757,234,,,,,,,,
,,,,,396854,884.4542,245,,,,,,,,
,,,,,397000,,,-234.17198181152344,-1.3304295539855957,3.075803756713867,233.60401916503906,233.86538696289062,0.0003,0.0003,0.1
,,,,,397075,804.60425,221,,,,,,,,
,,,,,397337,952.6168,262,,,,,,,,
,,,,,397565,795.7311,228,,,,,,,,
,,,,,397807,847.22614,242,,,,,,,,
,,,,,398000,,,-235.8354034423828,-1.6803133487701416,6.332469463348389,234.6294403076172,234.39358520507812,0.0003,0.0003,0.1
,,,,,398028,786.45605,221,,,,,,,,
,,,,,398367,1242.0588,339,,,,,,,,
,,,,,398656,1034.9792,289,,,,,,,,
,,,,,398925,954.86255,269,,,,,,,,
,,,,,399000,,,-239.21926879882812,-1.5682876110076904,4.166194438934326,238.33914184570312,237.92446899414062,0.0003,0.0003,0.1
,,,,,399256,1196.8002,331,,,,,,,,
,,,,,399516,945.6072,260,,,,,,,,
,,,,,399753,868.059,237,,,,,,,,
,,,,,399997,905.4703,244,,,,,,,,
1185.8552,155.76234,1461.2576,926.3935,319.4,400000,,,-228.68905639648438,-1.4757308959960938,5.527192115783691,228.16452026367188,228.11923217773438,0.0003,0.0003,0.1
,,,,,400337,1251.5348,340,,,,,,,,
,,,,,400578,878.636,241,,,,,,,,
,,,,,400812,879.7935,234,,,,,,,,
,,,,,401000,,,-242.00094604492188,-1.598799705505371,5.185826301574707,240.36544799804688,240.26077270507812,0.0003,0.0003,0.1
,,,,,401090,1008.1532,278,,,,,,,,
,,,,,401337,871.51196,247,,,,,,,,
,,,,,401576,843.3407,239,,,,,,,,
,,,,,401837,944.9329,261,,,,,,,,
,,,,,402000,,,-240.4895782470703,-1.2002177238464355,4.341884613037109,239.74490356445312,239.89755249023438,0.0003,0.0003,0.1
,,,,,402069,847.7231,232,,,,,,,,
,,,,,402379,1163.0056,310,,,,,,,,
,,,,,402637,933.57196,258,,,,,,,,
,,,,,402886,901.8101,249,,,,,,,,
,,,,,403000,,,-231.88055419921875,-1.6465098857879639,4.071413993835449,231.24530029296875,231.0506591796875,0.0003,0.0003,0.1
,,,,,403141,914.6997,255,,,,,,,,
,,,,,403356,787.6248,215,,,,,,,,
,,,,,403618,944.5476,262,,,,,,,,
,,,,,403877,932.57635,259,,,,,,,,
,,,,,404000,,,-235.11520385742188,-1.40005624294281,3.4077746868133545,233.34347534179688,233.50326538085938,0.0003,0.0003,0.1
,,,,,404114,878.9318,237,,,,,,,,
,,,,,404353,866.28864,239,,,,,,,,
,,,,,404669,1179.672,316,,,,,,,,
,,,,,404895,827.7337,226,,,,,,,,
992.3131,146.5407,1322.5648,805.67596,275.2,405000,,,-240.16978454589844,-1.4679824113845825,4.922560214996338,238.72836303710938,238.64524841308594,0.0003,0.0003,0.1
,,,,,405139,875.0962,244,,,,,,,,
,,,,,405414,988.56244,275,,,,,,,,
,,,,,405649,860.5658,235,,,,,,,,
,,,,,405889,896.1893,240,,,,,,,,
,,,,,406000,,,-229.89352416992188,-1.4095451831817627,4.4674458503723145,228.77638244628906,228.875732421875,0.0003,0.0003,0.1
,,,,,406186,1134.1448,297,,,,,,,,
,,,,,406416,852.03357,230,,,,,,,,
,,,,,406655,862.952,239,,,,,,,,
,,,,,406673,24.485315,18,,,,,,,,
,,,,,406692,25.663023,19,,,,,,,,
,,,,,406984,1081.2562,292,,,,,,,,
,,,,,407000,,,-237.78237915039062,-1.1857277154922485,3.1361920833587646,237.18540954589844,237.37225341796875,0.0003,0.0003,0.1
,,,,,407004,26.636515,20,,,,,,,,
,,,,,407257,895.9824,253,,,,,,,,
,,,,,407381,324.88416,124,,,,,,,,
,,,,,407631,908.7825,250,,,,,,,,
,,,,,407908,1003.52856,277,,,,,,,,
,,,,,408000,,,-235.4936065673828,-1.7379236221313477,17.814228057861328,233.55111694335938,234.1689453125,0.0003,0.0003,0.1
,,,,,408162,911.8892,254,,,,,,,,
,,,,,408419,925.2194,257,,,,,,,,
,,,,,408675,917.2418,256,,,,,,,,
,,,,,408915,866.28503,240,,,,,,,,
,,,,,409000,,,-227.74798583984375,-1.2308449745178223,3.1163582801818848,227.21002197265625,226.84939575195312,0.0003,0.0003,0.1
,,,,,409165,903.12933,250,,,,,,,,
,,,,,409392,859.6295,227,,,,,,,,
,,,,,409637,913.0403,245,,,,,,,,
,,,,,409819,618.40015,182,,,,,,,,
,,,,,409840,29.93565,21,,,,,,,,
907.74524,107.77595,1186.9,773.26416,252.7,410000,,,-221.94046020507812,-1.3924418687820435,51.179290771484375,221.00735473632812,220.672119140625,0.0003,0.0003,0.1
,,,,,410157,1169.1711,317,,,,,,,,
,,,,,410435,1013.61176,278,,,,,,,,
,,,,,410741,1150.4785,306,,,,,,,,
,,,,,410983,873.26654,242,,,,,,,,
,,,,,411000,,,-234.7817840576172,-1.2097032070159912,9.391263961791992,233.40365600585938,233.94525146484375,0.0003,0.0003,0.1
,,,,,411212,847.999,229,,,,,,,,
,,,,,411457,864.85626,245,,,,,,,,
,,,,,411730,986.5852,273,,,,,,,,
,,,,,412000,,,-230.40682983398438,-1.4807796478271484,7.349128723144531,228.37615966796875,228.5711669921875,0.0003,0.0003,0.1
,,,,,412025,1076.9448,295,,,,,,,,
,,,,,412265,894.8362,240,,,,,,,,
,,,,,412591,1199.003,326,,,,,,,,
,,,,,412885,1068.588,294,,,,,,,,
,,,,,413000,,,-230.73516845703125,-1.430546522140503,4.806388854980469,229.24258422851562,229.17041015625,0.0003,0.0003,0.1
,,,,,413173,1060.1191,288,,,,,,,,
,,,,,413528,1297.5193,355,,,,,,,,
,,,,,413809,1040.5588,281,,,,,,,,
,,,,,414000,,,-231.20721435546875,-1.1971842050552368,2.6338303089141846,230.49365234375,230.59814453125,0.0003,0.0003,0.1
,,,,,414092,1018.5876,283,,,,,,,,
,,,,,414370,1011.66254,278,,,,,,,,
,,,,,414630,947.4175,260,,,,,,,,
,,,,,414911,1032.1006,281,,,,,,,,
1126.6484,125.355934,1336.2507,947.6596,306.8,415000,,,-230.3194580078125,-1.2034151554107666,5.134567737579346,229.70169067382812,229.93527221679688,0.0003,0.0003,0.1
,,,,,415152,880.8345,241,,,,,,,,
,,,,,415407,924.53064,255,,,,,,,,
,,,,,415648,861.78265,241,,,,,,,,
,,,,,415878,836.57465,230,,,,,,,,
,,,,,416000,,,-232.36630249023438,-1.5623950958251953,3.0079174041748047,231.70669555664062,232.04917907714844,0.0003,0.0003,0.1
,,,,,416120,875.46185,242,,,,,,,,
,,,,,416362,876.9235,242,,,,,,,,
,,,,,416620,921.9111,258,,,,,,,,
,,,,,417000,,,-232.66378784179688,-1.3123396635055542,2.9306068420410156,232.03457641601562,232.0057373046875,0.0003,0.0003,0.1
,,,,,417620,3578.4822,1000,,,,,,,,
,,,,,417848,814.44775,228,,,,,,,,
,,,,,418000,,,-236.09613037109375,-1.1171894073486328,3.153139591217041,235.36749267578125,235.4127960205078,0.0003,0.0003,0.1
,,,,,418103,905.187,255,,,,,,,,
,,,,,418359,901.36163,256,,,,,,,,
,,,,,418602,861.7099,243,,,,,,,,
,,,,,418833,822.65894,231,,,,,,,,
,,,,,419000,,,-228.49111938476562,-1.2239876985549927,2.980238914489746,227.7845458984375,227.58169555664062,0.0003,0.0003,0.1
,,,,,419125,1071.8145,292,,,,,,,,
,,,,,419429,1139.6079,304,,,,,,,,
,,,,,419718,1049.0208,289,,,,,,,,
,,,,,419967,903.39435,249,,,,,,,,
966.2536,84.55138,1193.5792,915.21063,264.7,420000,,,-233.45028686523438,-1.3631500005722046,3.2620058059692383,232.92510986328125,233.05108642578125,0.0003,0.0003,0.1
,,,,,420260,1089.9692,293,,,,,,,,
,,,,,420498,861.3311,238,,,,,,,,
,,,,,420715,746.8822,217,,,,,,,,
,,,,,420939,810.33264,224,,,,,,,,
,,,,,421000,,,-237.535400390625,-1.4679675102233887,3.3039402961730957,236.4512939453125,236.47935485839844,0.0003,0.0003,0.1
,,,,,421160,775.4339,221,,,,,,,,
,,,,,421380,821.8,220,,,,,,,,
,,,,,421665,1027.6266,285,,,,,,,,
,,,,,421886,768.9462,221,,,,,,,,
,,,,,422000,,,-232.9599151611328,-1.6615933179855347,4.8283915519714355,232.20364379882812,231.92471313476562,0.0003,0.0003,0.1
,,,,,422162,1007.943,276,,,,,,,,
,,,,,422382,786.6417,220,,,,,,,,
,,,,,422626,907.4703,244,,,,,,,,
,,,,,422824,736.8597,198,,,,,,,,
,,,,,423000,,,-240.0289306640625,-1.4415420293807983,4.047395706176758,238.70472717285156,238.4942169189453,0.0003,0.0003,0.1
,,,,,423033,782.66235,209,,,,,,,,
,,,,,423270,841.50397,237,,,,,,,,
,,,,,423629,1300.3065,359,,,,,,,,
,,,,,423974,1252.5142,345,,,,,,,,
,,,,,424000,,,-239.6942138671875,-1.4136791229248047,31.291715621948242,238.378173828125,237.47946166992188,0.0003,0.0003,0.1
,,,,,424270,1065.0483,296,,,,,,,,
,,,,,424560,1063.9291,290,,,,,,,,
,,,,,424818,935.2655,258,,,,,,,,
911.382,71.39643,1061.1816,792.48224,250.4,425000,,,-234.3973388671875,-1.2653276920318604,2.930764675140381,233.7569122314453,233.90478515625,0.0003,0.0003,0.1
,,,,,425092,997.7244,274,,,,,,,,
,,,,,425401,1142.6578,309,,,,,,,,
,,,,,425650,905.337,249,,,,,,,,
,,,,,425918,961.4822,268,,,,,,,,
,,,,,426000,,,-234.34210205078125,-1.3314769268035889,3.759460926055908,233.82568359375,233.5165252685547,0.0003,0.0003,0.1
,,,,,426174,920.768,256,,,,,,,,
,,,,,426474,1117.9103,300,,,,,,,,
,,,,,426722,885.6795,248,,,,,,,,
,,,,,426962,824.6994,240,,,,,,,,
,,,,,427000,,,-229.857177734375,-1.4280705451965332,12.526901245117188,228.66464233398438,229.37353515625,0.0003,0.0003,0.1
,,,,,427246,1029.2926,284,,,,,,,,
,,,,,427494,891.0827,248,,,,,,,,
,,,,,427758,958.20795,264,,,,,,,,
,,,,,428000,,,-231.60714721679688,-1.1883776187896729,2.618527889251709,231.06365966796875,231.14405822753906,0.0003,0.0003,0.1
,,,,,428007,898.1717,249,,,,,,,,
,,,,,428323,1176.6515,316,,,,,,,,
,,,,,428582,930.00824,259,,,,,,,,
,,,,,428863,1035.1099,281,,,,,,,,
,,,,,429000,,,-234.85723876953125,-1.05235755443573,6.216157913208008,234.6385498046875,234.1083526611328,0.0003,0.0003,0.1
,,,,,429176,1160.7592,313,,,,,,,,
,,,,,429432,905.5327,256,,,,,,,,
,,,,,429713,1030.3741,281,,,,,,,,
959.0882,85.94971,1096.1595,860.0608,264.8,430000,,,-240.0807342529297,-1.2817004919052124,3.0876009464263916,239.3792724609375,239.19259643554688,0.0003,0.0003,0.1
,,,,,430012,1095.1952,299,,,,,,,,
,,,,,430286,998.4989,274,,,,,,,,
,,,,,430524,859.8116,238,,,,,,,,
,,,,,430763,859.7853,239,,,,,,,,
,,,,,431000,,,-233.12680053710938,-1.4539765119552612,3.7228851318359375,232.51612854003906,232.72897338867188,0.0003,0.0003,0.1
,,,,,431027,941.45795,264,,,,,,,,
,,,,,431269,860.05176,242,,,,,,,,
,,,,,431502,872.37366,233,,,,,,,,
,,,,,431773,992.00055,271,,,,,,,,
,,,,,432000,,,-228.6966552734375,-1.1072708368301392,4.91255521774292,227.3990936279297,227.28421020507812,0.0003,0.0003,0.1
,,,,,432035,949.45123,262,,,,,,,,
,,,,,432350,1186.3666,315,,,,,,,,
,,,,,432608,930.43604,258,,,,,,,,
,,,,,432844,849.7128,236,,,,,,,,
,,,,,433000,,,-241.51220703125,-1.089053988456726,6.721474647521973,240.30294799804688,240.77374267578125,0.0003,0.0003,0.1
,,,,,433070,840.67645,226,,,,,,,,
,,,,,433381,1168.775,311,,,,,,,,
,,,,,433603,803.6921,222,,,,,,,,
,,,,,433861,935.44635,258,,,,,,,,
,,,,,434000,,,-234.866455078125,-1.4884414672851562,3.976593494415283,233.8679656982422,233.974365234375,0.0003,0.0003,0.1
,,,,,434257,1483.4259,396,,,,,,,,
,,,,,434509,911.5604,252,,,,,,,,
,,,,,434766,923.304,257,,,,,,,,
961.3956,71.10401,1103.6367,871.9071,264.5,435000,,,-240.30406188964844,-1.1545206308364868,4.876324653625488,238.30673217773438,238.64352416992188,0.0003,0.0003,0.1
,,,,,435074,1135.3901,308,,,,,,,,
,,,,,435322,890.79114,248,,,,,,,,
,,,,,435551,852.89777,229,,,,,,,,
,,,,,435906,1339.4202,355,,,,,,,,
,,,,,436000,,,-236.03663635253906,-1.4300044775009155,2.9108662605285645,235.5216064453125,235.5,0.0003,0.0003,0.1
,,,,,436233,1226.0968,327,,,,,,,,
,,,,,436451,785.0225,218,,,,,,,,
,,,,,436687,845.9246,236,,,,,,,,
,,,,,436924,863.3793,237,,,,,,,,
,,,,,437000,,,-243.0380096435547,-1.1039674282073975,2.954143762588501,242.44851684570312,242.15065002441406,0.0003,0.0003,0.1
,,,,,437176,910.96686,252,,,,,,,,
,,,,,437415,863.38135,239,,,,,,,,
,,,,,437439,27.466774,24,,,,,,,,
,,,,,437688,891.6948,249,,,,,,,,
,,,,,437958,984.30164,270,,,,,,,,
,,,,,438000,,,-233.21673583984375,-1.4065879583358765,3.565976858139038,232.64910888671875,232.72999572753906,0.0003,0.0003,0.1
,,,,,438188,853.083,230,,,,,,,,
,,,,,438512,1197.1693,324,,,,,,,,
,,,,,438753,894.96155,241,,,,,,,,
,,,,,439000,,,-240.12973022460938,-1.4989869594573975,7.78242301940918,239.48495483398438,239.34927368164062,0.0003,0.0003,0.1
,,,,,439007,926.48553,254,,,,,,,,
,,,,,439270,954.7085,263,,,,,,,,
,,,,,439480,749.88,210,,,,,,,,
,,,,,439762,1026.2966,282,,,,,,,,
,,,,,439975,725.654,213,,,,,,,,
1091.2412,417.74673,1576.3148,38.738346,298.0,440000,,,-236.87924194335938,-1.6011364459991455,2.809868812561035,235.83303833007812,235.6323699951172,0.0003,0.0003,0.1
,,,,,440235,950.2608,260,,,,,,,,
,,,,,440463,818.7283,228,,,,,,,,
,,,,,440787,1172.4982,324,,,,,,,,
,,,,,441000,,,-230.33758544921875,-1.4643568992614746,3.488917350769043,229.4747772216797,229.49085998535156,0.0003,0.0003,0.1
,,,,,441030,879.606,243,,,,,,,,
,,,,,441282,911.8898,252,,,,,,,,
,,,,,441564,1044.1222,282,,,,,,,,
,,,,,441866,1097.3882,302,,,,,,,,
,,,,,442000,,,-241.51895141601562,-1.1080065965652466,3.5220866203308105,240.13047790527344,240.3574676513672,0.0003,0.0003,0.1
,,,,,442125,929.80084,259,,,,,,,,
,,,,,442438,1161.6195,313,,,,,,,,
,,,,,442468,44.93408,30,,,,,,,,
,,,,,442729,945.6366,261,,,,,,,,
,,,,,442857,339.01947,128,,,,,,,,
,,,,,443000,,,-236.35980224609375,-1.1588735580444336,2.8278791904449463,236.01971435546875,236.05661010742188,0.0003,0.0003,0.1
,,,,,443111,905.94,254,,,,,,,,
,,,,,443391,1024.1448,280,,,,,,,,
,,,,,443712,1173.7257,321,,,,,,,,
,,,,,443961,896.11694,249,,,,,,,,
,,,,,444000,,,-242.87290954589844,-1.3399841785430908,17.524446487426758,240.8235321044922,240.90867614746094,0.0003,0.0003,0.1
,,,,,444212,893.21875,251,,,,,,,,
,,,,,444461,888.10693,249,,,,,,,,
,,,,,444707,886.4634,246,,,,,,,,
,,,,,444959,904.1066,252,,,,,,,,
1039.1909,113.87741,1176.8202,892.69183,283.8,445000,,,-229.0882110595703,-1.4527010917663574,3.182936906814575,228.35235595703125,228.1915740966797,0.0003,0.0003,0.1
,,,,,445278,1178.062,319,,,,,,,,
,,,,,445589,1165.0807,311,,,,,,,,
,,,,,445825,850.84595,236,,,,,,,,
,,,,,446000,,,-233.23902893066406,-1.2803723812103271,3.4547767639160156,232.57012939453125,232.59170532226562,0.0003,0.0003,0.1
,,,,,446080,909.6272,255,,,,,,,,
,,,,,446363,1030.5315,283,,,,,,,,
,,,,,446705,1247.1503,342,,,,,,,,
,,,,,446939,848.8018,234,,,,,,,,
,,,,,447000,,,-232.4696502685547,-1.2161407470703125,2.4516139030456543,231.05154418945312,231.2244873046875,0.0003,0.0003,0.1
,,,,,447202,958.8494,263,,,,,,,,
,,,,,447485,1044.3046,283,,,,,,,,
,,,,,447804,1184.6324,319,,,,,,,,
,,,,,448000,,,-232.4156036376953,-1.1617168188095093,6.406603813171387,231.4630126953125,231.6039276123047,0.0003,0.0003,0.1
,,,,,448041,852.74316,237,,,,,,,,
,,,,,448341,1119.235,300,,,,,,,,
,,,,,448642,1097.12,301,,,,,,,,
,,,,,449000,,,-241.47396850585938,-1.4599510431289673,3.537022113800049,240.68447875976562,240.7626495361328,0.0003,0.0003,0.1
,,,,,449102,1678.0762,460,,,,,,,,
,,,,,449338,831.2607,236,,,,,,,,
,,,,,449644,1158.2726,306,,,,,,,,
,,,,,449902,913.0574,258,,,,,,,,
1015.7938,133.28137,1189.4474,854.75836,278.0,450000,,,-237.51718139648438,-1.2695233821868896,4.361316680908203,236.93484497070312,237.093994140625,0.0003,0.0003,0.1
,,,,,450142,866.80896,240,,,,,,,,
,,,,,450397,925.04816,255,,,,,,,,
,,,,,450644,908.2639,247,,,,,,,,
,,,,,450782,378.22134,138,,,,,,,,
,,,,,450910,341.80185,128,,,,,,,,
,,,,,451000,,,-240.90394592285156,-1.04752516746521,4.441448211669922,240.57733154296875,240.53399658203125,0.0003,0.0003,0.1
,,,,,451155,887.4234,245,,,,,,,,
,,,,,451480,1199.6539,325,,,,,,,,
,,,,,451726,887.4925,246,,,,,,,,
,,,,,452000,,,-238.14108276367188,-1.3357300758361816,2.174776554107666,237.79913330078125,237.6495819091797,0.0003,0.0003,0.1
,,,,,452003,1024.2771,277,,,,,,,,
,,,,,452290,1042.6692,287,,,,,,,,
,,,,,452545,915.21014,255,,,,,,,,
,,,,,452834,1059.6025,289,,,,,,,,
,,,,,453000,,,-229.76107788085938,-1.6079708337783813,117.63497161865234,228.42910766601562,227.69427490234375,0.0003,0.0003,0.1
,,,,,453123,1070.8136,289,,,,,,,,
,,,,,453372,913.7137,249,,,,,,,,
,,,,,453609,849.7256,237,,,,,,,,
,,,,,453893,1038.724,284,,,,,,,,
,,,,,454000,,,-238.63540649414062,-1.5339148044586182,3.679417133331299,237.69520568847656,238.29876708984375,0.0003,0.0003,0.1
,,,,,454141,920.042,248,,,,,,,,
,,,,,454465,1204.8317,324,,,,,,,,
,,,,,454724,947.6503,259,,,,,,,,
,,,,,454971,892.6464,247,,,,,,,,
905.5321,75.01614,1097.4039,803.6993,247.8,455000,,,-240.16281127929688,-1.5176284313201904,4.76079797744751,239.29566955566406,239.65158081054688,0.0003,0.0003,0.1
,,,,,455293,1203.3195,322,,,,,,,,
,,,,,455553,939.4381,260,,,,,,,,
,,,,,455790,861.05585,237,,,,,,,,
,,,,,456000,,,-236.0465850830078,-1.2725045680999756,219.17027282714844,235.44712829589844,234.63075256347656,0.0003,0.0003,0.1
,,,,,456015,795.2313,225,,,,,,,,
,,,,,456295,1032.7732,280,,,,,,,,
,,,,,456549,907.97003,254,,,,,,,,
,,,,,456820,984.3509,271,,,,,,,,
,,,,,457000,,,-237.63682556152344,-1.5302058458328247,4.0265913009643555,236.94290161132812,236.73516845703125,0.0003,0.0003,0.1
,,,,,457061,884.6283,241,,,,,,,,
,,,,,457342,1043.2617,281,,,,,,,,
,,,,,457655,1152.8046,313,,,,,,,,
,,,,,457902,886.95856,247,,,,,,,,
,,,,,458000,,,-235.18991088867188,-1.260894536972046,3.2258076667785645,234.68972778320312,234.74691772460938,0.0003,0.0003,0.1
,,,,,458184,1039.2058,282,,,,,,,,
,,,,,458441,933.83496,257,,,,,,,,
,,,,,458737,1076.9381,296,,,,,,,,
,,,,,459000,,,-232.96067810058594,-1.52055025100708,2.890784502029419,232.25991821289062,232.20901489257812,0.0003,0.0003,0.1
,,,,,459003,970.74396,266,,,,,,,,
,,,,,459306,1140.9705,303,,,,,,,,
,,,,,459541,858.27594,235,,,,,,,,
,,,,,459782,846.3491,241,,,,,,,,
982.6063,103.31935,1168.1982,851.03046,269.5,460000,,,-235.27529907226562,-1.170720100402832,2.229290008544922,234.69830322265625,234.6191864013672,0.0003,0.0003,0.1
,,,,,460068,1062.0432,286,,,,,,,,
,,,,,460362,1084.1257,294,,,,,,,,
,,,,,460630,967.6617,268,,,,,,,,
,,,,,460923,1089.4608,293,,,,,,,,
,,,,,461000,,,-246.33499145507812,-1.4778733253479004,2.8483550548553467,245.66897583007812,245.91912841796875,0.0003,0.0003,0.1
,,,,,461161,865.6442,238,,,,,,,,
,,,,,461174,15.225667,13,,,,,,,,
,,,,,461460,1054.4873,286,,,,,,,,
,,,,,461741,1013.907,281,,,,,,,,
,,,,,462000,,,-231.661865234375,-1.2347371578216553,2.7813658714294434,231.34918212890625,230.98587036132812,0.0003,0.0003,0.1
,,,,,462038,1114.1667,297,,,,,,,,
,,,,,462287,889.9106,249,,,,,,,,
,,,,,462527,865.42426,240,,,,,,,,
,,,,,462763,863.1361,236,,,,,,,,
,,,,,462972,703.99457,209,,,,,,,,
,,,,,463000,,,-234.04058837890625,-1.3580665588378906,7.666950702667236,231.59576416015625,231.50904846191406,0.0003,0.0003,0.1
,,,,,463277,1134.0845,305,,,,,,,,
,,,,,463558,995.35077,281,,,,,,,,
,,,,,463812,931.62964,254,,,,,,,,
,,,,,464000,,,-239.09652709960938,-1.137742519378662,4.874227523803711,238.5791015625,238.3131103515625,0.0003,0.0003,0.1
,,,,,464046,853.70917,234,,,,,,,,
,,,,,464304,942.1822,258,,,,,,,,
,,,,,464542,855.81104,238,,,,,,,,
,,,,,464773,808.27985,231,,,,,,,,
971.63654,105.213936,1241.0474,872.61945,266.6,465000,,,-244.97030639648438,-1.2752747535705566,4.346611976623535,244.21974182128906,244.18679809570312,0.0003,0.0003,0.1
,,,,,465026,910.76434,253,,,,,,,,
,,,,,465326,1096.6102,300,,,,,,,,
,,,,,465572,885.64276,246,,,,,,,,
,,,,,465830,934.3859,258,,,,,,,,
,,,,,466000,,,-240.2153778076172,-1.7403466701507568,3.9881703853607178,238.68409729003906,238.5877685546875,0.0003,0.0003,0.1
,,,,,466088,932.09,258,,,,,,,,
,,,,,466385,1098.7922,297,,,,,,,,
,,,,,466624,881.7651,239,,,,,,,,
,,,,,466868,890.08356,244,,,,,,,,
,,,,,467000,,,-242.24603271484375,-1.3675451278686523,4.648667812347412,240.25143432617188,240.34475708007812,0.0003,0.0003,0.1
,,,,,467101,821.3001,233,,,,,,,,
,,,,,467362,950.97534,261,,,,,,,,
,,,,,467668,1143.3169,306,,,,,,,,
,,,,,467915,907.1044,247,,,,,,,,
,,,,,468000,,,-234.1731414794922,-1.5231399536132812,4.631697654724121,233.5795135498047,233.47764587402344,0.0003,0.0003,0.1
,,,,,468170,917.7689,255,,,,,,,,
,,,,,468414,877.90186,244,,,,,,,,
,,,,,468694,1034.6934,280,,,,,,,,
,,,,,468924,805.4735,230,,,,,,,,
,,,,,469000,,,-239.63748168945312,-0.9525070786476135,2.8492555618286133,239.08822631835938,239.10549926757812,0.0003,0.0003,0.1
,,,,,469187,952.26166,263,,,,,,,,
,,,,,469428,866.7805,241,,,,,,,,
,,,,,469705,1010.4959,277,,,,,,,,
,,,,,469990,1054.6367,285,,,,,,,,
906.6655,52.162853,1022.2033,841.75714,247.7,470000,,,-234.4658203125,-1.3511706590652466,3.605963706970215,234.13485717773438,233.8400115966797,0.0003,0.0003,0.1
,,,,,470280,1096.8234,290,,,,,,,,
,,,,,470566,1054.3068,286,,,,,,,,
,,,,,470836,993.4334,270,,,,,,,,
,,,,,471000,,,-238.15374755859375,-1.1736340522766113,4.504648208618164,237.53123474121094,238.03555297851562,0.0003,0.0003,0.1
,,,,,471111,989.6949,275,,,,,,,,
,,,,,471366,920.9312,255,,,,,,,,
,,,,,471636,985.56085,270,,,,,,,,
,,,,,471887,915.726,251,,,,,,,,
,,,,,472000,,,-238.97900390625,-1.194066047668457,4.4003400802612305,238.37786865234375,238.19850158691406,0.0003,0.0003,0.1
,,,,,472157,1006.7183,270,,,,,,,,
,,,,,472441,1038.5918,284,,,,,,,,
,,,,,472755,1185.5679,314,,,,,,,,
,,,,,473000,,,-240.4525146484375,-1.3162353038787842,4.424156665802002,239.73912048339844,239.87001037597656,0.0003,0.0003,0.1
,,,,,473060,1155.3173,305,,,,,,,,
,,,,,473349,1075.32,289,,,,,,,,
,,,,,473599,928.53046,250,,,,,,,,
,,,,,473846,908.71576,247,,,,,,,,
,,,,,474000,,,-240.79800415039062,-1.308512806892395,3.599595546722412,239.58517456054688,239.40753173828125,0.0003,0.0003,0.1
,,,,,474101,926.7781,255,,,,,,,,
,,,,,474349,916.5757,248,,,,,,,,
,,,,,474575,817.38995,226,,,,,,,,
,,,,,474822,902.1316,247,,,,,,,,
1116.174,179.57874,1444.3187,914.5459,306.7,475000,,,-235.9133758544922,-1.2442368268966675,5.950715065002441,235.0347900390625,235.55352783203125,0.0003,0.0003,0.1
,,,,,475111,1074.1224,289,,,,,,,,
,,,,,475364,913.3206,253,,,,,,,,
,,,,,475607,901.3746,243,,,,,,,,
,,,,,475854,897.633,247,,,,,,,,
,,,,,476000,,,-239.34426879882812,-1.5992622375488281,4.621029853820801,238.66244506835938,238.61769104003906,0.0003,0.0003,0.1
,,,,,476140,1063.2988,286,,,,,,,,
,,,,,476422,1030.5873,282,,,,,,,,
,,,,,476695,1020.58466,273,,,,,,,,
,,,,,476934,868.70123,239,,,,,,,,
,,,,,477000,,,-239.14242553710938,-1.4847724437713623,5.035858154296875,238.55953979492188,238.63815307617188,0.0003,0.0003,0.1
,,,,,477177,862.5077,243,,,,,,,,
,,,,,477468,1086.0634,291,,,,,,,,
,,,,,477755,1043.7142,287,,,,,,,,
,,,,,478000,,,-239.40225219726562,-1.3375898599624634,3.3773016929626465,238.12989807128906,237.88095092773438,0.0003,0.0003,0.1
,,,,,478023,985.3819,268,,,,,,,,
,,,,,478270,897.66394,247,,,,,,,,
,,,,,478567,1080.1832,297,,,,,,,,
,,,,,478858,1082.6217,291,,,,,,,,
,,,,,479000,,,-232.13381958007812,-1.29649817943573,5.318151473999023,230.88430786132812,230.390625,0.0003,0.0003,0.1
,,,,,479119,964.18286,261,,,,,,,,
,,,,,479349,829.5117,230,,,,,,,,
,,,,,479680,1195.8594,331,,,,,,,,
,,,,,479923,881.6388,243,,,,,,,,
902.92413,81.82558,1134.5963,829.6798,248.1,480000,,,-247.18873596191406,-1.0499109029769897,5.1149492263793945,246.51925659179688,246.29483032226562,0.0003,0.0003,0.1
,,,,,480155,862.1693,232,,,,,,,,
,,,,,480440,1050.6042,285,,,,,,,,
,,,,,480671,848.54626,231,,,,,,,,
,,,,,480917,892.2111,246,,,,,,,,
,,,,,481000,,,-243.3656005859375,-1.0947868824005127,2.504568099975586,242.283935546875,242.27362060546875,0.0003,0.0003,0.1
,,,,,481156,869.0001,239,,,,,,,,
,,,,,481475,1190.0839,319,,,,,,,,
,,,,,481698,781.971,223,,,,,,,,
,,,,,481916,721.2935,218,,,,,,,,
,,,,,482000,,,-237.29959106445312,-1.2458951473236084,4.668618202209473,235.8015899658203,235.78878784179688,0.0003,0.0003,0.1
,,,,,482149,803.1043,233,,,,,,,,
,,,,,482388,852.937,239,,,,,,,,
,,,,,482649,963.65216,261,,,,,,,,
,,,,,482925,1001.8066,276,,,,,,,,
,,,,,483000,,,-242.86416625976562,-1.4219255447387695,3.244978666305542,241.41744995117188,241.8135528564453,0.0003,0.0003,0.1
,,,,,483203,1030.2625,278,,,,,,,,
,,,,,483446,884.12006,243,,,,,,,,
,,,,,483684,833.7844,238,,,,,,,,
,,,,,484000,,,-232.02850341796875,-1.4233109951019287,2.359849452972412,230.27000427246094,230.33279418945312,0.0003,0.0003,0.1
,,,,,484170,1785.0316,486,,,,,,,,
,,,,,484408,857.32196,238,,,,,,,,
,,,,,484698,1083.2428,290,,,,,,,,
1138.8805,701.0638,3030.121,47.761555,313.2,485000,,,-246.71994018554688,-1.3087544441223145,3.837451696395874,246.13604736328125,246.05068969726562,0.0003,0.0003,0.1
,,,,,485012,1179.5436,314,,,,,,,,
,,,,,485256,892.8645,244,,,,,,,,
,,,,,485535,1031.6777,279,,,,,,,,
,,,,,485858,1211.1583,323,,,,,,,,
,,,,,486000,,,-247.73602294921875,-1.0576021671295166,4.9533843994140625,247.1504669189453,246.818603515625,0.0003,0.0003,0.1
,,,,,486144,1064.3634,286,,,,,,,,
,,,,,486418,1021.973,274,,,,,,,,
,,,,,486696,1036.5254,278,,,,,,,,
,,,,,486939,879.92993,243,,,,,,,,
,,,,,487000,,,-233.2615966796875,-1.5070091485977173,8.84351921081543,232.12576293945312,232.08892822265625,0.0003,0.0003,0.1
,,,,,487177,845.7436,238,,,,,,,,
,,,,,487453,1015.95154,276,,,,,,,,
,,,,,487692,881.0263,239,,,,,,,,
,,,,,487952,945.3791,260,,,,,,,,
,,,,,488000,,,-232.63021850585938,-1.3783507347106934,3.375291347503662,231.76805114746094,231.59326171875,0.0003,0.0003,0.1
,,,,,488186,845.97906,234,,,,,,,,
,,,,,488447,951.3582,261,,,,,,,,
,,,,,488692,893.2029,245,,,,,,,,
,,,,,488936,870.0365,244,,,,,,,,
,,,,,489000,,,-230.5885009765625,-1.6708996295928955,3.4183530807495117,229.17568969726562,228.93997192382812,0.0003,0.0003,0.1
,,,,,489220,1050.0065,284,,,,,,,,
,,,,,489494,1014.1904,274,,,,,,,,
,,,,,489745,899.86017,251,,,,,,,,
,,,,,489997,909.0195,252,,,,,,,,
948.5781,73.22951,1110.4761,850.10394,260.2,490000,,,-244.90704345703125,-1.3458654880523682,37.90738296508789,243.94851684570312,244.4183807373047,0.0003,0.0003,0.1
,,,,,490287,1049.0883,290,,,,,,,,
,,,,,490575,1076.3762,288,,,,,,,,
,,,,,490839,961.7749,264,,,,,,,,
,,,,,491000,,,-242.1162109375,-1.5436747074127197,9.961738586425781,240.4472198486328,241.2620849609375,0.0003,0.0003,0.1
,,,,,491118,1032.3225,279,,,,,,,,
,,,,,491399,1032.2888,281,,,,,,,,
,,,,,491643,816.14557,244,,,,,,,,
,,,,,491895,913.53674,252,,,,,,,,
,,,,,492000,,,-239.08534240722656,-1.3581888675689697,12.802705764770508,237.23306274414062,237.47628784179688,0.0003,0.0003,0.1
,,,,,492163,984.67163,268,,,,,,,,
,,,,,492418,959.92633,255,,,,,,,,
,,,,,492686,989.0763,268,,,,,,,,
,,,,,492917,829.74713,231,,,,,,,,
,,,,,492975,113.24169,58,,,,,,,,
,,,,,493000,,,-245.1898651123047,-1.3169097900390625,2.845824956893921,243.99583435058594,243.8804168701172,0.0003,0.0003,0.1
,,,,,493262,1061.0885,287,,,,,,,,
,,,,,493507,900.74664,245,,,,,,,,
,,,,,493746,881.2131,239,,,,,,,,
,,,,,494000,,,-242.76028442382812,-1.6773264408111572,5.267388820648193,242.09884643554688,241.9822235107422,0.0003,0.0003,0.1
,,,,,494035,965.6543,289,,,,,,,,
,,,,,494307,1021.4613,272,,,,,,,,
,,,,,494549,873.803,242,,,,,,,,
,,,,,494796,885.3323,247,,,,,,,,
,,,,,494849,92.668846,53,,,,,,,,
1070.0906,99.725105,1185.0104,887.57214,293.3,495000,,,-235.26119995117188,-1.0207105875015259,3.4715166091918945,234.5465087890625,234.89877319335938,0.0003,0.0003,0.1
,,,,,495403,1994.2882,554,,,,,,,,
,,,,,495636,841.8318,233,,,,,,,,
,,,,,495935,1085.6885,299,,,,,,,,
,,,,,496000,,,-242.7310791015625,-1.2505964040756226,3.786038398742676,242.09930419921875,242.340087890625,0.0003,0.0003,0.1
,,,,,496249,1178.4506,314,,,,,,,,
,,,,,496533,1041.0448,284,,,,,,,,
,,,,,496817,1042.2896,284,,,,,,,,
,,,,,497000,,,-245.7119598388672,-0.9633264541625977,2.8421895503997803,245.32510375976562,245.02593994140625,0.0003,0.0003,0.1
,,,,,497061,895.8957,244,,,,,,,,
,,,,,497303,867.03796,242,,,,,,,,
,,,,,497594,1052.4337,291,,,,,,,,
,,,,,497874,1038.5244,280,,,,,,,,
,,,,,498000,,,-236.688232421875,-1.1852768659591675,9.57037353515625,235.95155334472656,236.16336059570312,0.0003,0.0003,0.1
,,,,,498154,1030.1581,280,,,,,,,,
,,,,,498409,920.68445,255,,,,,,,,
,,,,,498534,333.19885,125,,,,,,,,
,,,,,498834,1115.3419,300,,,,,,,,
,,,,,499000,,,-247.91481018066406,-1.1787912845611572,3.5287222862243652,247.1317138671875,247.21630859375,0.0003,0.0003,0.1
,,,,,499094,940.5608,260,,,,,,,,
,,,,,499392,1112.4159,298,,,,,,,,
,,,,,499665,1008.8836,273,,,,,,,,
,,,,,499890,802.8848,225,,,,,,,,
