Eval_AverageReturn,Eval_StdReturn,Eval_MaxReturn,Eval_MinReturn,Eval_AverageEpLen,step,Train_EpisodeReturn,Train_EpisodeLen,critic_loss,q_values,target_values,grad_norm,epsilon,lr
60.0,0.0,60.0,60.0,1930.0,0,,,,,,,,
,,,,,503,300.0,2034,,,,,,
,,,,,993,170.0,1962,,,,,,
,,,,,1491,180.0,2018,,,,,,
,,,,,1934,170.0,1786,,,,,,
,,,,,2324,230.0,1570,,,,,,
,,,,,2822,250.0,2002,,,,,,
,,,,,3224,140.0,1610,,,,,,
,,,,,3757,370.0,2146,,,,,,
,,,,,4179,220.0,1706,,,,,,
,,,,,4715,270.0,2170,,,,,,
,,,,,5212,250.0,2018,,,,,,
,,,,,5673,180.0,1850,,,,,,
,,,,,6404,450.0,2938,,,,,,
,,,,,6932,270.0,2122,,,,,,
,,,,,7334,160.0,1634,,,,,,
,,,,,7835,240.0,2018,,,,,,
,,,,,8370,260.0,2162,,,,,,
,,,,,8893,240.0,2114,,,,,,
,,,,,9332,280.0,1770,,,,,,
,,,,,9843,250.0,2050,,,,,,
60.0,0.0,60.0,60.0,1930.0,10000,,,,,,,,
,,,,,10190,160.0,1410,,,,,,
,,,,,10662,180.0,1906,,,,,,
,,,,,11134,200.0,1906,,,,,,
,,,,,11739,370.0,2442,,,,,,
,,,,,12165,150.0,1730,,,,,,
,,,,,12577,190.0,1674,,,,,,
,,,,,12983,180.0,1626,,,,,,
,,,,,13413,140.0,1746,,,,,,
,,,,,13857,190.0,1794,,,,,,
,,,,,14270,200.0,1682,,,,,,
,,,,,14745,270.0,1922,,,,,,
,,,,,15263,190.0,2090,,,,,,
,,,,,15765,250.0,2018,,,,,,
,,,,,16337,310.0,2306,,,,,,
,,,,,16752,240.0,1682,,,,,,
,,,,,17290,180.0,2178,,,,,,
,,,,,17738,250.0,1794,,,,,,
,,,,,18225,180.0,1954,,,,,,
,,,,,18641,130.0,1674,,,,,,
,,,,,19125,210.0,1954,,,,,,
,,,,,19623,300.0,2018,,,,,,
232.0,67.34983,280.0,70.0,2062.0,20000,,,3.157865285873413,-0.006390806287527084,0.3565124273300171,0.8921516537666321,1.0,0.0001
,,,,,20111,310.0,1970,,,,,,
,,,,,20618,290.0,2042,,,,,,
,,,,,21000,,,0.10974566638469696,0.3653784394264221,0.04046154022216797,2.037329912185669,0.9979375,0.0001
,,,,,21083,250.0,1874,,,,,,
,,,,,21497,140.0,1658,,,,,,
,,,,,22000,,,0.11515499651432037,0.29832813143730164,0.020397154614329338,1.8638437986373901,0.995875,0.0001
,,,,,22159,3420.0,2666,,,,,,
,,,,,22630,240.0,1890,,,,,,
,,,,,23000,,,8.172466278076172,0.7546244859695435,1.3425928354263306,10.975605010986328,0.9938125,0.0001
,,,,,23166,250.0,2146,,,,,,
,,,,,23511,200.0,1378,,,,,,
,,,,,24000,,,2.8910436630249023,0.8015286922454834,0.6625882983207703,4.986508846282959,0.99175,0.0001
,,,,,24147,370.0,2554,,,,,,
,,,,,24566,180.0,1706,,,,,,
,,,,,25000,,,6.408973217010498,1.3243939876556396,1.657240867614746,8.790704727172852,0.9896875,0.0001
,,,,,25061,230.0,1994,,,,,,
,,,,,25497,140.0,1770,,,,,,
,,,,,25927,120.0,1730,,,,,,
,,,,,26000,,,2.9765849113464355,1.350504755973816,1.3291276693344116,6.6514058113098145,0.987625,0.0001
,,,,,26477,360.0,2218,,,,,,
,,,,,26994,200.0,2090,,,,,,
,,,,,27000,,,5.303597450256348,1.951933741569519,2.1367015838623047,15.662678718566895,0.9855625,0.0001
,,,,,27505,160.0,2066,,,,,,
,,,,,28000,220.0,2002,,,,,,
,,,,,28000,,,2.7027149200439453,1.2691447734832764,1.4892067909240723,10.347661018371582,0.9835,0.0001
,,,,,28511,160.0,2058,,,,,,
,,,,,29000,,,0.6072402000427246,2.04557466506958,1.6535661220550537,16.552072525024414,0.9814375,0.0001
,,,,,29005,240.0,1986,,,,,,
,,,,,29487,210.0,1930,,,,,,
,,,,,29850,160.0,1466,,,,,,
250.0,80.87027,390.0,180.0,2898.0,30000,,,0.4228363633155823,2.395334243774414,1.9266893863677979,18.98529052734375,0.979375,0.0001
,,,,,30358,270.0,2058,,,,,,
,,,,,30829,180.0,1898,,,,,,
,,,,,31000,,,11.665691375732422,3.3893685340881348,4.239944934844971,59.1733283996582,0.9773125,0.0001
,,,,,31359,240.0,2138,,,,,,
,,,,,31790,160.0,1738,,,,,,
,,,,,32000,,,1.0506691932678223,2.305997610092163,1.816373348236084,31.279664993286133,0.97525,0.0001
,,,,,32383,360.0,2394,,,,,,
,,,,,32831,280.0,1818,,,,,,
,,,,,33000,,,1.0918903350830078,2.999333381652832,2.2332961559295654,48.13364791870117,0.9731875,0.0001
,,,,,33752,750.0,3706,,,,,,
,,,,,34000,,,0.3220003843307495,2.2059714794158936,1.9549260139465332,14.294405937194824,0.971125,0.0001
,,,,,34175,270.0,1714,,,,,,
,,,,,34619,310.0,1778,,,,,,
,,,,,35000,,,5.12428617477417,3.1201021671295166,3.2762250900268555,47.53273391723633,0.9690625,0.0001
,,,,,35154,320.0,2146,,,,,,
,,,,,35684,330.0,2130,,,,,,
,,,,,36000,,,6.113326072692871,3.1143932342529297,3.566628932952881,51.881202697753906,0.967,0.0001
,,,,,36283,320.0,2418,,,,,,
,,,,,36746,260.0,1874,,,,,,
,,,,,37000,,,1.8096662759780884,2.79964017868042,2.9265646934509277,35.37598419189453,0.9649375,0.0001
,,,,,37230,190.0,1962,,,,,,
,,,,,37854,700.0,2506,,,,,,
,,,,,38000,,,2.6032135486602783,4.037658214569092,4.03082799911499,39.5963134765625,0.962875,0.0001
,,,,,38265,300.0,1666,,,,,,
,,,,,38734,160.0,1890,,,,,,
,,,,,39000,,,6.730849266052246,3.6806883811950684,3.839568614959717,49.26206588745117,0.9608125,0.0001
,,,,,39185,170.0,1818,,,,,,
,,,,,39707,210.0,2090,,,,,,
312.0,36.823906,360.0,240.0,1964.4,40000,,,9.498340606689453,5.428415775299072,5.349167823791504,90.91426086425781,0.95875,9.999989583333334e-05
,,,,,40194,220.0,1978,,,,,,
,,,,,40546,120.0,1418,,,,,,
,,,,,40945,180.0,1602,,,,,,
,,,,,41000,,,11.942286491394043,5.711305618286133,6.6745710372924805,116.21003723144531,0.9566875,9.989572916666667e-05
,,,,,41418,240.0,1898,,,,,,
,,,,,41952,380.0,2162,,,,,,
,,,,,42000,,,4.437546730041504,5.181956768035889,4.595547676086426,102.13031768798828,0.9546250000000001,9.97915625e-05
,,,,,42377,270.0,1706,,,,,,
,,,,,42915,350.0,2162,,,,,,
,,,,,43000,,,3.3311495780944824,6.120471477508545,6.247713565826416,81.85466003417969,0.9525625,9.968739583333334e-05
,,,,,43302,160.0,1554,,,,,,
,,,,,43751,170.0,1818,,,,,,
,,,,,44000,,,1.0237233638763428,4.960957050323486,5.085775852203369,32.16499328613281,0.9505,9.958322916666667e-05
,,,,,44281,240.0,2130,,,,,,
,,,,,44787,300.0,2026,,,,,,
,,,,,45000,,,8.830957412719727,6.850198745727539,7.853308200836182,177.32875061035156,0.9484375,9.947906250000001e-05
,,,,,45327,270.0,2170,,,,,,
,,,,,45833,330.0,2050,,,,,,
,,,,,46000,,,5.833694934844971,6.433691024780273,6.112347602844238,102.67566680908203,0.946375,9.937489583333334e-05
,,,,,46343,250.0,2066,,,,,,
,,,,,46852,210.0,2034,,,,,,
,,,,,47000,,,7.154182434082031,7.862198829650879,8.137742042541504,80.06134033203125,0.9443125,9.927072916666668e-05
,,,,,47329,270.0,1922,,,,,,
,,,,,47830,300.0,2026,,,,,,
,,,,,48000,,,1.6635699272155762,5.695101261138916,5.768505096435547,80.58892822265625,0.94225,9.916656250000001e-05
,,,,,48328,230.0,2018,,,,,,
,,,,,48740,220.0,1650,,,,,,
,,,,,49000,,,7.568779945373535,8.25831413269043,8.804709434509277,209.3846893310547,0.9401875,9.906239583333335e-05
,,,,,49232,300.0,1978,,,,,,
,,,,,49682,150.0,1826,,,,,,
182.0,27.495455,200.0,140.0,2856.4,50000,,,5.651313781738281,7.597723960876465,7.510869026184082,103.76962280273438,0.938125,9.895822916666668e-05
,,,,,50101,240.0,1674,,,,,,
,,,,,50594,270.0,1994,,,,,,
,,,,,51000,,,3.0134634971618652,10.22550106048584,9.259880065917969,200.56918334960938,0.9360625,9.88540625e-05
,,,,,51085,220.0,1986,,,,,,
,,,,,51411,170.0,1306,,,,,,
,,,,,51914,280.0,2034,,,,,,
,,,,,52000,,,3.829740047454834,6.819632530212402,6.149771690368652,142.38180541992188,0.9339999999999999,9.874989583333334e-05
,,,,,52371,240.0,1850,,,,,,
,,,,,52852,260.0,1930,,,,,,
,,,,,53000,,,3.6475653648376465,11.926473617553711,11.32406997680664,184.5966796875,0.9319375,9.864572916666666e-05
,,,,,53239,170.0,1562,,,,,,
,,,,,53717,230.0,1914,,,,,,
,,,,,54000,,,2.25712251663208,10.292600631713867,9.685787200927734,161.6240692138672,0.929875,9.85415625e-05
,,,,,54172,260.0,1842,,,,,,
,,,,,54787,280.0,2474,,,,,,
,,,,,55000,,,7.650008201599121,10.562295913696289,10.966652870178223,92.06414794921875,0.9278125,9.843739583333333e-05
,,,,,55236,220.0,1802,,,,,,
,,,,,55735,280.0,2018,,,,,,
,,,,,56000,,,8.300323486328125,12.19194507598877,10.745004653930664,441.7691650390625,0.92575,9.833322916666668e-05
,,,,,56362,350.0,2522,,,,,,
,,,,,56831,230.0,1890,,,,,,
,,,,,57000,,,6.7211456298828125,10.30668830871582,11.353484153747559,333.5964660644531,0.9236875,9.82290625e-05
,,,,,57273,370.0,1786,,,,,,
,,,,,57740,200.0,1890,,,,,,
,,,,,58000,,,7.228682518005371,13.272340774536133,13.691466331481934,140.5371551513672,0.921625,9.812489583333335e-05
,,,,,58162,190.0,1690,,,,,,
,,,,,58576,220.0,1674,,,,,,
,,,,,59000,,,6.544916152954102,11.1455078125,10.735369682312012,176.74549865722656,0.9195625000000001,9.802072916666668e-05
,,,,,59068,220.0,1986,,,,,,
,,,,,59648,320.0,2338,,,,,,
780.0,396.8627,1530.0,480.0,2678.8,60000,,,2.150519847869873,12.601280212402344,12.000211715698242,141.76502990722656,0.9175,9.79165625e-05
,,,,,60178,250.0,2138,,,,,,
,,,,,60677,240.0,2018,,,,,,
,,,,,61000,,,6.464497089385986,14.244213104248047,14.853438377380371,279.78857421875,0.9154375,9.781239583333333e-05
,,,,,61311,480.0,2538,,,,,,
,,,,,61812,260.0,2026,,,,,,
,,,,,62000,,,7.739729881286621,11.716001510620117,11.12385368347168,113.91818237304688,0.913375,9.770822916666668e-05
,,,,,62480,330.0,2690,,,,,,
,,,,,62965,230.0,1946,,,,,,
,,,,,63000,,,13.931844711303711,15.911794662475586,17.775272369384766,464.6654357910156,0.9113125,9.76040625e-05
,,,,,63466,330.0,2026,,,,,,
,,,,,63967,310.0,2026,,,,,,
,,,,,64000,,,4.53566837310791,12.610368728637695,11.76241683959961,194.2807159423828,0.90925,9.749989583333335e-05
,,,,,64467,230.0,2002,,,,,,
,,,,,64847,170.0,1546,,,,,,
,,,,,65000,,,13.770547866821289,15.765670776367188,15.638935089111328,205.88841247558594,0.9071875,9.739572916666667e-05
,,,,,65281,160.0,1738,,,,,,
,,,,,65722,260.0,1786,,,,,,
,,,,,66000,,,1.4308453798294067,13.403909683227539,12.815797805786133,184.6172637939453,0.905125,9.72915625e-05
,,,,,66157,280.0,1746,,,,,,
,,,,,66511,200.0,1442,,,,,,
,,,,,66956,190.0,1794,,,,,,
,,,,,67000,,,26.502029418945312,13.521734237670898,14.538216590881348,187.1818084716797,0.9030625,9.718739583333334e-05
,,,,,67381,230.0,1698,,,,,,
,,,,,68000,,,6.347806453704834,18.099117279052734,18.181922912597656,226.5874481201172,0.901,9.708322916666667e-05
,,,,,68006,390.0,2522,,,,,,
,,,,,68427,220.0,1690,,,,,,
,,,,,68885,200.0,1858,,,,,,
,,,,,69000,,,7.780214309692383,13.579034805297852,12.831473350524902,256.34814453125,0.8989375,9.69790625e-05
,,,,,69315,270.0,1738,,,,,,
,,,,,69779,250.0,1882,,,,,,
197.0,29.342802,250.0,170.0,1366.8,70000,,,9.50027084350586,14.798089981079102,15.067232131958008,173.74588012695312,0.896875,9.687489583333333e-05
,,,,,70291,290.0,2050,,,,,,
,,,,,70731,230.0,1786,,,,,,
,,,,,71000,,,4.991873741149902,18.394075393676758,18.593891143798828,184.8704376220703,0.8948125,9.677072916666667e-05
,,,,,71223,270.0,1994,,,,,,
,,,,,71808,260.0,2362,,,,,,
,,,,,72000,,,7.871809959411621,19.779804229736328,18.103042602539062,519.9605712890625,0.89275,9.66665625e-05
,,,,,72330,280.0,2106,,,,,,
,,,,,72710,290.0,1522,,,,,,
,,,,,73000,,,6.739437103271484,23.918315887451172,23.62752914428711,213.87283325195312,0.8906875,9.656239583333334e-05
,,,,,73195,310.0,1946,,,,,,
,,,,,73651,240.0,1850,,,,,,
,,,,,74000,,,15.333307266235352,17.00479507446289,18.244976043701172,388.623046875,0.888625,9.645822916666667e-05
,,,,,74182,240.0,2130,,,,,,
,,,,,74548,240.0,1474,,,,,,
,,,,,75000,,,4.9409260749816895,18.157291412353516,17.599533081054688,242.6746826171875,0.8865625,9.635406250000001e-05
,,,,,75091,270.0,2186,,,,,,
,,,,,75640,270.0,2210,,,,,,
,,,,,76000,,,6.583825588226318,16.01982307434082,16.63433265686035,178.9571075439453,0.8845,9.624989583333334e-05
,,,,,76118,290.0,1914,,,,,,
,,,,,76582,270.0,1866,,,,,,
,,,,,77000,,,7.9276323318481445,22.441001892089844,21.70641326904297,352.1825256347656,0.8824375,9.614572916666667e-05
,,,,,77074,350.0,1978,,,,,,
,,,,,77609,350.0,2162,,,,,,
,,,,,78000,,,8.727361679077148,20.548179626464844,20.44101333618164,195.3691864013672,0.880375,9.60415625e-05
,,,,,78086,170.0,1914,,,,,,
,,,,,78653,330.0,2290,,,,,,
,,,,,79000,,,4.556303024291992,20.650558471679688,20.812641143798828,155.83804321289062,0.8783125,9.593739583333334e-05
,,,,,79186,310.0,2138,,,,,,
,,,,,79722,330.0,2154,,,,,,
826.0,324.93692,1200.0,430.0,2658.0,80000,,,5.363361358642578,15.945878982543945,16.067628860473633,128.5123291015625,0.87625,9.583322916666667e-05
,,,,,80536,1230.0,3282,,,,,,
,,,,,81000,,,83.45552062988281,26.993465423583984,27.64683723449707,2128.710205078125,0.8741875,9.57290625e-05
,,,,,81236,420.0,2802,,,,,,
,,,,,81628,210.0,1586,,,,,,
,,,,,82000,,,4.694846153259277,23.420642852783203,24.069684982299805,237.27017211914062,0.872125,9.562489583333334e-05
,,,,,82090,240.0,1858,,,,,,
,,,,,82575,240.0,1946,,,,,,
,,,,,82957,130.0,1554,,,,,,
,,,,,83000,,,12.962150573730469,21.260265350341797,21.417068481445312,261.69024658203125,0.8700625,9.552072916666667e-05
,,,,,83406,240.0,1802,,,,,,
,,,,,83890,270.0,1954,,,,,,
,,,,,84000,,,4.168283939361572,19.705121994018555,19.908889770507812,128.87501525878906,0.868,9.541656250000001e-05
,,,,,84452,330.0,2250,,,,,,
,,,,,84919,310.0,1890,,,,,,
,,,,,85000,,,5.316451072692871,26.19954490661621,25.89532470703125,208.46261596679688,0.8659375,9.531239583333334e-05
,,,,,85375,220.0,1842,,,,,,
,,,,,85955,260.0,2322,,,,,,
,,,,,86000,,,10.452033996582031,29.92814064025879,29.609107971191406,273.55682373046875,0.863875,9.520822916666667e-05
,,,,,86383,250.0,1714,,,,,,
,,,,,86900,330.0,2074,,,,,,
,,,,,87000,,,7.347892761230469,29.124385833740234,29.525022506713867,218.53265380859375,0.8618125,9.51040625e-05
,,,,,87424,350.0,2114,,,,,,
,,,,,87809,160.0,1546,,,,,,
,,,,,88000,,,7.629014015197754,28.890247344970703,26.90477180480957,617.2774658203125,0.85975,9.499989583333334e-05
,,,,,88277,210.0,1898,,,,,,
,,,,,88867,500.0,2370,,,,,,
,,,,,89000,,,71.42587280273438,30.3015079498291,32.560081481933594,2191.820556640625,0.8576875,9.489572916666667e-05
,,,,,89467,300.0,2418,,,,,,
,,,,,89858,220.0,1562,,,,,,
205.0,37.215588,270.0,140.0,1994.0,90000,,,11.794787406921387,26.96200180053711,26.4570255279541,188.01292419433594,0.855625,9.479156250000001e-05
,,,,,90264,220.0,1626,,,,,,
,,,,,90775,210.0,2066,,,,,,
,,,,,91000,,,3.093956470489502,25.81084442138672,24.98360252380371,236.3201446533203,0.8535625,9.468739583333334e-05
,,,,,91340,350.0,2274,,,,,,
,,,,,91732,220.0,1578,,,,,,
,,,,,92000,,,19.11309814453125,24.22381019592285,25.99215316772461,446.5885925292969,0.8515,9.458322916666668e-05
,,,,,92233,230.0,2010,,,,,,
,,,,,92761,250.0,2114,,,,,,
,,,,,93000,,,3.505034923553467,29.20806884765625,29.32805633544922,153.00775146484375,0.8494375000000001,9.447906250000001e-05
,,,,,93323,250.0,2274,,,,,,
,,,,,93795,220.0,1898,,,,,,
,,,,,94000,,,8.10738754272461,23.37260627746582,24.057628631591797,247.59812927246094,0.847375,9.437489583333334e-05
,,,,,94254,210.0,1842,,,,,,
,,,,,94794,350.0,2162,,,,,,
,,,,,95000,,,7.936948299407959,29.249130249023438,28.964374542236328,202.73431396484375,0.8453125,9.427072916666667e-05
,,,,,95312,230.0,2098,,,,,,
,,,,,95822,150.0,2050,,,,,,
,,,,,96000,,,3.1932644844055176,27.694263458251953,28.068952560424805,196.04983520507812,0.84325,9.41665625e-05
,,,,,96355,260.0,2138,,,,,,
,,,,,96934,270.0,2338,,,,,,
,,,,,97000,,,7.343929767608643,29.218387603759766,29.17826271057129,295.7926330566406,0.8411875,9.406239583333334e-05
,,,,,97369,250.0,1754,,,,,,
,,,,,98000,,,10.388192176818848,27.322193145751953,28.29869842529297,466.6181945800781,0.839125,9.395822916666667e-05
,,,,,98048,1160.0,2738,,,,,,
,,,,,98445,260.0,1610,,,,,,
,,,,,98992,370.0,2202,,,,,,
,,,,,99000,,,4.044674873352051,32.17664337158203,32.43314743041992,183.6168975830078,0.8370625,9.385406250000001e-05
,,,,,99396,140.0,1618,,,,,,
,,,,,99882,190.0,1970,,,,,,
329.0,48.466484,390.0,270.0,2045.2,100000,,,2.281782627105713,25.375808715820312,25.14999771118164,110.16816711425781,0.835,9.374989583333334e-05
,,,,,100430,280.0,2202,,,,,,
,,,,,100955,370.0,2114,,,,,,
,,,,,101000,,,9.834598541259766,27.37615966796875,27.465543746948242,259.6326904296875,0.8329375,9.364572916666668e-05
,,,,,101490,300.0,2170,,,,,,
,,,,,102000,,,10.839783668518066,32.282127380371094,30.092613220214844,796.517822265625,0.830875,9.35415625e-05
,,,,,102121,310.0,2546,,,,,,
,,,,,102568,260.0,1818,,,,,,
,,,,,103000,310.0,1738,,,,,,
,,,,,103000,,,4.507391452789307,28.840042114257812,29.877370834350586,302.1094970703125,0.8288125,9.343739583333334e-05
,,,,,103489,200.0,1962,,,,,,
,,,,,103991,250.0,2026,,,,,,
,,,,,104000,,,6.660506248474121,28.1611385345459,28.21793556213379,268.7818908691406,0.82675,9.333322916666666e-05
,,,,,104456,250.0,1866,,,,,,
,,,,,105000,,,77.60978698730469,28.25351905822754,29.42537498474121,2648.97021484375,0.8246875,9.32290625e-05
,,,,,105054,320.0,2418,,,,,,
,,,,,105754,430.0,2826,,,,,,
,,,,,106000,,,4.337818145751953,31.866533279418945,30.929306030273438,328.9469299316406,0.8226249999999999,9.312489583333333e-05
,,,,,106172,330.0,1690,,,,,,
,,,,,106587,230.0,1658,,,,,,
,,,,,107000,,,2.548051357269287,33.26861572265625,33.573516845703125,172.76068115234375,0.8205625,9.302072916666668e-05
,,,,,107031,180.0,1786,,,,,,
,,,,,107536,180.0,2050,,,,,,
,,,,,108000,,,3.8089334964752197,32.76714324951172,33.42640686035156,294.36810302734375,0.8185,9.29165625e-05
,,,,,108051,270.0,2058,,,,,,
,,,,,108651,480.0,2402,,,,,,
,,,,,109000,,,4.475649356842041,31.240341186523438,31.265195846557617,285.57366943359375,0.8164374999999999,9.281239583333335e-05
,,,,,109045,300.0,1586,,,,,,
,,,,,109519,290.0,1906,,,,,,
648.0,454.02203,1540.0,330.0,2763.6,110000,,,3.244528293609619,35.35035705566406,35.15843963623047,146.9949951171875,0.8143750000000001,9.270822916666668e-05
,,,,,110158,230.0,2578,,,,,,
,,,,,110556,230.0,1594,,,,,,
,,,,,111000,,,6.764432907104492,32.831947326660156,32.97029113769531,228.8467254638672,0.8123125,9.26040625e-05
,,,,,111014,230.0,1850,,,,,,
,,,,,111481,160.0,1890,,,,,,
,,,,,111956,200.0,1906,,,,,,
,,,,,112000,,,3.11959171295166,32.24623107910156,31.674293518066406,187.5892791748047,0.81025,9.249989583333333e-05
,,,,,112381,340.0,1706,,,,,,
,,,,,113000,,,7.549543380737305,34.182621002197266,33.76472473144531,270.7169189453125,0.8081875000000001,9.239572916666666e-05
,,,,,113063,340.0,2746,,,,,,
,,,,,113557,300.0,1978,,,,,,
,,,,,114000,,,8.978384017944336,37.548789978027344,37.75103759765625,196.0023956298828,0.806125,9.22915625e-05
,,,,,114092,240.0,2154,,,,,,
,,,,,114576,210.0,1946,,,,,,
,,,,,115000,,,1.7891087532043457,29.730030059814453,29.678539276123047,116.54904174804688,0.8040625,9.218739583333333e-05
,,,,,115032,200.0,1826,,,,,,
,,,,,115578,420.0,2194,,,,,,
,,,,,116000,,,7.954217433929443,32.272186279296875,33.494110107421875,390.5566101074219,0.802,9.208322916666667e-05
,,,,,116312,680.0,2938,,,,,,
,,,,,116795,370.0,1954,,,,,,
,,,,,117000,,,6.588040351867676,32.165870666503906,32.994441986083984,289.4337158203125,0.7999375,9.19790625e-05
,,,,,117257,220.0,1850,,,,,,
,,,,,117677,240.0,1690,,,,,,
,,,,,118000,,,7.518697261810303,35.5341796875,36.0833740234375,236.37474060058594,0.797875,9.187489583333334e-05
,,,,,118312,310.0,2562,,,,,,
,,,,,118851,280.0,2178,,,,,,
,,,,,119000,,,16.284095764160156,29.672550201416016,29.57707405090332,228.47283935546875,0.7958125,9.177072916666667e-05
,,,,,119409,300.0,2242,,,,,,
,,,,,119955,300.0,2186,,,,,,
244.0,8.0,260.0,240.0,1998.8,120000,,,9.901899337768555,33.15128707885742,33.02693176269531,208.67282104492188,0.79375,9.16665625e-05
,,,,,120439,350.0,1954,,,,,,
,,,,,120894,210.0,1834,,,,,,
,,,,,121000,,,4.602414131164551,33.063777923583984,32.94771194458008,193.76649475097656,0.7916875,9.156239583333333e-05
,,,,,121297,160.0,1618,,,,,,
,,,,,121775,210.0,1930,,,,,,
,,,,,122000,,,8.006030082702637,34.17655944824219,34.02004623413086,166.52459716796875,0.789625,9.145822916666667e-05
,,,,,122211,190.0,1746,,,,,,
,,,,,122851,530.0,2570,,,,,,
,,,,,123000,,,25.290809631347656,31.870670318603516,31.456836700439453,409.76092529296875,0.7875625,9.13540625e-05
,,,,,123480,410.0,2522,,,,,,
,,,,,123999,270.0,2098,,,,,,
,,,,,124000,,,4.454663276672363,32.56172180175781,31.522762298583984,342.8085632324219,0.7855,9.124989583333334e-05
,,,,,124474,370.0,1906,,,,,,
,,,,,125000,,,5.907264232635498,34.32648468017578,33.79804992675781,234.0073699951172,0.7834375,9.114572916666667e-05
,,,,,125209,530.0,2954,,,,,,
,,,,,125865,370.0,2642,,,,,,
,,,,,126000,,,6.441330909729004,33.642173767089844,33.41638946533203,137.70343017578125,0.781375,9.10415625e-05
,,,,,126328,230.0,1858,,,,,,
,,,,,126864,210.0,2170,,,,,,
,,,,,127000,,,13.64535903930664,31.948257446289062,32.409027099609375,274.6993103027344,0.7793125,9.093739583333334e-05
,,,,,127325,300.0,1874,,,,,,
,,,,,127824,250.0,2010,,,,,,
,,,,,128000,,,14.831964492797852,36.47922134399414,38.13349151611328,618.057373046875,0.77725,9.083322916666667e-05
,,,,,128295,350.0,1890,,,,,,
,,,,,128803,310.0,2042,,,,,,
,,,,,129000,,,158.34310913085938,27.780765533447266,28.551746368408203,584.1773071289062,0.7751875,9.072906250000001e-05
,,,,,129260,330.0,1850,,,,,,
,,,,,129722,250.0,1874,,,,,,
397.0,153.36557,540.0,190.0,2291.6,130000,,,3.7971737384796143,32.43926239013672,31.571393966674805,320.48004150390625,0.7731250000000001,9.062489583333333e-05
,,,,,130372,210.0,2626,,,,,,
,,,,,130974,370.0,2434,,,,,,
,,,,,131000,,,2.6088297367095947,38.830810546875,38.95050048828125,154.28280639648438,0.7710625,9.052072916666667e-05
,,,,,131441,230.0,1882,,,,,,
,,,,,132000,,,4.264975547790527,35.071861267089844,35.63701629638672,167.81268310546875,0.769,9.04165625e-05
,,,,,132131,470.0,2778,,,,,,
,,,,,132604,300.0,1922,,,,,,
,,,,,133000,,,7.461549758911133,33.482154846191406,34.994606018066406,443.5514221191406,0.7669375,9.031239583333334e-05
,,,,,133237,710.0,2554,,,,,,
,,,,,134000,,,3.1055006980895996,33.198570251464844,33.6622314453125,167.2133331298828,0.764875,9.020822916666667e-05
,,,,,134216,900.0,3922,,,,,,
,,,,,134649,270.0,1754,,,,,,
,,,,,135000,,,8.347857475280762,45.65807342529297,45.25028991699219,295.841064453125,0.7628125,9.010406250000001e-05
,,,,,135462,560.0,3258,,,,,,
,,,,,136000,,,5.107420921325684,31.58435821533203,32.44221496582031,327.1510314941406,0.76075,8.999989583333334e-05
,,,,,136001,300.0,2162,,,,,,
,,,,,136379,260.0,1538,,,,,,
,,,,,136764,260.0,1570,,,,,,
,,,,,137000,,,3.4659948348999023,33.40320587158203,32.85493469238281,212.96475219726562,0.7586875,8.989572916666668e-05
,,,,,137437,460.0,2698,,,,,,
,,,,,137880,280.0,1786,,,,,,
,,,,,138000,,,8.132960319519043,26.41036605834961,27.019372940063477,207.2006378173828,0.756625,8.979156250000001e-05
,,,,,138318,340.0,1762,,,,,,
,,,,,139000,,,4.803267478942871,31.805389404296875,32.40460205078125,235.57546997070312,0.7545625,8.968739583333334e-05
,,,,,139044,330.0,2930,,,,,,
,,,,,139526,250.0,1946,,,,,,
,,,,,139950,330.0,1722,,,,,,
300.0,43.127716,330.0,220.0,1861.2,140000,,,7.166784286499023,33.94218444824219,35.36581802368164,489.2154541015625,0.7525,8.958322916666667e-05
,,,,,140378,190.0,1722,,,,,,
,,,,,141000,,,8.197802543640137,33.61760711669922,33.518802642822266,229.67323303222656,0.7504375,8.94790625e-05
,,,,,141265,680.0,3546,,,,,,
,,,,,141986,570.0,2890,,,,,,
,,,,,142000,,,11.949384689331055,35.77117919921875,35.388885498046875,398.9415283203125,0.748375,8.937489583333334e-05
,,,,,142438,300.0,1834,,,,,,
,,,,,142871,220.0,1754,,,,,,
,,,,,143000,,,3.1863465309143066,30.8170108795166,31.26766586303711,212.01490783691406,0.7463125,8.927072916666667e-05
,,,,,143346,210.0,1922,,,,,,
,,,,,143835,340.0,1970,,,,,,
,,,,,144000,,,136.46243286132812,38.03544616699219,40.851097106933594,696.2351684570312,0.74425,8.916656250000001e-05
,,,,,144307,210.0,1906,,,,,,
,,,,,144803,310.0,1986,,,,,,
,,,,,145000,,,7.976096153259277,30.75311851501465,31.772729873657227,294.7134704589844,0.7421875,8.906239583333334e-05
,,,,,145293,320.0,1986,,,,,,
,,,,,145794,290.0,2026,,,,,,
,,,,,146000,,,8.122827529907227,39.9384880065918,39.346763610839844,296.3292236328125,0.7401249999999999,8.895822916666668e-05
,,,,,146336,450.0,2194,,,,,,
,,,,,146911,380.0,2322,,,,,,
,,,,,147000,,,7.450908660888672,30.736621856689453,30.120960235595703,349.3028259277344,0.7380625000000001,8.885406250000001e-05
,,,,,147377,310.0,1866,,,,,,
,,,,,148000,,,19.061176300048828,38.67539978027344,38.86069107055664,491.0204772949219,0.736,8.874989583333334e-05
,,,,,148010,1930.0,2546,,,,,,
,,,,,148559,520.0,2226,,,,,,
,,,,,149000,,,15.608502388000488,42.87441635131836,42.83900451660156,873.1683349609375,0.7339375,8.864572916666666e-05
,,,,,149002,290.0,1794,,,,,,
,,,,,149592,390.0,2386,,,,,,
525.0,138.94243,870.0,340.0,2555.6,150000,,,26.986886978149414,41.109886169433594,41.81222152709961,341.89324951171875,0.731875,8.854156250000001e-05
,,,,,150065,270.0,1914,,,,,,
,,,,,150525,290.0,1842,,,,,,
,,,,,150949,250.0,1698,,,,,,
,,,,,151000,,,172.35543823242188,33.106075286865234,36.29220962524414,838.440185546875,0.7298125,8.843739583333334e-05
,,,,,151271,120.0,1314,,,,,,
,,,,,151676,270.0,1650,,,,,,
,,,,,152000,,,21.191911697387695,37.0019416809082,37.34471893310547,358.1376647949219,0.72775,8.833322916666668e-05
,,,,,152127,320.0,1826,,,,,,
,,,,,152584,220.0,1842,,,,,,
,,,,,153000,,,5.944846153259277,36.332000732421875,37.100807189941406,292.3209228515625,0.7256875,8.82290625e-05
,,,,,153077,290.0,2002,,,,,,
,,,,,153592,360.0,2066,,,,,,
,,,,,154000,,,4.284706115722656,34.00665283203125,33.879207611083984,189.7480010986328,0.723625,8.812489583333335e-05
,,,,,154091,320.0,2002,,,,,,
,,,,,154483,180.0,1570,,,,,,
,,,,,154913,310.0,1746,,,,,,
,,,,,155000,,,4.360949516296387,40.11641311645508,39.64908218383789,235.0501708984375,0.7215625,8.802072916666668e-05
,,,,,155475,330.0,2250,,,,,,
,,,,,155960,300.0,1962,,,,,,
,,,,,156000,,,63.34077835083008,43.6104850769043,43.99260330200195,504.3180236816406,0.7195,8.79165625e-05
,,,,,156421,290.0,1866,,,,,,
,,,,,157000,,,13.572969436645508,40.0275764465332,38.110931396484375,757.6419677734375,0.7174375,8.781239583333333e-05
,,,,,157327,760.0,3626,,,,,,
,,,,,157824,290.0,2018,,,,,,
,,,,,158000,,,3.124457836151123,39.7471809387207,39.97356414794922,155.4991912841797,0.7153750000000001,8.770822916666666e-05
,,,,,158357,220.0,2154,,,,,,
,,,,,159000,,,5.381678104400635,37.81766128540039,38.36522674560547,212.30543518066406,0.7133125,8.76040625e-05
,,,,,159102,570.0,3002,,,,,,
,,,,,159606,360.0,2034,,,,,,
469.0,98.83825,640.0,310.0,2706.8,160000,,,7.559937477111816,39.323463439941406,38.19959259033203,389.5847473144531,0.7112499999999999,8.749989583333333e-05
,,,,,160223,300.0,2466,,,,,,
,,,,,160750,300.0,2130,,,,,,
,,,,,161000,,,3.92360520362854,37.996063232421875,38.49481964111328,229.92601013183594,0.7091875,8.739572916666668e-05
,,,,,161367,530.0,2490,,,,,,
,,,,,161873,260.0,2034,,,,,,
,,,,,162000,,,5.945940971374512,35.743377685546875,35.82982635498047,213.418701171875,0.707125,8.72915625e-05
,,,,,162369,280.0,1986,,,,,,
,,,,,162858,280.0,1978,,,,,,
,,,,,163000,,,99.22750091552734,32.81935119628906,33.64567565917969,609.5172119140625,0.7050624999999999,8.718739583333335e-05
,,,,,163470,630.0,2474,,,,,,
,,,,,163991,260.0,2106,,,,,,
,,,,,164000,,,9.13892936706543,42.138240814208984,41.5557861328125,363.3143310546875,0.7030000000000001,8.708322916666667e-05
,,,,,164383,230.0,1594,,,,,,
,,,,,164908,360.0,2106,,,,,,
,,,,,165000,,,3.2918789386749268,37.41740036010742,36.88428497314453,254.2412109375,0.7009375,8.69790625e-05
,,,,,165380,340.0,1914,,,,,,
,,,,,165928,350.0,2194,,,,,,
,,,,,166000,,,12.866487503051758,39.63201141357422,37.81104278564453,619.6740112304688,0.698875,8.687489583333333e-05
,,,,,166404,270.0,1906,,,,,,
,,,,,166872,380.0,1890,,,,,,
,,,,,167000,,,5.039299011230469,36.203468322753906,35.55657196044922,265.0928955078125,0.6968125000000001,8.677072916666666e-05
,,,,,167296,290.0,1698,,,,,,
,,,,,167763,210.0,1898,,,,,,
,,,,,168000,,,2.071592330932617,35.21918487548828,35.006866455078125,148.8707733154297,0.69475,8.66665625e-05
,,,,,168330,410.0,2298,,,,,,
,,,,,168930,430.0,2410,,,,,,
,,,,,169000,,,5.383731842041016,39.808265686035156,39.67132568359375,205.06674194335938,0.6926875,8.656239583333334e-05
,,,,,169445,420.0,2090,,,,,,
814.0,449.78217,1910.0,390.0,2261.2,170000,,,4.440496921539307,36.72126007080078,36.17018508911133,241.1895751953125,0.690625,8.645822916666667e-05
,,,,,170227,460.0,3154,,,,,,
,,,,,170643,220.0,1674,,,,,,
,,,,,171000,,,16.473817825317383,41.69708251953125,42.030853271484375,363.958740234375,0.6885625,8.63540625e-05
,,,,,171244,480.0,2410,,,,,,
,,,,,171675,300.0,1738,,,,,,
,,,,,172000,,,5.303000450134277,36.75476837158203,35.89745330810547,336.6451110839844,0.6865,8.624989583333334e-05
,,,,,172225,290.0,2226,,,,,,
,,,,,172849,600.0,2522,,,,,,
,,,,,173000,,,12.96994400024414,49.023590087890625,50.71598815917969,538.9727172851562,0.6844375,8.614572916666667e-05
,,,,,173358,360.0,2066,,,,,,
,,,,,173764,270.0,1626,,,,,,
,,,,,174000,,,5.82777214050293,51.4776611328125,49.96699142456055,460.51104736328125,0.682375,8.60415625e-05
,,,,,174231,290.0,1890,,,,,,
,,,,,174949,600.0,2874,,,,,,
,,,,,175000,,,6.639191627502441,41.07365036010742,40.76530838012695,258.4432067871094,0.6803125,8.593739583333333e-05
,,,,,175467,280.0,2098,,,,,,
,,,,,175994,280.0,2130,,,,,,
,,,,,176000,,,3.4544787406921387,43.43520736694336,42.67797088623047,254.9569854736328,0.67825,8.583322916666667e-05
,,,,,176692,370.0,2818,,,,,,
,,,,,177000,,,6.964419364929199,44.423065185546875,44.123451232910156,285.9176330566406,0.6761874999999999,8.57290625e-05
,,,,,177167,340.0,1906,,,,,,
,,,,,177687,300.0,2090,,,,,,
,,,,,178000,,,9.440299034118652,44.1804084777832,42.10467529296875,619.864013671875,0.6741250000000001,8.562489583333334e-05
,,,,,178796,1080.0,4450,,,,,,
,,,,,179000,,,16.39571762084961,43.14857482910156,41.98345184326172,433.9791259765625,0.6720625,8.552072916666667e-05
,,,,,179494,770.0,2802,,,,,,
,,,,,179926,330.0,1730,,,,,,
486.0,280.47104,1040.0,310.0,2220.4,180000,,,32.50996398925781,42.111541748046875,44.75123596191406,688.624755859375,0.67,8.541656250000001e-05
,,,,,180318,260.0,1586,,,,,,
,,,,,180784,280.0,1874,,,,,,
,,,,,181000,,,8.844192504882812,46.600833892822266,46.239627838134766,295.41839599609375,0.6679375000000001,8.531239583333334e-05
,,,,,181282,320.0,2010,,,,,,
,,,,,181737,310.0,1826,,,,,,
,,,,,182000,,,6.654687881469727,42.65423583984375,42.33988952636719,239.96676635742188,0.665875,8.520822916666667e-05
,,,,,182607,630.0,3498,,,,,,
,,,,,183000,,,8.16802978515625,37.800926208496094,38.869815826416016,377.36639404296875,0.6638124999999999,8.51040625e-05
,,,,,183128,340.0,2098,,,,,,
,,,,,183557,270.0,1738,,,,,,
,,,,,184000,,,9.919014930725098,41.54103088378906,42.47514343261719,290.53839111328125,0.6617500000000001,8.499989583333334e-05
,,,,,184125,400.0,2282,,,,,,
,,,,,184703,390.0,2314,,,,,,
,,,,,185000,,,8.977689743041992,43.19232177734375,44.22702407836914,406.996337890625,0.6596875,8.489572916666667e-05
,,,,,185118,160.0,1658,,,,,,
,,,,,185656,430.0,2162,,,,,,
,,,,,186000,,,4.572490692138672,43.81414794921875,43.684478759765625,207.02874755859375,0.657625,8.47915625e-05
,,,,,186401,650.0,2986,,,,,,
,,,,,186922,350.0,2082,,,,,,
,,,,,187000,,,9.842479705810547,44.838356018066406,45.85052490234375,408.1081848144531,0.6555625,8.468739583333334e-05
,,,,,187411,300.0,1962,,,,,,
,,,,,187784,320.0,1514,,,,,,
,,,,,188000,,,5.967850208282471,45.73850631713867,47.117000579833984,410.1413879394531,0.6535,8.458322916666668e-05
,,,,,188252,340.0,1898,,,,,,
,,,,,189000,,,8.806158065795898,42.267066955566406,43.133689880371094,298.27020263671875,0.6514375,8.447906250000001e-05
,,,,,189121,950.0,3490,,,,,,
,,,,,189692,280.0,2290,,,,,,
559.0,242.95885,920.0,210.0,2454.8,190000,,,8.753772735595703,45.1646728515625,43.490577697753906,507.14776611328125,0.649375,8.437489583333334e-05
,,,,,190407,600.0,2866,,,,,,
,,,,,191000,,,5.758127212524414,43.29991149902344,43.61750793457031,227.9537811279297,0.6473125,8.427072916666667e-05
,,,,,191054,510.0,2594,,,,,,
,,,,,191571,320.0,2074,,,,,,
,,,,,192000,,,16.24407386779785,42.99516296386719,44.7678337097168,597.9288330078125,0.64525,8.41665625e-05
,,,,,192048,370.0,1922,,,,,,
,,,,,192849,1210.0,3218,,,,,,
,,,,,193000,,,6.054014205932617,36.46436309814453,37.059295654296875,182.45033264160156,0.6431875,8.406239583333334e-05
,,,,,193534,410.0,2762,,,,,,
,,,,,194000,,,5.3810954093933105,37.821044921875,38.415199279785156,208.48028564453125,0.641125,8.395822916666667e-05
,,,,,194035,310.0,2026,,,,,,
,,,,,194521,330.0,1946,,,,,,
,,,,,195000,,,69.26324462890625,47.5167236328125,49.07684326171875,710.1718139648438,0.6390625000000001,8.385406250000001e-05
,,,,,195115,750.0,2394,,,,,,
,,,,,196000,,,7.5066118240356445,39.992835998535156,39.93441390991211,231.66221618652344,0.637,8.374989583333334e-05
,,,,,196101,1420.0,3970,,,,,,
,,,,,196534,330.0,1754,,,,,,
,,,,,196948,330.0,1674,,,,,,
,,,,,197000,,,6.351327419281006,39.98565673828125,38.65709686279297,430.17059326171875,0.6349374999999999,8.364572916666667e-05
,,,,,197356,290.0,1634,,,,,,
,,,,,197881,350.0,2122,,,,,,
,,,,,198000,,,10.750158309936523,46.844120025634766,48.09730529785156,496.4664306640625,0.632875,8.354156250000001e-05
,,,,,198316,300.0,1746,,,,,,
,,,,,198869,480.0,2234,,,,,,
,,,,,199000,,,8.364477157592773,45.40972137451172,44.607574462890625,320.2083435058594,0.6308125,8.343739583333335e-05
,,,,,199428,400.0,2258,,,,,,
486.0,297.3281,940.0,280.0,2190.8,200000,,,4.633400917053223,43.42124938964844,43.646446228027344,190.01695251464844,0.62875,8.333322916666666e-05
,,,,,200099,1040.0,2706,,,,,,
,,,,,200639,590.0,2170,,,,,,
,,,,,201000,,,11.424581527709961,45.29747772216797,45.314125061035156,296.1927490234375,0.6266875000000001,8.322906249999999e-05
,,,,,201160,400.0,2090,,,,,,
,,,,,201552,330.0,1578,,,,,,
,,,,,202000,,,11.928521156311035,52.40265655517578,51.846370697021484,412.70025634765625,0.624625,8.312489583333334e-05
,,,,,202146,510.0,2386,,,,,,
,,,,,202453,200.0,1242,,,,,,
,,,,,203000,,,8.230230331420898,43.44844055175781,43.14421081542969,264.5927429199219,0.6225625,8.302072916666668e-05
,,,,,203109,540.0,2642,,,,,,
,,,,,203585,400.0,1922,,,,,,
,,,,,204000,,,63.09999465942383,43.2095832824707,42.6096076965332,471.7225036621094,0.6205,8.29165625e-05
,,,,,204235,980.0,2610,,,,,,
,,,,,204702,280.0,1890,,,,,,
,,,,,205000,,,3.0332796573638916,42.57727813720703,42.04256057739258,185.00897216796875,0.6184375,8.281239583333333e-05
,,,,,205108,280.0,1626,,,,,,
,,,,,205638,340.0,2122,,,,,,
,,,,,206000,,,12.803107261657715,48.85352325439453,50.20018005371094,488.607666015625,0.616375,8.270822916666668e-05
,,,,,206140,410.0,2018,,,,,,
,,,,,206841,720.0,2818,,,,,,
,,,,,207000,,,42.909584045410156,50.014732360839844,49.942291259765625,498.0888977050781,0.6143125,8.26040625e-05
,,,,,207392,440.0,2210,,,,,,
,,,,,208000,,,4.93239164352417,44.28565216064453,43.02473831176758,363.8516845703125,0.61225,8.249989583333335e-05
,,,,,208084,390.0,2770,,,,,,
,,,,,208796,470.0,2858,,,,,,
,,,,,209000,,,16.165668487548828,43.72771453857422,44.30149841308594,298.69256591796875,0.6101875,8.239572916666666e-05
,,,,,209364,430.0,2298,,,,,,
,,,,,209898,390.0,2146,,,,,,
1185.0,215.55742,1510.0,1010.0,3222.0,210000,,,4.938600540161133,51.03092575073242,50.01628494262695,309.7500915527344,0.608125,8.22915625e-05
,,,,,210524,430.0,2530,,,,,,
,,,,,211000,,,13.77476692199707,51.91634750366211,51.8115348815918,280.7218017578125,0.6060625,8.218739583333333e-05
,,,,,211273,570.0,3018,,,,,,
,,,,,211750,400.0,1930,,,,,,
,,,,,212000,,,6.873700141906738,50.11111068725586,49.12557601928711,393.110595703125,0.604,8.208322916666666e-05
,,,,,212346,1190.0,2386,,,,,,
,,,,,212798,330.0,1826,,,,,,
,,,,,213000,,,4.085143089294434,47.36692810058594,46.73473358154297,283.32794189453125,0.6019375,8.19790625e-05
,,,,,213163,260.0,1482,,,,,,
,,,,,213663,300.0,2002,,,,,,
,,,,,214000,,,6.635097503662109,46.81290817260742,45.19915008544922,443.1401062011719,0.5998749999999999,8.187489583333335e-05
,,,,,214487,690.0,3306,,,,,,
,,,,,214959,410.0,1890,,,,,,
,,,,,215000,,,8.662528991699219,50.343624114990234,49.17074203491211,526.143798828125,0.5978125000000001,8.177072916666667e-05
,,,,,215778,950.0,3290,,,,,,
,,,,,216000,,,110.14090728759766,45.747005462646484,46.9608154296875,1194.848876953125,0.59575,8.16665625e-05
,,,,,216294,370.0,2090,,,,,,
,,,,,216995,810.0,2810,,,,,,
,,,,,217000,,,7.8963494300842285,51.70896911621094,52.26585006713867,265.4173889160156,0.5936875,8.156239583333334e-05
,,,,,217536,320.0,2186,,,,,,
,,,,,218000,,,10.894410133361816,44.54114532470703,46.11487579345703,451.4513854980469,0.5916250000000001,8.145822916666667e-05
,,,,,218140,540.0,2434,,,,,,
,,,,,219000,,,7.716151237487793,51.402381896972656,50.55644226074219,361.5852966308594,0.5895625,8.13540625e-05
,,,,,219022,1990.0,3554,,,,,,
,,,,,219429,310.0,1634,,,,,,
1243.0,600.767,1930.0,530.0,3105.2,220000,,,10.898004531860352,54.590476989746094,54.11799621582031,369.7794189453125,0.5874999999999999,8.124989583333333e-05
,,,,,220208,560.0,3122,,,,,,
,,,,,220667,350.0,1842,,,,,,
,,,,,221000,,,6.280914306640625,40.26456069946289,41.20751953125,337.55389404296875,0.5854375,8.114572916666667e-05
,,,,,221370,560.0,2818,,,,,,
,,,,,221990,490.0,2498,,,,,,
,,,,,222000,,,4.686139106750488,48.49565505981445,48.548240661621094,193.53199768066406,0.583375,8.10415625e-05
,,,,,222436,250.0,1802,,,,,,
,,,,,222858,330.0,1690,,,,,,
,,,,,223000,,,16.235069274902344,44.03948211669922,45.38773727416992,412.25543212890625,0.5813125,8.093739583333334e-05
,,,,,223266,290.0,1650,,,,,,
,,,,,223766,330.0,2026,,,,,,
,,,,,224000,,,8.803842544555664,49.795135498046875,49.94499206542969,253.65748596191406,0.57925,8.083322916666667e-05
,,,,,224114,240.0,1410,,,,,,
,,,,,224663,460.0,2194,,,,,,
,,,,,225000,,,5.955455780029297,43.00715637207031,42.864017486572266,185.9526824951172,0.5771875,8.072906250000001e-05
,,,,,225023,270.0,1442,,,,,,
,,,,,225568,360.0,2186,,,,,,
,,,,,226000,,,5.93154239654541,55.662818908691406,55.09060287475586,299.81842041015625,0.5751250000000001,8.062489583333334e-05
,,,,,226230,960.0,2658,,,,,,
,,,,,226929,610.0,2818,,,,,,
,,,,,227000,,,12.908880233764648,54.231201171875,52.05518341064453,744.7298583984375,0.5730625,8.052072916666667e-05
,,,,,227357,350.0,1714,,,,,,
,,,,,227889,440.0,2138,,,,,,
,,,,,228000,,,13.0355806350708,53.24895477294922,53.37006759643555,285.5137939453125,0.571,8.04165625e-05
,,,,,228394,420.0,2042,,,,,,
,,,,,228887,390.0,1994,,,,,,
,,,,,229000,,,5.272982597351074,52.65088653564453,52.980072021484375,265.8042907714844,0.5689375,8.031239583333334e-05
,,,,,229508,710.0,2498,,,,,,
508.0,153.67499,760.0,360.0,2333.2,230000,,,33.81642150878906,50.870506286621094,52.18358612060547,544.6221313476562,0.566875,8.020822916666667e-05
,,,,,230251,880.0,2978,,,,,,
,,,,,230830,560.0,2338,,,,,,
,,,,,231000,,,199.9553985595703,54.60756301879883,56.937530517578125,946.9505615234375,0.5648124999999999,8.01040625e-05
,,,,,231485,450.0,2626,,,,,,
,,,,,232000,,,5.7249860763549805,57.47880172729492,57.86720275878906,256.9085388183594,0.5627500000000001,7.999989583333334e-05
,,,,,232099,500.0,2466,,,,,,
,,,,,232960,790.0,3458,,,,,,
,,,,,233000,,,7.544680595397949,56.78571319580078,55.817100524902344,377.71722412109375,0.5606875,7.989572916666668e-05
,,,,,233647,1260.0,2754,,,,,,
,,,,,234000,,,193.0071258544922,56.768707275390625,59.70087432861328,1102.3046875,0.5586249999999999,7.979156250000001e-05
,,,,,234443,1920.0,3202,,,,,,
,,,,,234897,350.0,1826,,,,,,
,,,,,235000,,,13.725235939025879,55.89769744873047,56.766082763671875,428.5369873046875,0.5565625,7.968739583333334e-05
,,,,,235296,270.0,1602,,,,,,
,,,,,235712,260.0,1674,,,,,,
,,,,,236000,,,8.868203163146973,53.65164566040039,51.91244888305664,534.7017822265625,0.5545,7.958322916666667e-05
,,,,,236198,360.0,1946,,,,,,
,,,,,236580,240.0,1546,,,,,,
,,,,,237000,,,14.65959358215332,57.19374084472656,54.72577667236328,960.2505493164062,0.5524375,7.94790625e-05
,,,,,237410,1200.0,3330,,,,,,
,,,,,238000,,,4.207420349121094,54.485450744628906,53.72852325439453,338.88092041015625,0.5503750000000001,7.937489583333334e-05
,,,,,238133,790.0,2906,,,,,,
,,,,,238735,560.0,2410,,,,,,
,,,,,239000,,,9.102933883666992,56.14822006225586,57.15485763549805,423.9767761230469,0.5483125,7.927072916666667e-05
,,,,,239203,380.0,1890,,,,,,
827.0,413.35336,1640.0,550.0,2816.4,240000,,,58.336341857910156,57.71442413330078,60.224761962890625,798.4598999023438,0.54625,7.916656250000001e-05
,,,,,240051,1000.0,3418,,,,,,
,,,,,241000,,,8.620576858520508,59.422401428222656,57.96727752685547,484.1142883300781,0.5441875,7.906239583333334e-05
,,,,,241214,1360.0,4674,,,,,,
,,,,,241682,290.0,1882,,,,,,
,,,,,242000,,,22.31324005126953,48.97123718261719,47.58319091796875,443.03961181640625,0.542125,7.895822916666667e-05
,,,,,242167,320.0,1962,,,,,,
,,,,,242841,590.0,2714,,,,,,
,,,,,243000,,,7.875347137451172,57.43218231201172,56.507606506347656,456.5508117675781,0.5400625,7.885406250000001e-05
,,,,,243584,1110.0,2986,,,,,,
,,,,,244000,,,11.965246200561523,51.673397064208984,49.939125061035156,544.0113525390625,0.538,7.874989583333334e-05
,,,,,244450,1280.0,3482,,,,,,
,,,,,244962,510.0,2050,,,,,,
,,,,,245000,,,21.65119171142578,49.36322021484375,51.063106536865234,536.6622314453125,0.5359375,7.864572916666667e-05
,,,,,245386,270.0,1698,,,,,,
,,,,,246000,,,8.028142929077148,54.141571044921875,53.26616287231445,381.26483154296875,0.533875,7.85415625e-05
,,,,,246004,450.0,2474,,,,,,
,,,,,246377,350.0,1506,,,,,,
,,,,,246973,620.0,2410,,,,,,
,,,,,247000,,,12.766109466552734,56.565879821777344,55.148780822753906,594.8994140625,0.5318125,7.843739583333334e-05
,,,,,247443,420.0,1890,,,,,,
,,,,,248000,,,10.699748992919922,57.96803665161133,57.86538314819336,355.60992431640625,0.5297499999999999,7.833322916666668e-05
,,,,,248103,780.0,2650,,,,,,
,,,,,248505,490.0,1626,,,,,,
,,,,,248998,460.0,1986,,,,,,
,,,,,249000,,,6.3204569816589355,52.788665771484375,52.1191291809082,274.582763671875,0.5276875,7.822906250000001e-05
,,,,,249454,360.0,1842,,,,,,
785.0,195.71663,970.0,340.0,2582.0,250000,,,7.821878910064697,63.741966247558594,62.418392181396484,538.0927734375,0.525625,7.812489583333334e-05
,,,,,250241,860.0,3154,,,,,,
,,,,,250992,730.0,3002,,,,,,
,,,,,251000,,,9.517577171325684,56.70991134643555,57.03584289550781,341.1082458496094,0.5235624999999999,7.802072916666668e-05
,,,,,251924,1520.0,3738,,,,,,
,,,,,252000,,,258.4918518066406,55.989219665527344,60.236663818359375,1335.5299072265625,0.5215000000000001,7.79165625e-05
,,,,,252494,370.0,2306,,,,,,
,,,,,253000,,,248.86927795410156,54.21861267089844,56.13371276855469,983.8117065429688,0.5194375,7.781239583333333e-05
,,,,,253040,370.0,2210,,,,,,
,,,,,253403,260.0,1474,,,,,,
,,,,,254000,,,20.410221099853516,55.529937744140625,57.30284118652344,570.60498046875,0.517375,7.770822916666666e-05
,,,,,254142,800.0,2970,,,,,,
,,,,,254778,580.0,2546,,,,,,
,,,,,255000,,,17.295177459716797,62.004493713378906,63.067142486572266,555.83154296875,0.5153125000000001,7.76040625e-05
,,,,,255477,930.0,2802,,,,,,
,,,,,256000,,,9.04069709777832,59.46015167236328,58.25575256347656,540.1219482421875,0.51325,7.749989583333333e-05
,,,,,256011,360.0,2162,,,,,,
,,,,,256629,630.0,2498,,,,,,
,,,,,257000,,,11.756896018981934,66.11618041992188,67.03073120117188,552.9871826171875,0.5111874999999999,7.739572916666666e-05
,,,,,257095,310.0,1866,,,,,,
,,,,,257839,1270.0,3002,,,,,,
,,,,,258000,,,10.958351135253906,59.90886306762695,61.12924575805664,617.9968872070312,0.509125,7.72915625e-05
,,,,,258247,280.0,1642,,,,,,
,,,,,258726,300.0,1914,,,,,,
,,,,,259000,,,46.04718017578125,58.47706604003906,60.12416458129883,666.0716552734375,0.5070625,7.718739583333335e-05
,,,,,259291,450.0,2282,,,,,,
,,,,,259776,320.0,1954,,,,,,
814.0,95.93748,960.0,730.0,2934.0,260000,,,8.614151000976562,55.101966857910156,56.03266143798828,382.5228576660156,0.505,7.708322916666668e-05
,,,,,260422,700.0,2594,,,,,,
,,,,,261000,,,4.890899181365967,55.67706298828125,55.2033805847168,274.42840576171875,0.5029375,7.69790625e-05
,,,,,261193,800.0,3106,,,,,,
,,,,,261939,790.0,2994,,,,,,
,,,,,262000,,,8.27902603149414,67.83341979980469,68.9795150756836,546.0914916992188,0.500875,7.687489583333333e-05
,,,,,262377,330.0,1754,,,,,,
,,,,,263000,,,10.681589126586914,57.84355163574219,55.56013107299805,687.8827514648438,0.4988125,7.677072916666667e-05
,,,,,263174,930.0,3210,,,,,,
,,,,,263708,590.0,2138,,,,,,
,,,,,264000,,,77.38078308105469,59.61674499511719,62.222900390625,1007.1751708984375,0.49675,7.66665625e-05
,,,,,264279,540.0,2282,,,,,,
,,,,,264844,430.0,2282,,,,,,
,,,,,265000,,,6.6914567947387695,52.119361877441406,52.201560974121094,306.8522033691406,0.49468750000000006,7.656239583333333e-05
,,,,,265731,630.0,3554,,,,,,
,,,,,266000,,,10.341705322265625,59.8939208984375,59.86393737792969,389.2513122558594,0.4926250000000001,7.645822916666667e-05
,,,,,266556,1500.0,3330,,,,,,
,,,,,267000,,,251.34695434570312,64.47040557861328,66.01856231689453,1021.48583984375,0.4905625,7.63540625e-05
,,,,,267041,360.0,1946,,,,,,
,,,,,267549,450.0,2058,,,,,,
,,,,,268000,,,8.324396133422852,66.50285339355469,66.15762329101562,365.27862548828125,0.48849999999999993,7.624989583333334e-05
,,,,,268501,1250.0,3826,,,,,,
,,,,,269000,,,33.4308967590332,57.14186096191406,59.50404357910156,739.2351684570312,0.48643749999999997,7.614572916666667e-05
,,,,,269691,1290.0,4786,,,,,,
712.0,84.474846,880.0,660.0,2507.6,270000,,,9.711749076843262,58.21192169189453,59.56468963623047,538.9149780273438,0.484375,7.60415625e-05
,,,,,270504,730.0,3274,,,,,,
,,,,,271000,,,6.237610816955566,56.348567962646484,55.55522918701172,324.5252990722656,0.4823124999999999,7.593739583333333e-05
,,,,,271049,440.0,2186,,,,,,
,,,,,271881,1120.0,3346,,,,,,
,,,,,272000,,,8.30112075805664,63.784820556640625,64.33868408203125,401.8495178222656,0.48024999999999995,7.583322916666666e-05
,,,,,272501,1270.0,2506,,,,,,
,,,,,273000,,,9.191214561462402,63.544944763183594,63.91051483154297,362.2874450683594,0.4781875,7.57290625e-05
,,,,,273095,580.0,2402,,,,,,
,,,,,273733,900.0,2554,,,,,,
,,,,,274000,,,12.300893783569336,69.90239715576172,69.67048645019531,395.941650390625,0.476125,7.562489583333334e-05
,,,,,274405,1010.0,2698,,,,,,
,,,,,274986,500.0,2346,,,,,,
,,,,,275000,,,5.405858993530273,54.17839813232422,53.23870849609375,459.47174072265625,0.47406250000000005,7.552072916666667e-05
,,,,,275459,330.0,1914,,,,,,
,,,,,275950,400.0,1978,,,,,,
,,,,,276000,,,9.200021743774414,62.320579528808594,61.82173156738281,338.8114929199219,0.472,7.54165625e-05
,,,,,276742,1480.0,3186,,,,,,
,,,,,277000,,,20.42190170288086,62.1821174621582,63.49416732788086,699.8599853515625,0.4699375,7.531239583333334e-05
,,,,,277241,410.0,2010,,,,,,
,,,,,277821,480.0,2322,,,,,,
,,,,,278000,,,34.569210052490234,61.88329315185547,60.44013977050781,779.7357788085938,0.46787500000000004,7.520822916666668e-05
,,,,,278288,410.0,1882,,,,,,
,,,,,278980,420.0,2786,,,,,,
,,,,,279000,,,15.59691333770752,59.094459533691406,59.977474212646484,660.8841552734375,0.4658125000000001,7.51040625e-05
,,,,,279608,560.0,2530,,,,,,
470.0,115.931015,630.0,350.0,2152.4,280000,,,105.93794250488281,63.00492477416992,65.48554992675781,1017.9814453125,0.46375,7.499989583333333e-05
,,,,,280284,500.0,2722,,,,,,
,,,,,280807,440.0,2114,,,,,,
,,,,,281000,,,9.785799980163574,57.47303771972656,58.416046142578125,516.5844116210938,0.46168750000000003,7.489572916666667e-05
,,,,,281308,390.0,2010,,,,,,
,,,,,281896,470.0,2354,,,,,,
,,,,,282000,,,11.231681823730469,66.28536987304688,67.06254577636719,425.78314208984375,0.45962500000000006,7.47915625e-05
,,,,,282472,500.0,2322,,,,,,
,,,,,283000,,,12.344001770019531,69.27783203125,68.80288696289062,504.62225341796875,0.4575625,7.468739583333333e-05
,,,,,283111,750.0,2562,,,,,,
,,,,,284000,,,50.2617073059082,61.53273010253906,62.151214599609375,550.3313598632812,0.4555,7.458322916666667e-05
,,,,,284033,2170.0,3698,,,,,,
,,,,,284645,480.0,2450,,,,,,
,,,,,285000,,,11.609246253967285,61.23565673828125,62.00345230102539,383.8741455078125,0.45343749999999994,7.447906250000001e-05
,,,,,285363,1350.0,2882,,,,,,
,,,,,286000,,,9.183615684509277,72.61417388916016,71.1838607788086,738.1781005859375,0.45137499999999997,7.437489583333334e-05
,,,,,286007,540.0,2578,,,,,,
,,,,,286765,710.0,3050,,,,,,
,,,,,287000,,,18.890308380126953,72.58174133300781,71.78648376464844,608.4282836914062,0.4493125,7.427072916666667e-05
,,,,,287379,890.0,2466,,,,,,
,,,,,288000,,,11.760881423950195,65.95240020751953,66.83682250976562,475.51824951171875,0.44725000000000004,7.41665625e-05
,,,,,288172,930.0,3194,,,,,,
,,,,,288748,600.0,2330,,,,,,
,,,,,289000,,,17.771419525146484,60.98015213012695,59.93098068237305,538.1908569335938,0.44518749999999996,7.406239583333334e-05
,,,,,289408,710.0,2642,,,,,,
560.0,193.7008,920.0,390.0,2771.6,290000,,,11.93453311920166,70.84907531738281,70.39325714111328,363.25921630859375,0.443125,7.395822916666667e-05
,,,,,290061,1370.0,2626,,,,,,
,,,,,290605,400.0,2186,,,,,,
,,,,,291000,,,12.274345397949219,63.26009750366211,64.24626159667969,542.4227294921875,0.4410625,7.38540625e-05
,,,,,291144,340.0,2178,,,,,,
,,,,,291879,670.0,2946,,,,,,
,,,,,292000,,,12.981215476989746,70.75434875488281,70.65504455566406,382.6591491699219,0.43900000000000006,7.374989583333334e-05
,,,,,292477,1070.0,2394,,,,,,
,,,,,292848,250.0,1506,,,,,,
,,,,,293000,,,7.769960403442383,65.39950561523438,65.02091979980469,391.2911376953125,0.4369375,7.364572916666668e-05
,,,,,293352,300.0,2018,,,,,,
,,,,,293910,450.0,2258,,,,,,
,,,,,294000,,,9.893816947937012,61.4915885925293,61.16396713256836,359.0736389160156,0.434875,7.354156250000001e-05
,,,,,294889,1240.0,3938,,,,,,
,,,,,295000,,,16.20795440673828,70.86383819580078,71.01441955566406,536.1005249023438,0.43281250000000004,7.343739583333334e-05
,,,,,295703,1430.0,3266,,,,,,
,,,,,296000,,,7.532890796661377,67.98457336425781,68.48954772949219,330.208251953125,0.4307500000000001,7.333322916666668e-05
,,,,,296581,1180.0,3514,,,,,,
,,,,,297000,,,71.86236572265625,62.10486602783203,62.53216552734375,745.8245239257812,0.4286875000000001,7.322906250000001e-05
,,,,,297117,570.0,2154,,,,,,
,,,,,297583,310.0,1874,,,,,,
,,,,,297939,310.0,1450,,,,,,
,,,,,298000,,,9.815387725830078,69.72013854980469,68.80313110351562,417.44439697265625,0.4266249999999999,7.312489583333332e-05
,,,,,298448,750.0,2042,,,,,,
,,,,,299000,,,11.691420555114746,70.40798950195312,69.87757110595703,476.3163146972656,0.42456249999999995,7.302072916666666e-05
,,,,,299356,1100.0,3634,,,,,,
,,,,,299868,610.0,2050,,,,,,
882.0,171.39429,990.0,510.0,2970.0,300000,,,7.544831275939941,69.13858032226562,70.07857513427734,489.9291687011719,0.4225,7.29165625e-05
,,,,,300522,530.0,2618,,,,,,
,,,,,301000,,,12.573322296142578,59.919715881347656,60.17279815673828,380.9865417480469,0.4204375,7.281239583333334e-05
,,,,,301134,530.0,2458,,,,,,
,,,,,301735,690.0,2402,,,,,,
,,,,,302000,,,406.0162353515625,67.73404693603516,70.7171630859375,2220.34814453125,0.41837499999999994,7.270822916666666e-05
,,,,,302159,350.0,1714,,,,,,
,,,,,302697,390.0,2170,,,,,,
,,,,,303000,,,20.63387107849121,67.08706665039062,64.62028503417969,1010.2354125976562,0.4163125,7.26040625e-05
,,,,,303308,470.0,2466,,,,,,
,,,,,304000,,,9.688737869262695,65.49478912353516,64.02344512939453,562.0,0.41425,7.249989583333335e-05
,,,,,304389,1250.0,4338,,,,,,
,,,,,304818,250.0,1730,,,,,,
,,,,,305000,,,110.75627136230469,60.85986328125,62.92120361328125,1011.0134887695312,0.41218750000000004,7.239572916666668e-05
,,,,,305457,1210.0,2578,,,,,,
,,,,,306000,,,12.094630241394043,61.20044708251953,62.16865158081055,461.5862731933594,0.41012499999999996,7.22915625e-05
,,,,,306154,720.0,2810,,,,,,
,,,,,306653,370.0,2002,,,,,,
,,,,,307000,,,10.365951538085938,72.25605773925781,70.41676330566406,688.2664794921875,0.4080625,7.218739583333333e-05
,,,,,307493,760.0,3378,,,,,,
,,,,,307990,360.0,2010,,,,,,
,,,,,308000,,,9.959273338317871,76.87510681152344,76.34814453125,427.4700622558594,0.406,7.208322916666668e-05
,,,,,308642,1120.0,2626,,,,,,
,,,,,309000,,,22.20738983154297,73.5130844116211,74.37342834472656,517.5498657226562,0.40393750000000006,7.19790625e-05
,,,,,309102,310.0,1842,,,,,,
,,,,,309566,350.0,1874,,,,,,
1177.0,688.70966,2530.0,620.0,2822.8,310000,,,1180.400390625,67.15042114257812,71.4365234375,2305.196533203125,0.4018750000000001,7.187489583333333e-05
,,,,,310246,720.0,2722,,,,,,
,,,,,311000,,,27.063762664794922,64.90260314941406,65.05258178710938,589.7166748046875,0.3998125,7.177072916666667e-05
,,,,,311251,1440.0,4026,,,,,,
,,,,,312000,,,18.074235916137695,79.1540298461914,79.61624145507812,587.46435546875,0.39775000000000005,7.16665625e-05
,,,,,312078,840.0,3314,,,,,,
,,,,,312497,380.0,1698,,,,,,
,,,,,313000,,,8.823802947998047,69.97490692138672,68.62928009033203,562.1565551757812,0.39568749999999997,7.156239583333333e-05
,,,,,313315,1320.0,3282,,,,,,
,,,,,314000,,,11.163942337036133,67.64715576171875,67.61402893066406,331.88043212890625,0.393625,7.145822916666667e-05
,,,,,314064,960.0,3018,,,,,,
,,,,,314514,510.0,1810,,,,,,
,,,,,315000,,,391.4578552246094,74.30574798583984,77.13206481933594,1399.3531494140625,0.3915624999999999,7.13540625e-05
,,,,,315021,420.0,2034,,,,,,
,,,,,315498,440.0,1922,,,,,,
,,,,,316000,,,5.278695583343506,69.72628784179688,70.06581115722656,277.26617431640625,0.38949999999999996,7.124989583333333e-05
,,,,,316226,400.0,2914,,,,,,
,,,,,316798,1160.0,2298,,,,,,
,,,,,317000,,,5.285879135131836,71.14364624023438,71.75482177734375,355.3321228027344,0.3874375,7.114572916666666e-05
,,,,,317652,910.0,3418,,,,,,
,,,,,318000,,,10.425458908081055,65.2868423461914,65.45597076416016,358.8610534667969,0.385375,7.10415625e-05
,,,,,318351,1080.0,2818,,,,,,
,,,,,318849,370.0,2018,,,,,,
,,,,,319000,,,12.946188926696777,86.099853515625,83.78684997558594,942.9635620117188,0.38331249999999994,7.093739583333334e-05
,,,,,319835,1760.0,3954,,,,,,
898.0,260.33823,1150.0,400.0,2922.0,320000,,,75.6534423828125,69.28938293457031,71.1660385131836,820.5621337890625,0.38125,7.083322916666667e-05
,,,,,320196,260.0,1458,,,,,,
,,,,,320908,760.0,2858,,,,,,
,,,,,321000,,,16.360671997070312,71.32464599609375,72.17355346679688,450.4661560058594,0.3791875,7.07290625e-05
,,,,,321775,1440.0,3490,,,,,,
,,,,,322000,,,73.71754455566406,73.65351867675781,74.59127044677734,642.9525146484375,0.37712500000000004,7.062489583333334e-05
,,,,,322437,1150.0,2658,,,,,,
,,,,,323000,,,10.883123397827148,76.18630981445312,77.31930541992188,539.7687377929688,0.3750625000000001,7.052072916666667e-05
,,,,,323241,1990.0,3234,,,,,,
,,,,,323783,780.0,2170,,,,,,
,,,,,324000,,,14.04444694519043,69.58534240722656,68.95278930664062,473.9121398925781,0.373,7.04165625e-05
,,,,,324607,1210.0,3306,,,,,,
,,,,,325000,,,10.33121109008789,87.53425598144531,87.73347473144531,453.43341064453125,0.37093750000000003,7.031239583333333e-05
,,,,,325212,550.0,2434,,,,,,
,,,,,325845,920.0,2554,,,,,,
,,,,,326000,,,18.157358169555664,70.11048889160156,69.31037902832031,563.4464111328125,0.36887500000000006,7.020822916666667e-05
,,,,,326400,340.0,2242,,,,,,
,,,,,327000,,,6.905333518981934,78.91564178466797,78.8822250366211,302.038330078125,0.3668125000000001,7.01040625e-05
,,,,,327029,790.0,2530,,,,,,
,,,,,327527,390.0,2018,,,,,,
,,,,,328000,,,6.903250217437744,74.99765014648438,74.72064208984375,300.10125732421875,0.3647499999999999,6.999989583333333e-05
,,,,,328398,1190.0,3506,,,,,,
,,,,,328891,330.0,1978,,,,,,
,,,,,329000,,,11.25819206237793,79.13571166992188,78.62507629394531,495.0270690917969,0.36268749999999994,6.989572916666667e-05
,,,,,329560,1340.0,2690,,,,,,
869.0,389.7807,1420.0,270.0,2710.0,330000,,,5.01384973526001,77.31468200683594,77.86527252197266,309.969970703125,0.360625,6.979156250000001e-05
,,,,,330230,960.0,2690,,,,,,
,,,,,330947,620.0,2898,,,,,,
,,,,,331000,,,11.315102577209473,84.0375747680664,82.21208190917969,643.1390991210938,0.3585625,6.968739583333334e-05
,,,,,331693,580.0,3002,,,,,,
,,,,,332000,,,13.44896411895752,74.48324584960938,75.90583801269531,596.6325073242188,0.35650000000000004,6.958322916666667e-05
,,,,,332512,1030.0,3290,,,,,,
,,,,,333000,,,13.525179862976074,75.70384979248047,76.6867446899414,562.8557739257812,0.35443749999999996,6.94790625e-05
,,,,,333333,1090.0,3290,,,,,,
,,,,,333901,480.0,2282,,,,,,
,,,,,334000,,,21.391136169433594,88.71517944335938,86.28599548339844,974.7205810546875,0.352375,6.937489583333334e-05
,,,,,334669,2220.0,3098,,,,,,
,,,,,335000,,,8.118301391601562,75.24063873291016,75.273193359375,377.53375244140625,0.3503125,6.927072916666667e-05
,,,,,335446,1160.0,3130,,,,,,
,,,,,336000,,,22.421764373779297,72.32038116455078,72.4542465209961,492.596923828125,0.34825000000000006,6.91665625e-05
,,,,,336344,970.0,3610,,,,,,
,,,,,336947,1210.0,2418,,,,,,
,,,,,337000,,,15.029069900512695,70.5609130859375,70.47177124023438,525.2291870117188,0.3461875,6.906239583333334e-05
,,,,,337632,1150.0,2746,,,,,,
,,,,,338000,,,133.21925354003906,91.46493530273438,93.78689575195312,1630.1015625,0.344125,6.895822916666668e-05
,,,,,338513,1840.0,3538,,,,,,
,,,,,339000,,,4.359193325042725,83.4490966796875,84.08821105957031,380.4429626464844,0.34206250000000005,6.885406250000001e-05
,,,,,339164,800.0,2610,,,,,,
,,,,,339649,330.0,1970,,,,,,
1155.0,556.08,1710.0,560.0,2855.6,340000,,,9.218132019042969,86.50433349609375,86.11973571777344,349.48199462890625,0.3400000000000001,6.874989583333334e-05
,,,,,340284,750.0,2546,,,,,,
,,,,,341000,,,6.313972473144531,67.77043151855469,67.07844543457031,388.61358642578125,0.3379375,6.864572916666667e-05
,,,,,341155,790.0,3506,,,,,,
,,,,,341993,1420.0,3362,,,,,,
,,,,,342000,,,478.79705810546875,82.59963989257812,85.99091339111328,1594.3800048828125,0.33587500000000003,6.85415625e-05
,,,,,343000,,,6.079410552978516,81.07173156738281,80.37100219726562,321.65948486328125,0.33381249999999996,6.843739583333332e-05
,,,,,343071,1510.0,4314,,,,,,
,,,,,343823,1190.0,3018,,,,,,
,,,,,344000,,,9.356178283691406,76.67982482910156,75.78369140625,461.62103271484375,0.33175,6.833322916666667e-05
,,,,,344837,1820.0,4082,,,,,,
,,,,,345000,,,9.413692474365234,77.4997787475586,76.51710510253906,657.2421875,0.3296875,6.822906250000001e-05
,,,,,345758,1250.0,3706,,,,,,
,,,,,346000,,,463.6622314453125,83.51460266113281,85.63446807861328,1428.066650390625,0.32762499999999994,6.812489583333334e-05
,,,,,346593,980.0,3362,,,,,,
,,,,,347000,,,6.699557304382324,90.58411407470703,90.63813781738281,464.5181884765625,0.3255625,6.802072916666666e-05
,,,,,347352,1110.0,3058,,,,,,
,,,,,348000,,,11.168426513671875,88.890380859375,89.46833801269531,522.6357421875,0.3235,6.791656250000001e-05
,,,,,348160,1380.0,3258,,,,,,
,,,,,348865,590.0,2834,,,,,,
,,,,,349000,,,1214.0059814453125,80.10892486572266,84.94528198242188,3300.628662109375,0.32143750000000004,6.781239583333334e-05
,,,,,349467,1190.0,2426,,,,,,
1452.0,338.04733,1790.0,1110.0,2982.0,350000,,,11.146631240844727,91.15522003173828,90.36566162109375,537.5216064453125,0.31937499999999996,6.770822916666666e-05
,,,,,350312,810.0,3394,,,,,,
,,,,,350760,520.0,1794,,,,,,
,,,,,351000,,,14.368066787719727,69.51742553710938,70.53947448730469,536.3734130859375,0.3173125,6.760406249999999e-05
,,,,,351604,920.0,3394,,,,,,
,,,,,352000,,,39.82122039794922,77.61906433105469,77.8345947265625,577.9588012695312,0.31525000000000003,6.749989583333333e-05
,,,,,352210,560.0,2434,,,,,,
,,,,,352863,900.0,2618,,,,,,
,,,,,353000,,,1253.2725830078125,78.03816986083984,83.19334411621094,3524.128662109375,0.31318750000000006,6.739572916666668e-05
,,,,,353705,1160.0,3370,,,,,,
,,,,,354000,,,42.4796142578125,88.04974365234375,89.64079284667969,695.7396240234375,0.311125,6.72915625e-05
,,,,,354151,370.0,1802,,,,,,
,,,,,354741,920.0,2386,,,,,,
,,,,,355000,,,26.029659271240234,80.66781616210938,79.7372817993164,545.7698974609375,0.3090625,6.718739583333333e-05
,,,,,355603,940.0,3450,,,,,,
,,,,,356000,,,84.26493072509766,74.29067993164062,75.15127563476562,694.36669921875,0.30700000000000005,6.708322916666668e-05
,,,,,356107,400.0,2034,,,,,,
,,,,,356791,490.0,2738,,,,,,
,,,,,357000,,,52.63479995727539,87.556396484375,88.02262878417969,609.2479248046875,0.3049375000000001,6.69790625e-05
,,,,,357507,1000.0,2866,,,,,,
,,,,,358000,,,16.76416015625,88.54595947265625,89.41069030761719,536.8619995117188,0.302875,6.687489583333333e-05
,,,,,358456,610.0,3826,,,,,,
,,,,,359000,,,13.696796417236328,88.04899597167969,89.3008804321289,742.7387084960938,0.3008124999999999,6.677072916666666e-05
,,,,,359051,1350.0,2410,,,,,,
,,,,,359666,1220.0,2466,,,,,,
771.0,235.17865,1190.0,460.0,2370.8,360000,,,10.835848808288574,85.75740051269531,85.63048553466797,456.4618225097656,0.29874999999999996,6.66665625e-05
,,,,,360210,1150.0,2194,,,,,,
,,,,,360695,510.0,1962,,,,,,
,,,,,361000,,,14.242067337036133,83.36729431152344,81.80937957763672,769.0839233398438,0.2966875,6.656239583333333e-05
,,,,,361056,310.0,1458,,,,,,
,,,,,361747,1000.0,2794,,,,,,
,,,,,362000,,,16.792686462402344,81.67220306396484,82.53079223632812,451.9607238769531,0.294625,6.645822916666666e-05
,,,,,362665,1420.0,3674,,,,,,
,,,,,363000,,,10.852643966674805,75.89915466308594,74.7222671508789,572.9923706054688,0.29256249999999995,6.63540625e-05
,,,,,363359,610.0,2794,,,,,,
,,,,,364000,,,7.127992153167725,83.14250183105469,82.86235046386719,289.8760986328125,0.2905,6.624989583333335e-05
,,,,,364114,1040.0,3042,,,,,,
,,,,,364577,390.0,1866,,,,,,
,,,,,365000,,,8.548942565917969,76.20327758789062,74.43370056152344,599.4843139648438,0.2884375,6.614572916666667e-05
,,,,,365399,2290.0,3314,,,,,,
,,,,,366000,,,133.83558654785156,84.7801742553711,85.66714477539062,1264.1175537109375,0.28637500000000005,6.60415625e-05
,,,,,366085,670.0,2754,,,,,,
,,,,,366604,650.0,2082,,,,,,
,,,,,367000,,,22.2888240814209,79.67485046386719,79.22119140625,540.8932495117188,0.28431249999999997,6.593739583333333e-05
,,,,,367378,1100.0,3106,,,,,,
,,,,,368000,,,6.064969062805176,86.39273071289062,86.50138092041016,348.4399108886719,0.28225,6.583322916666667e-05
,,,,,368084,1110.0,2850,,,,,,
,,,,,368926,1340.0,3370,,,,,,
,,,,,369000,,,16.18521499633789,83.56024169921875,83.67819213867188,610.609619140625,0.28018750000000003,6.57290625e-05
,,,,,369771,1070.0,3378,,,,,,
927.0,59.16925,950.0,750.0,2926.0,370000,,,115.76475524902344,81.87320709228516,84.5716552734375,1256.9466552734375,0.27812500000000007,6.562489583333333e-05
,,,,,370491,750.0,2882,,,,,,
,,,,,371000,,,7.129417419433594,85.57243347167969,86.802734375,571.43994140625,0.2760625000000001,6.552072916666667e-05
,,,,,371325,1240.0,3362,,,,,,
,,,,,371790,470.0,1866,,,,,,
,,,,,372000,,,516.2051391601562,82.60787963867188,86.61311340332031,1890.6859130859375,0.274,6.54165625e-05
,,,,,372736,1700.0,3810,,,,,,
,,,,,373000,,,9.31709098815918,85.22267150878906,84.18402862548828,531.8074951171875,0.27193749999999994,6.531239583333333e-05
,,,,,373394,640.0,2634,,,,,,
,,,,,374000,,,24.717670440673828,88.38739776611328,89.3286361694336,670.5570678710938,0.269875,6.520822916666667e-05
,,,,,374059,820.0,2666,,,,,,
,,,,,375000,,,12.438218116760254,76.7617416381836,76.18543243408203,390.0263977050781,0.2678125,6.510406250000001e-05
,,,,,375005,1420.0,3794,,,,,,
,,,,,376000,,,8.06766128540039,85.14521789550781,84.01535034179688,523.5630493164062,0.26574999999999993,6.499989583333334e-05
,,,,,376009,920.0,4018,,,,,,
,,,,,376888,1250.0,3522,,,,,,
,,,,,377000,,,8.678882598876953,83.46063232421875,82.9617691040039,422.4419250488281,0.26368749999999996,6.489572916666666e-05
,,,,,377639,840.0,3026,,,,,,
,,,,,378000,,,15.795449256896973,87.74604797363281,86.90084838867188,610.8935546875,0.261625,6.47915625e-05
,,,,,378309,740.0,2690,,,,,,
,,,,,379000,,,10.943083763122559,92.06271362304688,93.03488159179688,541.084228515625,0.25956250000000003,6.468739583333334e-05
,,,,,379392,1100.0,4338,,,,,,
933.0,290.13962,1430.0,610.0,3086.8,380000,,,15.417035102844238,80.53992462158203,79.79754638671875,519.9514770507812,0.25750000000000006,6.458322916666667e-05
,,,,,380157,1030.0,3074,,,,,,
,,,,,380774,770.0,2490,,,,,,
,,,,,381000,,,23.19684410095215,89.6019287109375,91.03788757324219,1091.7137451171875,0.2554375,6.44790625e-05
,,,,,381710,1130.0,3762,,,,,,
,,,,,382000,,,12.350454330444336,73.69774627685547,73.81614685058594,350.3565673828125,0.253375,6.437489583333334e-05
,,,,,382710,2430.0,4018,,,,,,
,,,,,383000,,,80.46759796142578,83.80879974365234,86.3197021484375,1109.071044921875,0.25131250000000005,6.427072916666668e-05
,,,,,383214,320.0,2026,,,,,,
,,,,,384000,,,11.344526290893555,86.37614440917969,86.29670715332031,374.07708740234375,0.24925000000000008,6.416656250000001e-05
,,,,,384058,1970.0,3394,,,,,,
,,,,,384904,1610.0,3394,,,,,,
,,,,,385000,,,15.548165321350098,84.54946899414062,84.6666030883789,548.8086547851562,0.2471875,6.406239583333334e-05
,,,,,385791,1410.0,3562,,,,,,
,,,,,386000,,,14.203255653381348,83.12812042236328,83.27263641357422,444.9993591308594,0.24512500000000004,6.395822916666667e-05
,,,,,386565,1080.0,3122,,,,,,
,,,,,387000,,,13.419633865356445,89.546630859375,88.47998809814453,638.9996337890625,0.24306250000000007,6.38540625e-05
,,,,,387264,1560.0,2818,,,,,,
,,,,,387733,390.0,1890,,,,,,
,,,,,388000,,,15.054258346557617,99.13941955566406,100.12355041503906,443.3802490234375,0.241,6.374989583333332e-05
,,,,,388500,1000.0,3074,,,,,,
,,,,,389000,,,27.373607635498047,85.02743530273438,87.12236022949219,970.648681640625,0.2389374999999999,6.364572916666667e-05
,,,,,389203,760.0,2834,,,,,,
1178.0,121.55657,1320.0,1050.0,3213.2,390000,,,13.540679931640625,88.74329376220703,87.38221740722656,676.43212890625,0.23687499999999995,6.354156250000001e-05
,,,,,390077,870.0,3522,,,,,,
,,,,,391000,,,8.098146438598633,89.74227142333984,90.75177001953125,509.2008361816406,0.23481249999999998,6.343739583333334e-05
,,,,,391222,2720.0,4586,,,,,,
,,,,,392000,,,55.05644989013672,83.60975646972656,84.24121856689453,610.0401611328125,0.23275,6.333322916666667e-05
,,,,,392022,1030.0,3226,,,,,,
,,,,,392833,1420.0,3266,,,,,,
,,,,,393000,,,10.292344093322754,89.52015686035156,88.52481079101562,562.4324340820312,0.23068750000000005,6.322906250000001e-05
,,,,,393403,820.0,2282,,,,,,
,,,,,394000,,,7.429290771484375,86.16355895996094,86.48545837402344,330.2648010253906,0.22862499999999997,6.312489583333334e-05
,,,,,394140,1150.0,2954,,,,,,
,,,,,395000,,,6.457489967346191,88.5947494506836,88.69448852539062,290.5721740722656,0.2265625,6.302072916666667e-05
,,,,,395059,1520.0,3682,,,,,,
,,,,,395575,860.0,2074,,,,,,
,,,,,396000,,,26.332950592041016,80.23466491699219,78.99227905273438,632.5587158203125,0.22450000000000003,6.29165625e-05
,,,,,396140,770.0,2274,,,,,,
,,,,,396918,1660.0,3122,,,,,,
,,,,,397000,,,8.526280403137207,92.74072265625,92.48078155517578,330.6117858886719,0.22243750000000007,6.281239583333334e-05
,,,,,397587,790.0,2682,,,,,,
,,,,,398000,,,12.088833808898926,89.27496337890625,89.52546691894531,409.4431457519531,0.220375,6.270822916666668e-05
,,,,,398611,820.0,4122,,,,,,
,,,,,399000,,,13.296157836914062,95.43540954589844,94.25830841064453,605.77783203125,0.21831250000000002,6.26040625e-05
,,,,,399208,1100.0,2394,,,,,,
,,,,,399790,1280.0,2338,,,,,,
1269.0,215.70583,1410.0,760.0,2913.2,400000,,,18.18760108947754,98.062255859375,97.29388427734375,512.6071166992188,0.21625000000000005,6.249989583333334e-05
,,,,,400999,2490.0,4842,,,,,,
,,,,,401000,,,9.260272026062012,90.8428726196289,90.52493286132812,424.6969909667969,0.2141875000000001,6.239572916666668e-05
,,,,,401445,470.0,1786,,,,,,
,,,,,402000,,,13.07870864868164,100.739501953125,102.66188049316406,902.4451904296875,0.212125,6.22915625e-05
,,,,,402279,1240.0,3338,,,,,,
,,,,,402967,820.0,2770,,,,,,
,,,,,403000,,,19.357818603515625,80.93778991699219,81.97415161132812,669.629638671875,0.21006249999999993,6.218739583333333e-05
,,,,,403820,1980.0,3426,,,,,,
,,,,,404000,,,8.534321784973145,77.52867126464844,76.4232177734375,549.6282958984375,0.20799999999999996,6.208322916666666e-05
,,,,,404517,1200.0,2802,,,,,,
,,,,,405000,,,25.99700927734375,86.69615936279297,84.09398651123047,1207.7059326171875,0.2059375,6.19790625e-05
,,,,,405260,1300.0,2986,,,,,,
,,,,,406000,,,17.85476303100586,88.30377197265625,86.68931579589844,934.7205810546875,0.20387500000000003,6.187489583333333e-05
,,,,,406260,2130.0,4010,,,,,,
,,,,,407000,,,12.996257781982422,94.67424011230469,94.62909698486328,397.87841796875,0.20181249999999995,6.177072916666666e-05
,,,,,407102,840.0,3370,,,,,,
,,,,,407776,710.0,2714,,,,,,
,,,,,408000,,,13.174856185913086,88.85438537597656,87.94407653808594,705.393310546875,0.19974999999999998,6.16665625e-05
,,,,,408418,830.0,2578,,,,,,
,,,,,409000,,,16.174243927001953,86.24690246582031,87.85358428955078,895.5341796875,0.19768750000000002,6.156239583333335e-05
,,,,,409321,1500.0,3634,,,,,,
1603.0,778.73035,3090.0,860.0,2994.8,410000,,,15.910487174987793,88.10052490234375,87.86834716796875,487.7178039550781,0.19562500000000005,6.145822916666667e-05
,,,,,410154,1850.0,3338,,,,,,
,,,,,410936,1530.0,3138,,,,,,
,,,,,411000,,,6.986080169677734,86.855224609375,86.87525177001953,232.0832977294922,0.19356249999999997,6.13540625e-05
,,,,,411901,1910.0,3866,,,,,,
,,,,,412000,,,16.753694534301758,85.8155746459961,85.17631530761719,552.4717407226562,0.1915,6.124989583333333e-05
,,,,,412651,1360.0,3018,,,,,,
,,,,,413000,,,10.329066276550293,82.02054595947266,81.16998291015625,470.9866638183594,0.18943750000000004,6.114572916666667e-05
,,,,,413459,1000.0,3250,,,,,,
,,,,,414000,,,596.1129150390625,87.91543579101562,92.25299072265625,3411.79345703125,0.18737500000000007,6.10415625e-05
,,,,,414294,1480.0,3362,,,,,,
,,,,,414925,720.0,2530,,,,,,
,,,,,415000,,,18.785968780517578,98.74563598632812,97.63349914550781,704.8019409179688,0.1853125,6.093739583333333e-05
,,,,,415464,1130.0,2154,,,,,,
,,,,,415989,810.0,2114,,,,,,
,,,,,416000,,,18.403820037841797,91.0612564086914,90.66860961914062,437.14166259765625,0.18325000000000002,6.083322916666667e-05
,,,,,416416,420.0,1730,,,,,,
,,,,,417000,,,7.279595375061035,100.68185424804688,100.41023254394531,349.52789306640625,0.18118750000000006,6.07290625e-05
,,,,,417315,1980.0,3618,,,,,,
,,,,,417894,690.0,2338,,,,,,
,,,,,418000,,,12.323638916015625,80.94010925292969,81.23429107666016,466.10296630859375,0.17912499999999998,6.062489583333333e-05
,,,,,418438,730.0,2178,,,,,,
,,,,,419000,,,30.037067413330078,87.75462341308594,88.39813232421875,568.7613525390625,0.1770625,6.0520729166666666e-05
,,,,,419138,870.0,2810,,,,,,
,,,,,419757,810.0,2490,,,,,,
1211.0,381.063,1610.0,680.0,2822.8,420000,,,13.562530517578125,99.21359252929688,99.68228149414062,505.5666198730469,0.17499999999999993,6.041656250000001e-05
,,,,,420501,1030.0,3002,,,,,,
,,,,,421000,,,5.652687072753906,89.39952087402344,88.90528106689453,369.3172607421875,0.17293749999999997,6.0312395833333336e-05
,,,,,421201,2060.0,2802,,,,,,
,,,,,421892,1000.0,2778,,,,,,
,,,,,422000,,,10.543274879455566,92.69091796875,93.72993469238281,573.8615112304688,0.170875,6.0208229166666665e-05
,,,,,422675,1400.0,3146,,,,,,
,,,,,423000,,,12.936574935913086,91.47271728515625,91.86361694335938,733.0733032226562,0.16881250000000003,6.01040625e-05
,,,,,423799,1180.0,4498,,,,,,
,,,,,424000,,,73.81514739990234,101.48827362060547,102.60235595703125,759.6860961914062,0.16674999999999995,5.999989583333334e-05
,,,,,424552,820.0,3034,,,,,,
,,,,,425000,,,8.741732597351074,99.74168395996094,99.35952758789062,385.7272033691406,0.1646875,5.989572916666667e-05
,,,,,425244,870.0,2778,,,,,,
,,,,,426000,,,8.543900489807129,94.34823608398438,94.50297546386719,349.1072082519531,0.16262500000000002,5.97915625e-05
,,,,,426168,1300.0,3722,,,,,,
,,,,,426859,1250.0,2786,,,,,,
,,,,,427000,,,40.12832260131836,97.95899963378906,99.91053009033203,977.131103515625,0.16056250000000005,5.9687395833333335e-05
,,,,,427704,1260.0,3394,,,,,,
,,,,,428000,,,586.2276611328125,90.15007019042969,95.4647445678711,2176.365966796875,0.15849999999999997,5.958322916666668e-05
,,,,,428510,850.0,3226,,,,,,
,,,,,429000,,,11.662975311279297,88.2184066772461,88.180908203125,495.0403137207031,0.1564375,5.9479062500000005e-05
,,,,,429193,2400.0,2738,,,,,,
,,,,,429815,920.0,2498,,,,,,
1020.0,149.13081,1240.0,770.0,2677.2,430000,,,12.882957458496094,94.15266418457031,94.70669555664062,497.2730712890625,0.15437500000000004,5.9374895833333334e-05
,,,,,430651,2130.0,3346,,,,,,
,,,,,431000,,,11.127744674682617,87.15347290039062,87.55622863769531,506.99359130859375,0.15231250000000007,5.927072916666667e-05
,,,,,431418,1110.0,3082,,,,,,
,,,,,431892,410.0,1906,,,,,,
,,,,,432000,,,12.464351654052734,90.26258850097656,91.06204986572266,490.3975830078125,0.1502500000000001,5.91665625e-05
,,,,,432459,660.0,2290,,,,,,
,,,,,433000,,,18.00760841369629,80.83973693847656,78.3631362915039,1146.2486572265625,0.14818749999999992,5.9062395833333326e-05
,,,,,433224,890.0,3066,,,,,,
,,,,,433847,850.0,2498,,,,,,
,,,,,434000,,,680.2362670898438,86.28016662597656,90.8708724975586,3491.915283203125,0.14612499999999995,5.895822916666667e-05
,,,,,434252,450.0,1642,,,,,,
,,,,,434876,790.0,2506,,,,,,
,,,,,435000,,,9.640325546264648,80.41923522949219,78.95222473144531,630.7314453125,0.14406249999999998,5.8854062500000004e-05
,,,,,435741,1190.0,3482,,,,,,
,,,,,436000,,,11.73266315460205,86.47723388671875,86.88400268554688,468.84954833984375,0.14200000000000002,5.874989583333333e-05
,,,,,436652,1040.0,3642,,,,,,
,,,,,437000,,,62.23548889160156,93.82618713378906,93.79490661621094,973.4779663085938,0.13993749999999994,5.864572916666666e-05
,,,,,437427,1030.0,3114,,,,,,
,,,,,438000,,,12.413759231567383,90.1722412109375,88.85275268554688,766.1614379882812,0.13787499999999997,5.85415625e-05
,,,,,438221,1130.0,3202,,,,,,
,,,,,439000,,,8.310121536254883,81.52395629882812,82.57046508789062,523.5914916992188,0.1358125,5.8437395833333345e-05
,,,,,439043,1810.0,3298,,,,,,
,,,,,439997,1030.0,3842,,,,,,
1044.0,419.59982,1680.0,700.0,3119.6,440000,,,10.594523429870605,78.7169189453125,78.73152160644531,599.7437744140625,0.13375000000000004,5.833322916666667e-05
,,,,,440806,1400.0,3242,,,,,,
,,,,,441000,,,10.13243293762207,90.2312240600586,89.62403869628906,428.35589599609375,0.13168750000000007,5.8229062499999995e-05
,,,,,441406,680.0,2418,,,,,,
,,,,,442000,,,13.799230575561523,79.78770446777344,80.70651245117188,613.971923828125,0.129625,5.812489583333334e-05
,,,,,442504,1630.0,4418,,,,,,
,,,,,443000,,,15.963203430175781,86.39468383789062,88.75967407226562,896.54638671875,0.12756250000000002,5.802072916666668e-05
,,,,,443160,1060.0,2650,,,,,,
,,,,,443910,960.0,3002,,,,,,
,,,,,444000,,,9.2599515914917,91.12462615966797,90.62470245361328,447.4077453613281,0.12550000000000006,5.79165625e-05
,,,,,444747,1920.0,3354,,,,,,
,,,,,445000,,,7.767580509185791,98.82518005371094,97.89706420898438,451.47882080078125,0.12343750000000009,5.781239583333333e-05
,,,,,445335,900.0,2370,,,,,,
,,,,,446000,,,6.272250652313232,85.0882568359375,85.35592651367188,280.19927978515625,0.12137500000000001,5.770822916666667e-05
,,,,,446124,1170.0,3178,,,,,,
,,,,,446813,970.0,2770,,,,,,
,,,,,447000,,,5.97548246383667,84.10498046875,83.45332336425781,373.66326904296875,0.11931250000000004,5.76040625e-05
,,,,,447606,1460.0,3194,,,,,,
,,,,,448000,,,29.031875610351562,95.47573852539062,93.03114318847656,1088.384521484375,0.11724999999999997,5.749989583333333e-05
,,,,,448358,1180.0,3018,,,,,,
,,,,,449000,,,12.687572479248047,88.43968200683594,88.01058959960938,444.83203125,0.1151875,5.7395729166666664e-05
,,,,,449049,1350.0,2778,,,,,,
,,,,,449724,860.0,2714,,,,,,
1123.0,96.85556,1270.0,1050.0,2953.2,450000,,,64.10637664794922,93.04151916503906,93.88607788085938,841.6514892578125,0.11312499999999992,5.7291562500000006e-05
,,,,,450554,1510.0,3338,,,,,,
,,,,,451000,,,8.312143325805664,90.51272583007812,91.5139389038086,542.248046875,0.11106249999999995,5.7187395833333335e-05
,,,,,451569,1400.0,4074,,,,,,
,,,,,452000,,,28.56397247314453,87.3028564453125,86.48676300048828,782.2755126953125,0.10899999999999999,5.7083229166666663e-05
,,,,,452583,1190.0,4074,,,,,,
,,,,,453000,,,15.485438346862793,94.58380126953125,94.50788879394531,554.3872680664062,0.10693750000000002,5.6979062500000006e-05
,,,,,453247,1380.0,2682,,,,,,
,,,,,454000,,,15.891277313232422,91.8946762084961,91.08427429199219,554.06787109375,0.10487500000000005,5.687489583333334e-05
,,,,,454017,810.0,3090,,,,,,
,,,,,454509,860.0,1978,,,,,,
,,,,,455000,,,27.116180419921875,93.09439086914062,92.98455810546875,686.936279296875,0.10281249999999997,5.677072916666667e-05
,,,,,455377,1730.0,3482,,,,,,
,,,,,456000,,,113.76985931396484,98.96520233154297,101.8536376953125,1357.2664794921875,0.10075,5.66665625e-05
,,,,,456219,960.0,3386,,,,,,
,,,,,457000,,,10.139629364013672,93.40526580810547,94.21028137207031,543.1563720703125,0.09868750000000004,5.656239583333334e-05
,,,,,457058,1300.0,3362,,,,,,
,,,,,458000,,,527.0972900390625,99.86582946777344,103.81138610839844,2012.5721435546875,0.09662500000000007,5.6458229166666675e-05
,,,,,458016,1100.0,3842,,,,,,
,,,,,458949,2000.0,3730,,,,,,
,,,,,459000,,,1200.6434326171875,96.26393127441406,102.85507202148438,4017.92236328125,0.0945625,5.6354062500000004e-05
,,,,,459537,580.0,2354,,,,,,
757.0,493.3366,2180.0,510.0,2382.0,460000,,,74.97840118408203,100.82119750976562,102.34385681152344,1243.619873046875,0.09250000000000003,5.624989583333333e-05
,,,,,460266,810.0,2930,,,,,,
,,,,,460969,1480.0,2826,,,,,,
,,,,,461000,,,12.314568519592285,101.19664001464844,100.60641479492188,481.7650146484375,0.09043750000000006,5.6145729166666675e-05
,,,,,461616,730.0,2586,,,,,,
,,,,,462000,,,105.89266204833984,94.28546142578125,98.42481994628906,1457.7738037109375,0.08837500000000009,5.60415625e-05
,,,,,462140,700.0,2114,,,,,,
,,,,,462764,980.0,2522,,,,,,
,,,,,463000,,,7.524413108825684,98.82574462890625,98.5164794921875,461.94000244140625,0.0863124999999999,5.5937395833333325e-05
,,,,,463101,330.0,1378,,,,,,
,,,,,463700,840.0,2402,,,,,,
,,,,,464000,,,18.22655487060547,95.51629638671875,96.05838012695312,456.3515930175781,0.08424999999999994,5.583322916666667e-05
,,,,,464140,580.0,1778,,,,,,
,,,,,464862,1290.0,2898,,,,,,
,,,,,465000,,,13.565301895141602,92.56924438476562,91.13040924072266,663.8911743164062,0.08218749999999997,5.572906250000001e-05
,,,,,465791,1670.0,3722,,,,,,
,,,,,466000,,,14.648611068725586,81.08055114746094,81.33768463134766,493.3365783691406,0.080125,5.562489583333334e-05
,,,,,466846,1370.0,4242,,,,,,
,,,,,467000,,,9.214942932128906,91.40447998046875,92.33145141601562,478.001708984375,0.07806250000000003,5.5520729166666666e-05
,,,,,467505,1390.0,2634,,,,,,
,,,,,468000,,,15.921128273010254,89.830322265625,92.2342529296875,1179.1925048828125,0.07599999999999996,5.54165625e-05
,,,,,468293,2600.0,3154,,,,,,
,,,,,469000,,,14.053258895874023,95.89497375488281,94.23136901855469,781.5927734375,0.07393749999999999,5.5312395833333344e-05
,,,,,469062,1550.0,3090,,,,,,
,,,,,469695,1100.0,2546,,,,,,
570.0,56.745045,740.0,550.0,1966.8,470000,,,9.39136791229248,95.48307800292969,96.52983093261719,684.1348876953125,0.07187500000000002,5.520822916666667e-05
,,,,,470919,1490.0,4906,,,,,,
,,,,,471000,,,9.13713264465332,95.68684387207031,95.39518737792969,388.55462646484375,0.06981250000000006,5.51040625e-05
,,,,,471696,1800.0,3114,,,,,,
,,,,,472000,,,14.044692039489746,95.82270812988281,95.943115234375,538.3046875,0.06774999999999998,5.4999895833333336e-05
,,,,,472673,1550.0,3922,,,,,,
,,,,,473000,,,19.337928771972656,91.33624267578125,91.63044738769531,574.7977905273438,0.06568750000000001,5.489572916666668e-05
,,,,,473327,860.0,2618,,,,,,
,,,,,474000,,,8.82544231414795,93.53427124023438,92.9437255859375,456.019287109375,0.06362500000000004,5.4791562500000007e-05
,,,,,474046,1250.0,2898,,,,,,
,,,,,474669,980.0,2514,,,,,,
,,,,,475000,,,13.642011642456055,106.7285385131836,106.73481750488281,715.41552734375,0.061562500000000075,5.4687395833333335e-05
,,,,,475542,1630.0,3506,,,,,,
,,,,,476000,,,13.888840675354004,90.29808044433594,90.31551361083984,363.7248840332031,0.0595,5.458322916666667e-05
,,,,,476324,1620.0,3146,,,,,,
,,,,,477000,,,11.197504997253418,102.17097473144531,102.60262298583984,498.2733459472656,0.05743750000000003,5.44790625e-05
,,,,,477327,1150.0,4026,,,,,,
,,,,,478000,,,7.490248680114746,99.191650390625,100.1737060546875,612.9650268554688,0.05537499999999995,5.437489583333333e-05
,,,,,478033,1340.0,2850,,,,,,
,,,,,478527,600.0,2002,,,,,,
,,,,,479000,,,65.36968231201172,101.33901977539062,104.17979431152344,1505.3388671875,0.053312499999999985,5.427072916666667e-05
,,,,,479075,770.0,2194,,,,,,
,,,,,479613,620.0,2154,,,,,,
1234.0,294.52335,1590.0,910.0,3003.6,480000,,,131.3478240966797,89.17034149169922,92.80130004882812,1555.1060791015625,0.05125000000000002,5.4166562500000005e-05
,,,,,480475,1270.0,3458,,,,,,
,,,,,481000,,,12.125387191772461,105.74872589111328,105.7769775390625,414.1249694824219,0.04918749999999994,5.4062395833333333e-05
,,,,,481207,1060.0,2954,,,,,,
,,,,,481892,1100.0,2762,,,,,,
,,,,,482000,,,18.369049072265625,92.03204345703125,92.26307678222656,611.5999145507812,0.04712499999999997,5.395822916666666e-05
,,,,,483000,,,9.189470291137695,82.60958862304688,82.45125579833984,346.4199523925781,0.045062500000000005,5.3854062500000004e-05
,,,,,483007,1820.0,4474,,,,,,
,,,,,483599,2080.0,2378,,,,,,
,,,,,484000,,,32.39685821533203,96.66785430908203,94.31796264648438,1468.540771484375,0.04300000000000004,5.374989583333334e-05
,,,,,484302,1190.0,2834,,,,,,
,,,,,485000,,,104.59013366699219,101.34620666503906,102.7857666015625,1162.7022705078125,0.04093749999999996,5.364572916666667e-05
,,,,,485169,1180.0,3482,,,,,,
,,,,,485867,810.0,2794,,,,,,
,,,,,486000,,,9.886363983154297,97.52674865722656,96.59190368652344,536.1672973632812,0.03887499999999999,5.3541562499999996e-05
,,,,,486680,1370.0,3250,,,,,,
,,,,,487000,,,35.40962219238281,91.5794677734375,89.13642883300781,1810.398193359375,0.036812500000000026,5.343739583333334e-05
,,,,,487392,2320.0,2858,,,,,,
,,,,,488000,,,8.26244068145752,89.37129211425781,90.90225219726562,828.1039428710938,0.03475000000000006,5.3333229166666674e-05
,,,,,488074,940.0,2746,,,,,,
,,,,,488864,1210.0,3162,,,,,,
,,,,,489000,,,13.421772003173828,97.16741180419922,96.63328552246094,741.59765625,0.03268750000000009,5.32290625e-05
,,,,,489576,840.0,2858,,,,,,
1149.0,174.38176,1280.0,700.0,3095.6,490000,,,8.512624740600586,104.70193481445312,104.31495666503906,409.58837890625,0.030625000000000013,5.312489583333333e-05
,,,,,490254,920.0,2714,,,,,,
,,,,,490747,530.0,2002,,,,,,
,,,,,491000,,,13.343338966369629,105.17495727539062,105.53577423095703,524.24951171875,0.028562500000000046,5.302072916666667e-05
,,,,,491400,990.0,2626,,,,,,
,,,,,492000,,,8.013618469238281,93.74930572509766,94.09906005859375,403.7960510253906,0.02650000000000008,5.29165625e-05
,,,,,492010,1310.0,2442,,,,,,
,,,,,492558,700.0,2210,,,,,,
,,,,,493000,,,12.524873733520508,99.08672332763672,98.5123291015625,598.1259765625,0.0244375,5.281239583333333e-05
,,,,,493497,1010.0,3770,,,,,,
,,,,,494000,,,10.07083797454834,94.92085266113281,94.64450073242188,385.59661865234375,0.022374999999999923,5.2708229166666665e-05
,,,,,494249,1720.0,3010,,,,,,
,,,,,494967,1600.0,2882,,,,,,
,,,,,495000,,,18.799129486083984,100.44618225097656,99.57311248779297,583.2437744140625,0.020312499999999956,5.260406250000001e-05
,,,,,495790,2450.0,3322,,,,,,
,,,,,496000,,,78.53201293945312,95.65017700195312,97.26319885253906,1163.2691650390625,0.01824999999999999,5.2499895833333336e-05
,,,,,496631,1050.0,3370,,,,,,
,,,,,497000,,,60.13160705566406,97.09720611572266,96.38804626464844,1642.3873291015625,0.01618750000000002,5.2395729166666665e-05
,,,,,497370,800.0,2986,,,,,,
,,,,,498000,,,59.12220764160156,96.38435363769531,97.11893463134766,956.6453247070312,0.014124999999999943,5.22915625e-05
,,,,,498250,1110.0,3538,,,,,,
,,,,,499000,,,17.468942642211914,89.94645690917969,89.47708129882812,827.6640014648438,0.012062499999999976,5.218739583333334e-05
,,,,,499093,1900.0,3378,,,,,,
,,,,,499583,560.0,1962,,,,,,
1079.0,122.51122,1240.0,830.0,3322.8,500000,,,21.802181243896484,103.70417785644531,102.34008026123047,832.41552734375,0.01,5.208322916666667e-05
,,,,,500405,2020.0,3314,,,,,,
,,,,,500793,490.0,1554,,,,,,
,,,,,501000,,,16.361225128173828,99.22604370117188,98.49818420410156,882.0062255859375,0.01,5.19790625e-05
,,,,,501392,800.0,2402,,,,,,
,,,,,502000,,,20.40334701538086,100.25765991210938,101.83058166503906,918.984130859375,0.01,5.1874895833333334e-05
,,,,,502308,1870.0,3674,,,,,,
,,,,,503000,,,14.276893615722656,87.46187591552734,86.89375305175781,592.6385498046875,0.01,5.1770729166666677e-05
,,,,,503198,1070.0,3570,,,,,,
,,,,,503940,980.0,2978,,,,,,
,,,,,504000,,,1308.0743408203125,96.21186828613281,103.13121032714844,5174.9482421875,0.01,5.1666562500000005e-05
,,,,,504506,660.0,2290,,,,,,
,,,,,505000,,,17.513904571533203,110.52681732177734,109.83493041992188,606.7296752929688,0.01,5.1562395833333334e-05
,,,,,505331,1330.0,3322,,,,,,
,,,,,506000,,,12.459708213806152,89.87580871582031,89.70450592041016,584.1854248046875,0.01,5.145822916666667e-05
,,,,,506089,1240.0,3058,,,,,,
,,,,,506667,590.0,2314,,,,,,
,,,,,507000,,,8.276955604553223,105.96480560302734,105.15943908691406,441.387939453125,0.01,5.13540625e-05
,,,,,507227,690.0,2258,,,,,,
,,,,,508000,,,1116.090576171875,92.97207641601562,96.70277404785156,3012.861083984375,0.01,5.1249895833333326e-05
,,,,,508267,1370.0,4162,,,,,,
,,,,,508933,910.0,2690,,,,,,
,,,,,509000,,,15.0652437210083,97.46026611328125,98.41691589355469,753.0384521484375,0.01,5.114572916666667e-05
,,,,,509617,1210.0,2754,,,,,,
1427.0,496.126,1960.0,750.0,3168.4,510000,,,7.926736354827881,91.88166046142578,91.10784912109375,422.75164794921875,0.01,5.1041562500000003e-05
,,,,,510459,1610.0,3386,,,,,,
,,,,,511000,,,1183.87158203125,104.21688842773438,112.49960327148438,5751.970703125,0.01,5.093739583333333e-05
,,,,,511214,1720.0,3026,,,,,,
,,,,,511918,1460.0,2842,,,,,,
,,,,,512000,,,11.553576469421387,102.0567626953125,101.98532104492188,469.27862548828125,0.01,5.083322916666666e-05
,,,,,512584,790.0,2674,,,,,,
,,,,,513000,,,19.210487365722656,103.52957153320312,101.94618225097656,859.4239501953125,0.01,5.07290625e-05
,,,,,513331,2300.0,2994,,,,,,
,,,,,514000,,,32.286888122558594,103.09025573730469,103.02450561523438,707.9638061523438,0.01,5.062489583333334e-05
,,,,,514196,1460.0,3482,,,,,,
,,,,,514769,570.0,2314,,,,,,
,,,,,515000,,,6.294427871704102,109.2197265625,109.66400146484375,698.32861328125,0.01,5.0520729166666667e-05
,,,,,515718,1600.0,3818,,,,,,
,,,,,516000,,,18.257526397705078,106.42616271972656,106.32831573486328,728.0497436523438,0.01,5.0416562499999995e-05
,,,,,516286,700.0,2290,,,,,,
,,,,,517000,,,9.15230941772461,110.63501739501953,110.9641342163086,446.2406311035156,0.01,5.031239583333334e-05
,,,,,517106,1950.0,3298,,,,,,
,,,,,517953,930.0,3394,,,,,,
,,,,,518000,,,19.94339942932129,112.61485290527344,111.99589538574219,619.0584106445312,0.01,5.020822916666668e-05
,,,,,518573,930.0,2490,,,,,,
,,,,,519000,,,570.1300659179688,99.72090148925781,103.5655288696289,2551.076904296875,0.01,5.01040625e-05
,,,,,519218,1660.0,2594,,,,,,
1465.0,355.02817,1760.0,760.0,3131.6,520000,,,13.886720657348633,93.7708740234375,94.15030670166016,508.7586975097656,0.01,5e-05
,,,,,520083,1410.0,3474,,,,,,
,,,,,520631,670.0,2218,,,,,,
,,,,,521000,,,7.6458740234375,99.29524230957031,100.6385498046875,663.8668823242188,0.01,5e-05
,,,,,521339,1700.0,2842,,,,,,
,,,,,521900,1050.0,2266,,,,,,
,,,,,522000,,,14.877897262573242,108.78564453125,109.59624481201172,852.5623779296875,0.01,5e-05
,,,,,522658,1270.0,3042,,,,,,
,,,,,523000,,,13.867280960083008,103.11000061035156,102.94491577148438,568.05419921875,0.01,5e-05
,,,,,523408,1030.0,3010,,,,,,
,,,,,523960,1260.0,2226,,,,,,
,,,,,524000,,,91.75289916992188,105.28436279296875,106.6729736328125,1302.7274169921875,0.01,5e-05
,,,,,524464,640.0,2034,,,,,,
,,,,,525000,,,8.394201278686523,93.75001525878906,93.10533142089844,462.1837158203125,0.01,5e-05
,,,,,525298,2110.0,3354,,,,,,
,,,,,526000,,,12.056855201721191,102.80384826660156,104.15768432617188,713.2653198242188,0.01,5e-05
,,,,,526028,1100.0,2938,,,,,,
,,,,,526757,1110.0,2938,,,,,,
,,,,,527000,,,129.064697265625,101.76924133300781,104.96724700927734,1877.4091796875,0.01,5e-05
,,,,,527841,1980.0,4346,,,,,,
,,,,,528000,,,1187.5545654296875,103.2177734375,109.73690032958984,5883.7451171875,0.01,5e-05
,,,,,528385,710.0,2202,,,,,,
,,,,,528986,740.0,2410,,,,,,
,,,,,529000,,,29.246604919433594,109.43455505371094,108.69221496582031,1066.326904296875,0.01,5e-05
,,,,,529724,1130.0,2962,,,,,,
1235.0,144.23938,1360.0,980.0,2624.4,530000,,,45.05424499511719,98.63690185546875,99.89030456542969,872.2462158203125,0.01,5e-05
,,,,,530464,1050.0,2978,,,,,,
,,,,,531000,,,26.71476936340332,93.32075500488281,93.28959655761719,1292.89892578125,0.01,5e-05
,,,,,531271,940.0,3234,,,,,,
,,,,,532000,,,28.444625854492188,108.1515121459961,108.22332763671875,807.6951293945312,0.01,5e-05
,,,,,532056,1690.0,3162,,,,,,
,,,,,532941,1810.0,3554,,,,,,
,,,,,533000,,,5.648229598999023,102.41859436035156,102.04215240478516,346.2838439941406,0.01,5e-05
,,,,,533453,870.0,2066,,,,,,
,,,,,533987,870.0,2154,,,,,,
,,,,,534000,,,13.949435234069824,106.1202621459961,105.22759246826172,673.951416015625,0.01,5e-05
,,,,,534675,1200.0,2762,,,,,,
,,,,,535000,,,1204.079345703125,104.23173522949219,110.08114624023438,4839.572265625,0.01,5e-05
,,,,,535311,1010.0,2554,,,,,,
,,,,,536000,,,24.82245445251465,100.60438537597656,99.53005981445312,870.734375,0.01,5e-05
,,,,,536018,980.0,2834,,,,,,
,,,,,536856,1070.0,3378,,,,,,
,,,,,537000,,,13.186643600463867,102.84140014648438,102.81200408935547,491.0386962890625,0.01,5e-05
,,,,,537528,2260.0,2690,,,,,,
,,,,,538000,,,10.845988273620605,92.3155517578125,91.37248229980469,675.25634765625,0.01,5e-05
,,,,,538492,2690.0,3858,,,,,,
,,,,,539000,,,1306.8492431640625,109.56590270996094,117.11906433105469,5356.65087890625,0.01,5e-05
,,,,,539289,1190.0,3210,,,,,,
1001.0,329.4374,1330.0,630.0,2493.2,540000,,,28.30636215209961,107.61076354980469,107.75942993164062,950.0786743164062,0.01,5e-05
,,,,,540364,1310.0,4306,,,,,,
,,,,,541000,,,16.426067352294922,122.36756896972656,123.09640502929688,852.8632202148438,0.01,5e-05
,,,,,541260,1230.0,3586,,,,,,
,,,,,541855,790.0,2394,,,,,,
,,,,,542000,,,21.538402557373047,94.81527709960938,94.0042953491211,737.0242309570312,0.01,5e-05
,,,,,542493,880.0,2562,,,,,,
,,,,,543000,,,22.82651138305664,117.83949279785156,116.29450225830078,939.740478515625,0.01,5e-05
,,,,,543187,1350.0,2786,,,,,,
,,,,,543974,1390.0,3154,,,,,,
,,,,,544000,,,26.454782485961914,106.7823486328125,106.0513687133789,907.1519165039062,0.01,5e-05
,,,,,544914,1220.0,3770,,,,,,
,,,,,545000,,,70.47090148925781,105.44761657714844,106.79927825927734,1192.0185546875,0.01,5e-05
,,,,,545944,1970.0,4146,,,,,,
,,,,,546000,,,20.83721160888672,99.47124481201172,98.35821533203125,876.5697631835938,0.01,5e-05
,,,,,546519,930.0,2306,,,,,,
,,,,,547000,,,16.030485153198242,107.75724792480469,108.09434509277344,672.7217407226562,0.01,5e-05
,,,,,547381,1240.0,3458,,,,,,
,,,,,547851,680.0,1882,,,,,,
,,,,,548000,,,9.153475761413574,103.67505645751953,103.697998046875,357.7384338378906,0.01,5e-05
,,,,,548570,880.0,2874,,,,,,
,,,,,549000,,,35.92559814453125,116.71063232421875,117.63577270507812,1134.829833984375,0.01,5e-05
,,,,,549615,2540.0,4210,,,,,,
1019.0,200.92038,1440.0,760.0,2861.2,550000,,,18.49274444580078,118.58345031738281,116.57012939453125,1159.29248046875,0.01,5e-05
,,,,,550437,1100.0,3298,,,,,,
,,,,,551000,,,14.950324058532715,105.03153991699219,104.51815032958984,626.5030517578125,0.01,5e-05
,,,,,551239,1570.0,3234,,,,,,
,,,,,552000,,,16.0904483795166,100.06716918945312,97.7766342163086,1617.2022705078125,0.01,5e-05
,,,,,552151,1550.0,3658,,,,,,
,,,,,552741,950.0,2362,,,,,,
,,,,,553000,,,24.66870880126953,107.37265014648438,108.53021240234375,946.8153076171875,0.01,5e-05
,,,,,553822,1980.0,4338,,,,,,
,,,,,554000,,,15.061437606811523,116.25434875488281,115.3802490234375,602.1649780273438,0.01,5e-05
,,,,,554816,1030.0,4002,,,,,,
,,,,,555000,,,102.60270690917969,117.98042297363281,120.4398422241211,2114.388916015625,0.01,5e-05
,,,,,555640,1130.0,3322,,,,,,
,,,,,556000,,,22.23007583618164,114.9898681640625,115.93618774414062,632.6318359375,0.01,5e-05
,,,,,556393,1080.0,3018,,,,,,
,,,,,557000,,,29.37055015563965,109.27535247802734,110.00873565673828,873.8363037109375,0.01,5e-05
,,,,,557245,1380.0,3426,,,,,,
,,,,,558000,,,20.09748649597168,107.85476684570312,107.73396301269531,787.1306762695312,0.01,5e-05
,,,,,558014,1220.0,3074,,,,,,
,,,,,558909,1350.0,3602,,,,,,
,,,,,559000,,,707.080322265625,113.68017578125,119.15821838378906,3402.7412109375,0.01,5e-05
,,,,,559772,1870.0,3466,,,,,,
1229.0,315.98892,1640.0,830.0,3138.0,560000,,,1299.0809326171875,120.19319152832031,126.52230834960938,5096.58740234375,0.01,5e-05
,,,,,560785,1210.0,4074,,,,,,
,,,,,561000,,,25.26834487915039,113.69491577148438,113.60612487792969,905.4512329101562,0.01,5e-05
,,,,,561669,1850.0,3546,,,,,,
,,,,,562000,,,767.4970703125,102.34706115722656,106.45146179199219,4220.26708984375,0.01,5e-05
,,,,,562423,1400.0,3042,,,,,,
,,,,,562926,780.0,2018,,,,,,
,,,,,563000,,,19.163959503173828,100.15888214111328,100.59309387207031,923.890869140625,0.01,5e-05
,,,,,563726,1320.0,3210,,,,,,
,,,,,564000,,,14.100362777709961,105.10700225830078,105.11068725585938,631.54443359375,0.01,5e-05
,,,,,564455,1270.0,2922,,,,,,
,,,,,565000,,,14.048332214355469,120.03160095214844,120.48185729980469,606.1005859375,0.01,5e-05
,,,,,565215,1970.0,3066,,,,,,
,,,,,565961,1430.0,3010,,,,,,
,,,,,566000,,,12.620484352111816,118.80703735351562,119.19636535644531,617.459228515625,0.01,5e-05
,,,,,566723,990.0,3058,,,,,,
,,,,,567000,,,25.58438491821289,111.86947631835938,112.16204833984375,1517.2130126953125,0.01,5e-05
,,,,,567397,1260.0,2706,,,,,,
,,,,,567890,800.0,1986,,,,,,
,,,,,568000,,,15.048882484436035,104.13224792480469,103.88812255859375,752.3563232421875,0.01,5e-05
,,,,,568602,1020.0,2874,,,,,,
,,,,,569000,,,10.395393371582031,102.92353057861328,102.83553314208984,452.60809326171875,0.01,5e-05
,,,,,569586,1250.0,3946,,,,,,
1097.0,143.25153,1270.0,960.0,2747.6,570000,,,15.257661819458008,118.89332580566406,119.80904388427734,1053.8409423828125,0.01,5e-05
,,,,,570241,1750.0,2642,,,,,,
,,,,,570925,2290.0,2738,,,,,,
,,,,,571000,,,31.41640853881836,101.47004699707031,99.89860534667969,1331.86376953125,0.01,5e-05
,,,,,571708,900.0,3146,,,,,,
,,,,,572000,,,112.1028823852539,102.28824615478516,99.99349212646484,3319.00927734375,0.01,5e-05
,,,,,572656,1270.0,3810,,,,,,
,,,,,573000,,,7.450580596923828,112.60966491699219,112.37384033203125,480.4284973144531,0.01,5e-05
,,,,,573304,810.0,2618,,,,,,
,,,,,574000,,,20.77185821533203,108.1211166381836,107.93150329589844,856.6251220703125,0.01,5e-05
,,,,,574135,2430.0,3354,,,,,,
,,,,,574861,1290.0,2930,,,,,,
,,,,,575000,,,19.699663162231445,101.92453002929688,100.49720764160156,877.718017578125,0.01,5e-05
,,,,,575687,1330.0,3330,,,,,,
,,,,,576000,,,20.46072006225586,110.0677490234375,109.25666809082031,1259.826416015625,0.01,5e-05
,,,,,576406,870.0,2898,,,,,,
,,,,,577000,,,23.032299041748047,110.63359069824219,111.60093688964844,1067.8922119140625,0.01,5e-05
,,,,,577055,1280.0,2618,,,,,,
,,,,,577932,2620.0,3506,,,,,,
,,,,,578000,,,11.065399169921875,120.53964233398438,121.0353012084961,573.5513916015625,0.01,5e-05
,,,,,578571,1140.0,2570,,,,,,
,,,,,579000,,,20.657730102539062,113.62918090820312,115.14617919921875,1195.0032958984375,0.01,5e-05
,,,,,579571,1570.0,4018,,,,,,
1146.0,423.25406,1750.0,760.0,3325.2,580000,,,31.14649772644043,129.6146240234375,127.40792083740234,1330.7904052734375,0.01,5e-05
,,,,,580426,1230.0,3418,,,,,,
,,,,,581000,,,17.635162353515625,97.15019226074219,98.0889892578125,732.5978393554688,0.01,5e-05
,,,,,581593,1910.0,4682,,,,,,
,,,,,582000,,,22.81011390686035,114.35710144042969,113.5391845703125,832.9340209960938,0.01,5e-05
,,,,,582255,1140.0,2666,,,,,,
,,,,,583000,,,10.012519836425781,121.06745147705078,120.26167297363281,593.3655395507812,0.01,5e-05
,,,,,583134,1150.0,3530,,,,,,
,,,,,583978,1250.0,3394,,,,,,
,,,,,584000,,,20.474992752075195,103.6178207397461,104.08001708984375,629.6168212890625,0.01,5e-05
,,,,,584894,910.0,3674,,,,,,
,,,,,585000,,,24.324966430664062,100.52473449707031,101.55049133300781,813.123046875,0.01,5e-05
,,,,,585655,1080.0,3058,,,,,,
,,,,,586000,,,13.435105323791504,110.62786865234375,109.61126708984375,604.7952270507812,0.01,5e-05
,,,,,586365,900.0,2858,,,,,,
,,,,,586755,470.0,1578,,,,,,
,,,,,587000,,,14.040201187133789,121.44562530517578,122.18374633789062,619.057861328125,0.01,5e-05
,,,,,587504,1650.0,3010,,,,,,
,,,,,588000,,,14.60029411315918,103.53114318847656,104.07112121582031,860.0364990234375,0.01,5e-05
,,,,,588374,1350.0,3482,,,,,,
,,,,,589000,,,14.424046516418457,108.27555847167969,106.84214782714844,909.502197265625,0.01,5e-05
,,,,,589251,1710.0,3522,,,,,,
,,,,,589931,1440.0,2738,,,,,,
1431.0,678.726,2450.0,760.0,3243.6,590000,,,82.83184814453125,114.515869140625,114.93104553222656,1043.8970947265625,0.01,5e-05
,,,,,590737,1200.0,3242,,,,,,
,,,,,591000,,,23.201980590820312,109.33829498291016,110.9888916015625,1270.2828369140625,0.01,5e-05
,,,,,591547,1160.0,3250,,,,,,
,,,,,592000,,,29.291812896728516,108.50497436523438,111.3238525390625,1866.189453125,0.01,5e-05
,,,,,592277,1580.0,2946,,,,,,
,,,,,593000,,,14.918432235717773,115.96028900146484,115.72496032714844,570.5659790039062,0.01,5e-05
,,,,,593038,1510.0,3050,,,,,,
,,,,,593928,1470.0,3586,,,,,,
,,,,,594000,,,13.078716278076172,112.4697494506836,112.62635803222656,648.8650512695312,0.01,5e-05
,,,,,594878,1870.0,3810,,,,,,
,,,,,595000,,,15.86732006072998,110.64462280273438,109.41511535644531,923.6023559570312,0.01,5e-05
,,,,,595689,1840.0,3266,,,,,,
,,,,,596000,,,23.27666473388672,113.97781372070312,113.55839538574219,801.7520141601562,0.01,5e-05
,,,,,596338,790.0,2594,,,,,,
,,,,,597000,,,34.63996505737305,100.27899932861328,100.29603576660156,946.0394287109375,0.01,5e-05
,,,,,597190,1110.0,3434,,,,,,
,,,,,598000,,,89.43782043457031,104.8074722290039,105.15632629394531,1619.029052734375,0.01,5e-05
,,,,,598042,1000.0,3426,,,,,,
,,,,,598473,510.0,1730,,,,,,
,,,,,599000,,,15.248037338256836,109.89543151855469,109.46006774902344,528.60498046875,0.01,5e-05
,,,,,599254,2030.0,3130,,,,,,
1188.0,231.98276,1500.0,800.0,3390.8,600000,,,19.44902801513672,126.64405822753906,125.27686309814453,1104.554443359375,0.01,5e-05
,,,,,600191,1170.0,3770,,,,,,
,,,,,600952,1570.0,3042,,,,,,
,,,,,601000,,,12.063726425170898,93.07130432128906,93.61128234863281,530.9716186523438,0.01,5e-05
,,,,,601640,890.0,2762,,,,,,
,,,,,602000,,,12.495333671569824,134.69252014160156,134.9866943359375,499.2594909667969,0.01,5e-05
,,,,,602119,620.0,1930,,,,,,
,,,,,602704,800.0,2362,,,,,,
,,,,,603000,,,12.410380363464355,121.02173614501953,120.29522705078125,612.1270751953125,0.01,5e-05
,,,,,603351,900.0,2602,,,,,,
,,,,,604000,,,109.59295654296875,127.17630004882812,128.3235321044922,1360.55126953125,0.01,5e-05
,,,,,604303,1330.0,3810,,,,,,
,,,,,605000,,,39.374088287353516,129.66725158691406,128.3814239501953,1853.34765625,0.01,5e-05
,,,,,605016,800.0,2858,,,,,,
,,,,,605619,800.0,2426,,,,,,
,,,,,606000,,,31.67473602294922,114.50613403320312,115.6014404296875,1300.2432861328125,0.01,5e-05
,,,,,606446,1690.0,3322,,,,,,
,,,,,607000,,,9.510377883911133,123.02638244628906,122.08853149414062,674.0836791992188,0.01,5e-05
,,,,,607149,1200.0,2818,,,,,,
,,,,,607756,750.0,2458,,,,,,
,,,,,608000,,,21.183185577392578,107.77503967285156,106.82124328613281,1071.89892578125,0.01,5e-05
,,,,,608460,1190.0,2826,,,,,,
,,,,,609000,,,13.6080322265625,105.20234680175781,106.8167724609375,937.0059204101562,0.01,5e-05
,,,,,609369,1650.0,3642,,,,,,
1065.0,132.15521,1170.0,800.0,2693.2,610000,,,22.415607452392578,129.01123046875,126.1678466796875,1558.9638671875,0.01,5e-05
,,,,,610141,1690.0,3098,,,,,,
,,,,,610816,1060.0,2722,,,,,,
,,,,,611000,,,28.220998764038086,120.024169921875,119.40435791015625,939.4977416992188,0.01,5e-05
,,,,,611480,1040.0,2658,,,,,,
,,,,,612000,,,842.895263671875,140.063232421875,144.2894744873047,3217.795654296875,0.01,5e-05
,,,,,612119,1370.0,2578,,,,,,
,,,,,612986,1720.0,3498,,,,,,
,,,,,613000,,,34.97584915161133,130.2010955810547,130.44317626953125,1058.43310546875,0.01,5e-05
,,,,,614000,,,32.14491271972656,110.04727172851562,110.0219497680664,1096.73388671875,0.01,5e-05
,,,,,614065,2470.0,4330,,,,,,
,,,,,614720,1180.0,2626,,,,,,
,,,,,615000,,,24.7297306060791,111.8736572265625,111.04700469970703,728.9922485351562,0.01,5e-05
,,,,,615693,2660.0,3914,,,,,,
,,,,,616000,,,16.99655532836914,112.46267700195312,113.30712127685547,749.197265625,0.01,5e-05
,,,,,616278,960.0,2346,,,,,,
,,,,,617000,,,65.95894622802734,128.2777099609375,129.13763427734375,2633.54150390625,0.01,5e-05
,,,,,617234,1680.0,3826,,,,,,
,,,,,617995,1630.0,3050,,,,,,
,,,,,618000,,,14.147775650024414,113.40151977539062,112.3316421508789,746.315185546875,0.01,5e-05
,,,,,618768,1180.0,3114,,,,,,
,,,,,619000,,,10.778643608093262,120.25437927246094,120.16553497314453,475.7591857910156,0.01,5e-05
,,,,,619477,1220.0,2842,,,,,,
1171.0,279.3725,1460.0,810.0,3454.8,620000,,,21.962177276611328,114.97293090820312,114.29558563232422,871.6766967773438,0.01,5e-05
,,,,,620206,1210.0,2930,,,,,,
,,,,,621000,,,15.030091285705566,111.39881896972656,112.22802734375,597.7702026367188,0.01,5e-05
,,,,,621053,1090.0,3386,,,,,,
,,,,,621765,1480.0,2858,,,,,,
,,,,,622000,,,16.64324188232422,104.56034851074219,103.76777648925781,675.351318359375,0.01,5e-05
,,,,,622448,1120.0,2738,,,,,,
,,,,,623000,,,24.168012619018555,116.2596435546875,115.00654602050781,929.2003173828125,0.01,5e-05
,,,,,623106,950.0,2642,,,,,,
,,,,,623832,1650.0,2922,,,,,,
,,,,,624000,,,13.58970832824707,127.87376403808594,127.43257141113281,637.1587524414062,0.01,5e-05
,,,,,624493,1030.0,2658,,,,,,
,,,,,625000,,,26.16057586669922,98.09203338623047,99.46478271484375,1500.4840087890625,0.01,5e-05
,,,,,625344,1740.0,3410,,,,,,
,,,,,626000,,,16.241973876953125,125.67791748046875,127.13880920410156,844.6304321289062,0.01,5e-05
,,,,,626212,1240.0,3474,,,,,,
,,,,,627000,,,24.050888061523438,99.81019592285156,100.92076110839844,1377.1346435546875,0.01,5e-05
,,,,,627040,1020.0,3314,,,,,,
,,,,,627697,1220.0,2642,,,,,,
,,,,,628000,,,14.335794448852539,125.44583892822266,127.16615295410156,922.0499877929688,0.01,5e-05
,,,,,628685,3290.0,3970,,,,,,
,,,,,629000,,,17.487197875976562,116.40353393554688,116.67318725585938,696.814208984375,0.01,5e-05
,,,,,629527,1470.0,3386,,,,,,
1362.0,612.41815,2570.0,980.0,2937.2,630000,,,20.136600494384766,117.93035888671875,117.53231811523438,1148.70361328125,0.01,5e-05
,,,,,630316,2340.0,3170,,,,,,
,,,,,631000,,,12.58843994140625,104.72689056396484,105.5553970336914,776.1885375976562,0.01,5e-05
,,,,,631200,1540.0,3538,,,,,,
,,,,,631757,980.0,2242,,,,,,
,,,,,632000,,,19.09249496459961,118.44712829589844,120.06109619140625,1622.2469482421875,0.01,5e-05
,,,,,632474,1270.0,2874,,,,,,
,,,,,633000,,,43.854026794433594,115.2603988647461,114.62469482421875,1624.802490234375,0.01,5e-05
,,,,,633346,2470.0,3490,,,,,,
,,,,,634000,,,16.95972442626953,111.18833923339844,110.56950378417969,735.0691528320312,0.01,5e-05
,,,,,634154,890.0,3258,,,,,,
,,,,,635000,,,115.9296875,118.10354614257812,119.47099304199219,1046.9962158203125,0.01,5e-05
,,,,,635160,1560.0,4050,,,,,,
,,,,,635860,1190.0,2810,,,,,,
,,,,,636000,,,9.179564476013184,117.23168182373047,116.89277648925781,517.4782104492188,0.01,5e-05
,,,,,636440,840.0,2322,,,,,,
,,,,,637000,,,1186.630126953125,111.23495483398438,116.84541320800781,6401.83837890625,0.01,5e-05
,,,,,637004,840.0,2266,,,,,,
,,,,,637753,860.0,3010,,,,,,
,,,,,638000,,,16.490501403808594,111.13677215576172,110.29774475097656,679.4411010742188,0.01,5e-05
,,,,,638631,1450.0,3538,,,,,,
,,,,,639000,,,12.326215744018555,124.6766357421875,123.850341796875,604.5446166992188,0.01,5e-05
,,,,,639592,1390.0,3842,,,,,,
1130.0,231.68945,1500.0,860.0,3027.6,640000,,,845.5354614257812,105.83883666992188,109.80946350097656,3219.692626953125,0.01,5e-05
,,,,,640284,1050.0,2778,,,,,,
,,,,,641000,,,16.583454132080078,114.9229965209961,113.49427795410156,872.421875,0.01,5e-05
,,,,,641139,1160.0,3426,,,,,,
,,,,,641960,2080.0,3306,,,,,,
,,,,,642000,,,27.0628662109375,121.984130859375,122.4074478149414,966.796142578125,0.01,5e-05
,,,,,642675,860.0,2858,,,,,,
,,,,,643000,,,1353.0057373046875,121.40252685546875,128.1812744140625,5086.7783203125,0.01,5e-05
,,,,,643167,640.0,1978,,,,,,
,,,,,643788,910.0,2506,,,,,,
,,,,,644000,,,10.74864387512207,119.013671875,119.75309753417969,636.795654296875,0.01,5e-05
,,,,,644539,930.0,3010,,,,,,
,,,,,645000,,,7.130398750305176,118.32772827148438,118.46224975585938,388.39141845703125,0.01,5e-05
,,,,,645067,770.0,2138,,,,,,
,,,,,645729,940.0,2658,,,,,,
,,,,,646000,,,70.13396453857422,114.96411895751953,113.49049377441406,2945.356201171875,0.01,5e-05
,,,,,646118,560.0,1578,,,,,,
,,,,,646693,570.0,2298,,,,,,
,,,,,647000,,,44.56828308105469,100.44927978515625,101.58116149902344,1388.435791015625,0.01,5e-05
,,,,,647583,1280.0,3586,,,,,,
,,,,,648000,,,169.35816955566406,105.59626770019531,108.68505096435547,1712.4906005859375,0.01,5e-05
,,,,,648467,1110.0,3554,,,,,,
,,,,,649000,,,24.869422912597656,119.8802719116211,120.36482238769531,886.0397338867188,0.01,5e-05
,,,,,649495,1550.0,4114,,,,,,
1474.0,93.93615,1580.0,1370.0,3061.2,650000,,,9.24390983581543,119.89878845214844,120.01779174804688,680.0556030273438,0.01,5e-05
,,,,,650695,1400.0,4802,,,,,,
,,,,,651000,,,34.36323547363281,102.47039794921875,100.93675231933594,1566.33447265625,0.01,5e-05
,,,,,651655,1210.0,3850,,,,,,
,,,,,652000,,,19.05733871459961,107.90631866455078,107.96912384033203,535.86865234375,0.01,5e-05
,,,,,652228,1320.0,2290,,,,,,
,,,,,653000,,,15.399886131286621,107.48782348632812,107.95063018798828,617.9105834960938,0.01,5e-05
,,,,,653083,1110.0,3426,,,,,,
,,,,,653724,1220.0,2586,,,,,,
,,,,,654000,,,963.258544921875,124.04812622070312,128.14663696289062,3491.689208984375,0.01,5e-05
,,,,,654612,1270.0,3578,,,,,,
,,,,,655000,,,17.680063247680664,127.12964630126953,127.21678924560547,616.4851684570312,0.01,5e-05
,,,,,655711,2650.0,4418,,,,,,
,,,,,656000,,,930.4439086914062,107.61849975585938,113.15115356445312,5351.4482421875,0.01,5e-05
,,,,,656518,1060.0,3242,,,,,,
,,,,,657000,,,14.094271659851074,113.87207794189453,114.84126281738281,761.1196899414062,0.01,5e-05
,,,,,657359,1890.0,3378,,,,,,
,,,,,658000,,,1020.37451171875,115.68324279785156,123.83769226074219,5079.8046875,0.01,5e-05
,,,,,658207,2450.0,3394,,,,,,
,,,,,658958,1080.0,3026,,,,,,
,,,,,659000,,,11.987541198730469,125.29967498779297,124.19461059570312,717.4255981445312,0.01,5e-05
,,,,,659736,1230.0,3122,,,,,,
1160.0,231.04112,1560.0,990.0,3245.2,660000,,,39.47633743286133,120.60499572753906,120.41615295410156,1519.7757568359375,0.01,5e-05
,,,,,660751,1310.0,4082,,,,,,
,,,,,661000,,,23.49691390991211,120.44413757324219,120.73137664794922,997.2876586914062,0.01,5e-05
,,,,,661485,1180.0,2938,,,,,,
,,,,,662000,,,24.926498413085938,106.89347076416016,106.35697937011719,726.1546020507812,0.01,5e-05
,,,,,662481,2660.0,4010,,,,,,
,,,,,663000,,,12.13362979888916,103.14079284667969,102.75119018554688,748.3523559570312,0.01,5e-05
,,,,,663350,1270.0,3490,,,,,,
,,,,,664000,,,13.526874542236328,131.1455078125,130.91204833984375,534.5263671875,0.01,5e-05
,,,,,664466,2240.0,4482,,,,,,
,,,,,665000,,,9.875585556030273,116.66991424560547,117.03003692626953,557.95703125,0.01,5e-05
,,,,,665177,1150.0,2866,,,,,,
,,,,,665782,840.0,2434,,,,,,
,,,,,666000,,,17.69271469116211,122.38473510742188,122.36167907714844,685.9888916015625,0.01,5e-05
,,,,,666544,940.0,3058,,,,,,
,,,,,667000,,,4552.181640625,122.25724029541016,133.96624755859375,12940.828125,0.01,5e-05
,,,,,667263,1060.0,2898,,,,,,
,,,,,668000,,,13.581687927246094,107.72616577148438,107.95262908935547,658.4150390625,0.01,5e-05
,,,,,668050,1510.0,3170,,,,,,
,,,,,668829,1130.0,3130,,,,,,
,,,,,669000,,,90.3201675415039,119.29155731201172,119.45771789550781,1466.80224609375,0.01,5e-05
,,,,,669638,1190.0,3242,,,,,,
1410.0,249.6798,1900.0,1240.0,2866.8,670000,,,14.74220085144043,139.16989135742188,138.43270874023438,721.4847412109375,0.01,5e-05
,,,,,670278,2080.0,2578,,,,,,
,,,,,671000,,,18.187236785888672,113.29094696044922,112.53077697753906,858.7726440429688,0.01,5e-05
,,,,,671081,1490.0,3234,,,,,,
,,,,,671795,1150.0,2882,,,,,,
,,,,,672000,,,22.53133773803711,125.3797607421875,126.49699401855469,728.267578125,0.01,5e-05
,,,,,672568,2100.0,3114,,,,,,
,,,,,673000,,,14.166790008544922,131.13223266601562,130.74343872070312,638.189453125,0.01,5e-05
,,,,,673505,1270.0,3762,,,,,,
,,,,,674000,,,15.53477668762207,117.67790985107422,116.52532196044922,1006.232177734375,0.01,5e-05
,,,,,674265,1030.0,3066,,,,,,
,,,,,675000,,,31.35647201538086,111.16990661621094,111.55158233642578,1299.7789306640625,0.01,5e-05
,,,,,675127,1250.0,3450,,,,,,
,,,,,675979,1230.0,3434,,,,,,
,,,,,676000,,,24.175960540771484,118.44461059570312,118.16558837890625,1223.6451416015625,0.01,5e-05
,,,,,676675,1280.0,2810,,,,,,
,,,,,677000,,,32.3027229309082,103.13168334960938,102.42544555664062,2009.214599609375,0.01,5e-05
,,,,,677563,1420.0,3554,,,,,,
,,,,,678000,,,16.87383270263672,123.93946075439453,124.76728820800781,728.9655151367188,0.01,5e-05
,,,,,678697,2380.0,4546,,,,,,
,,,,,679000,,,87.47852325439453,130.09890747070312,133.97067260742188,2448.068115234375,0.01,5e-05
,,,,,679462,1320.0,3074,,,,,,
1842.0,338.31348,2510.0,1590.0,3550.8,680000,,,28.046894073486328,119.58460235595703,118.50624084472656,940.0034790039062,0.01,5e-05
,,,,,680282,1420.0,3306,,,,,,
,,,,,680947,1630.0,2690,,,,,,
,,,,,681000,,,32.264442443847656,124.0072021484375,123.16915893554688,999.0325317382812,0.01,5e-05
,,,,,681751,1420.0,3226,,,,,,
,,,,,682000,,,61.00547790527344,113.62872314453125,115.06859588623047,1219.8729248046875,0.01,5e-05
,,,,,682717,860.0,3890,,,,,,
,,,,,683000,,,36.52224349975586,112.94821166992188,112.70819854736328,980.0225830078125,0.01,5e-05
,,,,,683499,1530.0,3138,,,,,,
,,,,,684000,,,59.30378723144531,117.09852600097656,117.23698425292969,937.5191040039062,0.01,5e-05
,,,,,684794,1380.0,5194,,,,,,
,,,,,685000,,,1111.23388671875,111.79647064208984,118.01937866210938,3986.36962890625,0.01,5e-05
,,,,,685604,1110.0,3242,,,,,,
,,,,,686000,,,23.109004974365234,127.79532623291016,129.71205139160156,1363.39892578125,0.01,5e-05
,,,,,686410,1220.0,3234,,,,,,
,,,,,687000,,,46.06389236450195,115.3714370727539,115.02047729492188,1314.5224609375,0.01,5e-05
,,,,,687312,1660.0,3610,,,,,,
,,,,,688000,,,35.077598571777344,120.171875,121.01197814941406,1856.3446044921875,0.01,5e-05
,,,,,688222,2860.0,3642,,,,,,
,,,,,689000,,,28.466896057128906,126.13842010498047,124.74930572509766,1256.1820068359375,0.01,5e-05
,,,,,689091,1400.0,3474,,,,,,
,,,,,689829,1430.0,2954,,,,,,
1564.0,549.5489,2890.0,930.0,2975.6,690000,,,42.24051284790039,110.46559143066406,112.47933959960938,1404.9871826171875,0.01,5e-05
,,,,,690803,1340.0,3906,,,,,,
,,,,,691000,,,29.421606063842773,119.05339050292969,119.60408782958984,896.2775268554688,0.01,5e-05
,,,,,691730,1650.0,3730,,,,,,
,,,,,692000,,,38.14441680908203,114.19878387451172,113.00973510742188,1087.7197265625,0.01,5e-05
,,,,,692507,990.0,3114,,,,,,
,,,,,693000,,,13.436717987060547,107.51902770996094,107.3296127319336,1052.253662109375,0.01,5e-05
,,,,,693424,1670.0,3690,,,,,,
,,,,,694000,,,1225.529541015625,117.87407684326172,125.91069030761719,7714.6103515625,0.01,5e-05
,,,,,694002,860.0,2322,,,,,,
,,,,,695000,,,78.41709899902344,119.95275115966797,121.02699279785156,1328.8916015625,0.01,5e-05
,,,,,695034,1580.0,4154,,,,,,
,,,,,695842,1210.0,3242,,,,,,
,,,,,696000,,,34.748165130615234,112.16699981689453,111.38632202148438,1269.1304931640625,0.01,5e-05
,,,,,696582,1330.0,2970,,,,,,
,,,,,697000,,,37.429832458496094,106.14079284667969,108.40349578857422,2210.015380859375,0.01,5e-05
,,,,,697386,1920.0,3226,,,,,,
,,,,,698000,,,16.3135986328125,128.39649963378906,129.66954040527344,878.8529663085938,0.01,5e-05
,,,,,698260,2660.0,3522,,,,,,
,,,,,699000,,,20.815086364746094,113.30201721191406,114.55587768554688,863.512939453125,0.01,5e-05
,,,,,699007,1090.0,2994,,,,,,
,,,,,699978,1150.0,3906,,,,,,
1649.0,273.32947,2030.0,1370.0,3315.6,700000,,,33.54589080810547,114.9163589477539,115.08149719238281,874.802734375,0.01,5e-05
,,,,,700653,880.0,2714,,,,,,
,,,,,701000,,,7.560602188110352,116.0218734741211,117.41226196289062,754.7392578125,0.01,5e-05
,,,,,701507,1270.0,3418,,,,,,
,,,,,702000,,,19.571876525878906,107.848876953125,107.29443359375,867.6949462890625,0.01,5e-05
,,,,,702223,1140.0,2874,,,,,,
,,,,,702899,1240.0,2714,,,,,,
,,,,,703000,,,31.754188537597656,105.94015502929688,107.76323699951172,951.6578369140625,0.01,5e-05
,,,,,703714,1490.0,3274,,,,,,
,,,,,704000,,,19.680931091308594,118.56153869628906,117.85336303710938,854.7999267578125,0.01,5e-05
,,,,,704425,1490.0,2842,,,,,,
,,,,,705000,,,22.62371063232422,115.00736999511719,113.76785278320312,1061.7392578125,0.01,5e-05
,,,,,705068,900.0,2578,,,,,,
,,,,,705794,920.0,2906,,,,,,
,,,,,706000,,,20.650188446044922,116.55442810058594,115.29423522949219,1296.19091796875,0.01,5e-05
,,,,,706701,2200.0,3634,,,,,,
,,,,,707000,,,1011.5778198242188,104.18893432617188,109.23329162597656,4103.45361328125,0.01,5e-05
,,,,,707340,1670.0,2578,,,,,,
,,,,,707962,930.0,2506,,,,,,
,,,,,708000,,,12.361364364624023,145.6671600341797,145.45530700683594,873.8271484375,0.01,5e-05
,,,,,708555,1630.0,2394,,,,,,
,,,,,709000,,,18.144851684570312,133.65139770507812,133.5040283203125,758.9450073242188,0.01,5e-05
,,,,,709452,2260.0,3594,,,,,,
1935.0,605.74335,2850.0,1460.0,3446.0,710000,,,49.89898681640625,127.53147888183594,127.72306823730469,1285.691650390625,0.01,5e-05
,,,,,710486,2140.0,4162,,,,,,
,,,,,711000,,,14.033232688903809,124.21221923828125,123.88433837890625,623.421875,0.01,5e-05
,,,,,711206,1160.0,2890,,,,,,
,,,,,712000,,,17.83685302734375,126.02664947509766,125.44296264648438,861.131103515625,0.01,5e-05
,,,,,712105,1070.0,3618,,,,,,
,,,,,712836,1830.0,2946,,,,,,
,,,,,713000,,,35.518463134765625,124.96067810058594,122.503662109375,1488.69091796875,0.01,5e-05
,,,,,713792,2280.0,3826,,,,,,
,,,,,714000,,,12.138072967529297,115.16668701171875,114.1455307006836,881.0845336914062,0.01,5e-05
,,,,,714683,1270.0,3586,,,,,,
,,,,,715000,,,17.35640525817871,126.11415100097656,124.78182983398438,915.9932861328125,0.01,5e-05
,,,,,715678,1210.0,4002,,,,,,
,,,,,716000,,,15.822373390197754,123.55326080322266,123.43134307861328,697.805419921875,0.01,5e-05
,,,,,716320,1030.0,2594,,,,,,
,,,,,716943,1400.0,2514,,,,,,
,,,,,717000,,,21.853269577026367,122.48799896240234,123.1324462890625,927.2216186523438,0.01,5e-05
,,,,,717623,1010.0,2746,,,,,,
,,,,,718000,,,12.611629486083984,123.75748443603516,123.31654357910156,550.5361328125,0.01,5e-05
,,,,,718235,910.0,2458,,,,,,
,,,,,718801,2090.0,2290,,,,,,
,,,,,719000,,,17.124624252319336,117.76045227050781,116.66900634765625,2439.84326171875,0.01,5e-05
,,,,,719712,1070.0,3674,,,,,,
1547.0,372.96246,1870.0,1010.0,3226.0,720000,,,24.58357810974121,121.96261596679688,121.6998062133789,895.9589233398438,0.01,5e-05
,,,,,720414,1130.0,2818,,,,,,
,,,,,721000,,,37.779754638671875,131.3636474609375,132.61566162109375,1229.5115966796875,0.01,5e-05
,,,,,721304,2040.0,3570,,,,,,
,,,,,722000,,,104.84805297851562,122.51444244384766,124.4593505859375,1630.5963134765625,0.01,5e-05
,,,,,722059,1790.0,3042,,,,,,
,,,,,722847,1580.0,3154,,,,,,
,,,,,723000,,,14.353021621704102,114.56477355957031,114.37826538085938,591.5474853515625,0.01,5e-05
,,,,,723786,1770.0,3778,,,,,,
,,,,,724000,,,25.985992431640625,116.06586456298828,117.4886245727539,1108.4415283203125,0.01,5e-05
,,,,,724551,1130.0,3082,,,,,,
,,,,,725000,,,982.4561767578125,128.23841857910156,134.5714874267578,4550.60009765625,0.01,5e-05
,,,,,725379,1710.0,3322,,,,,,
,,,,,726000,,,18.320127487182617,124.61465454101562,125.94499206542969,921.0967407226562,0.01,5e-05
,,,,,726123,1150.0,2986,,,,,,
,,,,,726766,1040.0,2578,,,,,,
,,,,,727000,,,63.688568115234375,124.58373260498047,123.10494232177734,2450.909423828125,0.01,5e-05
,,,,,727546,1220.0,3146,,,,,,
,,,,,728000,,,9.538272857666016,125.72940063476562,125.81311798095703,445.8200378417969,0.01,5e-05
,,,,,728352,1060.0,3242,,,,,,
,,,,,729000,,,14.578402519226074,124.1809310913086,123.50582885742188,583.2516479492188,0.01,5e-05
,,,,,729355,1920.0,4042,,,,,,
1396.0,280.36404,1850.0,1140.0,3266.0,730000,,,25.07530403137207,133.54782104492188,132.5531463623047,1189.0919189453125,0.01,5e-05
,,,,,730345,1240.0,3962,,,,,,
,,,,,730985,1200.0,2578,,,,,,
,,,,,731000,,,970.155029296875,123.15438842773438,129.51220703125,5369.70263671875,0.01,5e-05
,,,,,731951,1350.0,3890,,,,,,
,,,,,732000,,,887.0464477539062,134.91615295410156,138.33961486816406,3321.8935546875,0.01,5e-05
,,,,,732799,1700.0,3410,,,,,,
,,,,,733000,,,28.486255645751953,110.51502990722656,109.19918823242188,1209.9410400390625,0.01,5e-05
,,,,,733554,1420.0,3042,,,,,,
,,,,,734000,,,22.935026168823242,117.16060638427734,117.13138580322266,1272.9808349609375,0.01,5e-05
,,,,,734337,1600.0,3154,,,,,,
,,,,,735000,,,898.1324462890625,117.03897857666016,119.48871612548828,3815.64501953125,0.01,5e-05
,,,,,735067,1730.0,2938,,,,,,
,,,,,735948,1700.0,3538,,,,,,
,,,,,736000,,,25.401594161987305,132.27731323242188,130.60472106933594,1244.1695556640625,0.01,5e-05
,,,,,737000,,,52.45201110839844,121.04914855957031,121.31668090820312,1801.47216796875,0.01,5e-05
,,,,,737101,1450.0,4618,,,,,,
,,,,,737848,1730.0,2994,,,,,,
,,,,,738000,,,16.04686737060547,108.6442642211914,110.20751953125,792.6491088867188,0.01,5e-05
,,,,,738800,2770.0,3818,,,,,,
,,,,,739000,,,24.32946014404297,125.07771301269531,123.67840576171875,1875.095947265625,0.01,5e-05
1759.0,724.76825,2830.0,1070.0,2940.4,740000,,,59.73719024658203,120.93012237548828,119.16839599609375,1941.516357421875,0.01,5e-05
,,,,,740163,2750.0,5466,,,,,,
,,,,,740991,2160.0,3314,,,,,,
,,,,,741000,,,29.645160675048828,137.3266143798828,134.6627197265625,1794.0733642578125,0.01,5e-05
,,,,,742000,,,17.61260223388672,128.60830688476562,127.45657348632812,826.9266357421875,0.01,5e-05
,,,,,742022,1980.0,4138,,,,,,
,,,,,742903,1100.0,3546,,,,,,
,,,,,743000,,,17.995624542236328,140.35733032226562,141.1068572998047,713.015380859375,0.01,5e-05
,,,,,743668,1350.0,3082,,,,,,
,,,,,744000,,,34.03544616699219,123.25302124023438,121.72942352294922,1707.8515625,0.01,5e-05
,,,,,744547,1460.0,3522,,,,,,
,,,,,745000,,,12.263227462768555,106.78462219238281,105.61981201171875,759.8368530273438,0.01,5e-05
,,,,,745392,1330.0,3378,,,,,,
,,,,,746000,,,14.992208480834961,133.53977966308594,132.51611328125,801.0689086914062,0.01,5e-05
,,,,,746052,1680.0,2650,,,,,,
,,,,,746788,1060.0,2970,,,,,,
,,,,,747000,,,13.703347206115723,145.02806091308594,145.83309936523438,1307.5234375,0.01,5e-05
,,,,,747497,1870.0,2834,,,,,,
,,,,,748000,,,52.96311950683594,137.01611328125,138.20816040039062,1280.6346435546875,0.01,5e-05
,,,,,748149,970.0,2634,,,,,,
,,,,,748899,1090.0,3026,,,,,,
,,,,,749000,,,17.38160514831543,131.79904174804688,131.7113800048828,560.2417602539062,0.01,5e-05
,,,,,749841,1360.0,3770,,,,,,
1236.0,142.0704,1400.0,1040.0,3414.8,750000,,,133.46669006347656,136.15234375,138.5136260986328,1528.2984619140625,0.01,5e-05
,,,,,750664,1630.0,3298,,,,,,
,,,,,751000,,,52.67884826660156,122.52574157714844,123.33790588378906,1769.740966796875,0.01,5e-05
,,,,,751691,1770.0,4114,,,,,,
,,,,,752000,,,19.999473571777344,102.98779296875,100.86957550048828,1229.3819580078125,0.01,5e-05
,,,,,752544,1660.0,3442,,,,,,
,,,,,753000,,,43.867950439453125,141.45657348632812,142.41326904296875,1305.044921875,0.01,5e-05
,,,,,753442,1450.0,3594,,,,,,
,,,,,754000,,,32.66768264770508,130.720947265625,130.3993682861328,1078.5675048828125,0.01,5e-05
,,,,,754192,1300.0,3010,,,,,,
,,,,,755000,,,27.390871047973633,125.34972381591797,123.38018798828125,1358.439208984375,0.01,5e-05
,,,,,755036,1820.0,3394,,,,,,
,,,,,755869,1130.0,3330,,,,,,
,,,,,756000,,,14.208354949951172,137.53182983398438,137.77328491210938,790.033203125,0.01,5e-05
,,,,,756713,1530.0,3402,,,,,,
,,,,,757000,,,18.879018783569336,118.52406311035156,117.64683532714844,939.1100463867188,0.01,5e-05
,,,,,757584,1170.0,3498,,,,,,
,,,,,758000,,,40.28069305419922,121.62760162353516,121.34376525878906,1122.8558349609375,0.01,5e-05
,,,,,758311,1220.0,2914,,,,,,
,,,,,759000,,,12.404853820800781,129.15298461914062,128.22901916503906,761.031982421875,0.01,5e-05
,,,,,759200,1340.0,3578,,,,,,
1957.0,426.96722,2430.0,1450.0,3377.2,760000,,,38.37994384765625,117.81999206542969,116.26082611083984,1397.323974609375,0.01,5e-05
,,,,,760032,1630.0,3346,,,,,,
,,,,,760708,1630.0,2706,,,,,,
,,,,,761000,,,23.905498504638672,120.1310806274414,120.06764221191406,1036.1597900390625,0.01,5e-05
,,,,,761755,1720.0,4194,,,,,,
,,,,,762000,,,62.12630081176758,122.39839172363281,120.63475036621094,1456.735107421875,0.01,5e-05
,,,,,762452,880.0,2794,,,,,,
,,,,,763000,,,20.38616371154785,134.73800659179688,135.26519775390625,907.0552978515625,0.01,5e-05
,,,,,763223,2550.0,3090,,,,,,
,,,,,764000,,,24.268884658813477,131.6699981689453,132.70816040039062,906.2542114257812,0.01,5e-05
,,,,,764068,1170.0,3386,,,,,,
,,,,,764740,1240.0,2698,,,,,,
,,,,,765000,,,16.615928649902344,130.79684448242188,128.4791259765625,1193.4923095703125,0.01,5e-05
,,,,,765579,2420.0,3362,,,,,,
,,,,,766000,,,33.53605651855469,144.6214599609375,146.6734619140625,1485.7376708984375,0.01,5e-05
,,,,,766297,1420.0,2890,,,,,,
,,,,,767000,,,21.49468994140625,111.85592651367188,111.11955261230469,1051.42041015625,0.01,5e-05
,,,,,767027,1240.0,2938,,,,,,
,,,,,767784,1270.0,3050,,,,,,
,,,,,768000,,,17.687541961669922,157.6175994873047,158.0877685546875,797.8451538085938,0.01,5e-05
,,,,,768641,2090.0,3442,,,,,,
,,,,,769000,,,25.000118255615234,138.77462768554688,139.7182159423828,1439.767822265625,0.01,5e-05
,,,,,769502,1840.0,3442,,,,,,
1830.0,348.42502,2490.0,1540.0,3370.0,770000,,,30.75666046142578,129.08311462402344,128.5982208251953,1128.7535400390625,0.01,5e-05
,,,,,770312,1100.0,3242,,,,,,
,,,,,771000,,,55.074928283691406,138.95831298828125,139.52281188964844,1247.09521484375,0.01,5e-05
,,,,,771257,980.0,3786,,,,,,
,,,,,771887,960.0,2522,,,,,,
,,,,,772000,,,8.550586700439453,133.3046112060547,133.306884765625,502.2534484863281,0.01,5e-05
,,,,,772741,1110.0,3434,,,,,,
,,,,,773000,,,43.931514739990234,130.55133056640625,127.63732147216797,1671.8541259765625,0.01,5e-05
,,,,,773632,1430.0,3586,,,,,,
,,,,,774000,,,212.7778778076172,113.21184539794922,115.09457397460938,1846.766845703125,0.01,5e-05
,,,,,774480,1430.0,3402,,,,,,
,,,,,775000,,,40.013492584228516,150.19985961914062,152.1266326904297,1740.489501953125,0.01,5e-05
,,,,,775225,1240.0,3002,,,,,,
,,,,,775959,1130.0,2938,,,,,,
,,,,,776000,,,19.97385025024414,134.9713134765625,135.62962341308594,869.9786376953125,0.01,5e-05
,,,,,776747,1480.0,3170,,,,,,
,,,,,777000,,,16.191316604614258,125.40753936767578,126.03790283203125,785.892578125,0.01,5e-05
,,,,,777582,1340.0,3370,,,,,,
,,,,,778000,,,32.872352600097656,130.3338623046875,128.62750244140625,1257.57177734375,0.01,5e-05
,,,,,778218,1180.0,2554,,,,,,
,,,,,778883,910.0,2674,,,,,,
,,,,,779000,,,22.840816497802734,124.7225341796875,124.60004425048828,844.8941040039062,0.01,5e-05
,,,,,779447,1500.0,2282,,,,,,
1051.0,129.18591,1380.0,880.0,2982.0,780000,,,1056.31201171875,128.08938598632812,133.43218994140625,4894.46728515625,0.01,5e-05
,,,,,780415,1330.0,3890,,,,,,
,,,,,781000,,,16.742630004882812,114.33291625976562,111.95570373535156,1706.182373046875,0.01,5e-05
,,,,,781149,1620.0,2946,,,,,,
,,,,,782000,,,13.650789260864258,140.20880126953125,140.23663330078125,569.4796142578125,0.01,5e-05
,,,,,782190,1690.0,4162,,,,,,
,,,,,782987,1210.0,3194,,,,,,
,,,,,783000,,,9.662696838378906,123.70917510986328,123.93388366699219,455.8082580566406,0.01,5e-05
,,,,,783815,1330.0,3330,,,,,,
,,,,,784000,,,19.074756622314453,131.59567260742188,132.2740936279297,1213.6622314453125,0.01,5e-05
,,,,,784577,1010.0,3058,,,,,,
,,,,,785000,,,78.39974975585938,123.03907775878906,124.68106079101562,1406.2535400390625,0.01,5e-05
,,,,,785333,1340.0,3042,,,,,,
,,,,,786000,,,92.28578186035156,111.40959167480469,114.65888977050781,1735.7037353515625,0.01,5e-05
,,,,,786117,1270.0,3154,,,,,,
,,,,,786755,1060.0,2578,,,,,,
,,,,,787000,,,19.189483642578125,142.66990661621094,142.14840698242188,895.3291015625,0.01,5e-05
,,,,,787392,1060.0,2562,,,,,,
,,,,,788000,,,8.455452919006348,116.84101867675781,116.66317749023438,476.289794921875,0.01,5e-05
,,,,,788119,1310.0,2914,,,,,,
,,,,,788787,1070.0,2682,,,,,,
,,,,,789000,,,24.811185836791992,125.11408996582031,126.9172592163086,1307.3966064453125,0.01,5e-05
,,,,,789717,2190.0,3746,,,,,,
1555.0,284.8245,1940.0,1180.0,3306.8,790000,,,24.26323890686035,131.846435546875,130.81085205078125,918.6838989257812,0.01,5e-05
,,,,,790667,1590.0,3802,,,,,,
,,,,,791000,,,26.413829803466797,134.62782287597656,134.9822540283203,1786.550048828125,0.01,5e-05
,,,,,791335,770.0,2698,,,,,,
,,,,,791988,1180.0,2642,,,,,,
,,,,,792000,,,11.542340278625488,130.67066955566406,130.2906036376953,771.0073852539062,0.01,5e-05
,,,,,792737,1400.0,3018,,,,,,
,,,,,793000,,,140.14918518066406,133.33688354492188,134.85870361328125,1502.709716796875,0.01,5e-05
,,,,,793613,1190.0,3522,,,,,,
,,,,,794000,,,20.84290313720703,140.03799438476562,139.44692993164062,930.1116333007812,0.01,5e-05
,,,,,794365,1310.0,3010,,,,,,
,,,,,794974,880.0,2458,,,,,,
,,,,,795000,,,1187.7957763671875,115.22740936279297,121.6156005859375,4375.5126953125,0.01,5e-05
,,,,,795704,1250.0,2930,,,,,,
,,,,,796000,,,40.14692687988281,118.90866088867188,118.388427734375,1008.7255249023438,0.01,5e-05
,,,,,796443,2250.0,2978,,,,,,
,,,,,797000,,,35.748779296875,122.94668579101562,122.19769287109375,896.5574951171875,0.01,5e-05
,,,,,797192,2610.0,3018,,,,,,
,,,,,798000,,,35.51992416381836,129.21609497070312,127.5098876953125,1317.652587890625,0.01,5e-05
,,,,,798086,1200.0,3578,,,,,,
,,,,,798888,1950.0,3226,,,,,,
,,,,,799000,,,21.626049041748047,118.83468627929688,119.24250793457031,985.4241943359375,0.01,5e-05
,,,,,799741,1250.0,3426,,,,,,
1830.0,278.1007,2300.0,1430.0,3484.4,800000,,,18.77176284790039,116.47944641113281,116.15730285644531,746.0383911132812,0.01,5e-05
,,,,,800551,2500.0,3250,,,,,,
,,,,,801000,,,29.662418365478516,140.88182067871094,141.12982177734375,865.9492797851562,0.01,5e-05
,,,,,801773,1770.0,4898,,,,,,
,,,,,802000,,,14.75895881652832,146.32342529296875,145.27101135253906,810.584228515625,0.01,5e-05
,,,,,802652,1780.0,3538,,,,,,
,,,,,803000,,,1104.4283447265625,134.58363342285156,139.18849182128906,5384.4150390625,0.01,5e-05
,,,,,803480,1530.0,3322,,,,,,
,,,,,804000,,,31.43199920654297,143.7460174560547,146.4215087890625,1851.998046875,0.01,5e-05
,,,,,804137,2320.0,2642,,,,,,
,,,,,805000,,,12.30582332611084,122.94889831542969,123.51914978027344,557.8701171875,0.01,5e-05
,,,,,805124,1270.0,3954,,,,,,
,,,,,805932,2710.0,3258,,,,,,
,,,,,806000,,,24.521841049194336,130.98753356933594,129.1295928955078,1133.4984130859375,0.01,5e-05
,,,,,806805,1290.0,3514,,,,,,
,,,,,807000,,,13.979290008544922,158.60940551757812,158.03457641601562,1020.0857543945312,0.01,5e-05
,,,,,807573,1670.0,3098,,,,,,
,,,,,808000,,,4789.20654296875,132.97462463378906,145.4553985595703,12463.8681640625,0.01,5e-05
,,,,,808361,1670.0,3154,,,,,,
,,,,,809000,,,12.711305618286133,119.19535827636719,118.98881530761719,528.9862060546875,0.01,5e-05
,,,,,809435,1990.0,4322,,,,,,
1699.0,342.47482,2190.0,1350.0,3289.2,810000,,,26.689769744873047,134.5591583251953,132.11553955078125,1547.9058837890625,0.01,5e-05
,,,,,810223,1200.0,3170,,,,,,
,,,,,811000,,,8.376321792602539,140.38406372070312,139.7604217529297,567.7591552734375,0.01,5e-05
,,,,,811129,1300.0,3642,,,,,,
,,,,,811837,970.0,2842,,,,,,
,,,,,812000,,,14.074323654174805,136.341552734375,135.59463500976562,825.2138061523438,0.01,5e-05
,,,,,812678,1200.0,3370,,,,,,
,,,,,813000,,,17.849889755249023,161.0195770263672,161.59243774414062,800.4285888671875,0.01,5e-05
,,,,,813405,1400.0,2930,,,,,,
,,,,,814000,,,13.78106689453125,118.32438659667969,118.64349365234375,715.9176025390625,0.01,5e-05
,,,,,814118,1200.0,2866,,,,,,
,,,,,814814,810.0,2794,,,,,,
,,,,,815000,,,1169.8912353515625,130.09130859375,134.58685302734375,5834.94287109375,0.01,5e-05
,,,,,815761,1910.0,3802,,,,,,
,,,,,816000,,,34.44532775878906,126.33995056152344,125.3531265258789,1056.781982421875,0.01,5e-05
,,,,,816693,1270.0,3738,,,,,,
,,,,,817000,,,25.781641006469727,147.06948852539062,144.60415649414062,1627.8936767578125,0.01,5e-05
,,,,,817578,2930.0,3546,,,,,,
,,,,,818000,,,26.92763900756836,151.11282348632812,151.67581176757812,1056.308349609375,0.01,5e-05
,,,,,818169,1130.0,2378,,,,,,
,,,,,818960,1730.0,3186,,,,,,
,,,,,819000,,,18.789772033691406,140.57664489746094,140.29635620117188,729.9420166015625,0.01,5e-05
,,,,,819474,1040.0,2082,,,,,,
1433.0,671.2235,2760.0,940.0,3532.4,820000,,,18.328874588012695,148.07229614257812,147.2259521484375,817.674072265625,0.01,5e-05
,,,,,820360,1100.0,3546,,,,,,
,,,,,821000,,,17.247228622436523,134.75897216796875,134.80929565429688,601.7647705078125,0.01,5e-05
,,,,,821344,1320.0,3954,,,,,,
,,,,,821900,890.0,2226,,,,,,
,,,,,822000,,,1407.979248046875,148.24693298339844,155.34515380859375,5242.9228515625,0.01,5e-05
,,,,,822800,1200.0,3618,,,,,,
,,,,,823000,,,20.03916358947754,143.14004516601562,143.59426879882812,857.2705078125,0.01,5e-05
,,,,,823523,1420.0,2898,,,,,,
,,,,,824000,,,11.205642700195312,136.95452880859375,135.44821166992188,843.1427001953125,0.01,5e-05
,,,,,824346,1140.0,3314,,,,,,
,,,,,825000,,,14.694051742553711,126.84941101074219,125.06890106201172,1184.986083984375,0.01,5e-05
,,,,,825049,940.0,2826,,,,,,
,,,,,825713,2390.0,2658,,,,,,
,,,,,826000,,,15.118246078491211,152.26223754882812,152.603759765625,829.6986083984375,0.01,5e-05
,,,,,826493,990.0,3130,,,,,,
,,,,,827000,,,1034.6510009765625,122.32974243164062,128.11363220214844,5243.8017578125,0.01,5e-05
,,,,,827659,1820.0,4682,,,,,,
,,,,,828000,,,202.32369995117188,126.46598815917969,128.33653259277344,1832.8463134765625,0.01,5e-05
,,,,,828622,1510.0,3866,,,,,,
,,,,,829000,,,33.234981536865234,152.32473754882812,153.98291015625,1587.697021484375,0.01,5e-05
,,,,,829607,1360.0,3954,,,,,,
2402.0,1181.5481,3830.0,1080.0,3073.2,830000,,,15.174264907836914,130.375732421875,130.01622009277344,787.97607421875,0.01,5e-05
,,,,,830381,1300.0,3098,,,,,,
,,,,,831000,,,22.02899169921875,135.25833129882812,134.85275268554688,1043.702392578125,0.01,5e-05
,,,,,831181,1070.0,3226,,,,,,
,,,,,832000,,,20.99087905883789,119.36299133300781,119.4578857421875,788.6229858398438,0.01,5e-05
,,,,,832098,2390.0,3682,,,,,,
,,,,,832951,1300.0,3434,,,,,,
,,,,,833000,,,24.528804779052734,136.99038696289062,138.335693359375,1231.56201171875,0.01,5e-05
,,,,,833659,1280.0,2834,,,,,,
,,,,,834000,,,24.658424377441406,120.29360961914062,120.72459411621094,1017.5736083984375,0.01,5e-05
,,,,,834536,1390.0,3530,,,,,,
,,,,,835000,,,20.553802490234375,105.36138916015625,105.31181335449219,865.4273071289062,0.01,5e-05
,,,,,835838,1980.0,5234,,,,,,
,,,,,836000,,,8.40936279296875,141.8570556640625,141.25413513183594,478.6817321777344,0.01,5e-05
,,,,,836633,1310.0,3186,,,,,,
,,,,,837000,,,21.45684814453125,145.22483825683594,143.72988891601562,1204.0802001953125,0.01,5e-05
,,,,,837436,1000.0,3234,,,,,,
,,,,,838000,,,21.11492156982422,119.02726745605469,119.19363403320312,820.2306518554688,0.01,5e-05
,,,,,838414,2270.0,3938,,,,,,
,,,,,839000,,,31.900901794433594,150.26698303222656,150.67921447753906,1555.5224609375,0.01,5e-05
,,,,,839114,780.0,2818,,,,,,
,,,,,839705,910.0,2370,,,,,,
1405.0,441.95587,1830.0,770.0,3396.4,840000,,,2547.42919921875,141.00146484375,153.4166259765625,9492.521484375,0.01,5e-05
,,,,,840525,1860.0,3298,,,,,,
,,,,,841000,,,14.251694679260254,141.53379821777344,143.24099731445312,1075.296630859375,0.01,5e-05
,,,,,841186,1450.0,2658,,,,,,
,,,,,842000,,,16.457195281982422,134.76966857910156,135.03697204589844,687.5339965820312,0.01,5e-05
,,,,,842110,1260.0,3698,,,,,,
,,,,,842817,1080.0,2842,,,,,,
,,,,,843000,,,20.671409606933594,136.7076416015625,137.505126953125,1051.3228759765625,0.01,5e-05
,,,,,843889,4130.0,4290,,,,,,
,,,,,844000,,,1219.0352783203125,141.32669067382812,147.22242736816406,6116.759765625,0.01,5e-05
,,,,,844775,1930.0,3570,,,,,,
,,,,,845000,,,40.002140045166016,133.2247772216797,133.7019500732422,1330.170166015625,0.01,5e-05
,,,,,845679,1210.0,3642,,,,,,
,,,,,846000,,,14.109075546264648,130.63487243652344,129.83798217773438,648.60009765625,0.01,5e-05
,,,,,846573,1240.0,3602,,,,,,
,,,,,847000,,,34.3762092590332,150.03640747070312,148.47898864746094,1131.6689453125,0.01,5e-05
,,,,,847363,1410.0,3162,,,,,,
,,,,,847991,1000.0,2530,,,,,,
,,,,,848000,,,358.0263366699219,139.30160522460938,139.78086853027344,5700.53759765625,0.01,5e-05
,,,,,848747,1710.0,3026,,,,,,
,,,,,849000,,,19.0496883392334,148.18698120117188,148.9271240234375,1274.145751953125,0.01,5e-05
,,,,,849248,660.0,2002,,,,,,
937.0,128.30043,1050.0,780.0,2938.8,850000,,,16.208492279052734,110.67155456542969,111.25279235839844,693.27490234375,0.01,5e-05
,,,,,850219,1150.0,3898,,,,,,
,,,,,851000,,,22.010536193847656,127.44837951660156,126.26077270507812,1066.914794921875,0.01,5e-05
,,,,,851326,2680.0,4442,,,,,,
,,,,,852000,,,100.109130859375,139.71200561523438,141.9412841796875,1654.3814697265625,0.01,5e-05
,,,,,852107,1300.0,3154,,,,,,
,,,,,852843,1270.0,2970,,,,,,
,,,,,853000,,,1166.944580078125,148.33615112304688,152.1060333251953,4182.12548828125,0.01,5e-05
,,,,,853606,1150.0,3058,,,,,,
,,,,,854000,,,11.07785415649414,140.14630126953125,141.14895629882812,701.1459350585938,0.01,5e-05
,,,,,854372,1070.0,3066,,,,,,
,,,,,854877,670.0,2042,,,,,,
,,,,,855000,,,27.55997085571289,150.1488037109375,148.9844970703125,1216.896728515625,0.01,5e-05
,,,,,855575,2220.0,2818,,,,,,
,,,,,856000,,,26.089570999145508,137.83787536621094,136.4240264892578,1032.43408203125,0.01,5e-05
,,,,,856359,1130.0,3138,,,,,,
,,,,,857000,,,1272.3287353515625,141.58956909179688,147.0401611328125,4905.46630859375,0.01,5e-05
,,,,,857123,1360.0,3082,,,,,,
,,,,,858000,,,18.11260223388672,138.7889862060547,138.23838806152344,816.5114135742188,0.01,5e-05
,,,,,858003,1810.0,3538,,,,,,
,,,,,858821,1020.0,3274,,,,,,
,,,,,859000,,,37.365394592285156,150.151123046875,151.34213256835938,1513.2215576171875,0.01,5e-05
,,,,,859580,980.0,3058,,,,,,
2268.0,674.5932,3060.0,840.0,3332.4,860000,,,20.963865280151367,137.8317108154297,137.47048950195312,839.2249755859375,0.01,5e-05
,,,,,860344,1510.0,3058,,,,,,
,,,,,861000,,,7.391914367675781,140.9078369140625,141.47055053710938,542.8798828125,0.01,5e-05
,,,,,861280,4260.0,3754,,,,,,
,,,,,862000,,,47.205501556396484,140.17205810546875,136.74386596679688,5189.8681640625,0.01,5e-05
,,,,,862024,1610.0,2978,,,,,,
,,,,,862872,1060.0,3402,,,,,,
,,,,,863000,,,23.8718204498291,138.2534942626953,138.17950439453125,842.4234619140625,0.01,5e-05
,,,,,863770,1330.0,3594,,,,,,
,,,,,864000,,,22.868606567382812,150.3982391357422,151.13461303710938,1152.24853515625,0.01,5e-05
,,,,,864339,880.0,2298,,,,,,
,,,,,865000,,,23.661338806152344,157.27047729492188,158.12425231933594,1254.1546630859375,0.01,5e-05
,,,,,865049,1010.0,2858,,,,,,
,,,,,865828,940.0,3130,,,,,,
,,,,,866000,,,1184.1470947265625,153.87863159179688,160.23660278320312,6061.62646484375,0.01,5e-05
,,,,,866576,1600.0,3010,,,,,,
,,,,,867000,,,211.55447387695312,145.07293701171875,146.0538787841797,2710.843017578125,0.01,5e-05
,,,,,867338,1160.0,3050,,,,,,
,,,,,868000,,,21.41403579711914,150.43637084960938,148.536865234375,1124.1204833984375,0.01,5e-05
,,,,,868267,2210.0,3738,,,,,,
,,,,,868989,1210.0,2906,,,,,,
,,,,,869000,,,14.205142974853516,151.53387451171875,149.61538696289062,1041.6292724609375,0.01,5e-05
,,,,,869709,970.0,2898,,,,,,
2680.0,965.6811,3600.0,1270.0,3270.0,870000,,,82.2104721069336,145.019775390625,147.995361328125,2296.2275390625,0.01,5e-05
,,,,,870524,1540.0,3266,,,,,,
,,,,,871000,,,20.459640502929688,137.34292602539062,138.52857971191406,995.01123046875,0.01,5e-05
,,,,,871128,970.0,2442,,,,,,
,,,,,871758,760.0,2522,,,,,,
,,,,,872000,,,9.919341087341309,142.6033935546875,141.86398315429688,928.7169799804688,0.01,5e-05
,,,,,872489,1230.0,2946,,,,,,
,,,,,873000,,,172.0590362548828,119.89315032958984,122.07463073730469,1814.55615234375,0.01,5e-05
,,,,,873030,570.0,2178,,,,,,
,,,,,873681,750.0,2610,,,,,,
,,,,,874000,,,20.737342834472656,133.78932189941406,135.2502899169922,1096.304931640625,0.01,5e-05
,,,,,874521,1260.0,3378,,,,,,
,,,,,875000,,,10.946232795715332,125.50189208984375,125.2608413696289,488.85400390625,0.01,5e-05
,,,,,875182,880.0,2658,,,,,,
,,,,,876000,,,20.507356643676758,134.4529266357422,132.59133911132812,1188.019775390625,0.01,5e-05
,,,,,876156,960.0,3898,,,,,,
,,,,,876923,1000.0,3074,,,,,,
,,,,,877000,,,21.681371688842773,159.70693969726562,160.76715087890625,897.2841186523438,0.01,5e-05
,,,,,877590,1020.0,2690,,,,,,
,,,,,878000,,,43.01449966430664,129.97128295898438,131.66506958007812,928.9371337890625,0.01,5e-05
,,,,,878483,1350.0,3594,,,,,,
,,,,,879000,,,25.468591690063477,154.14065551757812,152.90570068359375,1434.374267578125,0.01,5e-05
,,,,,879181,970.0,2802,,,,,,
,,,,,879916,1360.0,2962,,,,,,
1604.0,425.42215,2180.0,1110.0,3278.8,880000,,,10.574142456054688,132.93109130859375,133.3292694091797,539.9103393554688,0.01,5e-05
,,,,,880693,1900.0,3114,,,,,,
,,,,,881000,,,15.371294975280762,146.25621032714844,146.6653289794922,773.8989868164062,0.01,5e-05
,,,,,881572,1600.0,3530,,,,,,
,,,,,882000,,,34.99406433105469,140.3284912109375,137.66351318359375,1661.2393798828125,0.01,5e-05
,,,,,882129,1300.0,2242,,,,,,
,,,,,882960,1130.0,3338,,,,,,
,,,,,883000,,,27.083637237548828,127.97212219238281,127.34005737304688,945.6520385742188,0.01,5e-05
,,,,,883745,990.0,3154,,,,,,
,,,,,884000,,,13.101858139038086,138.58255004882812,139.7037353515625,831.7662353515625,0.01,5e-05
,,,,,884552,1650.0,3242,,,,,,
,,,,,885000,,,27.439321517944336,154.6260223388672,153.08169555664062,1411.5567626953125,0.01,5e-05
,,,,,885475,1530.0,3698,,,,,,
,,,,,886000,,,22.22506332397461,158.6239776611328,157.9393310546875,1096.0074462890625,0.01,5e-05
,,,,,886169,1060.0,2786,,,,,,
,,,,,887000,,,16.265644073486328,148.94418334960938,148.30056762695312,820.0819702148438,0.01,5e-05
,,,,,887017,1560.0,3410,,,,,,
,,,,,887998,1780.0,3930,,,,,,
,,,,,888000,,,77.31074523925781,146.82086181640625,148.7224884033203,1391.723876953125,0.01,5e-05
,,,,,888640,1120.0,2570,,,,,,
,,,,,889000,,,38.604393005371094,132.66151428222656,133.22955322265625,1860.1298828125,0.01,5e-05
,,,,,889192,850.0,2226,,,,,,
,,,,,889865,670.0,2706,,,,,,
1234.0,377.28503,1810.0,970.0,2846.0,890000,,,24.7882137298584,140.76805114746094,140.6610565185547,1136.16162109375,0.01,5e-05
,,,,,890682,1130.0,3290,,,,,,
,,,,,891000,,,24.26315689086914,132.44232177734375,133.88046264648438,1213.93798828125,0.01,5e-05
,,,,,891807,1210.0,4514,,,,,,
,,,,,892000,,,19.63323402404785,151.04214477539062,150.84872436523438,755.5142211914062,0.01,5e-05
,,,,,892589,2700.0,3138,,,,,,
,,,,,893000,,,400.9085693359375,151.2886505126953,156.4335479736328,3109.173828125,0.01,5e-05
,,,,,893395,1280.0,3234,,,,,,
,,,,,894000,,,27.18781852722168,141.36058044433594,142.10879516601562,1515.208251953125,0.01,5e-05
,,,,,894470,2090.0,4306,,,,,,
,,,,,895000,,,85.42076873779297,143.8759765625,142.7352294921875,10087.7294921875,0.01,5e-05
,,,,,895581,1970.0,4442,,,,,,
,,,,,896000,,,19.941909790039062,145.2324676513672,146.69784545898438,1166.903564453125,0.01,5e-05
,,,,,896408,1020.0,3322,,,,,,
,,,,,897000,,,43.05992889404297,144.25831604003906,144.55435180664062,1160.3580322265625,0.01,5e-05
,,,,,897252,1300.0,3386,,,,,,
,,,,,898000,,,37.61518478393555,132.19837951660156,135.0225830078125,1866.9873046875,0.01,5e-05
,,,,,898130,1470.0,3538,,,,,,
,,,,,898773,1390.0,2578,,,,,,
,,,,,899000,,,1195.5833740234375,141.01885986328125,146.60317993164062,6195.5791015625,0.01,5e-05
,,,,,899497,790.0,2922,,,,,,
1212.0,100.677704,1350.0,1040.0,2925.2,900000,,,18.2207088470459,140.47491455078125,140.72940063476562,1001.2020874023438,0.01,5e-05
,,,,,900436,1370.0,3762,,,,,,
,,,,,901000,,,18.409204483032227,140.34945678710938,140.37652587890625,819.9833984375,0.01,5e-05
,,,,,901037,990.0,2418,,,,,,
,,,,,901969,1050.0,3730,,,,,,
,,,,,902000,,,16.822134017944336,143.31752014160156,141.85845947265625,1336.9305419921875,0.01,5e-05
,,,,,902860,1050.0,3570,,,,,,
,,,,,903000,,,16.341331481933594,138.938720703125,139.99600219726562,903.7998046875,0.01,5e-05
,,,,,903522,940.0,2650,,,,,,
,,,,,904000,,,24.123821258544922,134.87217712402344,132.95114135742188,1372.6876220703125,0.01,5e-05
,,,,,904639,1510.0,4482,,,,,,
,,,,,905000,,,18.74764060974121,154.38772583007812,153.879150390625,795.0787963867188,0.01,5e-05
,,,,,905736,1630.0,4410,,,,,,
,,,,,906000,,,22.97575569152832,136.1043243408203,137.68849182128906,1053.120361328125,0.01,5e-05
,,,,,906597,1040.0,3458,,,,,,
,,,,,907000,,,15.797683715820312,161.90159606933594,160.81044006347656,775.0589599609375,0.01,5e-05
,,,,,907068,850.0,1906,,,,,,
,,,,,907784,1240.0,2874,,,,,,
,,,,,908000,,,14.904539108276367,139.5049591064453,140.48936462402344,743.3222045898438,0.01,5e-05
,,,,,908572,2090.0,3178,,,,,,
,,,,,909000,,,31.13602638244629,165.59461975097656,164.7373046875,1319.5927734375,0.01,5e-05
,,,,,909366,2580.0,3186,,,,,,
1779.0,326.96942,2200.0,1450.0,3830.8,910000,,,41.0777702331543,154.47134399414062,152.66201782226562,1462.4080810546875,0.01,5e-05
,,,,,910193,2930.0,3322,,,,,,
,,,,,911000,,,29.66312599182129,131.2291259765625,129.53900146484375,2261.687255859375,0.01,5e-05
,,,,,911270,1760.0,4322,,,,,,
,,,,,912000,,,20.517730712890625,141.8026123046875,141.40463256835938,910.0242919921875,0.01,5e-05
,,,,,912137,1770.0,3466,,,,,,
,,,,,913000,,,23.049087524414062,127.14903259277344,128.06179809570312,970.57958984375,0.01,5e-05
,,,,,913176,1220.0,4186,,,,,,
,,,,,914000,,,19.1287784576416,140.06146240234375,139.5392608642578,787.0946655273438,0.01,5e-05
,,,,,914185,1980.0,4066,,,,,,
,,,,,914988,1050.0,3234,,,,,,
,,,,,915000,,,12.90323257446289,152.5850830078125,151.5386962890625,827.4086303710938,0.01,5e-05
,,,,,915977,1560.0,3978,,,,,,
,,,,,916000,,,31.41748809814453,154.97557067871094,152.72262573242188,1549.7705078125,0.01,5e-05
,,,,,916804,2930.0,3330,,,,,,
,,,,,917000,,,15.726369857788086,119.9567642211914,119.6415023803711,810.6461791992188,0.01,5e-05
,,,,,917512,1220.0,2858,,,,,,
,,,,,918000,,,17.726913452148438,134.58609008789062,135.95486450195312,676.0283203125,0.01,5e-05
,,,,,918416,1930.0,3642,,,,,,
,,,,,919000,,,24.13213348388672,148.39144897460938,147.69674682617188,1094.5760498046875,0.01,5e-05
,,,,,919327,1240.0,3674,,,,,,
2152.0,900.3866,3250.0,1320.0,3569.2,920000,,,47.82993698120117,162.93350219726562,160.91983032226562,3087.74755859375,0.01,5e-05
,,,,,920006,1260.0,2730,,,,,,
,,,,,920769,1100.0,3074,,,,,,
,,,,,921000,,,14.848723411560059,135.02088928222656,134.79629516601562,650.9852294921875,0.01,5e-05
,,,,,921477,1250.0,2858,,,,,,
,,,,,922000,,,29.970767974853516,164.3593292236328,164.3832550048828,941.9195556640625,0.01,5e-05
,,,,,922397,1740.0,3706,,,,,,
,,,,,923000,,,36.334693908691406,128.16380310058594,126.43095397949219,6765.3359375,0.01,5e-05
,,,,,923305,1660.0,3650,,,,,,
,,,,,924000,,,21.03772735595703,141.98092651367188,139.45706176757812,1254.4248046875,0.01,5e-05
,,,,,924065,900.0,3050,,,,,,
,,,,,925000,,,1494.8929443359375,147.8059539794922,153.46336364746094,5832.65380859375,0.01,5e-05
,,,,,925066,2420.0,4026,,,,,,
,,,,,925692,1540.0,2514,,,,,,
,,,,,926000,,,22.52890396118164,141.787353515625,141.79861450195312,841.4495239257812,0.01,5e-05
,,,,,926364,1350.0,2706,,,,,,
,,,,,927000,,,12.397321701049805,152.69793701171875,152.44161987304688,715.7888793945312,0.01,5e-05
,,,,,927321,1730.0,3834,,,,,,
,,,,,928000,,,35.24260711669922,150.8145751953125,150.26065063476562,1443.9232177734375,0.01,5e-05
,,,,,928274,2930.0,3818,,,,,,
,,,,,928940,770.0,2674,,,,,,
,,,,,929000,,,13.912813186645508,164.22653198242188,163.8817138671875,850.6869506835938,0.01,5e-05
,,,,,929555,1080.0,2466,,,,,,
1358.0,424.8482,1600.0,510.0,3542.8,930000,,,20.323884963989258,169.35935974121094,169.54010009765625,943.7411499023438,0.01,5e-05
,,,,,930318,850.0,3058,,,,,,
,,,,,931000,,,26.701011657714844,146.1732635498047,146.2305908203125,1205.4788818359375,0.01,5e-05
,,,,,931431,2200.0,4474,,,,,,
,,,,,932000,,,22.9785099029541,122.6766357421875,123.9842529296875,1052.738037109375,0.01,5e-05
,,,,,932135,1450.0,2826,,,,,,
,,,,,932858,1380.0,2906,,,,,,
,,,,,933000,,,14.305112838745117,152.76654052734375,153.31129455566406,853.700927734375,0.01,5e-05
,,,,,933712,1310.0,3418,,,,,,
,,,,,934000,,,26.180252075195312,173.01805114746094,171.75961303710938,1122.5364990234375,0.01,5e-05
,,,,,934784,1840.0,4290,,,,,,
,,,,,935000,,,16.94109344482422,147.4234619140625,147.3327178955078,816.7750854492188,0.01,5e-05
,,,,,935458,1170.0,2706,,,,,,
,,,,,936000,,,28.8005313873291,146.36663818359375,143.572998046875,1431.243408203125,0.01,5e-05
,,,,,936411,1340.0,3834,,,,,,
,,,,,937000,,,18.21736717224121,156.54876708984375,155.80068969726562,858.6570434570312,0.01,5e-05
,,,,,937157,900.0,3002,,,,,,
,,,,,938000,,,26.939998626708984,163.0352783203125,162.18283081054688,1192.25390625,0.01,5e-05
,,,,,938024,2100.0,3490,,,,,,
,,,,,938530,790.0,2042,,,,,,
,,,,,939000,,,20.175016403198242,157.73736572265625,156.29080200195312,1358.4910888671875,0.01,5e-05
,,,,,939412,2780.0,3530,,,,,,
1626.0,153.5057,2000.0,1500.0,3164.4,940000,,,18.060813903808594,152.8017120361328,151.24754333496094,1815.7412109375,0.01,5e-05
,,,,,940169,990.0,3042,,,,,,
,,,,,940878,690.0,2850,,,,,,
,,,,,941000,,,57.19701385498047,162.9232940673828,164.08444213867188,3051.568115234375,0.01,5e-05
,,,,,941952,2200.0,4306,,,,,,
,,,,,942000,,,23.02894401550293,158.98080444335938,159.26644897460938,855.2658081054688,0.01,5e-05
,,,,,942820,2970.0,3498,,,,,,
,,,,,943000,,,1340.069580078125,159.37716674804688,166.44483947753906,7464.169921875,0.01,5e-05
,,,,,943848,1180.0,4130,,,,,,
,,,,,944000,,,42.694583892822266,143.7342529296875,142.46603393554688,2878.064208984375,0.01,5e-05
,,,,,944731,1110.0,3554,,,,,,
,,,,,945000,,,29.27251625061035,144.1742401123047,141.750732421875,1609.7701416015625,0.01,5e-05
,,,,,945634,1010.0,3626,,,,,,
,,,,,946000,,,39.745182037353516,155.87921142578125,153.73992919921875,2126.6796875,0.01,5e-05
,,,,,946608,1760.0,3906,,,,,,
,,,,,947000,,,1592.341796875,145.36990356445312,152.57440185546875,6693.18017578125,0.01,5e-05
,,,,,947112,730.0,2026,,,,,,
,,,,,947760,1320.0,2618,,,,,,
,,,,,948000,,,12.581310272216797,131.54550170898438,131.75399780273438,605.35400390625,0.01,5e-05
,,,,,948768,3230.0,4034,,,,,,
,,,,,949000,,,59.33962631225586,158.7279052734375,159.4871063232422,1136.58056640625,0.01,5e-05
,,,,,949344,640.0,2314,,,,,,
1236.0,206.69785,1630.0,1070.0,3538.8,950000,,,28.328678131103516,149.15057373046875,149.3397979736328,674.988525390625,0.01,5e-05
,,,,,950202,1270.0,3458,,,,,,
,,,,,951000,,,46.84427261352539,135.57687377929688,135.74107360839844,1375.0853271484375,0.01,5e-05
,,,,,951217,1700.0,4090,,,,,,
,,,,,952000,,,14.284393310546875,147.69366455078125,147.59304809570312,749.1926879882812,0.01,5e-05
,,,,,952231,1860.0,4066,,,,,,
,,,,,953000,,,31.036865234375,164.44924926757812,164.89797973632812,1066.76513671875,0.01,5e-05
,,,,,953261,2060.0,4130,,,,,,
,,,,,954000,,,461.7618103027344,176.20059204101562,179.83792114257812,3292.8857421875,0.01,5e-05
,,,,,954114,2160.0,3426,,,,,,
,,,,,955000,,,146.53921508789062,155.20751953125,158.87786865234375,2136.4287109375,0.01,5e-05
,,,,,955009,1060.0,3602,,,,,,
,,,,,955875,1550.0,3482,,,,,,
,,,,,956000,,,33.51216125488281,169.72933959960938,170.90184020996094,2088.87109375,0.01,5e-05
,,,,,956899,3060.0,4114,,,,,,
,,,,,957000,,,32.98143005371094,149.33155822753906,151.4075927734375,1563.953125,0.01,5e-05
,,,,,957642,1160.0,2978,,,,,,
,,,,,958000,,,56.229610443115234,145.16603088378906,144.58657836914062,1905.68701171875,0.01,5e-05
,,,,,958497,1310.0,3450,,,,,,
,,,,,959000,,,18.300020217895508,159.24847412109375,157.31863403320312,1244.5357666015625,0.01,5e-05
,,,,,959295,2140.0,3194,,,,,,
1324.0,390.33832,1840.0,860.0,3074.0,960000,,,339.5641784667969,155.70938110351562,157.30535888671875,2535.61474609375,0.01,5e-05
,,,,,960159,1450.0,3482,,,,,,
,,,,,960998,2070.0,3378,,,,,,
,,,,,961000,,,987.5335693359375,139.7159423828125,145.288330078125,4965.07373046875,0.01,5e-05
,,,,,961685,1690.0,2754,,,,,,
,,,,,962000,,,26.027509689331055,156.96331787109375,156.91380310058594,1391.0777587890625,0.01,5e-05
,,,,,962664,1640.0,3922,,,,,,
,,,,,963000,,,19.42741584777832,159.69744873046875,159.3892822265625,780.174560546875,0.01,5e-05
,,,,,963720,1740.0,4234,,,,,,
,,,,,964000,,,35.83039855957031,156.81436157226562,156.23228454589844,1903.0384521484375,0.01,5e-05
,,,,,964778,1410.0,4250,,,,,,
,,,,,965000,,,11.312202453613281,150.7216796875,152.58425903320312,1077.8131103515625,0.01,5e-05
,,,,,965482,1440.0,2834,,,,,,
,,,,,966000,,,1233.9329833984375,148.8478546142578,155.2703857421875,5244.35009765625,0.01,5e-05
,,,,,966048,1320.0,2274,,,,,,
,,,,,966988,2650.0,3778,,,,,,
,,,,,967000,,,15.281338691711426,173.85250854492188,173.88316345214844,842.4840698242188,0.01,5e-05
,,,,,967718,1280.0,2930,,,,,,
,,,,,968000,,,190.7281494140625,140.936767578125,143.68621826171875,2399.164306640625,0.01,5e-05
,,,,,968514,2130.0,3202,,,,,,
,,,,,969000,,,14.989896774291992,151.9295196533203,150.36672973632812,1203.7266845703125,0.01,5e-05
,,,,,969240,1120.0,2930,,,,,,
1757.0,406.52307,2360.0,1370.0,3497.2,970000,,,1179.57177734375,131.1568145751953,136.63137817382812,8148.6337890625,0.01,5e-05
,,,,,970010,1120.0,3098,,,,,,
,,,,,970936,1900.0,3714,,,,,,
,,,,,971000,,,27.296550750732422,154.07025146484375,153.2772979736328,1194.587890625,0.01,5e-05
,,,,,971594,1110.0,2634,,,,,,
,,,,,972000,,,20.027687072753906,160.55372619628906,160.30435180664062,910.3373413085938,0.01,5e-05
,,,,,972323,2130.0,2938,,,,,,
,,,,,973000,,,32.22037124633789,151.09719848632812,151.3291015625,1133.796875,0.01,5e-05
,,,,,973411,1000.0,4370,,,,,,
,,,,,974000,,,22.567649841308594,140.39942932128906,139.44119262695312,1050.0440673828125,0.01,5e-05
,,,,,974336,1490.0,3714,,,,,,
,,,,,975000,,,19.108936309814453,152.11978149414062,152.87939453125,839.456787109375,0.01,5e-05
,,,,,975284,1520.0,3810,,,,,,
,,,,,976000,,,23.690553665161133,157.81365966796875,156.61428833007812,1506.026611328125,0.01,5e-05
,,,,,976329,1950.0,4186,,,,,,
,,,,,977000,,,20.507007598876953,172.3003692626953,172.20980834960938,1048.972412109375,0.01,5e-05
,,,,,977154,950.0,3306,,,,,,
,,,,,977960,1520.0,3250,,,,,,
,,,,,978000,,,22.457096099853516,149.46266174316406,148.66146850585938,937.1260986328125,0.01,5e-05
,,,,,978882,2320.0,3706,,,,,,
,,,,,979000,,,1530.5533447265625,156.19219970703125,161.9892578125,6374.38671875,0.01,5e-05
,,,,,979687,980.0,3242,,,,,,
1266.0,248.36264,1510.0,940.0,3187.6,980000,,,48.77707290649414,160.78268432617188,161.01991271972656,1581.03564453125,0.01,5e-05
,,,,,980395,940.0,2850,,,,,,
,,,,,981000,,,16.896371841430664,163.00997924804688,162.68783569335938,878.1290893554688,0.01,5e-05
,,,,,981137,1190.0,2978,,,,,,
,,,,,981969,1320.0,3354,,,,,,
,,,,,982000,,,70.8770523071289,127.28297424316406,127.35990905761719,2227.740478515625,0.01,5e-05
,,,,,982594,710.0,2522,,,,,,
,,,,,983000,,,66.02960968017578,156.91433715820312,157.22560119628906,1216.8511962890625,0.01,5e-05
,,,,,983225,770.0,2554,,,,,,
,,,,,983755,860.0,2138,,,,,,
,,,,,984000,,,28.516263961791992,160.25259399414062,161.8056640625,1070.9747314453125,0.01,5e-05
,,,,,984469,1750.0,2882,,,,,,
,,,,,985000,,,164.60116577148438,160.35076904296875,161.11013793945312,1668.68359375,0.01,5e-05
,,,,,985245,1250.0,3130,,,,,,
,,,,,986000,,,47.844635009765625,173.9029083251953,174.80386352539062,1299.54541015625,0.01,5e-05
,,,,,986256,1490.0,4066,,,,,,
,,,,,986885,940.0,2522,,,,,,
,,,,,987000,,,33.00767517089844,161.1964874267578,162.1887664794922,1728.13720703125,0.01,5e-05
,,,,,987510,970.0,2522,,,,,,
,,,,,988000,,,81.48094940185547,153.92764282226562,154.13516235351562,1950.3045654296875,0.01,5e-05
,,,,,988068,800.0,2250,,,,,,
,,,,,988851,1340.0,3138,,,,,,
,,,,,989000,,,1249.431396484375,136.35772705078125,144.47674560546875,6140.96484375,0.01,5e-05
,,,,,989410,890.0,2242,,,,,,
1465.0,740.2466,2500.0,610.0,3778.8,990000,,,19.572071075439453,148.22384643554688,148.34280395507812,847.5950927734375,0.01,5e-05
,,,,,990205,1790.0,3194,,,,,,
,,,,,990941,1270.0,2962,,,,,,
,,,,,991000,,,14.409419059753418,170.2657470703125,170.1724395751953,698.3862915039062,0.01,5e-05
,,,,,991672,2670.0,2922,,,,,,
,,,,,992000,,,12.892905235290527,133.74148559570312,133.67483520507812,748.7879638671875,0.01,5e-05
,,,,,992501,1620.0,3330,,,,,,
,,,,,993000,,,21.73868179321289,164.6331787109375,164.65274047851562,921.8693237304688,0.01,5e-05
,,,,,993201,1170.0,2802,,,,,,
,,,,,993824,2090.0,2498,,,,,,
,,,,,994000,,,16.915794372558594,131.9171600341797,131.82748413085938,705.779541015625,0.01,5e-05
,,,,,994682,1760.0,3458,,,,,,
,,,,,995000,,,27.44919776916504,136.69442749023438,139.18606567382812,1874.563232421875,0.01,5e-05
,,,,,995695,1460.0,4058,,,,,,
,,,,,996000,,,24.437374114990234,148.67857360839844,149.49533081054688,1037.678466796875,0.01,5e-05
,,,,,996663,1530.0,3890,,,,,,
,,,,,997000,,,16.964862823486328,151.01112365722656,151.4091033935547,1017.2001953125,0.01,5e-05
,,,,,997490,1240.0,3322,,,,,,
,,,,,998000,,,14.859045028686523,149.3353271484375,147.6112823486328,1105.045654296875,0.01,5e-05
,,,,,998233,1420.0,2994,,,,,,
,,,,,999000,,,14.989095687866211,156.15328979492188,157.18373107910156,938.3372802734375,0.01,5e-05
,,,,,999085,1070.0,3418,,,,,,
,,,,,999791,1180.0,2850,,,,,,
