Eval_AverageReturn,Eval_StdReturn,Eval_MaxReturn,Eval_MinReturn,Eval_AverageEpLen,step,Train_EpisodeReturn,Train_EpisodeLen,actor_loss,entropy,critic_loss,q_values,target_values,alpha,alpha_loss,actor_lr,critic_lr,temperature
-234.30887,80.858406,-95.92837,-352.9175,1000.0,0,,,,,,,,,,,,
,,,,,999,-332.24716,1000,,,,,,,,,,
,,,,,1999,-297.99774,1000,,,,,,,,,,
,,,,,2999,-459.86713,1000,,,,,,,,,,
,,,,,3999,-392.74945,1000,,,,,,,,,,
,,,,,4999,-132.41968,1000,,,,,,,,,,
-234.02083,51.703728,-132.03058,-293.73773,1000.0,5000,,,,,,,,,,,,
,,,,,5999,-258.3659,1000,,,,,,,,,,
,,,,,6999,-212.41275,1000,,,,,,,,,,
,,,,,7999,-229.86012,1000,,,,,,,,,,
,,,,,8999,-213.33244,1000,,,,,,,,,,
,,,,,9999,-295.96985,1000,,,,,,,,,,
-264.7896,94.49868,-152.59618,-508.5884,1000.0,10000,,,-0.3518601357936859,3.7394704818725586,0.4051932692527771,-0.01982859894633293,0.10484432429075241,0.10000000000000002,0.9701241850852966,0.0003,0.0003,0.09999000050008644
,,,,,10999,-190.80522,1000,,,,,,,,,,
,,,,,11000,,,-2.0979862213134766,2.3171467781066895,0.40811318159103394,1.4186136722564697,1.4792850017547607,0.09081058635989016,0.7585356831550598,0.0003,0.0003,0.09080202493769378
,,,,,11999,-203.2057,1000,,,,,,,,,,
,,,,,12000,,,-3.5385868549346924,2.506185531616211,0.6306717991828918,2.997184991836548,3.014765739440918,0.08262379801450925,0.6977047324180603,0.0003,0.0003,0.0826160377427781
,,,,,12999,-193.0959,1000,,,,,,,,,,
,,,,,13000,,,-5.082000255584717,1.472310185432434,0.670913815498352,4.39559268951416,4.317079544067383,0.07550475156205735,0.5696521997451782,0.0003,0.0003,0.07549819856993707
,,,,,13999,-212.06422,1000,,,,,,,,,,
,,,,,14000,,,-6.880001544952393,1.4269301891326904,0.6642085313796997,6.196653366088867,6.180300712585449,0.06928559758801137,0.5276378393173218,0.0003,0.0003,0.06927955467738656
,,,,,14999,98.85423,1000,,,,,,,,,,
-60.313374,40.8843,8.875958,-133.56895,1000.0,15000,,,-9.010648727416992,1.1814637184143066,0.4532323181629181,8.277231216430664,8.384048461914062,0.06356198533585428,0.45203912258148193,0.0003,0.0003,0.06355638245683934
,,,,,15999,23.00354,1000,,,,,,,,,,
,,,,,16000,,,-10.780101776123047,1.08544921875,0.497997522354126,10.018584251403809,10.134051322937012,0.05822522567252258,0.40385371446609497,0.0003,0.0003,0.05822019058827465
,,,,,16999,-89.70213,1000,,,,,,,,,,
,,,,,17000,,,-12.172647476196289,0.6740869283676147,0.4347301125526428,11.55246353149414,11.557575225830078,0.05334729141938938,0.3498753309249878,0.0003,0.0003,0.05334269857201509
,,,,,17999,162.61562,1000,,,,,,,,,,
,,,,,18000,,,-13.127685546875,0.1919739842414856,0.38074350357055664,12.402215003967285,12.358543395996094,0.04898557339331541,0.30440783500671387,0.0003,0.0003,0.04898150835588367
,,,,,18999,817.34216,1000,,,,,,,,,,
,,,,,19000,,,-15.791489601135254,-0.4720190763473511,0.47596555948257446,15.021143913269043,15.01716423034668,0.045056673606651186,0.248371422290802,0.0003,0.0003,0.045052930220945565
,,,,,19999,379.6781,1000,,,,,,,,,,
550.82086,209.50076,1010.4035,316.01346,1000.0,20000,,,-18.059757232666016,-0.8924602270126343,0.5720266699790955,17.344627380371094,17.345653533935547,0.04154926155271892,0.2022864818572998,0.0003,0.0003,0.04154596953481973
,,,,,20999,371.77118,1000,,,,,,,,,,
,,,,,21000,,,-19.80893898010254,-1.9923374652862549,0.561978816986084,19.072010040283203,19.057437896728516,0.03847109613930129,0.158718541264534,0.0003,0.0003,0.038468181902655954
,,,,,21999,1165.3711,1000,,,,,,,,,,
,,,,,22000,,,-24.392513275146484,-2.6211979389190674,0.48016220331192017,23.48460578918457,23.454105377197266,0.035720783976807315,0.11405552923679352,0.0003,0.0003,0.03571816912273554
,,,,,22999,1385.4819,1000,,,,,,,,,,
,,,,,23000,,,-26.788742065429688,-3.526609420776367,0.5039994716644287,25.922534942626953,26.00006866455078,0.03322275665650282,0.09415289759635925,0.0003,0.0003,0.03322034212564191
,,,,,23999,1530.8746,1000,,,,,,,,,,
,,,,,24000,,,-32.256553649902344,-3.396287202835083,0.5534725189208984,31.48279571533203,31.318225860595703,0.030941902084857136,0.07716742902994156,0.0003,0.0003,0.03093967148237618
,,,,,24999,514.9916,1000,,,,,,,,,,
1133.8744,362.4844,1581.0756,664.81134,1000.0,25000,,,-36.73549270629883,-3.586920738220215,0.4594481885433197,35.84068298339844,35.90801239013672,0.028837474942638025,0.05915229767560959,0.0003,0.0003,0.02883544011778187
,,,,,25999,1642.3562,1000,,,,,,,,,,
,,,,,26000,,,-39.534732818603516,-4.339478492736816,0.4918533265590668,38.58332824707031,38.61753845214844,0.026826944451226957,0.04956024885177612,0.0003,0.0003,0.026824900841980682
,,,,,26999,1199.863,1000,,,,,,,,,,
,,,,,27000,,,-44.5675048828125,-4.7122931480407715,0.5720042586326599,43.55695343017578,43.52755355834961,0.02507046239076556,0.04004405438899994,0.0003,0.0003,0.0250688353774991
,,,,,27999,402.07294,1000,,,,,,,,,,
,,,,,28000,,,-45.22248840332031,-4.720311164855957,0.552347719669342,44.35991668701172,44.325721740722656,0.023516998361442894,0.031233390793204308,0.0003,0.0003,0.023515507318528073
,,,,,28999,1876.5892,1000,,,,,,,,,,
,,,,,29000,,,-50.66960525512695,-5.445036888122559,0.5012993812561035,49.71002197265625,49.833316802978516,0.022146300922909826,0.01037372276186943,0.0003,0.0003,0.022145035473656566
,,,,,29999,1923.2397,1000,,,,,,,,,,
1819.9202,31.922363,1871.1353,1761.542,1000.0,30000,,,-57.668922424316406,-5.801589012145996,0.43433165550231934,56.629615783691406,56.54637145996094,0.02103062775514677,0.005604908801615238,0.0003,0.0003,0.021029782814482277
,,,,,30999,1930.4316,1000,,,,,,,,,,
,,,,,31000,,,-62.17214584350586,-5.884586334228516,0.49241939187049866,61.18320846557617,61.247047424316406,0.020323472002800852,0.002505475888028741,0.0003,0.0003,0.020323021849591744
,,,,,31999,1895.4685,1000,,,,,,,,,,
,,,,,32000,,,-67.39334106445312,-6.083706378936768,0.5043652653694153,66.23092651367188,66.29849243164062,0.02021517025867218,-0.0026742699556052685,0.0003,0.0003,0.020215058504043832
,,,,,32999,513.59393,1000,,,,,,,,,,
,,,,,33000,,,-68.50437927246094,-6.480040550231934,0.5797399282455444,67.51976013183594,67.5746841430664,0.020367121755770604,-0.008170674555003643,0.0003,0.0003,0.020367643962421883
,,,,,33999,2162.6143,1000,,,,,,,,,,
,,,,,34000,,,-74.44049072265625,-5.881396293640137,0.502555787563324,73.47828674316406,73.42747497558594,0.020113642568586172,0.007005896419286728,0.0003,0.0003,0.02011335025611463
,,,,,34999,2184.0908,1000,,,,,,,,,,
1609.505,643.17365,2194.4478,440.56805,1000.0,35000,,,-79.8808822631836,-6.475783824920654,0.5366811156272888,78.86309051513672,78.79965209960938,0.020133644483564573,-0.007874267175793648,0.0003,0.0003,0.020134521160692583
,,,,,35999,2269.572,1000,,,,,,,,,,
,,,,,36000,,,-80.20106506347656,-6.1696319580078125,0.43226832151412964,79.10009765625,79.04918670654297,0.020526772336100355,-0.008372724056243896,0.0003,0.0003,0.020527985121460934
,,,,,36999,1594.6,1000,,,,,,,,,,
,,,,,37000,,,-87.88702392578125,-6.157953262329102,0.7628459930419922,86.7755126953125,86.98921203613281,0.0210520034467463,-0.00040196068584918976,0.0003,0.0003,0.021051266845445882
,,,,,37999,1807.7648,1000,,,,,,,,,,
,,,,,38000,,,-86.98240661621094,-5.997475624084473,0.6201204061508179,85.89979553222656,85.99097442626953,0.0214929711397689,0.0056876130402088165,0.0003,0.0003,0.021493167322432165
,,,,,38999,1045.2106,1000,,,,,,,,,,
,,,,,39000,,,-96.20365905761719,-6.41118860244751,0.47589510679244995,95.13462829589844,95.03853607177734,0.0215119516183554,-0.010448334738612175,0.0003,0.0003,0.021512759438855448
,,,,,39999,2498.3916,1000,,,,,,,,,,
1395.2507,653.199,2559.5513,490.89966,1000.0,40000,,,-97.4795150756836,-5.570986747741699,0.5770056247711182,96.59085083007812,96.61502075195312,0.021342083027399678,0.015906482934951782,0.0003,0.0003,0.021340764376979102
,,,,,40999,996.6691,1000,,,,,,,,,,
,,,,,41000,,,-98.7911148071289,-5.413577556610107,0.6811083555221558,97.87249755859375,97.72970581054688,0.02141595767189735,0.007592698093503714,0.0003,0.0003,0.021415245257932633
,,,,,41999,2059.8972,1000,,,,,,,,,,
,,,,,42000,,,-99.49250793457031,-6.075014591217041,0.6210245490074158,98.65496063232422,98.72726440429688,0.02177132068961139,-0.0032750016544014215,0.0003,0.0003,0.0217718289952
,,,,,42999,1561.7799,1000,,,,,,,,,,
,,,,,43000,,,-99.67666625976562,-6.232064247131348,1.0705397129058838,98.6583480834961,98.69558715820312,0.022243848696324255,-0.001767643727362156,0.0003,0.0003,0.022244077531379625
,,,,,43999,1775.8491,1000,,,,,,,,,,
,,,,,44000,,,-107.1465072631836,-5.360219478607178,0.608206033706665,106.10847473144531,106.21983337402344,0.02237522918311997,0.01574735715985298,0.0003,0.0003,0.02237367569825564
,,,,,44999,627.96466,1000,,,,,,,,,,
1831.2717,748.53253,2687.9727,516.5181,1000.0,45000,,,-112.31674194335938,-6.063997268676758,0.5671427845954895,111.20321655273438,111.2496337890625,0.02255871104019862,0.0025072223506867886,0.0003,0.0003,0.02255823196625321
,,,,,45999,1380.863,1000,,,,,,,,,,
,,,,,46000,,,-113.62223052978516,-5.862484455108643,0.9148188829421997,112.6641845703125,112.57034301757812,0.022708666391244192,0.0008452031761407852,0.0003,0.0003,0.022708475937739763
,,,,,46999,2658.8499,1000,,,,,,,,,,
,,,,,47000,,,-113.07225036621094,-5.961764335632324,0.8810226321220398,112.12458801269531,111.95179748535156,0.022710526426642574,0.0042340452782809734,0.0003,0.0003,0.022711097279987
,,,,,47999,2433.3506,1000,,,,,,,,,,
,,,,,48000,,,-121.11505126953125,-6.425154209136963,0.5766351222991943,120.14616394042969,120.21216583251953,0.02309948003880313,0.0025456352159380913,0.0003,0.0003,0.0230997087494076
,,,,,48999,1065.737,1000,,,,,,,,,,
,,,,,49000,,,-118.9504165649414,-5.7573137283325195,0.6246906518936157,117.99366760253906,118.003662109375,0.023243388375958844,0.011175913736224174,0.0003,0.0003,0.023241828276255695
,,,,,49999,2696.4565,1000,,,,,,,,,,
2513.8567,631.46014,2832.2854,693.6374,1000.0,50000,,,-132.24957275390625,-6.07039213180542,1.5370193719863892,131.13980102539062,131.0343017578125,0.02344108530546502,0.0014162175357341766,0.0003,0.0003,0.023441418556364963
,,,,,50999,2789.6248,1000,,,,,,,,,,
,,,,,51000,,,-132.5541229248047,-6.272631645202637,0.8273056745529175,131.46771240234375,131.60433959960938,0.02354581272226224,0.002693298738449812,0.0003,0.0003,0.023546575055573126
,,,,,51999,2769.3274,1000,,,,,,,,,,
,,,,,52000,,,-131.60894775390625,-6.205635070800781,1.0648366212844849,130.84144592285156,130.73306274414062,0.02397168563096941,-0.007807640358805656,0.0003,0.0003,0.023972384333667635
,,,,,52999,2826.4,1000,,,,,,,,,,
,,,,,53000,,,-138.58778381347656,-5.7256574630737305,0.5653027296066284,137.65399169921875,137.68942260742188,0.024290107631571942,-0.0012254852335900068,0.0003,0.0003,0.024289915954959534
,,,,,53999,2855.9478,1000,,,,,,,,,,
,,,,,54000,,,-139.93295288085938,-6.462551593780518,1.2494934797286987,138.62213134765625,138.70867919921875,0.024802826028063437,-0.013440346345305443,0.0003,0.0003,0.024804139592281307
,,,,,54999,3025.691,1000,,,,,,,,,,
2954.0022,42.98536,3000.6685,2853.3286,1000.0,55000,,,-150.59446716308594,-6.1435699462890625,0.6680930256843567,149.479736328125,149.50204467773438,0.02536731947475973,0.0019038445316255093,0.0003,0.0003,0.025368210811238755
,,,,,55999,1959.9806,1000,,,,,,,,,,
,,,,,56000,,,-146.80389404296875,-5.996072769165039,0.5880048274993896,145.7374267578125,145.78103637695312,0.02585135566897624,0.0015606072265654802,0.0003,0.0003,0.025851696677774393
,,,,,56999,2880.6182,1000,,,,,,,,,,
,,,,,57000,,,-151.31565856933594,-5.815605640411377,0.7227172255516052,150.36489868164062,150.27255249023438,0.026487717996154347,0.006285972893238068,0.0003,0.0003,0.02648795285063621
,,,,,57999,2988.2856,1000,,,,,,,,,,
,,,,,58000,,,-160.08612060546875,-5.969411849975586,0.9540730714797974,159.1265869140625,159.07577514648438,0.026837567017158073,0.002798638306558132,0.0003,0.0003,0.026838884930243237
,,,,,58999,2864.6067,1000,,,,,,,,,,
,,,,,59000,,,-163.92254638671875,-5.905742645263672,0.6804946660995483,162.9250946044922,163.0531005859375,0.027308291191364447,-0.0007242673309519887,0.0003,0.0003,0.027308330083056262
,,,,,59999,1525.8743,1000,,,,,,,,,,
2676.2004,630.20984,3128.6362,1219.1316,1000.0,60000,,,-165.7191619873047,-5.936830997467041,0.8329644203186035,164.81021118164062,164.58108520507812,0.027653392458979124,0.002457731869071722,0.0003,0.0003,0.027651685071140176
,,,,,60999,2998.886,1000,,,,,,,,,,
,,,,,61000,,,-160.90142822265625,-5.747094631195068,0.6304254531860352,159.9058837890625,159.91262817382812,0.027788910076384746,0.005222504027187824,0.0003,0.0003,0.027789020914477613
,,,,,61999,3137.2178,1000,,,,,,,,,,
,,,,,62000,,,-173.4132080078125,-6.095979690551758,0.7212920784950256,172.11412048339844,172.08404541015625,0.02773418680854627,-0.005524749867618084,0.0003,0.0003,0.02773330720444908
,,,,,62999,2991.8499,1000,,,,,,,,,,
,,,,,63000,,,-174.6064910888672,-6.114067554473877,0.6405008435249329,173.58761596679688,173.6884765625,0.02806206455498156,-0.009418516419827938,0.0003,0.0003,0.028062972983635588
,,,,,63999,3128.3926,1000,,,,,,,,,,
,,,,,64000,,,-175.14065551757812,-6.159582614898682,0.9272095561027527,174.02920532226562,174.10272216796875,0.028390679997432514,0.0033031476195901632,0.0003,0.0003,0.028390754827541213
,,,,,64999,3101.8342,1000,,,,,,,,,,
2501.4158,882.3092,3250.0493,810.18134,1000.0,65000,,,-176.86703491210938,-6.391202926635742,0.9655110239982605,175.99359130859375,175.886962890625,0.02901561268369682,-0.013116550631821156,0.0003,0.0003,0.029016729501150626
,,,,,65999,717.10376,1000,,,,,,,,,,
,,,,,66000,,,-179.41412353515625,-5.69692850112915,0.903351902961731,178.40240478515625,178.27944946289062,0.02921185289132786,0.004291065968573093,0.0003,0.0003,0.029211719681588578
,,,,,66999,3343.6497,1000,,,,,,,,,,
,,,,,67000,,,-193.040771484375,-6.459782123565674,0.8178555965423584,192.17715454101562,192.03445434570312,0.02945810211857635,-0.01398817915469408,0.0003,0.0003,0.029458897541247378
,,,,,67999,3347.0728,1000,,,,,,,,,,
,,,,,68000,,,-179.37969970703125,-5.70170783996582,0.7612134218215942,178.4364013671875,178.58465576171875,0.02970794889531099,-0.0006568779936060309,0.0003,0.0003,0.029707979540615426
,,,,,68999,3280.874,1000,,,,,,,,,,
,,,,,69000,,,-195.71029663085938,-6.139835834503174,0.7834391593933105,194.7980499267578,194.87103271484375,0.030089413267586677,0.0006222017109394073,0.0003,0.0003,0.03009121327193101
,,,,,69999,3366.1406,1000,,,,,,,,,,
3146.6174,825.50507,3474.4814,673.3019,1000.0,70000,,,-191.52566528320312,-6.268136024475098,0.9334632158279419,190.69424438476562,190.66510009765625,0.03044865042683997,-0.012343363836407661,0.0003,0.0003,0.030449881617107946
,,,,,70999,1365.8201,1000,,,,,,,,,,
,,,,,71000,,,-189.78134155273438,-6.054936408996582,1.9888417720794678,188.66824340820312,188.768798828125,0.030736771437433957,-0.01146216131746769,0.0003,0.0003,0.03073798072788163
,,,,,71999,3359.3032,1000,,,,,,,,,,
,,,,,72000,,,-202.31210327148438,-5.704267501831055,0.9368535280227661,201.31983947753906,201.33323669433594,0.031245910906098403,0.0025802738964557648,0.0003,0.0003,0.031246335171031238
,,,,,72999,3439.9294,1000,,,,,,,,,,
,,,,,73000,,,-202.4907684326172,-6.085096836090088,0.8698000311851501,201.62742614746094,201.57516479492188,0.031659515685242584,-0.000256373081356287,0.0003,0.0003,0.03166049072505304
,,,,,73999,3515.2583,1000,,,,,,,,,,
,,,,,74000,,,-196.75759887695312,-5.81702184677124,0.5836162567138672,195.92872619628906,196.01150512695312,0.03198809735136648,0.003949224948883057,0.0003,0.0003,0.031987940336993745
,,,,,74999,3525.3213,1000,,,,,,,,,,
3416.9082,599.8105,3650.5845,1618.914,1000.0,75000,,,-199.31021118164062,-6.256120681762695,1.14656662940979,198.445068359375,198.48428344726562,0.032736622021067266,-0.009993619285523891,0.0003,0.0003,0.03273668795953946
,,,,,75999,1207.7896,1000,,,,,,,,,,
,,,,,76000,,,-210.29794311523438,-6.038641929626465,1.0391108989715576,209.26730346679688,209.18756103515625,0.03312747711837792,-0.003695621620863676,0.0003,0.0003,0.03312754742064366
,,,,,76999,3633.3276,1000,,,,,,,,,,
,,,,,77000,,,-214.07894897460938,-6.0844011306762695,2.380687952041626,213.10598754882812,213.172607421875,0.03388900585763832,0.0011551305651664734,0.0003,0.0003,0.03388965586447149
,,,,,77999,3626.882,1000,,,,,,,,,,
,,,,,78000,,,-219.63912963867188,-5.890693187713623,1.0469945669174194,218.7121124267578,218.7089385986328,0.034183011900219086,0.005997749045491219,0.0003,0.0003,0.03418257527657524
,,,,,78999,3453.364,1000,,,,,,,,,,
,,,,,79000,,,-214.86329650878906,-6.097675800323486,0.9617815017700195,213.80667114257812,213.777587890625,0.034603667078918286,-0.0048154667019844055,0.0003,0.0003,0.03460587564152444
,,,,,79999,3681.4055,1000,,,,,,,,,,
3252.5027,945.9469,3745.472,614.24023,1000.0,80000,,,-214.9298095703125,-6.080624580383301,1.1552705764770508,213.77157592773438,213.7589111328125,0.03483247725120311,-0.0038235122337937355,0.0003,0.0003,0.03483277309767411
,,,,,80999,3645.291,1000,,,,,,,,,,
,,,,,81000,,,-215.40139770507812,-5.618856430053711,0.9625874757766724,214.61325073242188,214.4950408935547,0.03491174367733136,0.017502380535006523,0.0003,0.0003,0.034911869184888714
,,,,,81999,513.0425,1000,,,,,,,,,,
,,,,,82000,,,-219.10739135742188,-6.085430145263672,0.7946334481239319,218.2724609375,218.2923583984375,0.03528455034903554,-0.004240118898451328,0.0003,0.0003,0.03528489775864038
,,,,,82999,3624.4429,1000,,,,,,,,,,
,,,,,83000,,,-227.1520233154297,-6.255575656890869,1.8286116123199463,226.30409240722656,226.1855926513672,0.035074220984807086,-0.005984487012028694,0.0003,0.0003,0.03507352618932767
,,,,,83999,3654.3513,1000,,,,,,,,,,
,,,,,84000,,,-224.08486938476562,-5.702140808105469,1.3066763877868652,222.83038330078125,222.79681396484375,0.03528410221683231,0.009339595213532448,0.0003,0.0003,0.03528399457618397
,,,,,84999,3763.128,1000,,,,,,,,,,
3537.929,642.8426,3816.3704,1613.0048,1000.0,85000,,,-227.57809448242188,-6.40546178817749,3.052747964859009,226.4443359375,226.55218505859375,0.036222418746291826,-0.014115345664322376,0.0003,0.0003,0.036222909146579295
,,,,,85999,3713.4688,1000,,,,,,,,,,
,,,,,86000,,,-221.20790100097656,-5.867063045501709,1.541075587272644,220.09413146972656,220.29737854003906,0.03712758747664397,-0.002205256372690201,0.0003,0.0003,0.03712926290710952
,,,,,86999,3748.3171,1000,,,,,,,,,,
,,,,,87000,,,-242.96658325195312,-6.453604698181152,1.1306061744689941,241.9181671142578,241.95770263671875,0.03782331991788676,-0.021965913474559784,0.0003,0.0003,0.03782464386510224
,,,,,87999,3728.7202,1000,,,,,,,,,,
,,,,,88000,,,-240.6251220703125,-5.8563432693481445,0.9678804278373718,239.65333557128906,239.8256072998047,0.03854427937791771,0.004200104624032974,0.0003,0.0003,0.038543792943968355
,,,,,88999,3798.1477,1000,,,,,,,,,,
,,,,,89000,,,-240.34024047851562,-6.378080368041992,1.1474939584732056,239.18096923828125,239.03726196289062,0.038916196280058775,-0.0024590373504906893,0.0003,0.0003,0.03891570309703962
,,,,,89999,3805.0295,1000,,,,,,,,,,
3740.11,91.45507,3846.664,3520.5837,1000.0,90000,,,-244.3282470703125,-6.047702789306641,1.7796682119369507,243.3494873046875,243.103515625,0.03933681857045287,-0.003976548556238413,0.0003,0.0003,0.03933587690040146
,,,,,90999,3817.091,1000,,,,,,,,,,
,,,,,91000,,,-244.6419677734375,-5.982760429382324,1.175903558731079,243.55743408203125,243.75811767578125,0.039114949907278505,0.012577680870890617,0.0003,0.0003,0.03911556590285662
,,,,,91999,3803.946,1000,,,,,,,,,,
,,,,,92000,,,-246.33084106445312,-5.90883207321167,1.5151199102401733,245.436767578125,245.39764404296875,0.0394700666857852,0.02444690652191639,0.0003,0.0003,0.03946767489193048
,,,,,92999,3803.7275,1000,,,,,,,,,,
,,,,,93000,,,-260.7184143066406,-6.168056488037109,1.3122320175170898,259.6806640625,259.4628601074219,0.04043315848074762,-0.0071713924407958984,0.0003,0.0003,0.04043452181075414
,,,,,93999,3837.5393,1000,,,,,,,,,,
,,,,,94000,,,-267.54888916015625,-6.742429733276367,1.1692962646484375,266.6076965332031,266.6335144042969,0.04105894881606809,-0.021856823936104774,0.0003,0.0003,0.04105965042515638
,,,,,94999,3804.401,1000,,,,,,,,,,
3728.772,51.805126,3818.8706,3653.0671,1000.0,95000,,,-253.26296997070312,-5.904149055480957,0.9680371284484863,252.43948364257812,252.33941650390625,0.04214272448152613,0.02436668425798416,0.0003,0.0003,0.042141544366320415
,,,,,95999,3789.7585,1000,,,,,,,,,,
,,,,,96000,,,-252.49562072753906,-5.982724666595459,1.2137750387191772,251.6124267578125,251.53759765625,0.042733565796651114,0.008663134649395943,0.0003,0.0003,0.04273279473818847
,,,,,96999,3814.0503,1000,,,,,,,,,,
,,,,,97000,,,-260.0223388671875,-6.222700119018555,1.9024670124053955,259.0611877441406,258.9841003417969,0.043102748171759436,-0.01164870336651802,0.0003,0.0003,0.04310315914406395
,,,,,97999,3829.6982,1000,,,,,,,,,,
,,,,,98000,,,-266.8550720214844,-5.4857497215271,8.376808166503906,265.8033447265625,265.9330139160156,0.04363606901880114,0.006323071196675301,0.0003,0.0003,0.04363199362261214
,,,,,98999,218.76498,1000,,,,,,,,,,
,,,,,99000,,,-271.4338073730469,-6.1206254959106445,1.2418100833892822,270.4762878417969,270.53900146484375,0.04328972051374103,-0.006776116322726011,0.0003,0.0003,0.04328975695356048
,,,,,99999,3815.3494,1000,,,,,,,,,,
3463.4075,860.4121,3800.191,885.1461,1000.0,100000,,,-279.723876953125,-6.033172607421875,3.6690216064453125,278.4952087402344,278.5495910644531,0.040958933583120256,-0.011118297465145588,0.0003,0.0003,0.04095640559238223
,,,,,100999,3768.8572,1000,,,,,,,,,,
,,,,,101000,,,-267.76043701171875,-5.566572189331055,1.7363576889038086,266.8541259765625,266.97491455078125,0.03951010141711864,0.006195977795869112,0.0003,0.0003,0.03950918409936809
,,,,,101999,3654.7517,1000,,,,,,,,,,
,,,,,102000,,,-270.80291748046875,-5.809683799743652,1.5384511947631836,269.885986328125,269.97344970703125,0.039385139423800994,-0.0007375362329185009,0.0003,0.0003,0.039386030532335886
,,,,,102999,3862.025,1000,,,,,,,,,,
,,,,,103000,,,-272.8543701171875,-5.776058197021484,1.1803488731384277,271.9957580566406,271.73211669921875,0.03954960991640304,-0.0012095472775399685,0.0003,0.0003,0.039551050932773446
,,,,,103999,3850.3242,1000,,,,,,,,,,
,,,,,104000,,,-269.26190185546875,-6.113742828369141,1.5839920043945312,268.1120910644531,267.96337890625,0.03985533624748712,-0.01012295763939619,0.0003,0.0003,0.03985548728546602
,,,,,104999,3741.9521,1000,,,,,,,,,,
3684.6016,467.83078,3907.835,2293.9663,1000.0,105000,,,-270.246337890625,-5.5481390953063965,1.092963457107544,269.57379150390625,269.44134521484375,0.040390385727536615,0.023849714547395706,0.0003,0.0003,0.04038730967756301
,,,,,105999,3866.8257,1000,,,,,,,,,,
,,,,,106000,,,-279.83660888671875,-5.998915672302246,1.8343816995620728,278.9317321777344,278.921630859375,0.040865942038112654,-0.016758063808083534,0.0003,0.0003,0.0408668990219344
,,,,,106999,3876.2603,1000,,,,,,,,,,
,,,,,107000,,,-264.1445007324219,-5.853670597076416,1.8993852138519287,263.112548828125,263.3970947265625,0.041120108449165575,0.0012818466639146209,0.0003,0.0003,0.0411213833690845
,,,,,107999,3919.251,1000,,,,,,,,,,
,,,,,108000,,,-283.88299560546875,-6.266626834869385,1.488893985748291,282.787841796875,282.74951171875,0.0420759695643963,-0.007926312275230885,0.0003,0.0003,0.042077919774983215
,,,,,108999,3870.0952,1000,,,,,,,,,,
,,,,,109000,,,-269.10302734375,-5.525636672973633,1.0557160377502441,268.2644958496094,268.27337646484375,0.04261482933967495,0.017513684928417206,0.0003,0.0003,0.04261445683472092
,,,,,109999,3903.5986,1000,,,,,,,,,,
3731.686,351.80362,3961.5906,2696.242,1000.0,110000,,,-284.636962890625,-5.761311054229736,1.3907498121261597,283.7906494140625,283.54766845703125,0.042875980360785944,0.01407118421047926,0.0003,0.0003,0.04287696530910395
,,,,,110999,3959.9053,1000,,,,,,,,,,
,,,,,111000,,,-280.6971740722656,-6.060542583465576,0.986479640007019,279.83709716796875,279.8790588378906,0.042990927182773385,-0.002345724031329155,0.0003,0.0003,0.04298969705956711
,,,,,111999,3983.2637,1000,,,,,,,,,,
,,,,,112000,,,-284.45037841796875,-6.063024044036865,0.9669488072395325,283.50543212890625,283.4765319824219,0.04276976980385866,0.011499060317873955,0.0003,0.0003,0.042769458108382494
,,,,,112999,3943.418,1000,,,,,,,,,,
,,,,,113000,,,-290.87847900390625,-6.439920425415039,1.9942514896392822,290.01568603515625,289.87353515625,0.04305423532559529,-0.018414735794067383,0.0003,0.0003,0.04305756355792406
,,,,,113999,-161.15721,1000,,,,,,,,,,
,,,,,114000,,,-296.8512268066406,-6.549729347229004,1.6809158325195312,295.78619384765625,295.88128662109375,0.04282073221140919,-0.02271752804517746,0.0003,0.0003,0.0428213097713301
,,,,,114999,3980.4778,1000,,,,,,,,,,
3698.1497,560.0879,4016.6274,2155.195,1000.0,115000,,,-295.73968505859375,-5.882967948913574,1.5673105716705322,295.1720886230469,295.1397705078125,0.041919298461103795,0.0017496815416961908,0.0003,0.0003,0.041918354433146426
,,,,,115999,3991.003,1000,,,,,,,,,,
,,,,,116000,,,-290.7158203125,-6.481515884399414,1.7204267978668213,289.955810546875,289.6701354980469,0.04072583419186637,-0.006635200697928667,0.0003,0.0003,0.04072678851582899
,,,,,116999,3614.0283,1000,,,,,,,,,,
,,,,,117000,,,-296.70001220703125,-5.822362899780273,2.399139881134033,295.99774169921875,296.03265380859375,0.04074401409735487,-0.0025969212874770164,0.0003,0.0003,0.040744790483654626
,,,,,117999,2055.4385,1000,,,,,,,,,,
,,,,,118000,,,-291.8922119140625,-5.889168739318848,0.9928715229034424,291.1081848144531,291.065185546875,0.04052053738213927,0.004710678942501545,0.0003,0.0003,0.04052143735138864
,,,,,118999,3990.6062,1000,,,,,,,,,,
,,,,,119000,,,-290.23089599609375,-6.184866428375244,1.5583148002624512,289.34088134765625,289.2457275390625,0.04008385293555846,-0.005781433545053005,0.0003,0.0003,0.04008402147800584
,,,,,119999,3994.261,1000,,,,,,,,,,
4068.4692,41.415585,4121.8804,4013.6868,1000.0,120000,,,-292.635986328125,-5.950878143310547,1.743113398551941,291.6249694824219,291.43988037109375,0.03988389292143538,0.007677490822970867,0.0003,0.0003,0.0398839551416992
,,,,,120999,3827.0784,1000,,,,,,,,,,
,,,,,121000,,,-288.0936584472656,-5.3849358558654785,1.5643407106399536,287.353759765625,287.24078369140625,0.040528919954074566,0.01875911094248295,0.0003,0.0003,0.04052706364719111
,,,,,121999,3973.907,1000,,,,,,,,,,
,,,,,122000,,,-310.5283203125,-6.566546440124512,1.39337158203125,309.7527770996094,309.63037109375,0.04096474060003511,-0.01842349022626877,0.0003,0.0003,0.040967904377364944
,,,,,122999,4130.2544,1000,,,,,,,,,,
,,,,,123000,,,-296.6858215332031,-5.577936172485352,1.3065276145935059,296.20245361328125,296.249267578125,0.04189898284130887,-0.0013862410560250282,0.0003,0.0003,0.04189853394356902
,,,,,123999,4097.134,1000,,,,,,,,,,
,,,,,124000,,,-295.3670654296875,-6.1805853843688965,1.153946876525879,294.60137939453125,294.4421081542969,0.042385036670698005,-0.0029333787970244884,0.0003,0.0003,0.04238649000101011
,,,,,124999,4074.203,1000,,,,,,,,,,
3412.6804,1339.9646,4127.81,177.53918,1000.0,125000,,,-303.9039306640625,-6.093153953552246,1.5397858619689941,302.96160888671875,302.76824951171875,0.04232394680054197,0.0031301481649279594,0.0003,0.0003,0.04232466670842772
,,,,,125999,4095.918,1000,,,,,,,,,,
,,,,,126000,,,-299.23321533203125,-5.984630584716797,1.1723712682724,298.09442138671875,298.19305419921875,0.043583613417233845,-0.007440420798957348,0.0003,0.0003,0.043585990363817786
,,,,,126999,4026.7935,1000,,,,,,,,,,
,,,,,127000,,,-285.24798583984375,-5.896805286407471,3.8421287536621094,283.9097900390625,283.9754333496094,0.04557641351010233,-0.007850732654333115,0.0003,0.0003,0.04557844281053857
,,,,,127999,3981.1519,1000,,,,,,,,,,
,,,,,128000,,,-299.026611328125,-6.391988754272461,1.2695517539978027,297.9483337402344,298.00579833984375,0.046883892852933554,-0.015667632222175598,0.0003,0.0003,0.046886062496003494
,,,,,128999,4133.2,1000,,,,,,,,,,
,,,,,129000,,,-313.45611572265625,-5.980395317077637,3.599064350128174,312.15966796875,312.2455749511719,0.048375076693163065,0.00796053372323513,0.0003,0.0003,0.04837379188267158
,,,,,129999,2288.6704,1000,,,,,,,,,,
2719.7942,1670.2532,4151.1055,-159.8382,1000.0,130000,,,-306.88800048828125,-6.456259250640869,2.970653772354126,305.81396484375,305.97808837890625,0.049887999754054516,-0.026071328669786453,0.0003,0.0003,0.04989395322644816
,,,,,130999,3969.5269,1000,,,,,,,,,,
,,,,,131000,,,-317.48895263671875,-6.069251537322998,3.427313804626465,316.56451416015625,316.5370178222656,0.04894312095140695,0.002103600651025772,0.0003,0.0003,0.04894032067509246
,,,,,131999,4061.4727,1000,,,,,,,,,,
,,,,,132000,,,-315.19964599609375,-5.620031356811523,1.8839433193206787,314.3926696777344,314.23760986328125,0.04671920571061077,0.020449601113796234,0.0003,0.0003,0.046716501045132
,,,,,132999,4026.7292,1000,,,,,,,,,,
,,,,,133000,,,-309.99822998046875,-5.6647725105285645,1.5909512042999268,309.12432861328125,309.21435546875,0.0441594005511102,0.015794076025485992,0.0003,0.0003,0.04415724536078872
,,,,,133999,3988.268,1000,,,,,,,,,,
,,,,,134000,,,-306.42572021484375,-5.503530502319336,1.1933579444885254,305.6927490234375,305.70941162109375,0.04268034322679799,0.018474962562322617,0.0003,0.0003,0.04267628198800616
,,,,,134999,4135.5166,1000,,,,,,,,,,
3975.2925,44.59715,4031.1433,3912.5627,1000.0,135000,,,-312.6324157714844,-6.120809555053711,1.0504628419876099,311.9533386230469,311.8860168457031,0.042082940792817644,-0.009727880358695984,0.0003,0.0003,0.04208236384307308
,,,,,135999,4091.014,1000,,,,,,,,,,
,,,,,136000,,,-317.34930419921875,-5.730228900909424,1.6246638298034668,316.3268127441406,316.32684326171875,0.04162916578331476,0.0004438685718923807,0.0003,0.0003,0.04162872149285662
,,,,,136999,4080.2034,1000,,,,,,,,,,
,,,,,137000,,,-328.3734130859375,-6.0786356925964355,1.0249264240264893,327.45733642578125,327.5011901855469,0.04156141486499211,0.001061184098944068,0.0003,0.0003,0.04156213759212596
,,,,,137999,697.8595,1000,,,,,,,,,,
,,,,,138000,,,-322.34332275390625,-6.078601837158203,3.7154831886291504,321.44879150390625,321.419189453125,0.041747035093345694,-0.00017583882436156273,0.0003,0.0003,0.04174708348760849
,,,,,138999,3478.5557,1000,,,,,,,,,,
,,,,,139000,,,-328.0230407714844,-6.039052963256836,2.4349350929260254,327.3896484375,327.4848327636719,0.04155602021685982,-0.003999496344476938,0.0003,0.0003,0.04155532986543198
,,,,,139999,4065.0083,1000,,,,,,,,,,
3676.0347,932.3979,4040.8174,881.47577,1000.0,140000,,,-332.4688415527344,-6.2952561378479,1.5028579235076904,331.3543701171875,331.3231201171875,0.04200358241717126,-0.0014825196703895926,0.0003,0.0003,0.04200559809566733
,,,,,140999,4042.2886,1000,,,,,,,,,,
,,,,,141000,,,-321.7694396972656,-6.3556132316589355,1.7493603229522705,320.84423828125,320.98236083984375,0.04508459557108194,-0.013519758358597755,0.0003,0.0003,0.045088242382692205
,,,,,141999,4122.2993,1000,,,,,,,,,,
,,,,,142000,,,-335.5377197265625,-6.225297927856445,2.110952854156494,334.3880615234375,334.2115783691406,0.04769302007917933,-0.00439105462282896,0.0003,0.0003,0.04769680887543059
,,,,,142999,4077.8906,1000,,,,,,,,,,
,,,,,143000,,,-328.02239990234375,-6.106973648071289,4.120058536529541,326.84918212890625,327.1299743652344,0.04939866194583885,0.001139264553785324,0.0003,0.0003,0.04939954671559948
,,,,,143999,4130.9185,1000,,,,,,,,,,
,,,,,144000,,,-318.10693359375,-5.943493366241455,5.946962356567383,316.8381652832031,316.8995666503906,0.05023304688013539,-0.006536052096635103,0.0003,0.0003,0.050232688898707356
,,,,,144999,3036.0234,1000,,,,,,,,,,
4099.1494,63.149918,4159.449,3936.734,1000.0,145000,,,-326.18817138671875,-6.300779342651367,2.298336982727051,324.7094421386719,324.77276611328125,0.05080930423599076,-0.0009538778103888035,0.0003,0.0003,0.050809555636274185
,,,,,145999,4047.077,1000,,,,,,,,,,
,,,,,146000,,,-320.52349853515625,-5.965207099914551,2.517937183380127,319.50225830078125,319.4280700683594,0.04983580268674878,-0.002670201938599348,0.0003,0.0003,0.04983503136072802
,,,,,146999,3863.0356,1000,,,,,,,,,,
,,,,,147000,,,-336.0302734375,-5.904712677001953,2.570296049118042,335.0117492675781,334.8726806640625,0.04717056146048833,0.024409569799900055,0.0003,0.0003,0.04716698121345774
,,,,,147999,4106.175,1000,,,,,,,,,,
,,,,,148000,,,-338.711181640625,-5.569052696228027,1.577009916305542,337.84344482421875,337.7854919433594,0.045278562880287435,0.010374673642218113,0.0003,0.0003,0.04527718521284668
,,,,,148999,4101.2373,1000,,,,,,,,,,
,,,,,149000,,,-340.4447021484375,-6.221492767333984,3.0733492374420166,339.0696105957031,339.2115173339844,0.04523313369571682,-0.007699335925281048,0.0003,0.0003,0.04523281257465883
,,,,,149999,4144.795,1000,,,,,,,,,,
4197.827,44.767868,4272.495,4124.9404,1000.0,150000,,,-343.1488037109375,-6.121439456939697,1.5237669944763184,342.4964904785156,342.3599853515625,0.04612723133883832,-0.006312741432338953,0.0003,0.0003,0.046128155452243115
,,,,,150999,4071.947,1000,,,,,,,,,,
,,,,,151000,,,-330.17584228515625,-5.732728958129883,2.603597640991211,329.0587158203125,329.0830383300781,0.046568367048478665,0.006875960621982813,0.0003,0.0003,0.046569041100623224
,,,,,151999,4147.496,1000,,,,,,,,,,
,,,,,152000,,,-345.6241455078125,-5.914436340332031,4.727885723114014,344.63165283203125,344.7071533203125,0.04750230759596313,0.006861110683530569,0.0003,0.0003,0.04750411205225233
,,,,,152999,4168.892,1000,,,,,,,,,,
,,,,,153000,,,-343.12908935546875,-6.11928129196167,1.6952579021453857,341.77691650390625,341.8653564453125,0.048259572012467084,-0.007120754569768906,0.0003,0.0003,0.048261269071994815
,,,,,153999,4151.275,1000,,,,,,,,,,
,,,,,154000,,,-341.9884033203125,-6.787167549133301,3.2030205726623535,340.813720703125,340.7174377441406,0.04957470493546397,-0.03197816014289856,0.0003,0.0003,0.04958184453103948
,,,,,154999,4230.6616,1000,,,,,,,,,,
4164.7896,58.717026,4224.0083,4012.6055,1000.0,155000,,,-338.99566650390625,-6.206944465637207,1.6612234115600586,337.77392578125,337.85772705078125,0.050956854125156964,-0.0033453572541475296,0.0003,0.0003,0.050959248185291316
,,,,,155999,4159.5005,1000,,,,,,,,,,
,,,,,156000,,,-346.749267578125,-6.178382873535156,4.63226318359375,345.74053955078125,345.7431640625,0.051759241205147764,-0.013453560881316662,0.0003,0.0003,0.05176136483649054
,,,,,156999,4206.2617,1000,,,,,,,,,,
,,,,,157000,,,-351.07244873046875,-6.422360420227051,2.296812057495117,349.812744140625,349.8789978027344,0.05169116667711522,-0.02830500341951847,0.0003,0.0003,0.05169112330813396
,,,,,157999,4195.996,1000,,,,,,,,,,
,,,,,158000,,,-352.7565002441406,-6.049714088439941,1.8855429887771606,351.52691650390625,351.65850830078125,0.05039436102675124,0.01328679732978344,0.0003,0.0003,0.05039315209852557
,,,,,158999,4137.4443,1000,,,,,,,,,,
,,,,,159000,,,-353.9822998046875,-5.849803447723389,1.7141592502593994,353.1630859375,353.10821533203125,0.049375301209028215,0.007981883361935616,0.0003,0.0003,0.049374829791299875
,,,,,159999,4214.6865,1000,,,,,,,,,,
4196.0015,37.560028,4249.094,4129.793,1000.0,160000,,,-355.1429748535156,-5.6696906089782715,1.435458779335022,354.19989013671875,354.321533203125,0.04798512341531587,0.0036781392991542816,0.0003,0.0003,0.047984301153663506
,,,,,160999,4186.934,1000,,,,,,,,,,
,,,,,161000,,,-355.64208984375,-5.79163932800293,2.7172460556030273,354.6867980957031,354.8514404296875,0.0459699760803244,0.012850714847445488,0.0003,0.0003,0.045968625202915815
,,,,,161999,4236.9854,1000,,,,,,,,,,
,,,,,162000,,,-357.8707275390625,-5.715906143188477,1.1429164409637451,356.9400329589844,356.9127197265625,0.04516928278905586,0.005880597047507763,0.0003,0.0003,0.04516975092921831
,,,,,162999,4225.652,1000,,,,,,,,,,
,,,,,163000,,,-352.6045227050781,-5.852311134338379,1.5373468399047852,351.62396240234375,351.4234313964844,0.045870945715661395,0.0018210485577583313,0.0003,0.0003,0.04587021790847245
,,,,,163999,4288.244,1000,,,,,,,,,,
,,,,,164000,,,-357.2227478027344,-6.374670028686523,1.52919602394104,356.17315673828125,356.2023010253906,0.0467686058973571,-0.01816064491868019,0.0003,0.0003,0.04676880233309602
,,,,,164999,4215.267,1000,,,,,,,,,,
4340.1885,21.595247,4375.187,4296.407,1000.0,165000,,,-353.50653076171875,-6.181771278381348,1.177175760269165,352.54241943359375,352.418701171875,0.04810646303480573,-0.004484836477786303,0.0003,0.0003,0.048106513290025237
,,,,,165999,4270.302,1000,,,,,,,,,,
,,,,,166000,,,-358.8224182128906,-6.266246795654297,1.1231831312179565,357.798828125,357.8011169433594,0.048180607565183664,-0.0033606698270887136,0.0003,0.0003,0.04818110636126022
,,,,,166999,4185.6313,1000,,,,,,,,,,
,,,,,167000,,,-366.25665283203125,-5.350114345550537,1.216052770614624,365.1982116699219,365.3399353027344,0.048242235705905676,0.019214030355215073,0.0003,0.0003,0.04824138750469749
,,,,,167999,4321.649,1000,,,,,,,,,,
,,,,,168000,,,-357.3494873046875,-5.9131340980529785,1.175351619720459,356.4320983886719,356.35406494140625,0.04868663526113173,0.014932231977581978,0.0003,0.0003,0.04868647874739799
,,,,,168999,4293.9585,1000,,,,,,,,,,
,,,,,169000,,,-367.01336669921875,-6.032364845275879,1.3979912996292114,366.16998291015625,366.01824951171875,0.04741893901495457,-0.008061695843935013,0.0003,0.0003,0.0474171622534007
,,,,,169999,4309.2085,1000,,,,,,,,,,
4217.7334,62.471973,4283.642,4100.2734,1000.0,170000,,,-362.775390625,-5.5883965492248535,1.492971658706665,361.64581298828125,361.8930358886719,0.04816937529775292,0.011918960139155388,0.0003,0.0003,0.04816679640561961
,,,,,170999,4368.944,1000,,,,,,,,,,
,,,,,171000,,,-363.26153564453125,-5.975212097167969,0.944389820098877,362.23974609375,362.14691162109375,0.048305951116917815,0.015308259055018425,0.0003,0.0003,0.048305126865278034
,,,,,171999,4345.539,1000,,,,,,,,,,
,,,,,172000,,,-364.6502990722656,-6.050321578979492,1.0095860958099365,363.4447937011719,363.31072998046875,0.04862966434256874,0.0028219418600201607,0.0003,0.0003,0.048629498432254975
,,,,,172999,4389.5957,1000,,,,,,,,,,
,,,,,173000,,,-367.253662109375,-6.68796968460083,1.177180528640747,366.134521484375,366.1283264160156,0.049228453599230546,-0.025920599699020386,0.0003,0.0003,0.04922710794919772
,,,,,173999,4346.7085,1000,,,,,,,,,,
,,,,,174000,,,-360.784912109375,-5.614060401916504,1.1848952770233154,359.5689392089844,359.787353515625,0.04992990363354992,-0.003942100331187248,0.0003,0.0003,0.04992982540829958
,,,,,174999,4275.9443,1000,,,,,,,,,,
4168.6445,639.75397,4409.155,2251.8005,1000.0,175000,,,-370.7951965332031,-5.936700820922852,0.9530781507492065,369.7098388671875,369.66473388671875,0.04992020810501148,0.006913338787853718,0.0003,0.0003,0.04991923885160278
,,,,,175999,4352.6865,1000,,,,,,,,,,
,,,,,176000,,,-368.78253173828125,-5.93829870223999,1.2029361724853516,367.617431640625,367.6693115234375,0.05097021306198679,0.004356395453214645,0.0003,0.0003,0.05097109536954271
,,,,,176999,4390.4463,1000,,,,,,,,,,
,,,,,177000,,,-374.23272705078125,-6.045434951782227,1.0340577363967896,373.2075500488281,373.09246826171875,0.05078835659542685,0.004553542472422123,0.0003,0.0003,0.050789497754658366
,,,,,177999,4420.182,1000,,,,,,,,,,
,,,,,178000,,,-376.3130187988281,-6.190794944763184,1.143904209136963,375.4099426269531,375.5652770996094,0.05000109733288834,-0.009499155916273594,0.0003,0.0003,0.050000734119512495
,,,,,178999,4445.8335,1000,,,,,,,,,,
,,,,,179000,,,-376.251708984375,-5.719790458679199,1.0372025966644287,375.41619873046875,375.44244384765625,0.05010348711147406,0.018377725034952164,0.0003,0.0003,0.05010548372772731
,,,,,179999,4418.747,1000,,,,,,,,,,
4428.2383,30.510391,4494.326,4372.1523,1000.0,180000,,,-370.5869445800781,-5.780793190002441,1.0742239952087402,369.63629150390625,369.65447998046875,0.05007296105104735,0.017360089346766472,0.0003,0.0003,0.05007312577813466
,,,,,180999,4491.742,1000,,,,,,,,,,
,,,,,181000,,,-370.6701965332031,-6.3775739669799805,1.3720500469207764,369.56439208984375,369.513671875,0.049399112410088625,-0.008091233670711517,0.0003,0.0003,0.04939799222035791
,,,,,181999,4480.641,1000,,,,,,,,,,
,,,,,182000,,,-376.7364501953125,-6.143144130706787,0.8757389783859253,375.7363586425781,375.73291015625,0.050054354243188874,-0.01680835895240307,0.0003,0.0003,0.050055622950087475
,,,,,182999,4440.965,1000,,,,,,,,,,
,,,,,183000,,,-378.8020324707031,-6.1133503913879395,0.9625129699707031,377.9100341796875,377.9174499511719,0.050263049168547055,-0.005013911984860897,0.0003,0.0003,0.050265112289141586
,,,,,183999,4530.1084,1000,,,,,,,,,,
,,,,,184000,,,-375.0822448730469,-5.846786975860596,2.3143491744995117,374.1266784667969,374.31695556640625,0.05109090641503001,-0.0012214574962854385,0.0003,0.0003,0.05109015816644959
,,,,,184999,4518.6045,1000,,,,,,,,,,
4494.793,22.863607,4532.787,4463.725,1000.0,185000,,,-379.95068359375,-5.701773643493652,0.9941509962081909,379.0035400390625,379.15863037109375,0.05205799113067607,0.013830645009875298,0.0003,0.0003,0.05205592777240663
,,,,,185999,4543.3125,1000,,,,,,,,,,
,,,,,186000,,,-377.889892578125,-5.542154788970947,1.2906546592712402,376.8921203613281,376.808837890625,0.05237059138526915,0.007286367006599903,0.0003,0.0003,0.05236863721802121
,,,,,186999,4498.9478,1000,,,,,,,,,,
,,,,,187000,,,-379.927001953125,-6.287914276123047,1.4097771644592285,379.1308288574219,379.202880859375,0.05307745399787104,-0.007444936782121658,0.0003,0.0003,0.05307778098883178
,,,,,187999,4322.616,1000,,,,,,,,,,
,,,,,188000,,,-378.8795166015625,-5.844853401184082,1.0162134170532227,377.967041015625,377.8331604003906,0.052363483540725404,0.0003079622983932495,0.0003,0.0003,0.05236128494821628
,,,,,188999,4602.636,1000,,,,,,,,,,
,,,,,189000,,,-381.75909423828125,-5.604698181152344,0.9142856001853943,380.9320068359375,380.99957275390625,0.05185977821359343,0.022637533023953438,0.0003,0.0003,0.05185758656463461
,,,,,189999,4565.457,1000,,,,,,,,,,
4573.9937,53.376778,4639.025,4456.7812,1000.0,190000,,,-373.0514221191406,-6.033342361450195,0.9257272481918335,371.7931823730469,372.0029296875,0.05174197803026901,-0.011323022656142712,0.0003,0.0003,0.051743559873103674
,,,,,190999,4578.333,1000,,,,,,,,,,
,,,,,191000,,,-386.332763671875,-6.6089253425598145,0.9209355711936951,385.6619873046875,385.59674072265625,0.052910109122778666,-0.03528688848018646,0.0003,0.0003,0.05291075856783225
,,,,,191999,4548.277,1000,,,,,,,,,,
,,,,,192000,,,-381.2764587402344,-5.6491899490356445,1.016100287437439,380.4888916015625,380.44451904296875,0.05349891571080271,0.011865979060530663,0.0003,0.0003,0.053498397902721574
,,,,,192999,3779.9587,1000,,,,,,,,,,
,,,,,193000,,,-385.5911865234375,-5.922077178955078,1.0314302444458008,384.8095703125,384.68524169921875,0.05378148553292059,0.010112326592206955,0.0003,0.0003,0.053779756825676615
,,,,,193999,4572.176,1000,,,,,,,,,,
,,,,,194000,,,-381.7147216796875,-6.287219524383545,1.3945763111114502,380.631591796875,380.66455078125,0.0532419583434191,-0.01077197678387165,0.0003,0.0003,0.053243571510839235
,,,,,194999,4580.3633,1000,,,,,,,,,,
4573.0825,45.2972,4638.576,4462.0986,1000.0,195000,,,-392.11114501953125,-5.684025287628174,1.0948550701141357,391.48541259765625,391.65338134765625,0.05366312854914778,0.007447820156812668,0.0003,0.0003,0.05366221059592495
,,,,,195999,4389.9014,1000,,,,,,,,,,
,,,,,196000,,,-384.661865234375,-5.951685905456543,1.0121824741363525,383.61822509765625,383.51422119140625,0.05397666234111374,-0.00457623740658164,0.0003,0.0003,0.05397501861836951
,,,,,196999,4492.414,1000,,,,,,,,,,
,,,,,197000,,,-381.5870056152344,-6.07740592956543,0.8715272545814514,380.52984619140625,380.5279541015625,0.05329398672874923,0.001334924716502428,0.0003,0.0003,0.053293432693637885
,,,,,197999,4582.0757,1000,,,,,,,,,,
,,,,,198000,,,-388.5020446777344,-6.293117523193359,1.1189082860946655,387.38214111328125,387.49176025390625,0.053630455850650495,-0.027045387774705887,0.0003,0.0003,0.05363305279564101
,,,,,198999,4603.015,1000,,,,,,,,,,
,,,,,199000,,,-386.73968505859375,-5.926426887512207,1.0785220861434937,385.65496826171875,385.52484130859375,0.053632790062130294,0.010820421390235424,0.0003,0.0003,0.053631021610428306
,,,,,199999,4620.927,1000,,,,,,,,,,
4670.786,45.563576,4755.013,4587.601,1000.0,200000,,,-390.46044921875,-5.784542560577393,1.1848796606063843,389.56622314453125,389.67193603515625,0.05285929675360521,0.00658077746629715,0.0003,0.0003,0.052857273963310226
,,,,,200999,4633.615,1000,,,,,,,,,,
,,,,,201000,,,-383.41961669921875,-5.886398792266846,1.142625093460083,382.60064697265625,382.5657958984375,0.052461410212074164,0.020284291356801987,0.0003,0.0003,0.05246210483632247
,,,,,201999,4733.3467,1000,,,,,,,,,,
,,,,,202000,,,-388.8646240234375,-6.012261390686035,1.0514271259307861,387.9478454589844,387.9698486328125,0.05294001607933001,-0.014342330396175385,0.0003,0.0003,0.052939630319319426
,,,,,202999,4542.0425,1000,,,,,,,,,,
,,,,,203000,,,-392.0069580078125,-6.0420756340026855,0.9427685141563416,391.01251220703125,391.01934814453125,0.053575392096993434,0.004718971438705921,0.0003,0.0003,0.05357683497358077
,,,,,203999,4679.4893,1000,,,,,,,,,,
,,,,,204000,,,-385.6676025390625,-6.238886833190918,1.721360445022583,384.5984802246094,384.69970703125,0.05476420396776676,0.004824206233024597,0.0003,0.0003,0.054765730924250904
,,,,,204999,4687.9155,1000,,,,,,,,,,
4122.883,1394.2561,4745.1294,-43.66263,1000.0,205000,,,-393.3622741699219,-5.634774208068848,1.2081016302108765,392.5798034667969,392.4756774902344,0.055060974945971855,0.04042154550552368,0.0003,0.0003,0.05505841863769774
,,,,,205999,4774.1465,1000,,,,,,,,,,
,,,,,206000,,,-396.2745666503906,-5.874859809875488,1.1766945123672485,395.2756042480469,395.48712158203125,0.05549123996791435,0.00659249909222126,0.0003,0.0003,0.055494489441632634
,,,,,206999,4757.3774,1000,,,,,,,,,,
,,,,,207000,,,-394.55023193359375,-6.11160135269165,1.0605965852737427,393.48382568359375,393.4982604980469,0.056114942238354844,0.0032615279778838158,0.0003,0.0003,0.056114980362090186
,,,,,207999,4750.757,1000,,,,,,,,,,
,,,,,208000,,,-395.1690673828125,-5.964025974273682,1.1735167503356934,394.33880615234375,394.45147705078125,0.05672076004776167,-0.0007351767271757126,0.0003,0.0003,0.05672275094762605
,,,,,208999,4782.3706,1000,,,,,,,,,,
,,,,,209000,,,-391.07489013671875,-6.011478900909424,1.1088461875915527,390.0649719238281,389.9202880859375,0.057602319365361226,0.004373128525912762,0.0003,0.0003,0.05760263351603597
,,,,,209999,4306.6533,1000,,,,,,,,,,
4686.434,46.092476,4766.1807,4600.5146,1000.0,210000,,,-398.8328857421875,-5.74468994140625,1.160102128982544,397.783935546875,397.7492980957031,0.0582594317285833,0.017188478261232376,0.0003,0.0003,0.05825403621333516
,,,,,210999,4808.171,1000,,,,,,,,,,
,,,,,211000,,,-398.03411865234375,-5.892210006713867,0.8900027871131897,397.2049560546875,397.08013916015625,0.05821001229306665,0.005169046111404896,0.0003,0.0003,0.058205148565128685
,,,,,211999,4797.473,1000,,,,,,,,,,
,,,,,212000,,,-395.06927490234375,-6.647921562194824,1.8858287334442139,393.86419677734375,393.7655334472656,0.058611134755883976,-0.02093985676765442,0.0003,0.0003,0.058613862306775906
,,,,,212999,4851.943,1000,,,,,,,,,,
,,,,,213000,,,-399.40374755859375,-5.964168548583984,0.9821281433105469,398.42279052734375,398.4176940917969,0.05946757119405921,-0.003931638319045305,0.0003,0.0003,0.05946871393488283
,,,,,213999,4820.4834,1000,,,,,,,,,,
,,,,,214000,,,-400.11962890625,-5.724944114685059,1.1565501689910889,399.2769775390625,399.4892578125,0.059522461407525984,0.017950095236301422,0.0003,0.0003,0.059523127375537305
,,,,,214999,4755.829,1000,,,,,,,,,,
4817.81,101.40413,4893.402,4526.539,1000.0,215000,,,-397.8085021972656,-5.696081638336182,1.2584441900253296,396.6089782714844,396.6558837890625,0.05997432729104314,0.013517789542675018,0.0003,0.0003,0.05997550310855026
,,,,,215999,4870.0015,1000,,,,,,,,,,
,,,,,216000,,,-404.24713134765625,-6.396862983703613,1.2066067457199097,403.3125305175781,403.3463134765625,0.06070643800397899,-0.028441451489925385,0.0003,0.0003,0.060710619951994796
,,,,,216999,4792.346,1000,,,,,,,,,,
,,,,,217000,,,-398.4981384277344,-5.403420448303223,1.2464051246643066,397.54266357421875,397.53887939453125,0.061278261689850684,0.024577591568231583,0.0003,0.0003,0.0612781029426391
,,,,,217999,4075.4436,1000,,,,,,,,,,
,,,,,218000,,,-404.75,-6.051418781280518,1.325346827507019,403.74517822265625,403.7149658203125,0.061304899786470586,-0.007128523662686348,0.0003,0.0003,0.061306219583753895
,,,,,218999,4734.721,1000,,,,,,,,,,
,,,,,219000,,,-405.9949645996094,-5.735461235046387,1.163404107093811,405.091796875,405.1826477050781,0.06086457882492462,-0.013161170296370983,0.0003,0.0003,0.060865676969627566
,,,,,219999,4728.1904,1000,,,,,,,,,,
4580.3096,500.4416,4821.263,3083.9202,1000.0,220000,,,-404.59112548828125,-5.5243682861328125,1.732992172241211,403.6996765136719,403.77105712890625,0.05965050148320785,0.025832947343587875,0.0003,0.0003,0.05964863232013642
,,,,,220999,4526.0703,1000,,,,,,,,,,
,,,,,221000,,,-407.0158386230469,-5.878092288970947,1.2009501457214355,406.3470764160156,406.3334045410156,0.05744901787188441,0.0188438780605793,0.0003,0.0003,0.05744662191505285
,,,,,221999,4879.924,1000,,,,,,,,,,
,,,,,222000,,,-410.61700439453125,-5.622149467468262,0.9357287883758545,409.8592224121094,409.7503356933594,0.05657523745318822,0.014290636405348778,0.0003,0.0003,0.05657503832201781
,,,,,222999,4943.3345,1000,,,,,,,,,,
,,,,,223000,,,-409.41571044921875,-5.859305381774902,1.1888667345046997,408.65576171875,408.83001708984375,0.05768504852566703,-0.005306861829012632,0.0003,0.0003,0.05768487284196112
,,,,,223999,4972.1753,1000,,,,,,,,,,
,,,,,224000,,,-402.75408935546875,-5.830586910247803,1.338895320892334,401.80230712890625,401.8431396484375,0.058108795260635664,-0.0035883975215256214,0.0003,0.0003,0.058108402702506966
,,,,,224999,4881.0547,1000,,,,,,,,,,
4933.763,53.462593,5012.4575,4839.411,1000.0,225000,,,-407.2331848144531,-5.845672607421875,1.5937055349349976,406.3838195800781,406.311279296875,0.058629677356101986,-0.0056143999099731445,0.0003,0.0003,0.058629190510790415
,,,,,225999,4914.9116,1000,,,,,,,,,,
,,,,,226000,,,-410.1617126464844,-5.8567023277282715,1.125581979751587,409.4378967285156,409.42901611328125,0.05963390944947043,0.010159192606806755,0.0003,0.0003,0.05963413859362836
,,,,,226999,4855.9917,1000,,,,,,,,,,
,,,,,227000,,,-407.22711181640625,-5.745153427124023,1.2792357206344604,406.2587585449219,406.267822265625,0.060596849699582664,0.0020399889908730984,0.0003,0.0003,0.06059733527156907
,,,,,227999,5014.1143,1000,,,,,,,,,,
,,,,,228000,,,-411.55377197265625,-6.454249858856201,1.337867259979248,410.78546142578125,410.77947998046875,0.061359109276611486,-0.026415865868330002,0.0003,0.0003,0.06135911283348926
,,,,,228999,5039.5684,1000,,,,,,,,,,
,,,,,229000,,,-414.2656555175781,-5.703393936157227,1.178321361541748,413.29962158203125,413.27789306640625,0.060870144200188644,0.014518550597131252,0.0003,0.0003,0.06087124909175925
,,,,,229999,4954.5137,1000,,,,,,,,,,
5022.091,63.5647,5111.155,4912.7246,1000.0,230000,,,-415.40087890625,-5.840800762176514,1.2967736721038818,414.44189453125,414.49078369140625,0.06162335498282623,-0.007898284122347832,0.0003,0.0003,0.06162553128997954
,,,,,230999,4951.0396,1000,,,,,,,,,,
,,,,,231000,,,-411.7502746582031,-5.739901542663574,1.5303077697753906,410.962646484375,410.94854736328125,0.06208420870944146,0.016667775809764862,0.0003,0.0003,0.062081945905839146
,,,,,231999,5058.668,1000,,,,,,,,,,
,,,,,232000,,,-419.6751708984375,-5.866202354431152,1.3215510845184326,418.82769775390625,418.7493896484375,0.06310250970969543,0.0036333934403955936,0.0003,0.0003,0.06310114261196621
,,,,,232999,5051.8794,1000,,,,,,,,,,
,,,,,233000,,,-418.69403076171875,-6.075346946716309,1.6135444641113281,417.6761779785156,417.703369140625,0.06414000945385458,0.014648374170064926,0.0003,0.0003,0.06414119966329392
,,,,,233999,5067.1636,1000,,,,,,,,,,
,,,,,234000,,,-423.5889892578125,-6.089020729064941,1.5210070610046387,422.86572265625,422.89324951171875,0.06450291873329919,-0.008761385455727577,0.0003,0.0003,0.06450381734081825
,,,,,234999,4995.0015,1000,,,,,,,,,,
5072.0415,65.676186,5170.065,4910.387,1000.0,235000,,,-417.7528076171875,-6.315332412719727,1.187719702720642,416.6388854980469,416.5470275878906,0.06493963010102005,-0.013729216530919075,0.0003,0.0003,0.06494065607079486
,,,,,235999,5034.494,1000,,,,,,,,,,
,,,,,236000,,,-421.06512451171875,-6.252988338470459,1.5336289405822754,420.1045227050781,420.32135009765625,0.06552017196289679,-0.02655884437263012,0.0003,0.0003,0.06552090733300232
,,,,,236999,5035.0557,1000,,,,,,,,,,
,,,,,237000,,,-421.516845703125,-6.105030059814453,1.2519716024398804,420.58697509765625,420.55621337890625,0.06567229311961176,-0.000749749131500721,0.0003,0.0003,0.06567260845945395
,,,,,237999,5128.1895,1000,,,,,,,,,,
,,,,,238000,,,-424.0770568847656,-5.8891706466674805,1.4162662029266357,422.93017578125,423.0040283203125,0.06627229858324597,-0.006502999458462,0.0003,0.0003,0.06626931711130081
,,,,,238999,5166.491,1000,,,,,,,,,,
,,,,,239000,,,-417.4423522949219,-5.854952812194824,1.645383358001709,416.27154541015625,416.35272216796875,0.06621961390849808,0.007912893779575825,0.0003,0.0003,0.06621877457208991
,,,,,239999,4241.558,1000,,,,,,,,,,
5175.1514,49.803867,5279.882,5097.79,1000.0,240000,,,-418.1717529296875,-5.99784517288208,1.3294727802276611,416.978759765625,417.336181640625,0.06656061114923989,-0.0009965584613382816,0.0003,0.0003,0.06656358833980884
,,,,,240999,5179.11,1000,,,,,,,,,,
,,,,,241000,,,-425.8104248046875,-6.199945449829102,1.2922229766845703,424.64068603515625,424.68048095703125,0.0663195963072012,-0.010559630580246449,0.0003,0.0003,0.0663206183324495
,,,,,241999,5127.1396,1000,,,,,,,,,,
,,,,,242000,,,-423.996826171875,-5.71339750289917,1.3613157272338867,423.0280456542969,422.95001220703125,0.06532410900856382,0.03390472009778023,0.0003,0.0003,0.06532512142733893
,,,,,242999,5033.304,1000,,,,,,,,,,
,,,,,243000,,,-429.06719970703125,-6.0478315353393555,1.262056827545166,428.2359619140625,428.25140380859375,0.06553898245974783,0.007488260045647621,0.0003,0.0003,0.06554261130660385
,,,,,243999,5087.026,1000,,,,,,,,,,
,,,,,244000,,,-429.68927001953125,-5.8205461502075195,1.4420530796051025,428.6324462890625,428.5395202636719,0.06572039353392636,0.01665196567773819,0.0003,0.0003,0.06572024247854674
,,,,,244999,5255.3203,1000,,,,,,,,,,
5142.32,221.41809,5273.3667,4491.0537,1000.0,245000,,,-424.7581481933594,-6.169061660766602,1.5813980102539062,423.59930419921875,423.513671875,0.06638228965433438,-0.019810572266578674,0.0003,0.0003,0.06637954698019162
,,,,,245999,5257.165,1000,,,,,,,,,,
,,,,,246000,,,-426.9236755371094,-6.402303695678711,1.3010551929473877,425.8291015625,426.10308837890625,0.06693088417057477,-0.024785522371530533,0.0003,0.0003,0.06693469124997375
,,,,,246999,5061.0977,1000,,,,,,,,,,
,,,,,247000,,,-434.8013916015625,-6.09501314163208,1.2554677724838257,434.2073669433594,434.0413818359375,0.0679213625782468,-0.019067957997322083,0.0003,0.0003,0.06792027801503497
,,,,,247999,5133.1436,1000,,,,,,,,,,
,,,,,248000,,,-428.10791015625,-6.030951499938965,1.4826618432998657,427.30255126953125,427.3281555175781,0.06773099500773104,-0.006335279904305935,0.0003,0.0003,0.0677306070714901
,,,,,248999,5344.4517,1000,,,,,,,,,,
,,,,,249000,,,-432.83599853515625,-6.36870002746582,1.3644508123397827,431.6618957519531,431.6484680175781,0.06891060340270881,-0.009297875687479973,0.0003,0.0003,0.06891081123097274
,,,,,249999,5195.1226,1000,,,,,,,,,,
5272.051,72.054955,5413.8433,5159.535,1000.0,250000,,,-436.8551025390625,-6.319387435913086,1.303659200668335,436.11199951171875,436.0072021484375,0.06884233661715515,-0.03638223558664322,0.0003,0.0003,0.06884277037868082
,,,,,250999,5090.322,1000,,,,,,,,,,
,,,,,251000,,,-430.45361328125,-6.481435775756836,1.57619309425354,429.55517578125,429.7193603515625,0.06924818892365592,-0.02091294527053833,0.0003,0.0003,0.06925093575764033
,,,,,251999,5176.098,1000,,,,,,,,,,
,,,,,252000,,,-430.5833740234375,-6.277791976928711,1.480920672416687,429.5892639160156,429.7008361816406,0.06960971733854351,-0.022649049758911133,0.0003,0.0003,0.06960980453380106
,,,,,252999,5320.239,1000,,,,,,,,,,
,,,,,253000,,,-436.6053466796875,-5.959200859069824,1.320115566253662,435.48089599609375,435.58599853515625,0.07040294306947911,-0.014134894125163555,0.0003,0.0003,0.07040302420325834
,,,,,253999,5121.8833,1000,,,,,,,,,,
,,,,,254000,,,-436.36322021484375,-6.175442218780518,2.2041730880737305,435.24053955078125,435.19915771484375,0.07048586536891926,-0.009108372032642365,0.0003,0.0003,0.07048797569202506
,,,,,254999,5270.789,1000,,,,,,,,,,
5287.2856,137.90154,5433.185,4896.318,1000.0,255000,,,-429.249755859375,-5.921996593475342,1.843135118484497,428.2422180175781,427.8057861328125,0.07051012999341313,0.009607478976249695,0.0003,0.0003,0.07050825594619665
,,,,,255999,5155.7773,1000,,,,,,,,,,
,,,,,256000,,,-439.9725341796875,-6.284524917602539,1.7812410593032837,439.3160705566406,439.0132141113281,0.07118375461963487,-0.01894117332994938,0.0003,0.0003,0.07118496998211868
,,,,,256999,5262.598,1000,,,,,,,,,,
,,,,,257000,,,-441.40386962890625,-6.170773506164551,1.7107388973236084,440.4350280761719,440.2457580566406,0.07097030008453581,0.00668166670948267,0.0003,0.0003,0.07096835057418062
,,,,,257999,5366.385,1000,,,,,,,,,,
,,,,,258000,,,-442.3747863769531,-6.000195503234863,1.715303897857666,441.24810791015625,441.4589538574219,0.07209347519509543,0.009846357628703117,0.0003,0.0003,0.07209253019917759
,,,,,258999,5386.826,1000,,,,,,,,,,
,,,,,259000,,,-438.85888671875,-6.131175994873047,1.5041075944900513,437.5916442871094,437.7408447265625,0.07241987170826433,0.005533118266612291,0.0003,0.0003,0.07241757394050906
,,,,,259999,5336.8745,1000,,,,,,,,,,
5341.04,61.49194,5440.5894,5224.6035,1000.0,260000,,,-440.607421875,-5.646480560302734,2.1716339588165283,439.407958984375,439.5254211425781,0.07162108203604736,0.030568471178412437,0.0003,0.0003,0.07161800102563845
,,,,,260999,5331.738,1000,,,,,,,,,,
,,,,,261000,,,-444.78948974609375,-5.856020927429199,1.3188529014587402,443.91143798828125,443.5692138671875,0.07197454927580449,0.010917920619249344,0.0003,0.0003,0.0719763330171638
,,,,,261999,5262.802,1000,,,,,,,,,,
,,,,,262000,,,-441.26788330078125,-5.956561088562012,1.262895107269287,440.1949768066406,440.1607666015625,0.07133337416336455,0.0022303443402051926,0.0003,0.0003,0.07133006658824675
,,,,,262999,5395.1006,1000,,,,,,,,,,
,,,,,263000,,,-443.4660339355469,-5.668477535247803,1.4474377632141113,442.5830383300781,442.50872802734375,0.07157491799067897,0.014353586360812187,0.0003,0.0003,0.07157119574781762
,,,,,263999,5414.7495,1000,,,,,,,,,,
,,,,,264000,,,-444.900146484375,-5.7723388671875,1.6238577365875244,443.7182312011719,443.799560546875,0.0722346131042856,0.02127908729016781,0.0003,0.0003,0.07223329806228855
,,,,,264999,5227.4404,1000,,,,,,,,,,
5425.6494,40.033714,5496.513,5370.241,1000.0,265000,,,-446.50823974609375,-5.853308200836182,1.6725809574127197,445.3414306640625,445.32342529296875,0.07245528435188515,-0.004460081458091736,0.0003,0.0003,0.07245205627506665
,,,,,265999,5313.297,1000,,,,,,,,,,
,,,,,266000,,,-444.9208984375,-6.09812593460083,2.073756694793701,443.8287353515625,444.08770751953125,0.07293883622498504,-0.011019323952496052,0.0003,0.0003,0.07294007263642002
,,,,,266999,5398.764,1000,,,,,,,,,,
,,,,,267000,,,-446.8038330078125,-6.38323450088501,1.6820802688598633,445.89154052734375,446.06475830078125,0.07331623976450323,-0.04855868220329285,0.0003,0.0003,0.07332141741781623
,,,,,267999,5524.2935,1000,,,,,,,,,,
,,,,,268000,,,-441.9521179199219,-6.302034854888916,1.7259262800216675,440.7412109375,440.64801025390625,0.07371263013922168,-0.006460113916546106,0.0003,0.0003,0.0737115175133512
,,,,,268999,5407.5005,1000,,,,,,,,,,
,,,,,269000,,,-453.68133544921875,-5.868739128112793,1.4665476083755493,452.805419921875,452.679931640625,0.07467093325779127,0.02226882614195347,0.0003,0.0003,0.07466615847695628
,,,,,269999,5339.325,1000,,,,,,,,,,
5462.5586,66.21778,5547.5977,5336.9897,1000.0,270000,,,-455.5811767578125,-5.927061080932617,1.719246745109558,455.0672607421875,454.7838439941406,0.07423781829743206,0.005227742716670036,0.0003,0.0003,0.07423574785615955
,,,,,270999,5437.385,1000,,,,,,,,,,
,,,,,271000,,,-452.47894287109375,-5.708391189575195,1.7848743200302124,451.46234130859375,451.5123596191406,0.07485278666309134,0.005521432496607304,0.0003,0.0003,0.07485395511018528
,,,,,271999,5477.976,1000,,,,,,,,,,
,,,,,272000,,,-454.7076110839844,-6.014547348022461,1.8660491704940796,453.814453125,453.8125305175781,0.07500764726937827,0.0007028821855783463,0.0003,0.0003,0.07501020883780866
,,,,,272999,5529.975,1000,,,,,,,,,,
,,,,,273000,,,-448.89508056640625,-6.175826072692871,2.041372299194336,447.82086181640625,447.7836608886719,0.07543857008765065,0.004476116970181465,0.0003,0.0003,0.07543777692418516
,,,,,273999,5529.9,1000,,,,,,,,,,
,,,,,274000,,,-455.41229248046875,-6.600892066955566,1.894684076309204,454.3987731933594,454.28118896484375,0.07645214773098037,-0.01898137293756008,0.0003,0.0003,0.07645448320937331
,,,,,274999,5488.3467,1000,,,,,,,,,,
5413.038,227.61153,5577.4116,4750.805,1000.0,275000,,,-457.8414611816406,-6.481375694274902,2.0813634395599365,456.9833984375,456.8629150390625,0.07696701421543073,-0.03952547162771225,0.0003,0.0003,0.0769666976725041
,,,,,275999,5514.8975,1000,,,,,,,,,,
,,,,,276000,,,-455.3093566894531,-6.511957168579102,2.111706256866455,454.19512939453125,454.255126953125,0.0764107059198103,-0.041375741362571716,0.0003,0.0003,0.07641489926316312
,,,,,276999,5519.418,1000,,,,,,,,,,
,,,,,277000,,,-459.14068603515625,-6.067054748535156,2.1532957553863525,458.24981689453125,458.0401611328125,0.07707010154227502,-0.008716043084859848,0.0003,0.0003,0.07707213524172761
,,,,,277999,5640.6816,1000,,,,,,,,,,
,,,,,278000,,,-461.33843994140625,-6.080430030822754,1.5777454376220703,460.44097900390625,460.5447692871094,0.0773056744141727,-0.010751075111329556,0.0003,0.0003,0.07730779405595063
,,,,,278999,5289.5703,1000,,,,,,,,,,
,,,,,279000,,,-460.69134521484375,-5.929355621337891,2.0215048789978027,459.5537109375,459.66607666015625,0.0776583414365276,0.0033438298851251602,0.0003,0.0003,0.07765678086759331
,,,,,279999,5632.737,1000,,,,,,,,,,
5422.827,159.74207,5562.3496,4962.3994,1000.0,280000,,,-454.1641845703125,-6.264453887939453,1.9661259651184082,452.7123107910156,452.8919677734375,0.07648850047806809,-0.011395652778446674,0.0003,0.0003,0.07649012928407568
,,,,,280999,5585.8154,1000,,,,,,,,,,
,,,,,281000,,,-463.76458740234375,-6.576482772827148,1.6312799453735352,462.90771484375,462.7393493652344,0.07641624818725885,-0.013152631931006908,0.0003,0.0003,0.07641958126317418
,,,,,281999,5541.8755,1000,,,,,,,,,,
,,,,,282000,,,-462.103515625,-6.418781757354736,2.4904532432556152,461.0986633300781,461.12115478515625,0.07689826662917823,-0.028533320873975754,0.0003,0.0003,0.07690507519987254
,,,,,282999,5616.253,1000,,,,,,,,,,
,,,,,283000,,,-461.45404052734375,-5.558337211608887,1.7432719469070435,460.5154113769531,460.5229797363281,0.0779220489647747,0.01570969820022583,0.0003,0.0003,0.07792330121422111
,,,,,283999,5599.4077,1000,,,,,,,,,,
,,,,,284000,,,-461.4371337890625,-5.820329666137695,1.603581190109253,460.166015625,460.6582946777344,0.07826023908479136,0.016268499195575714,0.0003,0.0003,0.07825984635226844
,,,,,284999,5616.817,1000,,,,,,,,,,
5410.512,88.00491,5505.5757,5210.8496,1000.0,285000,,,-466.3897705078125,-6.325985908508301,1.9945464134216309,465.46881103515625,465.25006103515625,0.0788532346823933,0.006566838826984167,0.0003,0.0003,0.07885518063153579
,,,,,285999,5681.1094,1000,,,,,,,,,,
,,,,,286000,,,-465.436279296875,-6.162840843200684,2.3746747970581055,464.48748779296875,464.63116455078125,0.07907180725268478,0.020497770980000496,0.0003,0.0003,0.07907029279610397
,,,,,286999,5504.191,1000,,,,,,,,,,
,,,,,287000,,,-463.7949523925781,-6.229323387145996,1.4720945358276367,462.5280456542969,462.6142578125,0.07917162649899641,-0.012676792219281197,0.0003,0.0003,0.07917126229186032
,,,,,287999,5566.0283,1000,,,,,,,,,,
,,,,,288000,,,-468.02386474609375,-6.055133819580078,1.6523480415344238,466.785400390625,466.6929931640625,0.07928631893515337,-0.012982839718461037,0.0003,0.0003,0.07929207878616176
,,,,,288999,5549.8687,1000,,,,,,,,,,
,,,,,289000,,,-462.60174560546875,-5.865123748779297,2.018787384033203,461.6031188964844,461.6507568359375,0.07924286503738445,0.01783823035657406,0.0003,0.0003,0.07924077980328097
,,,,,289999,5659.996,1000,,,,,,,,,,
5709.4795,47.615814,5785.4336,5596.656,1000.0,290000,,,-465.5202941894531,-5.7349395751953125,1.602944016456604,464.64947509765625,464.58502197265625,0.07939268372899237,0.018082406371831894,0.0003,0.0003,0.07939093539821751
,,,,,290999,5673.8857,1000,,,,,,,,,,
,,,,,291000,,,-469.913330078125,-6.722423553466797,2.008500814437866,469.0806884765625,468.76171875,0.0797641890169495,-0.03408665955066681,0.0003,0.0003,0.0797666564435456
,,,,,291999,5615.0674,1000,,,,,,,,,,
,,,,,292000,,,-472.0913391113281,-5.672946929931641,1.9001725912094116,470.83721923828125,471.0282897949219,0.07932227736731688,0.042494527995586395,0.0003,0.0003,0.0793199143495712
,,,,,292999,5599.896,1000,,,,,,,,,,
,,,,,293000,,,-473.32464599609375,-5.800591468811035,2.235631227493286,472.5440979003906,472.44451904296875,0.07941061132984448,-0.005110536701977253,0.0003,0.0003,0.07940572938779833
,,,,,293999,5663.768,1000,,,,,,,,,,
,,,,,294000,,,-471.2606506347656,-5.716954708099365,2.7554569244384766,470.2923583984375,470.1325378417969,0.07952366806996809,0.023370474576950073,0.0003,0.0003,0.07952088849019265
,,,,,294999,5664.7085,1000,,,,,,,,,,
5771.432,74.83681,5891.0146,5641.3936,1000.0,295000,,,-470.1873779296875,-5.833573818206787,1.6299941539764404,468.91400146484375,468.8229675292969,0.07947983756721402,0.00042029423639178276,0.0003,0.0003,0.07947990748108591
,,,,,295999,5608.4272,1000,,,,,,,,,,
,,,,,296000,,,-476.2464904785156,-6.382030487060547,1.8316365480422974,475.3530578613281,475.2781982421875,0.0799488789129443,-0.00499244499951601,0.0003,0.0003,0.07995106238345043
,,,,,296999,5757.6797,1000,,,,,,,,,,
,,,,,297000,,,-478.2003173828125,-5.942452430725098,2.011256217956543,476.8661804199219,476.696533203125,0.08008488415530796,0.00853161234408617,0.0003,0.0003,0.08008287626947495
,,,,,297999,5647.451,1000,,,,,,,,,,
,,,,,298000,,,-475.13531494140625,-6.360479354858398,1.5019254684448242,474.5269775390625,474.4927978515625,0.08037492174815053,-0.03234583139419556,0.0003,0.0003,0.08037365100436643
,,,,,298999,5746.953,1000,,,,,,,,,,
,,,,,299000,,,-481.6573181152344,-6.289567947387695,1.4433298110961914,480.87579345703125,480.7737121582031,0.0811052420243842,-0.04222685098648071,0.0003,0.0003,0.08110791983483669
,,,,,299999,5701.591,1000,,,,,,,,,,
5660.463,64.37444,5745.89,5547.545,1000.0,300000,,,-476.6252746582031,-6.2217278480529785,2.14907169342041,475.5235595703125,475.8452453613281,0.08120396654771596,-0.019452398642897606,0.0003,0.0003,0.0812066195303261
,,,,,300999,5727.22,1000,,,,,,,,,,
,,,,,301000,,,-477.40435791015625,-5.827300548553467,2.6783084869384766,475.97705078125,476.357421875,0.08127817929108597,0.030487075448036194,0.0003,0.0003,0.0812738035319073
,,,,,301999,5738.6963,1000,,,,,,,,,,
,,,,,302000,,,-478.3369140625,-5.6633806228637695,2.0175461769104004,477.3393859863281,477.4752197265625,0.08160373017352389,0.03702683001756668,0.0003,0.0003,0.0815988232982473
,,,,,302999,5796.956,1000,,,,,,,,,,
,,,,,303000,,,-483.541015625,-6.144629955291748,1.834047794342041,482.6431579589844,482.81805419921875,0.08125395835325289,0.01596902310848236,0.0003,0.0003,0.08125433618727482
,,,,,303999,5679.05,1000,,,,,,,,,,
,,,,,304000,,,-481.2673645019531,-6.24397087097168,1.9718561172485352,479.971435546875,479.7217102050781,0.08160900149308319,-0.019826648756861687,0.0003,0.0003,0.08160889275799464
,,,,,304999,5765.5015,1000,,,,,,,,,,
5846.07,62.150135,5914.634,5733.257,1000.0,305000,,,-480.664306640625,-5.595858097076416,2.0293595790863037,479.6461486816406,479.5611877441406,0.0815506941837915,0.016620703041553497,0.0003,0.0003,0.0815520596973222
,,,,,305999,5858.7085,1000,,,,,,,,,,
,,,,,306000,,,-483.272216796875,-5.740714073181152,1.8965588808059692,482.25238037109375,482.2685852050781,0.08224911973849894,0.0035303160548210144,0.0003,0.0003,0.0822505149525996
,,,,,306999,5751.374,1000,,,,,,,,,,
,,,,,307000,,,-485.2149658203125,-6.072692394256592,1.676769495010376,483.9902038574219,483.97119140625,0.08146484891749536,-0.0013792319223284721,0.0003,0.0003,0.08146325094812157
,,,,,307999,5811.5723,1000,,,,,,,,,,
,,,,,308000,,,-484.219970703125,-6.576210021972656,1.9577410221099854,483.18121337890625,483.23590087890625,0.08123308519504924,-0.034467555582523346,0.0003,0.0003,0.08123226761493575
,,,,,308999,5879.075,1000,,,,,,,,,,
,,,,,309000,,,-492.90594482421875,-5.8523173332214355,1.4039623737335205,492.011474609375,492.2290954589844,0.0812346802188634,0.04708471894264221,0.0003,0.0003,0.08123385668381469
,,,,,309999,5797.207,1000,,,,,,,,,,
5815.2515,174.55219,5942.3354,5327.3896,1000.0,310000,,,-491.3231506347656,-6.189968585968018,1.6024575233459473,490.17510986328125,490.10528564453125,0.0818303625925231,-0.009428339079022408,0.0003,0.0003,0.08183090736020569
,,,,,310999,5843.4404,1000,,,,,,,,,,
,,,,,311000,,,-488.25341796875,-6.363027572631836,2.2867510318756104,487.086181640625,487.09173583984375,0.08252453628034237,0.004095825832337141,0.0003,0.0003,0.08252189862582236
,,,,,311999,5800.522,1000,,,,,,,,,,
,,,,,312000,,,-484.51544189453125,-6.220590114593506,2.0549235343933105,483.2755126953125,483.34246826171875,0.0819505592417825,-0.006370783783495426,0.0003,0.0003,0.0819539591501551
,,,,,312999,5923.292,1000,,,,,,,,,,
,,,,,313000,,,-492.13787841796875,-6.298135757446289,1.953925609588623,491.263671875,491.3699035644531,0.08229908026870947,-0.011383643373847008,0.0003,0.0003,0.08229919758415202
,,,,,313999,5905.644,1000,,,,,,,,,,
,,,,,314000,,,-488.0966796875,-6.051708221435547,1.6001527309417725,487.07342529296875,487.12896728515625,0.08286924446196862,0.001600118586793542,0.0003,0.0003,0.08287075686228966
,,,,,314999,5879.148,1000,,,,,,,,,,
5710.425,295.18405,6011.817,5226.563,1000.0,315000,,,-487.6120910644531,-6.321372985839844,2.0084550380706787,486.9424743652344,486.6448059082031,0.08311770533814666,-0.04671954736113548,0.0003,0.0003,0.08312327455576823
,,,,,315999,5846.1826,1000,,,,,,,,,,
,,,,,316000,,,-487.58380126953125,-5.840965270996094,2.0058796405792236,486.263427734375,486.3736267089844,0.08328534089957464,0.025415826588869095,0.0003,0.0003,0.08328104645951799
,,,,,316999,5914.8345,1000,,,,,,,,,,
,,,,,317000,,,-495.08685302734375,-5.782302379608154,1.9370614290237427,493.80133056640625,494.10113525390625,0.08305404823538082,0.00027864566072821617,0.0003,0.0003,0.0830539143488638
,,,,,317999,5876.146,1000,,,,,,,,,,
,,,,,318000,,,-491.71343994140625,-5.421810150146484,1.8626164197921753,490.73858642578125,490.5546875,0.08280829773570327,0.01038052886724472,0.0003,0.0003,0.0828082311847899
,,,,,318999,5978.818,1000,,,,,,,,,,
,,,,,319000,,,-496.9937438964844,-5.62835168838501,1.941788911819458,495.835693359375,495.7785949707031,0.08202855192240807,0.0013535302132368088,0.0003,0.0003,0.08203066586034348
,,,,,319999,5899.483,1000,,,,,,,,,,
5944.451,57.149982,6041.0317,5862.137,1000.0,320000,,,-494.5527648925781,-6.562477111816406,2.1178359985351562,493.2320556640625,493.390380859375,0.0832123979006482,-0.04706401005387306,0.0003,0.0003,0.0832165519433762
,,,,,320999,5976.8184,1000,,,,,,,,,,
,,,,,321000,,,-495.6239929199219,-5.887004375457764,1.9052624702453613,494.5428466796875,494.45916748046875,0.0839020869764109,0.009335104376077652,0.0003,0.0003,0.08390154095863818
,,,,,321999,5933.9253,1000,,,,,,,,,,
,,,,,322000,,,-501.4845275878906,-6.297574043273926,1.8111507892608643,500.679443359375,500.4801025390625,0.08398077015003323,-0.03244105353951454,0.0003,0.0003,0.08398356274075217
,,,,,322999,6046.5093,1000,,,,,,,,,,
,,,,,323000,,,-495.53448486328125,-5.711981296539307,1.9321045875549316,494.55889892578125,494.4495849609375,0.08375273376811651,0.03848443925380707,0.0003,0.0003,0.08375258133480637
,,,,,323999,5942.265,1000,,,,,,,,,,
,,,,,324000,,,-498.690673828125,-5.804644584655762,2.1674153804779053,497.6238708496094,497.6023864746094,0.08422255992342492,0.03166736289858818,0.0003,0.0003,0.08421877159628137
,,,,,324999,5955.1914,1000,,,,,,,,,,
5854.4355,83.26763,5944.244,5718.154,1000.0,325000,,,-494.70233154296875,-5.9586920738220215,2.2133889198303223,493.20166015625,493.18487548828125,0.08452331821138236,0.006810039281845093,0.0003,0.0003,0.08452413099687726
,,,,,325999,5834.8057,1000,,,,,,,,,,
,,,,,326000,,,-501.9451904296875,-5.734656810760498,1.6497716903686523,500.5675048828125,500.6807861328125,0.08469752526564603,0.007449764758348465,0.0003,0.0003,0.08469996638915403
,,,,,326999,5981.147,1000,,,,,,,,,,
,,,,,327000,,,-503.6461181640625,-5.684229373931885,2.036789894104004,502.82293701171875,502.43701171875,0.08481137049012202,0.013818426057696342,0.0003,0.0003,0.08480502871857006
,,,,,327999,6017.314,1000,,,,,,,,,,
,,,,,328000,,,-507.6484069824219,-5.862378120422363,2.236088275909424,506.9635009765625,506.5771484375,0.08493792319082426,0.010332956910133362,0.0003,0.0003,0.08494215003073435
,,,,,328999,6055.6143,1000,,,,,,,,,,
,,,,,329000,,,-502.0644836425781,-6.01297664642334,2.0356738567352295,500.8760681152344,500.780517578125,0.08468280783739955,-0.02062031254172325,0.0003,0.0003,0.08468430261998271
,,,,,329999,5712.896,1000,,,,,,,,,,
5995.9937,84.64957,6112.1055,5788.64,1000.0,330000,,,-503.8199462890625,-5.675746917724609,1.9838616847991943,502.9302062988281,503.05426025390625,0.08424701306581753,0.03618768975138664,0.0003,0.0003,0.08424257975978922
,,,,,330999,6078.2793,1000,,,,,,,,,,
,,,,,331000,,,-504.97100830078125,-6.054694175720215,1.635453224182129,503.55889892578125,503.74822998046875,0.08490108403265724,-0.016210133209824562,0.0003,0.0003,0.0849041355533853
,,,,,331999,5920.9946,1000,,,,,,,,,,
,,,,,332000,,,-503.51934814453125,-5.566439628601074,2.0889627933502197,502.2274169921875,502.24420166015625,0.08567131807018977,0.02791685238480568,0.0003,0.0003,0.08567193449392305
,,,,,332999,5900.022,1000,,,,,,,,,,
,,,,,333000,,,-507.2428894042969,-5.908788681030273,1.9435579776763916,506.1954650878906,506.14013671875,0.08536518655110369,-0.00042180344462394714,0.0003,0.0003,0.08536173976521137
,,,,,333999,6001.613,1000,,,,,,,,,,
,,,,,334000,,,-505.38568115234375,-5.937190532684326,1.96021568775177,504.583984375,504.8482971191406,0.08528431934745682,-0.001990952529013157,0.0003,0.0003,0.08528127142878694
,,,,,334999,6054.3555,1000,,,,,,,,,,
5963.8467,43.449703,6045.843,5915.0894,1000.0,335000,,,-510.59698486328125,-6.261777877807617,1.6770657300949097,509.6201477050781,509.63494873046875,0.08499238820940558,-0.02935493364930153,0.0003,0.0003,0.08499580266561935
,,,,,335999,6092.111,1000,,,,,,,,,,
,,,,,336000,,,-509.32861328125,-5.6740312576293945,1.8153862953186035,508.3404235839844,508.38623046875,0.08565328487296103,0.009745641611516476,0.0003,0.0003,0.0856563519769319
,,,,,336999,6075.7437,1000,,,,,,,,,,
,,,,,337000,,,-510.278564453125,-5.951231479644775,1.67287278175354,509.1375732421875,509.02508544921875,0.0863848563328712,0.010622913017868996,0.0003,0.0003,0.08638536607652107
,,,,,337999,6043.7134,1000,,,,,,,,,,
,,,,,338000,,,-506.69464111328125,-5.710123062133789,1.8943215608596802,505.2115478515625,505.38787841796875,0.08594060134908754,0.028776660561561584,0.0003,0.0003,0.08593730838084943
,,,,,338999,6116.5566,1000,,,,,,,,,,
,,,,,339000,,,-509.3780822753906,-5.806897163391113,2.5798375606536865,508.26605224609375,508.5789794921875,0.08525306407893662,0.01690303534269333,0.0003,0.0003,0.08524988976888748
,,,,,339999,6017.8677,1000,,,,,,,,,,
6079.6597,65.21328,6185.504,5993.9937,1000.0,340000,,,-512.345703125,-6.187466621398926,2.3141846656799316,511.37493896484375,511.0740966796875,0.08537136771059038,-0.013410959392786026,0.0003,0.0003,0.08537032945087746
,,,,,340999,6093.8506,1000,,,,,,,,,,
,,,,,341000,,,-510.5831604003906,-6.096639633178711,1.9916999340057373,509.73663330078125,509.8143310546875,0.0858256802980388,-0.0031394034158438444,0.0003,0.0003,0.08582738789125802
,,,,,341999,6110.4355,1000,,,,,,,,,,
,,,,,342000,,,-511.4248046875,-6.253032684326172,2.3876760005950928,510.1820983886719,510.1485290527344,0.08608080843044347,-0.03912563994526863,0.0003,0.0003,0.08608211072823554
,,,,,342999,6134.184,1000,,,,,,,,,,
,,,,,343000,,,-517.7742919921875,-5.716975688934326,2.1200621128082275,516.7906494140625,516.8555908203125,0.08657296784221477,0.01770884357392788,0.0003,0.0003,0.08657469268814039
,,,,,343999,6115.42,1000,,,,,,,,,,
,,,,,344000,,,-514.158203125,-6.088390827178955,2.7701117992401123,513.2408447265625,512.8380126953125,0.08657837750197693,-0.0003396822139620781,0.0003,0.0003,0.08657762803327723
,,,,,344999,6040.476,1000,,,,,,,,,,
6012.8564,300.83215,6197.2393,5138.8735,1000.0,345000,,,-515.982177734375,-5.694450378417969,2.465775489807129,514.8128051757812,514.9800415039062,0.08624479513535328,0.02322136051952839,0.0003,0.0003,0.0862446406265511
,,,,,345999,6024.1465,1000,,,,,,,,,,
,,,,,346000,,,-516.9827880859375,-5.890984535217285,1.5662157535552979,515.6456298828125,515.7469482421875,0.0863789719308717,0.013501299545168877,0.0003,0.0003,0.08638063300458
,,,,,346999,6070.1177,1000,,,,,,,,,,
,,,,,347000,,,-521.0140380859375,-5.851622581481934,1.5541670322418213,519.719970703125,519.8255615234375,0.08613836644399149,-0.005013816058635712,0.0003,0.0003,0.08613837608699046
,,,,,347999,6112.3623,1000,,,,,,,,,,
,,,,,348000,,,-519.8329467773438,-6.163811206817627,2.2636497020721436,518.903564453125,518.9141845703125,0.08663255786821007,-0.004449135158210993,0.0003,0.0003,0.08663374301603256
,,,,,348999,6078.3213,1000,,,,,,,,,,
,,,,,349000,,,-516.1015625,-5.93052864074707,2.326491355895996,514.6799926757812,514.8314208984375,0.08731807801588821,0.01344776526093483,0.0003,0.0003,0.08731875912467917
,,,,,349999,6070.424,1000,,,,,,,,,,
6081.69,39.08648,6134.338,6022.584,1000.0,350000,,,-514.340087890625,-6.193711757659912,2.327584981918335,513.0648193359375,513.4686889648438,0.08834236842157754,-0.014787504449486732,0.0003,0.0003,0.08833860339224475
,,,,,350999,6168.948,1000,,,,,,,,,,
,,,,,351000,,,-517.322021484375,-5.834432601928711,2.0458836555480957,516.2220458984375,516.1737060546875,0.08772003440575296,0.019436737522482872,0.0003,0.0003,0.0877193509444974
,,,,,351999,6160.708,1000,,,,,,,,,,
,,,,,352000,,,-519.380859375,-5.964614391326904,2.067657709121704,518.0594482421875,518.3419189453125,0.08785477050995491,0.02850855514407158,0.0003,0.0003,0.0878541265946949
,,,,,352999,6153.478,1000,,,,,,,,,,
,,,,,353000,,,-524.6416625976562,-5.832355499267578,1.3980419635772705,523.7452392578125,523.849609375,0.08797308794230638,0.009582236409187317,0.0003,0.0003,0.08797353039475529
,,,,,353999,6206.8555,1000,,,,,,,,,,
,,,,,354000,,,-525.516845703125,-6.126313209533691,1.6075938940048218,524.4332275390625,524.4442138671875,0.08743353289881171,-0.01239066943526268,0.0003,0.0003,0.08743082283190003
,,,,,354999,6144.138,1000,,,,,,,,,,
6025.7007,305.51355,6192.935,5120.6406,1000.0,355000,,,-524.0816650390625,-5.953037738800049,2.025084972381592,523.0975341796875,523.2456665039062,0.08735307514580788,0.017026174813508987,0.0003,0.0003,0.08734851418080176
,,,,,355999,6158.7354,1000,,,,,,,,,,
,,,,,356000,,,-522.172607421875,-5.66933536529541,1.7488399744033813,520.934814453125,521.0704345703125,0.08621282638664109,0.025411371141672134,0.0003,0.0003,0.08621151583989495
,,,,,356999,6120.1987,1000,,,,,,,,,,
,,,,,357000,,,-521.9283447265625,-6.2080230712890625,1.694183588027954,520.8814697265625,520.7384033203125,0.08640281440630501,-0.016330113634467125,0.0003,0.0003,0.08640092579392186
,,,,,357999,6138.803,1000,,,,,,,,,,
,,,,,358000,,,-523.442138671875,-5.688538074493408,2.747530937194824,522.4267578125,522.5997314453125,0.08649966008656894,0.009009595960378647,0.0003,0.0003,0.08650165462710954
,,,,,358999,5946.2485,1000,,,,,,,,,,
,,,,,359000,,,-520.257080078125,-5.934881210327148,2.5217885971069336,519.1539306640625,519.3265991210938,0.08586629681849647,0.014002520591020584,0.0003,0.0003,0.0858624132884705
,,,,,359999,6215.5796,1000,,,,,,,,,,
6160.5073,65.84554,6260.826,6036.995,1000.0,360000,,,-522.34130859375,-5.663323402404785,2.5826172828674316,521.3757934570312,521.0457763671875,0.08654303428087781,0.03340137004852295,0.0003,0.0003,0.08654432262410387
,,,,,360999,6212.9556,1000,,,,,,,,,,
,,,,,361000,,,-527.9156494140625,-5.993487358093262,2.048922061920166,526.9972534179688,527.037353515625,0.08718700004633613,0.020873665809631348,0.0003,0.0003,0.08718833179268588
,,,,,361999,6286.202,1000,,,,,,,,,,
,,,,,362000,,,-520.0878295898438,-5.628265857696533,2.421867847442627,518.7836303710938,518.6537475585938,0.08755172861876422,0.008811765350401402,0.0003,0.0003,0.08755307910385945
,,,,,362999,6073.609,1000,,,,,,,,,,
,,,,,363000,,,-529.8017578125,-6.033419132232666,2.3503570556640625,528.7604370117188,528.9449462890625,0.0872003190384623,-0.026002034544944763,0.0003,0.0003,0.0872014111070512
,,,,,363999,6051.2847,1000,,,,,,,,,,
,,,,,364000,,,-528.5320434570312,-6.369082927703857,1.763946771621704,527.20849609375,527.1470336914062,0.08711662700891706,-0.0071918899193406105,0.0003,0.0003,0.08711701428906797
,,,,,364999,6260.2354,1000,,,,,,,,,,
6109.3027,83.19543,6189.087,5955.064,1000.0,365000,,,-531.736083984375,-6.053628921508789,2.183685779571533,530.7324829101562,530.7647705078125,0.08767101963062188,-0.004979709628969431,0.0003,0.0003,0.08767013224794179
,,,,,365999,6228.3667,1000,,,,,,,,,,
,,,,,366000,,,-529.6246337890625,-6.119030475616455,1.9290844202041626,528.68359375,528.51171875,0.08731150891846054,0.004868179559707642,0.0003,0.0003,0.08731072069046723
,,,,,366999,6210.112,1000,,,,,,,,,,
,,,,,367000,,,-531.6248779296875,-5.812211036682129,1.9980480670928955,530.5521240234375,530.182373046875,0.08725523684153637,0.008554050698876381,0.0003,0.0003,0.08725361964187675
,,,,,367999,5729.4956,1000,,,,,,,,,,
,,,,,368000,,,-530.044189453125,-6.287521839141846,2.2675814628601074,528.5323486328125,528.7857666015625,0.08700839317865908,0.0001124916598200798,0.0003,0.0003,0.08700937297633426
,,,,,368999,6234.477,1000,,,,,,,,,,
,,,,,369000,,,-531.2334594726562,-5.9077558517456055,2.2377700805664062,530.0445556640625,530.1319580078125,0.08802846600496365,0.008893999271094799,0.0003,0.0003,0.08802764401230842
,,,,,369999,6307.31,1000,,,,,,,,,,
6257.6113,29.776508,6298.277,6205.665,1000.0,370000,,,-533.5927734375,-6.035836219787598,2.496896743774414,532.5667724609375,532.550048828125,0.08810872863156198,-0.0001656843814998865,0.0003,0.0003,0.08810937236830076
,,,,,370999,6295.435,1000,,,,,,,,,,
,,,,,371000,,,-535.66748046875,-6.077986717224121,2.321474552154541,534.4799194335938,534.4361572265625,0.08823822451843379,0.0002982672303915024,0.0003,0.0003,0.08824183202400376
,,,,,371999,5915.6475,1000,,,,,,,,,,
,,,,,372000,,,-527.909423828125,-6.218306541442871,2.2057576179504395,526.765625,526.41259765625,0.08857864981372697,-0.032533712685108185,0.0003,0.0003,0.08858092330700836
,,,,,372999,5839.4126,1000,,,,,,,,,,
,,,,,373000,,,-533.360595703125,-6.060612201690674,2.0069055557250977,532.2888793945312,532.1080322265625,0.08832868729577338,-0.007236323319375515,0.0003,0.0003,0.0883277129062476
,,,,,373999,6177.8438,1000,,,,,,,,,,
,,,,,374000,,,-536.8308715820312,-6.114414691925049,1.756912350654602,535.4822998046875,535.8341064453125,0.0881266574326797,0.001851807115599513,0.0003,0.0003,0.08812454520873968
,,,,,374999,6139.203,1000,,,,,,,,,,
6232.421,55.35093,6348.2085,6148.156,1000.0,375000,,,-538.4736328125,-5.87570858001709,1.7697550058364868,537.112060546875,537.285888671875,0.08779150258750575,0.0051333112642169,0.0003,0.0003,0.08779330462743205
,,,,,375999,3754.3762,1000,,,,,,,,,,
,,,,,376000,,,-535.603515625,-6.197996616363525,2.4522342681884766,534.62158203125,534.9466552734375,0.08729821412865865,-0.027418890967965126,0.0003,0.0003,0.08729987598511137
,,,,,376999,6015.2544,1000,,,,,,,,,,
,,,,,377000,,,-540.7522583007812,-5.7373270988464355,1.7631032466888428,540.124755859375,539.9671630859375,0.08705336854113611,0.02973848581314087,0.0003,0.0003,0.08704994748810413
,,,,,377999,4576.524,1000,,,,,,,,,,
,,,,,378000,,,-535.3289794921875,-5.968044757843018,2.238269805908203,534.2273559570312,534.2294921875,0.08492467193820953,0.028882239013910294,0.0003,0.0003,0.08491853647708326
,,,,,378999,6270.459,1000,,,,,,,,,,
,,,,,379000,,,-533.85595703125,-6.083155155181885,2.6686322689056396,532.8159790039062,532.94677734375,0.08310006057837602,0.026142355054616928,0.0003,0.0003,0.08309520407416865
,,,,,379999,6195.7856,1000,,,,,,,,,,
6165.364,252.62666,6349.979,5441.109,1000.0,380000,,,-540.450439453125,-5.993707180023193,1.932326316833496,539.4783325195312,539.5421142578125,0.08301969324017709,-0.022868553176522255,0.0003,0.0003,0.08302304889905804
,,,,,380999,6258.05,1000,,,,,,,,,,
,,,,,381000,,,-530.4420776367188,-5.630493640899658,2.777225971221924,529.7120361328125,529.8558349609375,0.08279411120132715,0.029139947146177292,0.0003,0.0003,0.0827916945186176
,,,,,381999,6256.533,1000,,,,,,,,,,
,,,,,382000,,,-535.7762451171875,-6.316383361816406,2.251919746398926,534.603515625,534.6075439453125,0.08216927343732816,0.0034630894660949707,0.0003,0.0003,0.08216741312933953
,,,,,382999,6136.1357,1000,,,,,,,,,,
,,,,,383000,,,-522.7908325195312,-6.02712869644165,4.104454517364502,521.84619140625,521.7618408203125,0.08121626867595216,0.005693456158041954,0.0003,0.0003,0.08121703532636565
,,,,,383999,6223.2607,1000,,,,,,,,,,
,,,,,384000,,,-540.404052734375,-5.92179536819458,2.639416456222534,539.3653564453125,538.9853515625,0.08208323683154585,-0.02319549396634102,0.0003,0.0003,0.0820876134819038
,,,,,384999,6248.0513,1000,,,,,,,,,,
6303.225,62.441643,6387.787,6188.6675,1000.0,385000,,,-530.57958984375,-6.100864410400391,2.742856025695801,529.322509765625,529.7227783203125,0.08263689385924615,-0.010400848463177681,0.0003,0.0003,0.08263645749976237
,,,,,385999,6281.4463,1000,,,,,,,,,,
,,,,,386000,,,-543.9832153320312,-5.877119064331055,3.3587913513183594,542.8417358398438,543.0917358398438,0.0838258317513513,0.008447984233498573,0.0003,0.0003,0.08382453125120391
,,,,,386999,6095.481,1000,,,,,,,,,,
,,,,,387000,,,-537.86865234375,-6.20900821685791,3.174959659576416,536.91357421875,536.907958984375,0.08369518667400637,-0.011930545791983604,0.0003,0.0003,0.0836968331944141
,,,,,387999,6202.4575,1000,,,,,,,,,,
,,,,,388000,,,-542.0377197265625,-5.599109649658203,2.8658080101013184,541.08154296875,541.1190185546875,0.08388069258287048,0.024214494973421097,0.0003,0.0003,0.08388247313023026
,,,,,388999,6014.4805,1000,,,,,,,,,,
,,,,,389000,,,-541.8565673828125,-6.441709518432617,2.6891045570373535,541.1201171875,540.984375,0.08466653302832557,-0.009817514568567276,0.0003,0.0003,0.08467026570501547
,,,,,389999,5498.6313,1000,,,,,,,,,,
6310.258,56.25273,6420.8784,6206.8994,1000.0,390000,,,-534.7644653320312,-6.263049125671387,3.5496392250061035,533.55615234375,533.2455444335938,0.08536000323218612,-0.02868470922112465,0.0003,0.0003,0.08536051896434535
,,,,,390999,6146.076,1000,,,,,,,,,,
,,,,,391000,,,-538.0818481445312,-6.195592880249023,2.636037826538086,536.8811645507812,537.036376953125,0.08544198329669302,-0.02229401469230652,0.0003,0.0003,0.08544225508891397
,,,,,391999,6284.086,1000,,,,,,,,,,
,,,,,392000,,,-540.3858642578125,-6.354814529418945,2.3788657188415527,539.306640625,539.3027954101562,0.08558630910385402,-0.03535035625100136,0.0003,0.0003,0.08558870500077469
,,,,,392999,6261.2,1000,,,,,,,,,,
,,,,,393000,,,-542.2731323242188,-6.015905380249023,2.6032607555389404,541.2640380859375,541.4743041992188,0.08570351194760288,-0.006701228208839893,0.0003,0.0003,0.0857026950747467
,,,,,393999,6301.0654,1000,,,,,,,,,,
,,,,,394000,,,-545.4195556640625,-6.063058853149414,2.902952194213867,544.193603515625,544.2041015625,0.08576187591373251,-0.025244850665330887,0.0003,0.0003,0.08576292667120188
,,,,,394999,6322.412,1000,,,,,,,,,,
6377.7876,45.346413,6472.0415,6301.779,1000.0,395000,,,-542.3455200195312,-5.832071304321289,2.7928409576416016,541.241943359375,541.1007080078125,0.0858757213112156,0.02880173549056053,0.0003,0.0003,0.08587531753064138
,,,,,395999,6370.613,1000,,,,,,,,,,
,,,,,396000,,,-539.7669677734375,-6.331268310546875,2.4726290702819824,538.5454711914062,538.39990234375,0.08576620818403599,-0.031965117901563644,0.0003,0.0003,0.085766126549191
,,,,,396999,6305.8677,1000,,,,,,,,,,
,,,,,397000,,,-546.6492309570312,-6.406566619873047,2.7053308486938477,545.0526733398438,545.1033325195312,0.08518319843582735,-0.02994215302169323,0.0003,0.0003,0.0851789161413992
,,,,,397999,6380.2515,1000,,,,,,,,,,
,,,,,398000,,,-544.943603515625,-6.601064682006836,2.134721040725708,543.851318359375,543.8157958984375,0.08523530422649431,0.003034051973372698,0.0003,0.0003,0.08523765647358375
,,,,,398999,6342.1694,1000,,,,,,,,,,
,,,,,399000,,,-542.7965087890625,-6.115562438964844,2.515061140060425,541.7156372070312,541.6195068359375,0.08633587515008792,-0.0010387292131781578,0.0003,0.0003,0.08633901126759257
,,,,,399999,6360.413,1000,,,,,,,,,,
6334.229,105.97171,6451.1733,6078.246,1000.0,400000,,,-551.3193359375,-5.498136520385742,2.273688316345215,550.1446533203125,550.1533203125,0.08620262772376475,0.03850436583161354,0.0003,0.0003,0.08620131335673442
,,,,,400999,6366.6963,1000,,,,,,,,,,
,,,,,401000,,,-545.34716796875,-6.065384864807129,2.543295383453369,544.0089111328125,544.1844482421875,0.0858926004734387,0.018000539392232895,0.0003,0.0003,0.08589575394320974
,,,,,401999,6327.0986,1000,,,,,,,,,,
,,,,,402000,,,-552.3164672851562,-6.389142036437988,2.778491973876953,551.1697998046875,551.3780517578125,0.08665502058256035,-0.024338852614164352,0.0003,0.0003,0.08666063718295605
,,,,,402999,6198.372,1000,,,,,,,,,,
,,,,,403000,,,-543.63037109375,-6.071673393249512,2.736588954925537,542.7343139648438,542.4718017578125,0.08662484123446748,0.01399325579404831,0.0003,0.0003,0.08662591124598233
,,,,,403999,6370.4907,1000,,,,,,,,,,
,,,,,404000,,,-547.1560668945312,-6.142598628997803,2.655874490737915,546.1561889648438,546.09130859375,0.0859297169512633,0.007888136431574821,0.0003,0.0003,0.08593061267411645
,,,,,404999,6340.521,1000,,,,,,,,,,
6411.669,86.724144,6506.107,6215.356,1000.0,405000,,,-544.81787109375,-6.067077159881592,2.3424878120422363,543.6295166015625,543.6399536132812,0.08514218959898932,-0.009875527583062649,0.0003,0.0003,0.08514302385909221
,,,,,405999,6470.215,1000,,,,,,,,,,
,,,,,406000,,,-547.6954345703125,-5.372682571411133,2.9616737365722656,546.4435424804688,546.2929077148438,0.08589202904263037,0.017103251069784164,0.0003,0.0003,0.08589028757373214
,,,,,406999,6368.6636,1000,,,,,,,,,,
,,,,,407000,,,-549.6416015625,-5.676911354064941,2.7249202728271484,548.5111083984375,548.6380004882812,0.08546749504088035,0.04824378713965416,0.0003,0.0003,0.08546502058257337
,,,,,407999,6351.8594,1000,,,,,,,,,,
,,,,,408000,,,-556.2857666015625,-5.957653522491455,2.596365451812744,555.1884765625,555.1054077148438,0.08617345907906478,0.0018065785989165306,0.0003,0.0003,0.08617301689856086
,,,,,408999,6439.175,1000,,,,,,,,,,
,,,,,409000,,,-556.674560546875,-5.877357482910156,2.5285542011260986,556.060791015625,555.95361328125,0.08535722956995517,0.013668879866600037,0.0003,0.0003,0.08535853786732044
,,,,,409999,6409.123,1000,,,,,,,,,,
6460.82,101.425934,6568.2227,6228.728,1000.0,410000,,,-548.5704956054688,-6.323490142822266,2.333096742630005,546.998779296875,547.2296142578125,0.08482106883713396,-0.02561996877193451,0.0003,0.0003,0.08482285299671868
,,,,,410999,6475.7275,1000,,,,,,,,,,
,,,,,411000,,,-550.7371826171875,-5.832579612731934,3.064110279083252,549.4146118164062,549.5363159179688,0.08573847226002232,0.028910696506500244,0.0003,0.0003,0.0857395693496856
,,,,,411999,6534.6724,1000,,,,,,,,,,
,,,,,412000,,,-551.232666015625,-6.415661811828613,1.9049749374389648,550.0841064453125,550.1427001953125,0.08479568764192624,-0.024298351258039474,0.0003,0.0003,0.08479701614396493
,,,,,412999,6426.903,1000,,,,,,,,,,
,,,,,413000,,,-544.6419677734375,-5.603903770446777,2.1948904991149902,543.831787109375,543.7613525390625,0.08531405838523644,0.01740715280175209,0.0003,0.0003,0.08530755515215634
,,,,,413999,6363.459,1000,,,,,,,,,,
,,,,,414000,,,-558.5843505859375,-5.932604789733887,2.1269478797912598,557.6776123046875,557.3306884765625,0.08608272096050205,0.014320213347673416,0.0003,0.0003,0.08608354927676003
,,,,,414999,6407.833,1000,,,,,,,,,,
6412.122,61.018925,6481.848,6275.4526,1000.0,415000,,,-555.0931396484375,-6.262605667114258,2.025970697402954,553.9368896484375,554.0472412109375,0.08663444147294647,-0.013511262834072113,0.0003,0.0003,0.08663933746896332
,,,,,415999,6357.5005,1000,,,,,,,,,,
,,,,,416000,,,-551.5374755859375,-5.900775909423828,2.471186399459839,550.408935546875,550.4613647460938,0.08562843159035967,-0.01330612599849701,0.0003,0.0003,0.08562279989762481
,,,,,416999,6443.617,1000,,,,,,,,,,
,,,,,417000,,,-560.6573486328125,-5.33376407623291,3.189744472503662,559.5230102539062,559.8493041992188,0.08544518394847643,0.0415266677737236,0.0003,0.0003,0.08544234879896018
,,,,,417999,6396.081,1000,,,,,,,,,,
,,,,,418000,,,-554.1971435546875,-6.247752666473389,2.619474411010742,552.7839965820312,552.8263549804688,0.08538766797188753,-0.010146881453692913,0.0003,0.0003,0.08539077588842199
,,,,,418999,6430.0435,1000,,,,,,,,,,
,,,,,419000,,,-561.3984985351562,-5.497529983520508,1.8065659999847412,560.56103515625,560.6307373046875,0.08520535914102197,0.04786042124032974,0.0003,0.0003,0.08520526488823528
,,,,,419999,6418.493,1000,,,,,,,,,,
6476.503,99.196144,6573.686,6256.018,1000.0,420000,,,-560.4439086914062,-5.815812110900879,2.188204526901245,559.4991455078125,559.5955810546875,0.08471304968307827,0.001078527420759201,0.0003,0.0003,0.08471370838557729
,,,,,420999,6548.992,1000,,,,,,,,,,
,,,,,421000,,,-562.5516357421875,-6.392855644226074,2.215275764465332,561.406494140625,561.343505859375,0.08429867312499907,-0.02497522160410881,0.0003,0.0003,0.08430479371787203
,,,,,421999,6178.0894,1000,,,,,,,,,,
,,,,,422000,,,-560.6029052734375,-5.888980388641357,2.5876245498657227,559.7509765625,559.45166015625,0.08565021973481779,-0.0006693461909890175,0.0003,0.0003,0.08564815942513489
,,,,,422999,6440.4604,1000,,,,,,,,,,
,,,,,423000,,,-552.9970703125,-6.003196716308594,2.5087931156158447,551.6864013671875,551.7364501953125,0.08512779669872844,0.016855645924806595,0.0003,0.0003,0.08512882806686756
,,,,,423999,6466.277,1000,,,,,,,,,,
,,,,,424000,,,-553.5628662109375,-5.6032185554504395,1.9759432077407837,552.3175659179688,552.3209838867188,0.08480798146960682,0.02789974957704544,0.0003,0.0003,0.08480983925484975
,,,,,424999,6521.805,1000,,,,,,,,,,
6451.8706,27.66406,6501.093,6419.64,1000.0,425000,,,-563.4737548828125,-5.962003707885742,3.442720890045166,562.7489624023438,562.3472900390625,0.08520495892108826,-0.014329307712614536,0.0003,0.0003,0.08520383173921026
,,,,,425999,5823.048,1000,,,,,,,,,,
,,,,,426000,,,-562.0072021484375,-5.6339497566223145,2.4902379512786865,560.962158203125,561.0637817382812,0.08530243591445706,0.0007557440549135208,0.0003,0.0003,0.08530188364590838
,,,,,426999,6519.6807,1000,,,,,,,,,,
,,,,,427000,,,-562.7755126953125,-5.7394938468933105,2.548943281173706,561.783203125,561.9215087890625,0.08495518787117387,-0.00044553540647029877,0.0003,0.0003,0.08495967670214445
,,,,,427999,6462.6055,1000,,,,,,,,,,
,,,,,428000,,,-571.45263671875,-6.181195259094238,1.9413588047027588,570.2364501953125,570.0313720703125,0.08543473480268532,-0.0395052433013916,0.0003,0.0003,0.08543757955021869
,,,,,428999,6376.4673,1000,,,,,,,,,,
,,,,,429000,,,-561.0157470703125,-5.639215469360352,2.046295642852783,560.02587890625,560.1490478515625,0.08528706236719352,0.033583324402570724,0.0003,0.0003,0.08528361041802739
,,,,,429999,6416.6743,1000,,,,,,,,,,
6469.1274,129.5095,6591.5728,6180.803,1000.0,430000,,,-557.776611328125,-5.791499137878418,2.177323818206787,556.43408203125,556.2810668945312,0.08441318200498216,0.022252202033996582,0.0003,0.0003,0.08441586434352782
,,,,,430999,6451.429,1000,,,,,,,,,,
,,,,,431000,,,-563.5010986328125,-6.27509880065918,1.972609519958496,562.101318359375,562.1209716796875,0.08467435819588623,-0.0346684493124485,0.0003,0.0003,0.08467705930253751
,,,,,431999,6483.3364,1000,,,,,,,,,,
,,,,,432000,,,-557.948486328125,-5.8524250984191895,2.2459616661071777,556.704833984375,556.6865844726562,0.08497607407962768,0.00010169297456741333,0.0003,0.0003,0.084975677193094
,,,,,432999,6576.4746,1000,,,,,,,,,,
,,,,,433000,,,-562.1171264648438,-5.632149696350098,2.8967971801757812,560.8069458007812,560.7359008789062,0.0846784263467256,-0.0007368181832134724,0.0003,0.0003,0.0846805452107584
,,,,,433999,6425.644,1000,,,,,,,,,,
,,,,,434000,,,-561.2833862304688,-6.3301496505737305,2.511089563369751,560.2197265625,560.4484252929688,0.08592906098219665,-0.014636832289397717,0.0003,0.0003,0.08592758884032553
,,,,,434999,6518.2773,1000,,,,,,,,,,
6506.9736,51.905064,6580.4644,6409.798,1000.0,435000,,,-565.9426879882812,-5.642406940460205,2.317929267883301,565.0921630859375,564.8406982421875,0.08534435861689837,0.030925383791327477,0.0003,0.0003,0.08533924665255488
,,,,,435999,6518.1465,1000,,,,,,,,,,
,,,,,436000,,,-568.7200927734375,-6.375171661376953,2.3809547424316406,567.6454467773438,567.3751831054688,0.08531874502437742,-0.024174587801098824,0.0003,0.0003,0.0853234806365501
,,,,,436999,6515.8457,1000,,,,,,,,,,
,,,,,437000,,,-560.326171875,-6.218289375305176,2.219635009765625,558.7400512695312,559.0126953125,0.08559898175628693,-0.00314269308000803,0.0003,0.0003,0.08559997455014444
,,,,,437999,6433.5273,1000,,,,,,,,,,
,,,,,438000,,,-567.5379028320312,-6.315913677215576,1.9212419986724854,566.3189697265625,566.1807250976562,0.08524675792612718,-0.03292413055896759,0.0003,0.0003,0.08525165604444862
,,,,,438999,6590.302,1000,,,,,,,,,,
,,,,,439000,,,-574.1318359375,-5.30996036529541,2.0268030166625977,573.1544189453125,573.1173095703125,0.08500054601595709,0.04632914438843727,0.0003,0.0003,0.08500065132355647
,,,,,439999,6545.0073,1000,,,,,,,,,,
6567.6533,62.699177,6658.778,6443.2827,1000.0,440000,,,-568.5637817382812,-5.858853816986084,2.30808162689209,567.5172729492188,567.468994140625,0.08564313874774623,0.0484299436211586,0.0003,0.0003,0.08564263100992256
,,,,,440999,6610.7446,1000,,,,,,,,,,
,,,,,441000,,,-565.1614379882812,-6.066168785095215,2.284163475036621,564.00537109375,563.802490234375,0.08620729004435827,0.006724870763719082,0.0003,0.0003,0.08620750204044045
,,,,,441999,6625.3735,1000,,,,,,,,,,
,,,,,442000,,,-565.6328125,-6.062572002410889,2.910783052444458,564.69775390625,564.2977294921875,0.086263277194216,0.000489342026412487,0.0003,0.0003,0.08626067533442895
,,,,,442999,6569.186,1000,,,,,,,,,,
,,,,,443000,,,-568.8065185546875,-6.074069023132324,2.687985897064209,567.5841064453125,567.4352416992188,0.08598442614925526,-0.009264303371310234,0.0003,0.0003,0.08598345233935799
,,,,,443999,6454.6387,1000,,,,,,,,,,
,,,,,444000,,,-571.2993774414062,-6.147863864898682,2.0085513591766357,570.4767456054688,570.230224609375,0.08597461720026234,0.010430358350276947,0.0003,0.0003,0.0859739111164697
,,,,,444999,6718.6396,1000,,,,,,,,,,
6600.1377,65.91457,6694.2407,6479.217,1000.0,445000,,,-572.6131591796875,-5.845698833465576,2.363978385925293,571.7659912109375,571.4945068359375,0.08587631929089298,0.03622855246067047,0.0003,0.0003,0.08587761750488754
,,,,,445999,6648.1934,1000,,,,,,,,,,
,,,,,446000,,,-566.150634765625,-6.059752464294434,2.409003257751465,564.9556884765625,564.724609375,0.08605083272699597,-0.012056885287165642,0.0003,0.0003,0.08605088292634056
,,,,,446999,6580.189,1000,,,,,,,,,,
,,,,,447000,,,-568.40771484375,-6.13941764831543,2.4878149032592773,567.1968994140625,567.136962890625,0.0868578792434502,-0.013051711954176426,0.0003,0.0003,0.08685736910469513
,,,,,447999,6573.5923,1000,,,,,,,,,,
,,,,,448000,,,-573.6026611328125,-5.535789489746094,1.9807831048965454,572.2178955078125,572.4940185546875,0.08640647175323794,0.022276535630226135,0.0003,0.0003,0.08640846426465254
,,,,,448999,6530.709,1000,,,,,,,,,,
,,,,,449000,,,-572.23681640625,-5.756916522979736,2.492478370666504,571.002685546875,570.8997802734375,0.08522074001501795,0.01278518047183752,0.0003,0.0003,0.08521756652780099
,,,,,449999,6486.2485,1000,,,,,,,,,,
6561.553,62.773827,6637.1343,6430.125,1000.0,450000,,,-570.569091796875,-5.49369478225708,2.99918794631958,569.2149658203125,569.5625,0.08484516498810626,0.04177119582891464,0.0003,0.0003,0.08484355887599183
,,,,,450999,6474.015,1000,,,,,,,,,,
,,,,,451000,,,-575.97216796875,-6.101587295532227,2.6766748428344727,575.0719604492188,574.837646484375,0.08571663079813174,-0.024582508951425552,0.0003,0.0003,0.08571662962267591
,,,,,451999,6609.3765,1000,,,,,,,,,,
,,,,,452000,,,-578.0889282226562,-5.914987087249756,2.259227991104126,577.378173828125,577.403564453125,0.08664608461085324,0.00023058243095874786,0.0003,0.0003,0.08664794096935818
,,,,,452999,6616.2217,1000,,,,,,,,,,
,,,,,453000,,,-576.208740234375,-6.082886695861816,2.1927945613861084,575.2778930664062,575.46337890625,0.08671167043143303,-0.009906538762152195,0.0003,0.0003,0.08671170345436366
,,,,,453999,6633.27,1000,,,,,,,,,,
,,,,,454000,,,-569.3668823242188,-6.269057273864746,2.3391294479370117,568.0462646484375,568.0717163085938,0.0862954784355631,-0.0220428965985775,0.0003,0.0003,0.08629645508790978
,,,,,454999,6659.861,1000,,,,,,,,,,
6689.362,50.18939,6774.0093,6621.4453,1000.0,455000,,,-580.306640625,-5.864895820617676,2.4237265586853027,579.3402709960938,579.1480712890625,0.08689817168958461,0.029529016464948654,0.0003,0.0003,0.08689762182101499
,,,,,455999,6601.807,1000,,,,,,,,,,
,,,,,456000,,,-573.2819213867188,-5.868575096130371,1.77409029006958,572.3040771484375,572.4759521484375,0.08622394149445314,0.018295643851161003,0.0003,0.0003,0.0862231050224504
,,,,,456999,6693.588,1000,,,,,,,,,,
,,,,,457000,,,-577.2357177734375,-6.018304824829102,1.4168481826782227,575.9877319335938,576.0897827148438,0.08614589268995715,0.003910966217517853,0.0003,0.0003,0.0861449778835422
,,,,,457999,6669.8076,1000,,,,,,,,,,
,,,,,458000,,,-580.6508178710938,-6.173356056213379,1.7573792934417725,579.5160522460938,579.486083984375,0.08602690758692985,0.006534735672175884,0.0003,0.0003,0.08602667555539761
,,,,,458999,6583.8843,1000,,,,,,,,,,
,,,,,459000,,,-576.5704345703125,-6.404965400695801,2.425431489944458,575.3445434570312,575.1443481445312,0.08666672587617183,-0.027598412707448006,0.0003,0.0003,0.08667108288615133
,,,,,459999,6620.4814,1000,,,,,,,,,,
6632.376,51.122116,6703.2046,6551.8955,1000.0,460000,,,-579.9174194335938,-5.985969543457031,3.108182430267334,578.8900146484375,578.7734375,0.08657498633541262,0.005228805355727673,0.0003,0.0003,0.08657271664565366
,,,,,460999,6612.4375,1000,,,,,,,,,,
,,,,,461000,,,-580.8236694335938,-5.840785503387451,1.902858018875122,579.6678466796875,579.7064208984375,0.08680326679098656,0.012995499186217785,0.0003,0.0003,0.08680232158103988
,,,,,461999,6575.6724,1000,,,,,,,,,,
,,,,,462000,,,-582.0184326171875,-5.835232734680176,2.813525915145874,580.6873168945312,580.5836791992188,0.08671975294035777,0.012299705296754837,0.0003,0.0003,0.08671329141472073
,,,,,462999,6768.1377,1000,,,,,,,,,,
,,,,,463000,,,-568.9617919921875,-5.8124494552612305,2.009866237640381,567.4013671875,567.4569702148438,0.0873341865414586,0.021396800875663757,0.0003,0.0003,0.08733392026884373
,,,,,463999,6639.4575,1000,,,,,,,,,,
,,,,,464000,,,-584.55712890625,-5.779152870178223,2.55983567237854,583.6508178710938,583.72021484375,0.08747260474856422,0.02295874059200287,0.0003,0.0003,0.08747397204500502
,,,,,464999,6704.4014,1000,,,,,,,,,,
6749.3296,48.842552,6813.476,6654.3843,1000.0,465000,,,-582.7830200195312,-5.361198425292969,2.0900931358337402,581.5866088867188,581.755615234375,0.08803492498273292,0.03571818768978119,0.0003,0.0003,0.08802854525082784
,,,,,465999,6757.196,1000,,,,,,,,,,
,,,,,466000,,,-577.3942260742188,-6.043590545654297,2.308725357055664,576.0974731445312,576.204345703125,0.08846250678206777,0.02118169330060482,0.0003,0.0003,0.08846278002345262
,,,,,466999,6512.5303,1000,,,,,,,,,,
,,,,,467000,,,-585.6552734375,-6.191531181335449,2.2528162002563477,584.7423095703125,584.3191528320312,0.08889877420992034,-0.02202129177749157,0.0003,0.0003,0.08889768985515792
,,,,,467999,6707.5483,1000,,,,,,,,,,
,,,,,468000,,,-579.462158203125,-5.601939678192139,1.768652319908142,578.21435546875,578.1038208007812,0.08837914562548771,0.011653656139969826,0.0003,0.0003,0.08837690963015336
,,,,,468999,6662.5977,1000,,,,,,,,,,
,,,,,469000,,,-578.2808837890625,-6.183979511260986,2.6051154136657715,576.99560546875,577.0452880859375,0.08920452633086733,-0.009779714047908783,0.0003,0.0003,0.0892039138810639
,,,,,469999,6841.5757,1000,,,,,,,,,,
6776.746,135.29662,6872.319,6381.5845,1000.0,470000,,,-591.211181640625,-5.706485271453857,1.6764506101608276,590.4759521484375,590.371337890625,0.08903818050346293,0.006936719175428152,0.0003,0.0003,0.08903929420284379
,,,,,470999,6735.5615,1000,,,,,,,,,,
,,,,,471000,,,-586.833740234375,-6.047432899475098,2.7893857955932617,585.8670654296875,585.9730224609375,0.08854097335017058,-0.015194189734756947,0.0003,0.0003,0.08854047109161328
,,,,,471999,6835.188,1000,,,,,,,,,,
,,,,,472000,,,-584.2772827148438,-6.1737141609191895,2.188145160675049,582.71435546875,583.1266479492188,0.08856663128217938,-0.014471089467406273,0.0003,0.0003,0.08856697716839537
,,,,,472999,6703.998,1000,,,,,,,,,,
,,,,,473000,,,-587.82763671875,-5.8107590675354,1.9345020055770874,586.7135620117188,586.7591552734375,0.08782660800949113,-0.007982542738318443,0.0003,0.0003,0.0878263667372053
,,,,,473999,6789.033,1000,,,,,,,,,,
,,,,,474000,,,-585.10546875,-5.761421203613281,1.6716177463531494,583.84326171875,584.0319213867188,0.08800525382235004,0.03336133062839508,0.0003,0.0003,0.0880022220344525
,,,,,474999,6722.3535,1000,,,,,,,,,,
6849.763,48.14209,6928.3853,6771.3467,1000.0,475000,,,-579.6276245117188,-6.0132036209106445,1.8746991157531738,578.341064453125,578.31494140625,0.08845729620106464,-0.027967413887381554,0.0003,0.0003,0.08846167202510467
,,,,,475999,6713.564,1000,,,,,,,,,,
,,,,,476000,,,-586.5230712890625,-6.360377788543701,2.357139825820923,585.3607788085938,585.33447265625,0.08927053936883562,-0.029708994552493095,0.0003,0.0003,0.08926806292526959
,,,,,476999,6799.878,1000,,,,,,,,,,
,,,,,477000,,,-583.9976806640625,-6.179165840148926,1.8950634002685547,582.7154541015625,582.5650634765625,0.08932574326290882,-0.022135240957140923,0.0003,0.0003,0.08933151238992396
,,,,,477999,6729.1685,1000,,,,,,,,,,
,,,,,478000,,,-582.9022216796875,-6.002744197845459,2.1110007762908936,582.046142578125,581.8675537109375,0.08881498790348759,0.015193283557891846,0.0003,0.0003,0.08881173779313754
,,,,,478999,6833.453,1000,,,,,,,,,,
,,,,,479000,,,-586.985107421875,-6.022706985473633,2.0592167377471924,586.2320556640625,586.35400390625,0.08937365727744963,0.01508188433945179,0.0003,0.0003,0.08937153726030785
,,,,,479999,6835.4966,1000,,,,,,,,,,
6810.271,76.382195,6896.9526,6655.262,1000.0,480000,,,-591.2198486328125,-5.51349401473999,2.1246724128723145,590.2167358398438,590.3510131835938,0.08994978585211634,0.024258550256490707,0.0003,0.0003,0.08994891844072683
,,,,,480999,6801.9907,1000,,,,,,,,,,
,,,,,481000,,,-589.2413940429688,-5.883891582489014,2.202176094055176,588.2879638671875,588.149169921875,0.08963742919114111,0.021624919027090073,0.0003,0.0003,0.08963557203998193
,,,,,481999,6696.4634,1000,,,,,,,,,,
,,,,,482000,,,-585.8355102539062,-6.25435733795166,2.2104618549346924,584.88330078125,584.8412475585938,0.08933704936418597,-0.009254196658730507,0.0003,0.0003,0.08933809834033897
,,,,,482999,6857.883,1000,,,,,,,,,,
,,,,,483000,,,-589.4166259765625,-5.876373291015625,3.0456862449645996,588.51025390625,588.5908813476562,0.08805027264603751,-0.007012226153165102,0.0003,0.0003,0.08805334278736386
,,,,,483999,6052.1396,1000,,,,,,,,,,
,,,,,484000,,,-589.9620361328125,-6.373066425323486,2.3624355792999268,588.6309814453125,588.611083984375,0.08818137708717347,-0.01883149892091751,0.0003,0.0003,0.08818888737585406
,,,,,484999,6935.658,1000,,,,,,,,,,
6709.319,175.5568,6809.2617,6198.279,1000.0,485000,,,-586.0521850585938,-6.136726379394531,1.9393457174301147,584.8404541015625,584.8480834960938,0.08937631612053135,0.007119670510292053,0.0003,0.0003,0.08938038124678578
,,,,,485999,6826.317,1000,,,,,,,,,,
,,,,,486000,,,-593.992431640625,-6.050473213195801,2.028588056564331,593.06298828125,593.2728271484375,0.0897592546848356,5.178432911634445e-05,0.0003,0.0003,0.08975992630041019
,,,,,486999,6728.557,1000,,,,,,,,,,
,,,,,487000,,,-587.41650390625,-5.9291229248046875,2.029287338256836,586.0848388671875,586.4995727539062,0.08958614108635328,0.004264185670763254,0.0003,0.0003,0.0895879670100047
,,,,,487999,6869.036,1000,,,,,,,,,,
,,,,,488000,,,-590.33056640625,-5.754765510559082,2.4073126316070557,589.0826416015625,589.1707153320312,0.08965990666606526,0.019275736063718796,0.0003,0.0003,0.08965949454377654
,,,,,488999,6821.063,1000,,,,,,,,,,
,,,,,489000,,,-588.8958740234375,-5.666317939758301,2.713754653930664,587.5330810546875,587.5552978515625,0.09054408848439416,0.012248098850250244,0.0003,0.0003,0.09054541522480179
,,,,,489999,6828.865,1000,,,,,,,,,,
6802.8623,38.291973,6881.583,6736.1377,1000.0,490000,,,-594.0255737304688,-5.894838333129883,2.1039304733276367,592.848876953125,593.105712890625,0.09049193979442433,0.04303646832704544,0.0003,0.0003,0.09049059111475471
,,,,,490999,6904.652,1000,,,,,,,,,,
,,,,,491000,,,-596.353271484375,-5.832029819488525,1.562255620956421,595.5438842773438,595.5447387695312,0.08993426540663854,0.0009636892937123775,0.0003,0.0003,0.08993309386818425
,,,,,491999,6899.8125,1000,,,,,,,,,,
,,,,,492000,,,-588.5667114257812,-5.6749114990234375,3.156475067138672,587.1616821289062,587.6673583984375,0.09030175646602827,0.054810233414173126,0.0003,0.0003,0.09029625042602499
,,,,,492999,6899.903,1000,,,,,,,,,,
,,,,,493000,,,-589.6468505859375,-6.159369468688965,2.6850790977478027,588.467041015625,588.259033203125,0.09021204374625234,-0.0026230677030980587,0.0003,0.0003,0.09021436388573606
,,,,,493999,6862.821,1000,,,,,,,,,,
,,,,,494000,,,-589.0210571289062,-5.923429012298584,2.5580005645751953,587.54443359375,587.3203125,0.09019320526212508,-0.018890606239438057,0.0003,0.0003,0.09019447315173275
,,,,,494999,6831.9272,1000,,,,,,,,,,
6860.0625,47.052265,6915.848,6758.886,1000.0,495000,,,-595.00244140625,-5.599856376647949,2.360074996948242,594.0639038085938,593.6988525390625,0.0907460064847312,0.017616594210267067,0.0003,0.0003,0.09074572539916619
,,,,,495999,6896.7725,1000,,,,,,,,,,
,,,,,496000,,,-591.596923828125,-6.328268051147461,2.307208776473999,590.7587280273438,590.636474609375,0.09138344224105342,-0.024799779057502747,0.0003,0.0003,0.09138357223768782
,,,,,496999,6776.692,1000,,,,,,,,,,
,,,,,497000,,,-597.829833984375,-5.717689514160156,2.2628183364868164,597.0421752929688,597.06884765625,0.0918785483367123,0.013046419247984886,0.0003,0.0003,0.09187267179738878
,,,,,497999,6809.13,1000,,,,,,,,,,
,,,,,498000,,,-595.114990234375,-6.177613258361816,2.1149754524230957,594.0939331054688,594.3841552734375,0.09099531413032526,-0.016123630106449127,0.0003,0.0003,0.09099523635755276
,,,,,498999,6961.213,1000,,,,,,,,,,
,,,,,499000,,,-603.0755615234375,-5.606492042541504,2.0926997661590576,602.004150390625,601.9154052734375,0.09010544393805472,0.03756412863731384,0.0003,0.0003,0.09010702195436565
,,,,,499999,6876.9243,1000,,,,,,,,,,
6584.1797,1062.6136,7025.718,3400.0618,1000.0,500000,,,-596.6331787109375,-5.861858367919922,2.4414186477661133,595.58349609375,595.37255859375,0.09072766816945553,0.006410636939108372,0.0003,0.0003,0.09072600200558163
,,,,,500999,6956.044,1000,,,,,,,,,,
,,,,,501000,,,-596.6339111328125,-6.261343955993652,2.758134126663208,595.20849609375,595.147705078125,0.09111584150551583,-0.01711968705058098,0.0003,0.0003,0.09111514549009411
,,,,,501999,6919.167,1000,,,,,,,,,,
,,,,,502000,,,-596.2666625976562,-6.312491416931152,1.953445553779602,595.1156616210938,595.2288818359375,0.09194186505349361,-0.017632998526096344,0.0003,0.0003,0.09194220293072347
,,,,,502999,6977.155,1000,,,,,,,,,,
,,,,,503000,,,-595.520263671875,-5.696166038513184,1.6062449216842651,594.2445068359375,594.2122802734375,0.09151685611648311,0.022567549720406532,0.0003,0.0003,0.09151904106196933
,,,,,503999,6824.504,1000,,,,,,,,,,
,,,,,504000,,,-600.7108154296875,-5.758645057678223,2.4650235176086426,599.5921630859375,600.10595703125,0.09136287544127006,0.014142551459372044,0.0003,0.0003,0.09136338898127955
,,,,,504999,6872.835,1000,,,,,,,,,,
7031.4243,48.034172,7106.7583,6943.0386,1000.0,505000,,,-601.6253662109375,-5.970615386962891,2.4132633209228516,600.70703125,600.5888671875,0.0917065218022068,-0.016346165910363197,0.0003,0.0003,0.0917085760278672
,,,,,505999,6918.464,1000,,,,,,,,,,
,,,,,506000,,,-600.2174072265625,-5.856437683105469,2.0572192668914795,599.1004028320312,599.0574340820312,0.09219849066028932,0.014173164032399654,0.0003,0.0003,0.09219535007763902
,,,,,506999,6943.9434,1000,,,,,,,,,,
,,,,,507000,,,-600.0618896484375,-6.040925025939941,2.9984750747680664,598.849365234375,599.0699462890625,0.09226590918127862,0.009184160269796848,0.0003,0.0003,0.0922679211998593
,,,,,507999,6991.043,1000,,,,,,,,,,
,,,,,508000,,,-598.62255859375,-6.154084205627441,2.0703253746032715,597.6194458007812,597.5206298828125,0.09213328439278505,-0.022522538900375366,0.0003,0.0003,0.09213607678960917
,,,,,508999,6884.572,1000,,,,,,,,,,
,,,,,509000,,,-604.6818237304688,-6.312424659729004,2.148128032684326,603.150146484375,603.274169921875,0.0925222704491003,-0.028452593833208084,0.0003,0.0003,0.09252660749944716
,,,,,509999,7029.93,1000,,,,,,,,,,
7020.46,51.836277,7091.627,6952.181,1000.0,510000,,,-603.314697265625,-6.2300872802734375,3.4170002937316895,602.0833740234375,602.3084106445312,0.09318169675295783,-0.012413213029503822,0.0003,0.0003,0.09318100418073597
,,,,,510999,6895.9336,1000,,,,,,,,,,
,,,,,511000,,,-601.89111328125,-6.259387016296387,2.842604160308838,600.8759155273438,600.9403076171875,0.09346201809616198,-0.03267143666744232,0.0003,0.0003,0.09346566008598559
,,,,,511999,6901.3447,1000,,,,,,,,,,
,,,,,512000,,,-601.8322143554688,-6.611906051635742,2.2315659523010254,600.414794921875,600.4423828125,0.09312962498646842,-0.04207119345664978,0.0003,0.0003,0.09313164955477425
,,,,,512999,6983.216,1000,,,,,,,,,,
,,,,,513000,,,-597.8374633789062,-5.919271469116211,2.476315498352051,596.5481567382812,596.7742919921875,0.09323227889554868,0.0030880868434906006,0.0003,0.0003,0.0932321324008792
,,,,,513999,6998.3965,1000,,,,,,,,,,
,,,,,514000,,,-603.60498046875,-6.342309951782227,2.3664984703063965,602.4188232421875,602.462158203125,0.09361942177399997,-0.02356765791773796,0.0003,0.0003,0.09362238663073588
,,,,,514999,6983.3545,1000,,,,,,,,,,
7041.3335,46.585297,7132.3374,6956.166,1000.0,515000,,,-603.8236083984375,-6.096343040466309,2.2266244888305664,603.076171875,603.1712036132812,0.09318314311642338,-0.022824563086032867,0.0003,0.0003,0.09318268102349835
,,,,,515999,6992.0435,1000,,,,,,,,,,
,,,,,516000,,,-602.69677734375,-5.889288902282715,2.1944494247436523,601.4315185546875,601.6396484375,0.09329121811793835,-0.003693952690809965,0.0003,0.0003,0.0932872280806144
,,,,,516999,6996.223,1000,,,,,,,,,,
,,,,,517000,,,-600.4227294921875,-5.761264324188232,2.495736837387085,599.3677978515625,598.9883422851562,0.09382067264437739,0.005883392877876759,0.0003,0.0003,0.09382000492677313
,,,,,517999,7027.381,1000,,,,,,,,,,
,,,,,518000,,,-608.86328125,-5.732359886169434,2.3774056434631348,607.9791259765625,608.19189453125,0.09435916528733433,0.04649476706981659,0.0003,0.0003,0.09435688579009283
,,,,,518999,6907.442,1000,,,,,,,,,,
,,,,,519000,,,-609.3745727539062,-6.626778602600098,2.9643380641937256,608.4888916015625,607.8826904296875,0.09323370431929451,-0.03575509041547775,0.0003,0.0003,0.09323565333459075
,,,,,519999,7041.3203,1000,,,,,,,,,,
6905.9385,46.530617,6986.336,6815.3345,1000.0,520000,,,-608.4805297851562,-6.130090713500977,2.744640350341797,607.7759399414062,607.947998046875,0.09310678497776854,-0.006486600264906883,0.0003,0.0003,0.09310728946796241
,,,,,520999,7013.522,1000,,,,,,,,,,
,,,,,521000,,,-608.958740234375,-5.869187831878662,1.8633770942687988,607.9259033203125,607.8740844726562,0.0925466785228727,0.006943471264094114,0.0003,0.0003,0.09255078455928074
,,,,,521999,7060.2217,1000,,,,,,,,,,
,,,,,522000,,,-609.5696411132812,-5.78679084777832,2.3708105087280273,608.9566650390625,608.6954345703125,0.09318081408722294,-0.0073987990617752075,0.0003,0.0003,0.093179462975681
,,,,,522999,6985.0444,1000,,,,,,,,,,
,,,,,523000,,,-608.333984375,-6.198671340942383,2.0261611938476562,606.9042358398438,607.151123046875,0.09237379287604218,0.0001314268447458744,0.0003,0.0003,0.09237800860394293
,,,,,523999,7039.2993,1000,,,,,,,,,,
,,,,,524000,,,-605.4571533203125,-5.8629045486450195,2.3315796852111816,604.220458984375,604.4490966796875,0.09302264046767561,0.0038306796923279762,0.0003,0.0003,0.09302299523561944
,,,,,524999,6771.143,1000,,,,,,,,,,
6927.6104,337.75177,7093.1465,5918.9087,1000.0,525000,,,-608.3023071289062,-6.197911262512207,2.340562582015991,607.2329711914062,607.0518798828125,0.09272300647627049,0.007090350612998009,0.0003,0.0003,0.09272593335921415
,,,,,525999,7075.253,1000,,,,,,,,,,
,,,,,526000,,,-614.1312255859375,-5.9836015701293945,1.5010435581207275,613.113525390625,613.192138671875,0.09378113036616671,-0.0010529719293117523,0.0003,0.0003,0.09378307369321567
,,,,,526999,7050.2534,1000,,,,,,,,,,
,,,,,527000,,,-616.2665405273438,-5.851943016052246,2.13985013961792,615.008056640625,615.1838989257812,0.09348545427822263,-0.000532989390194416,0.0003,0.0003,0.09348748217971428
,,,,,527999,7090.3125,1000,,,,,,,,,,
,,,,,528000,,,-604.3938598632812,-5.946017265319824,2.147332191467285,603.0467529296875,603.0209350585938,0.09398703456823984,0.01743195205926895,0.0003,0.0003,0.09398552264313478
,,,,,528999,6033.784,1000,,,,,,,,,,
,,,,,529000,,,-609.4009399414062,-5.952714920043945,2.5796098709106445,608.416015625,608.537109375,0.093885936130811,-0.020787876099348068,0.0003,0.0003,0.09388746344023902
,,,,,529999,7102.929,1000,,,,,,,,,,
7060.7705,63.16502,7130.479,6933.3506,1000.0,530000,,,-612.5595703125,-6.1549763679504395,2.2576804161071777,611.687744140625,611.5927734375,0.09415701483887123,0.005295535549521446,0.0003,0.0003,0.09415802256863554
,,,,,530999,6988.6553,1000,,,,,,,,,,
,,,,,531000,,,-610.070068359375,-6.037295818328857,2.4463813304901123,608.6676025390625,608.807861328125,0.09385962329427282,0.030164042487740517,0.0003,0.0003,0.0938555074899805
,,,,,531999,6428.7456,1000,,,,,,,,,,
,,,,,532000,,,-609.8911743164062,-6.372368812561035,2.583517074584961,608.6588745117188,608.617431640625,0.09402969385349444,-0.006946766749024391,0.0003,0.0003,0.09402627186508493
,,,,,532999,6847.264,1000,,,,,,,,,,
,,,,,533000,,,-617.2109375,-5.628355503082275,2.0383615493774414,616.5481567382812,616.6253051757812,0.0942233820594008,0.05398724600672722,0.0003,0.0003,0.09421737048032254
,,,,,533999,7085.9644,1000,,,,,,,,,,
,,,,,534000,,,-616.835205078125,-5.775625228881836,2.2615132331848145,615.8145141601562,615.6256103515625,0.09400475827207395,-0.000427410239353776,0.0003,0.0003,0.09400063404903493
,,,,,534999,6865.134,1000,,,,,,,,,,
7004.4077,42.771805,7057.8125,6946.6465,1000.0,535000,,,-611.7180786132812,-6.224325656890869,2.008629083633423,610.3868408203125,610.242431640625,0.0936299022546347,-0.009101390838623047,0.0003,0.0003,0.09363208805965113
,,,,,535999,6980.783,1000,,,,,,,,,,
,,,,,536000,,,-613.7152709960938,-5.8045244216918945,2.4546616077423096,612.64501953125,612.8248291015625,0.0930833567983143,-0.003256109543144703,0.0003,0.0003,0.09308571604410712
,,,,,536999,7084.588,1000,,,,,,,,,,
,,,,,537000,,,-617.361328125,-6.572902679443359,2.270798444747925,616.377685546875,616.4328002929688,0.09357024641647035,-0.0406029149889946,0.0003,0.0003,0.09357567323083389
,,,,,537999,7005.2114,1000,,,,,,,,,,
,,,,,538000,,,-611.6498413085938,-5.875990867614746,3.335782527923584,610.1806640625,610.0636596679688,0.09377255674121844,-0.020377177745103836,0.0003,0.0003,0.09377264445644931
,,,,,538999,7031.0264,1000,,,,,,,,,,
,,,,,539000,,,-618.72607421875,-5.832947731018066,2.8639473915100098,617.8055419921875,617.4635009765625,0.09382850009137995,0.004759050905704498,0.0003,0.0003,0.09382686704169213
,,,,,539999,7130.624,1000,,,,,,,,,,
7170.2954,61.42406,7273.81,7061.188,1000.0,540000,,,-616.58984375,-6.181927680969238,2.451282024383545,615.536376953125,615.609130859375,0.09387736036547445,-0.021490121260285378,0.0003,0.0003,0.09387992691941065
,,,,,540999,5978.279,1000,,,,,,,,,,
,,,,,541000,,,-611.826171875,-6.304974555969238,2.22011661529541,610.3970947265625,610.572509765625,0.09361317110336952,-0.013346354477107525,0.0003,0.0003,0.0936192778031789
,,,,,541999,7058.568,1000,,,,,,,,,,
,,,,,542000,,,-611.8572998046875,-6.271854877471924,3.1637752056121826,610.518798828125,610.736572265625,0.09419172615234271,-0.014553866349160671,0.0003,0.0003,0.09418515673773005
,,,,,542999,7057.686,1000,,,,,,,,,,
,,,,,543000,,,-620.5281982421875,-5.788816452026367,2.1916005611419678,619.5950927734375,619.8162231445312,0.09449646006837349,0.027374854311347008,0.0003,0.0003,0.09449117022327107
,,,,,543999,7116.9834,1000,,,,,,,,,,
,,,,,544000,,,-614.0810546875,-5.935336112976074,2.3392343521118164,612.8623046875,613.1183471679688,0.09356264481156157,-0.010473642498254776,0.0003,0.0003,0.09356567323926476
,,,,,544999,7103.163,1000,,,,,,,,,,
7143.947,67.345726,7247.706,7042.9785,1000.0,545000,,,-615.1539916992188,-6.072144031524658,2.527268409729004,614.34716796875,614.277099609375,0.09311893777321854,0.011599883437156677,0.0003,0.0003,0.09311984011565053
,,,,,545999,7030.519,1000,,,,,,,,,,
,,,,,546000,,,-612.78271484375,-6.316555976867676,2.1656172275543213,611.614013671875,611.6763916015625,0.09297968214418166,-0.01160438358783722,0.0003,0.0003,0.09297933797512628
,,,,,546999,7125.4766,1000,,,,,,,,,,
,,,,,547000,,,-617.4405517578125,-6.125207901000977,2.2369229793548584,616.2081909179688,616.1749267578125,0.09296744000877506,-0.01672535389661789,0.0003,0.0003,0.0929671633444365
,,,,,547999,7079.255,1000,,,,,,,,,,
,,,,,548000,,,-620.3677368164062,-6.170421600341797,2.4207396507263184,619.1351928710938,619.1148681640625,0.09313031655297295,0.011403020471334457,0.0003,0.0003,0.09312929144965816
,,,,,548999,7195.484,1000,,,,,,,,,,
,,,,,549000,,,-619.610595703125,-5.405941009521484,3.4739246368408203,618.460205078125,618.3819580078125,0.09432159927032827,0.061958324164152145,0.0003,0.0003,0.09432157295098033
,,,,,549999,6846.05,1000,,,,,,,,,,
7132.139,57.676304,7238.1777,7042.5117,1000.0,550000,,,-623.830078125,-6.132574558258057,2.3913779258728027,623.1652221679688,622.9012451171875,0.09410703076805038,0.004266924690455198,0.0003,0.0003,0.09410640994986161
,,,,,550999,7124.551,1000,,,,,,,,,,
,,,,,551000,,,-615.9681396484375,-6.710202693939209,2.7440602779388428,614.8856201171875,615.078369140625,0.09389884995290729,-0.026211407035589218,0.0003,0.0003,0.0939031136099706
,,,,,551999,7019.8667,1000,,,,,,,,,,
,,,,,552000,,,-625.338134765625,-5.92958927154541,2.0517876148223877,624.044921875,624.33740234375,0.09408028381233614,0.0098352562636137,0.0003,0.0003,0.09408071250909561
,,,,,552999,7125.773,1000,,,,,,,,,,
,,,,,553000,,,-617.8648681640625,-6.358436584472656,2.7822611331939697,616.707763671875,616.5120239257812,0.09481391698378035,-0.051862865686416626,0.0003,0.0003,0.09481465855013693
,,,,,553999,7234.1294,1000,,,,,,,,,,
,,,,,554000,,,-623.5579833984375,-6.048426628112793,2.9247024059295654,622.575927734375,622.5087890625,0.09543777223346826,0.01459822803735733,0.0003,0.0003,0.09543525470522005
,,,,,554999,7106.1533,1000,,,,,,,,,,
7080.6104,100.48547,7167.3022,6865.525,1000.0,555000,,,-621.335205078125,-5.724529266357422,2.361764907836914,619.7466430664062,619.9620361328125,0.09556932381648571,0.026487939059734344,0.0003,0.0003,0.09556904853896425
,,,,,555999,6890.187,1000,,,,,,,,,,
,,,,,556000,,,-627.8320922851562,-6.219269752502441,4.000463008880615,626.9848022460938,626.853515625,0.09477087250804034,-0.007306990213692188,0.0003,0.0003,0.09476893646395844
,,,,,556999,7222.868,1000,,,,,,,,,,
,,,,,557000,,,-622.3455200195312,-5.862932205200195,2.328429937362671,620.976806640625,620.7685546875,0.09480709873181621,0.011498434469103813,0.0003,0.0003,0.09480545649719967
,,,,,557999,7094.694,1000,,,,,,,,,,
,,,,,558000,,,-618.861328125,-5.931632995605469,2.6293818950653076,617.7606201171875,617.80517578125,0.09536382023848178,-0.01052112691104412,0.0003,0.0003,0.09535947507653629
,,,,,558999,7024.8115,1000,,,,,,,,,,
,,,,,559000,,,-619.03271484375,-6.691720008850098,2.5092272758483887,617.9100341796875,617.830810546875,0.09502366620788459,-0.03423183411359787,0.0003,0.0003,0.09502667857606759
,,,,,559999,7091.5386,1000,,,,,,,,,,
7078.0244,79.702354,7200.6265,6926.4253,1000.0,560000,,,-622.1830444335938,-6.250737190246582,2.8886592388153076,621.0261840820312,621.029296875,0.09489587881399288,-0.002828095108270645,0.0003,0.0003,0.09489661536220513
,,,,,560999,7215.5503,1000,,,,,,,,,,
,,,,,561000,,,-629.6827392578125,-5.352909088134766,2.0718204975128174,628.3212280273438,628.6796875,0.09482690527563936,0.06223699450492859,0.0003,0.0003,0.09482654149131022
,,,,,561999,7143.4834,1000,,,,,,,,,,
,,,,,562000,,,-615.7711791992188,-6.122180938720703,2.7876386642456055,614.2706298828125,614.0137939453125,0.09560407138665715,0.0060965875163674355,0.0003,0.0003,0.09560498617816103
,,,,,562999,7172.4087,1000,,,,,,,,,,
,,,,,563000,,,-626.5343627929688,-5.9280595779418945,2.0378780364990234,625.2545776367188,625.1544799804688,0.0942627465697784,-0.001654542051255703,0.0003,0.0003,0.09425965733803114
,,,,,563999,7226.1514,1000,,,,,,,,,,
,,,,,564000,,,-630.20458984375,-5.5212249755859375,2.224940061569214,629.2650756835938,629.1756591796875,0.09445458436769759,0.04492853581905365,0.0003,0.0003,0.09445171634595756
,,,,,564999,7194.9805,1000,,,,,,,,,,
7132.167,42.737335,7192.6895,7024.282,1000.0,565000,,,-618.7437744140625,-5.8076701164245605,2.705622673034668,617.4957275390625,617.1876220703125,0.09480766766043194,0.032276201993227005,0.0003,0.0003,0.09481032090736452
,,,,,565999,7167.964,1000,,,,,,,,,,
,,,,,566000,,,-624.9796142578125,-6.154755592346191,3.3893203735351562,622.948486328125,623.28564453125,0.09537288009102049,-4.8356130719184875e-05,0.0003,0.0003,0.09537252142784303
,,,,,566999,7145.8213,1000,,,,,,,,,,
,,,,,567000,,,-626.72900390625,-6.442093849182129,2.244281530380249,625.8163452148438,625.7869262695312,0.09538016118384235,-0.05255843326449394,0.0003,0.0003,0.0953843425955601
,,,,,567999,7130.8027,1000,,,,,,,,,,
,,,,,568000,,,-631.728759765625,-6.209028244018555,2.1404924392700195,630.6500244140625,630.712646484375,0.09506205269195094,-0.005676638800650835,0.0003,0.0003,0.09506320572781772
,,,,,568999,7164.1147,1000,,,,,,,,,,
,,,,,569000,,,-631.7285766601562,-5.824814796447754,3.2968127727508545,630.6911010742188,630.6961669921875,0.0943980766241586,0.0041396599262952805,0.0003,0.0003,0.09439842195653543
,,,,,569999,7230.4517,1000,,,,,,,,,,
7229.1953,103.70464,7345.542,7020.3794,1000.0,570000,,,-628.824462890625,-6.328179836273193,3.414193868637085,627.3180541992188,627.9886474609375,0.09404803774246229,-0.044269755482673645,0.0003,0.0003,0.09405056779760816
,,,,,570999,7145.085,1000,,,,,,,,,,
,,,,,571000,,,-633.35302734375,-6.036670684814453,3.2230019569396973,632.3721313476562,632.579345703125,0.09511270959584632,-0.018369482830166817,0.0003,0.0003,0.0951161804513613
,,,,,571999,7231.643,1000,,,,,,,,,,
,,,,,572000,,,-632.833984375,-5.657461643218994,3.3808658123016357,631.7220458984375,631.4007568359375,0.09503141253175365,0.0015251720324158669,0.0003,0.0003,0.09502956234101959
,,,,,572999,7200.976,1000,,,,,,,,,,
,,,,,573000,,,-630.708251953125,-6.178677558898926,2.5999927520751953,629.708740234375,629.5177001953125,0.09466663114313188,-0.046120449900627136,0.0003,0.0003,0.09466611873568077
,,,,,573999,7150.586,1000,,,,,,,,,,
,,,,,574000,,,-628.4244384765625,-6.029840469360352,1.8478167057037354,627.228515625,627.0887451171875,0.09536277551379224,0.024183936417102814,0.0003,0.0003,0.09536590161746639
,,,,,574999,7231.393,1000,,,,,,,,,,
7201.6577,36.749474,7260.688,7144.403,1000.0,575000,,,-627.6932373046875,-6.02869987487793,2.9490909576416016,627.0738525390625,626.618408203125,0.09596366240924872,-0.02858589217066765,0.0003,0.0003,0.09596429901510822
,,,,,575999,7240.0967,1000,,,,,,,,,,
,,,,,576000,,,-632.984375,-5.804381847381592,2.8148674964904785,631.8431396484375,631.7337646484375,0.09534469063648501,-0.00805317610502243,0.0003,0.0003,0.09534441914473216
,,,,,576999,7183.7036,1000,,,,,,,,,,
,,,,,577000,,,-627.938232421875,-6.011719226837158,2.638082265853882,626.7868041992188,626.5784912109375,0.09518695139844537,-0.004081707913428545,0.0003,0.0003,0.09518480056333908
,,,,,577999,7172.6733,1000,,,,,,,,,,
,,,,,578000,,,-634.9774169921875,-5.98033332824707,2.1416306495666504,633.8140869140625,633.8958740234375,0.09551936211954848,0.004616306163370609,0.0003,0.0003,0.09551861219332157
,,,,,578999,7172.653,1000,,,,,,,,,,
,,,,,579000,,,-632.9090576171875,-6.250051021575928,1.9896959066390991,631.7842407226562,631.8170166015625,0.09592526358032184,-0.02019629441201687,0.0003,0.0003,0.09592957861540577
,,,,,579999,7113.186,1000,,,,,,,,,,
7171.7134,43.99608,7268.6504,7106.2524,1000.0,580000,,,-628.3958740234375,-5.799978733062744,2.677241802215576,627.1802978515625,626.8038330078125,0.09554569752918798,0.027117140591144562,0.0003,0.0003,0.09554028382387751
,,,,,580999,7300.713,1000,,,,,,,,,,
,,,,,581000,,,-639.9915771484375,-5.526245594024658,1.9785760641098022,639.0792846679688,638.9287719726562,0.09535282132764054,0.010056685656309128,0.0003,0.0003,0.09535803155784443
,,,,,581999,7310.82,1000,,,,,,,,,,
,,,,,582000,,,-636.3289184570312,-6.218640327453613,2.129385471343994,635.0101318359375,634.7344970703125,0.09540422381022651,-0.049633707851171494,0.0003,0.0003,0.09540441946632036
,,,,,582999,7227.0024,1000,,,,,,,,,,
,,,,,583000,,,-630.1610107421875,-5.878825664520264,2.8192086219787598,628.689453125,628.634765625,0.09526635284830914,-0.012796642258763313,0.0003,0.0003,0.0952627342695853
,,,,,583999,7145.1772,1000,,,,,,,,,,
,,,,,584000,,,-637.8770751953125,-6.063631057739258,2.360100746154785,636.603515625,636.6175537109375,0.09496711267199122,-0.029160983860492706,0.0003,0.0003,0.09497076684298136
,,,,,584999,7207.5435,1000,,,,,,,,,,
7268.8267,61.67654,7352.4785,7165.342,1000.0,585000,,,-632.086669921875,-6.056600570678711,2.632807970046997,630.9776611328125,631.0223388671875,0.09632602800263702,0.0006971016991883516,0.0003,0.0003,0.0963235391922152
,,,,,585999,7239.588,1000,,,,,,,,,,
,,,,,586000,,,-634.4859619140625,-5.570237159729004,2.1474671363830566,633.305908203125,633.5416259765625,0.09598601487923233,0.05774708092212677,0.0003,0.0003,0.09597994167544564
,,,,,586999,7282.974,1000,,,,,,,,,,
,,,,,587000,,,-632.8248901367188,-6.305843353271484,2.3156135082244873,631.6072998046875,631.7511596679688,0.09614296938957695,0.00190744549036026,0.0003,0.0003,0.09613829528375233
,,,,,587999,7229.9526,1000,,,,,,,,,,
,,,,,588000,,,-632.186279296875,-6.325817584991455,2.8190646171569824,630.7623901367188,630.8087768554688,0.09578569815998995,-0.0433286614716053,0.0003,0.0003,0.09578809427981691
,,,,,588999,7158.6074,1000,,,,,,,,,,
,,,,,589000,,,-636.9627685546875,-6.041475772857666,2.4821181297302246,635.6849975585938,635.8330078125,0.09549967709860335,0.024356499314308167,0.0003,0.0003,0.09549798330140177
,,,,,589999,7243.449,1000,,,,,,,,,,
6805.349,1247.9403,7308.6577,3068.8765,1000.0,590000,,,-633.0595092773438,-6.222377777099609,3.076333999633789,632.1865844726562,631.8933715820312,0.09530524323090896,0.002669121138751507,0.0003,0.0003,0.09530586276051622
,,,,,590999,7008.0156,1000,,,,,,,,,,
,,,,,591000,,,-632.9552001953125,-5.80247688293457,2.894063949584961,632.070556640625,631.8181762695312,0.09454634092343604,0.01760048419237137,0.0003,0.0003,0.09454367240629231
,,,,,591999,7305.974,1000,,,,,,,,,,
,,,,,592000,,,-640.3573608398438,-5.933872699737549,2.6932730674743652,639.0757446289062,639.1207275390625,0.09535538088827647,-0.008293259888887405,0.0003,0.0003,0.0953541587455077
,,,,,592999,7313.9136,1000,,,,,,,,,,
,,,,,593000,,,-628.7866821289062,-6.020111083984375,3.1783833503723145,627.82568359375,627.7113037109375,0.09506121387502993,0.01658462919294834,0.0003,0.0003,0.0950626744497564
,,,,,593999,7214.8843,1000,,,,,,,,,,
,,,,,594000,,,-642.8826904296875,-5.851962089538574,2.5202322006225586,641.6044921875,641.7874145507812,0.09539675881559091,-0.014391620643436909,0.0003,0.0003,0.09540370537187577
,,,,,594999,7239.4985,1000,,,,,,,,,,
7247.2007,85.73343,7332.6245,7009.3936,1000.0,595000,,,-637.05859375,-5.905855178833008,2.931178092956543,635.9398193359375,636.3248291015625,0.09483465698275602,-0.02529665268957615,0.0003,0.0003,0.09483914788942555
,,,,,595999,7249.349,1000,,,,,,,,,,
,,,,,596000,,,-640.2901611328125,-5.859479904174805,2.566636562347412,639.18115234375,638.8190307617188,0.09559646495593603,0.021072424948215485,0.0003,0.0003,0.09559105127277798
,,,,,596999,7294.665,1000,,,,,,,,,,
,,,,,597000,,,-642.84326171875,-6.0741658210754395,2.427877187728882,641.9974975585938,641.9855346679688,0.09575488409597566,0.012579514645040035,0.0003,0.0003,0.09575618389026563
,,,,,597999,7265.3267,1000,,,,,,,,,,
,,,,,598000,,,-634.9569091796875,-6.39208984375,3.318232774734497,634.0333251953125,633.6054077148438,0.09520054884142239,-0.022318797186017036,0.0003,0.0003,0.09520276019751914
,,,,,598999,7293.1353,1000,,,,,,,,,,
,,,,,599000,,,-639.8197631835938,-5.994165420532227,2.3862640857696533,638.392822265625,638.2888793945312,0.09498394676394507,0.014162578620016575,0.0003,0.0003,0.09498196853943747
,,,,,599999,7327.727,1000,,,,,,,,,,
7268.6445,54.214375,7351.3125,7156.6323,1000.0,600000,,,-637.625732421875,-5.968483924865723,3.4601941108703613,636.1788330078125,636.1595458984375,0.09504135063273937,0.009683662094175816,0.0003,0.0003,0.09503831852838489
,,,,,600999,7280.298,1000,,,,,,,,,,
,,,,,601000,,,-643.5909423828125,-5.564266681671143,2.584312915802002,642.9041137695312,642.9964599609375,0.09548904290375418,0.04486215487122536,0.0003,0.0003,0.09548816242599348
,,,,,601999,7234.8354,1000,,,,,,,,,,
,,,,,602000,,,-643.13623046875,-6.069631576538086,3.019432544708252,641.8305053710938,642.2905883789062,0.09558888065220107,-0.000318773090839386,0.0003,0.0003,0.09558475632587546
,,,,,602999,7303.4053,1000,,,,,,,,,,
,,,,,603000,,,-643.4315795898438,-5.920501708984375,1.762324333190918,642.380126953125,642.578125,0.09423305178682972,-0.008301880210638046,0.0003,0.0003,0.09423449960252346
,,,,,603999,7307.986,1000,,,,,,,,,,
,,,,,604000,,,-639.0526123046875,-5.772401809692383,3.492051124572754,638.1834716796875,638.1014404296875,0.09439347149426283,0.01460942905396223,0.0003,0.0003,0.09439506352530339
,,,,,604999,7157.9155,1000,,,,,,,,,,
6861.5337,1095.2483,7322.637,3581.0212,1000.0,605000,,,-638.9573364257812,-6.026748180389404,3.1819918155670166,637.9083251953125,637.587890625,0.09527945480192686,0.01984015852212906,0.0003,0.0003,0.09528279302277931
,,,,,605999,7124.8965,1000,,,,,,,,,,
,,,,,606000,,,-639.4337768554688,-6.630678176879883,2.9709596633911133,638.3040771484375,638.060791015625,0.09603448646448322,-0.047440409660339355,0.0003,0.0003,0.0960356753393165
,,,,,606999,7189.8154,1000,,,,,,,,,,
,,,,,607000,,,-641.7080078125,-5.960348129272461,2.1184120178222656,640.063720703125,640.0064697265625,0.09629084803108477,-0.025592366233468056,0.0003,0.0003,0.09629215906419629
,,,,,607999,6895.7075,1000,,,,,,,,,,
,,,,,608000,,,-644.27001953125,-6.172126770019531,2.684072256088257,642.9310302734375,642.822509765625,0.09555995850673135,-0.019187554717063904,0.0003,0.0003,0.09556372540765629
,,,,,608999,7296.372,1000,,,,,,,,,,
,,,,,609000,,,-648.617431640625,-5.813913822174072,1.9381301403045654,647.4616088867188,647.4486083984375,0.09552012590886767,-0.00536496564745903,0.0003,0.0003,0.09551932924162125
,,,,,609999,7287.587,1000,,,,,,,,,,
7325.7275,28.932426,7359.5347,7265.3887,1000.0,610000,,,-646.6640625,-6.081028938293457,2.2386398315429688,645.3770751953125,645.1708984375,0.09545007260226455,-0.030201535671949387,0.0003,0.0003,0.09545395016329308
,,,,,610999,7268.1304,1000,,,,,,,,,,
,,,,,611000,,,-644.1236572265625,-5.897063255310059,2.5416831970214844,643.218017578125,642.8153076171875,0.09479055193131153,0.00013058818876743317,0.0003,0.0003,0.09479327185311905
,,,,,611999,7304.931,1000,,,,,,,,,,
,,,,,612000,,,-649.2659912109375,-6.242720127105713,3.132981300354004,648.3736572265625,648.5828857421875,0.09472343166719752,0.020031763240695,0.0003,0.0003,0.09472262892944379
,,,,,612999,6364.84,1000,,,,,,,,,,
,,,,,613000,,,-645.324462890625,-5.8842315673828125,3.1927802562713623,644.1102294921875,644.36767578125,0.09451130032283539,-0.0027919886633753777,0.0003,0.0003,0.09451354673839356
,,,,,613999,7308.0146,1000,,,,,,,,,,
,,,,,614000,,,-649.603271484375,-5.7480058670043945,2.4606032371520996,648.666015625,648.73095703125,0.09386032942737609,-0.009706975892186165,0.0003,0.0003,0.09386153148236694
,,,,,614999,7285.148,1000,,,,,,,,,,
7331.499,49.269855,7395.584,7228.5396,1000.0,615000,,,-648.6522827148438,-6.11926794052124,1.8623450994491577,647.2446899414062,647.3728637695312,0.09471190069802056,-0.012966664507985115,0.0003,0.0003,0.0947145532862813
,,,,,615999,6957.4414,1000,,,,,,,,,,
,,,,,616000,,,-644.24072265625,-5.901174545288086,2.565978527069092,643.0486450195312,643.2703247070312,0.0949543331059902,0.024611055850982666,0.0003,0.0003,0.09495064525195898
,,,,,616999,7325.8584,1000,,,,,,,,,,
,,,,,617000,,,-643.0769653320312,-6.106562614440918,2.671995162963867,642.2406005859375,642.5528564453125,0.09457874192933204,0.011695612221956253,0.0003,0.0003,0.09457759268248941
,,,,,617999,7230.766,1000,,,,,,,,,,
,,,,,618000,,,-646.4091796875,-5.9500203132629395,2.4361743927001953,645.335205078125,645.28955078125,0.09489165084562826,0.020268075168132782,0.0003,0.0003,0.09488792826527608
,,,,,618999,7405.7363,1000,,,,,,,,,,
,,,,,619000,,,-647.6031494140625,-5.833702564239502,2.0063960552215576,646.41357421875,646.162841796875,0.09414614190504748,0.007993721403181553,0.0003,0.0003,0.09414529998480792
,,,,,619999,7289.836,1000,,,,,,,,,,
7311.7983,174.09558,7449.943,6876.037,1000.0,620000,,,-647.1490478515625,-5.756089210510254,2.3577051162719727,645.946044921875,646.0281982421875,0.09406318374588594,0.01225985772907734,0.0003,0.0003,0.0940608015129555
,,,,,620999,7282.2305,1000,,,,,,,,,,
,,,,,621000,,,-644.1166381835938,-5.91300630569458,2.241706132888794,642.8200073242188,642.9058837890625,0.09275773692231075,-0.018969744443893433,0.0003,0.0003,0.09276042892694436
,,,,,621999,7243.621,1000,,,,,,,,,,
,,,,,622000,,,-644.4456787109375,-5.735370635986328,2.727224826812744,643.1963500976562,643.24755859375,0.093293860294711,0.05375373363494873,0.0003,0.0003,0.09329129105031704
,,,,,622999,7234.3984,1000,,,,,,,,,,
,,,,,623000,,,-647.2902221679688,-6.138568878173828,2.5251851081848145,645.9229125976562,645.9763793945312,0.0923454017535067,0.0013042129576206207,0.0003,0.0003,0.09234605317399411
,,,,,623999,7263.908,1000,,,,,,,,,,
,,,,,624000,,,-649.8410034179688,-6.14225959777832,2.8652262687683105,648.456787109375,648.4781494140625,0.09374672123374042,-0.00766848586499691,0.0003,0.0003,0.09374721182650508
,,,,,624999,7254.8403,1000,,,,,,,,,,
7334.014,30.316713,7387.132,7298.2227,1000.0,625000,,,-652.2347412109375,-5.8255181312561035,2.1161699295043945,651.3812255859375,651.364990234375,0.09385969284621891,0.03511688485741615,0.0003,0.0003,0.0938589443437845
,,,,,625999,7355.957,1000,,,,,,,,,,
,,,,,626000,,,-650.499755859375,-6.078883171081543,3.1492271423339844,649.2250366210938,648.9429931640625,0.09431056824621473,0.02572578378021717,0.0003,0.0003,0.09431145610261092
,,,,,626999,7293.077,1000,,,,,,,,,,
,,,,,627000,,,-651.9876098632812,-6.130941390991211,2.3952603340148926,650.47998046875,650.9912109375,0.09470745667898818,-0.013198932632803917,0.0003,0.0003,0.09471188704527915
,,,,,627999,7186.3896,1000,,,,,,,,,,
,,,,,628000,,,-641.79541015625,-5.864841461181641,2.9180033206939697,640.5840454101562,640.86474609375,0.09450528292183492,0.013249632902443409,0.0003,0.0003,0.09450081334478787
,,,,,628999,7295.5874,1000,,,,,,,,,,
,,,,,629000,,,-650.9810791015625,-5.963798522949219,2.897751569747925,650.0645751953125,650.19921875,0.09430555764088161,-0.011843785643577576,0.0003,0.0003,0.09430834612962398
,,,,,629999,7352.5664,1000,,,,,,,,,,
7402.716,70.32488,7502.5054,7266.065,1000.0,630000,,,-648.5771484375,-6.035188674926758,2.8118457794189453,647.4559936523438,647.3263549804688,0.09464714249188969,0.015320711769163609,0.0003,0.0003,0.09464883687464663
,,,,,630999,7363.342,1000,,,,,,,,,,
,,,,,631000,,,-653.56396484375,-5.571171760559082,2.35280704498291,652.8267822265625,652.61376953125,0.09393046284123409,0.05457456409931183,0.0003,0.0003,0.09392587202078008
,,,,,631999,7322.82,1000,,,,,,,,,,
,,,,,632000,,,-651.1578369140625,-6.075357437133789,2.405261516571045,650.1964721679688,650.483642578125,0.09442659453983025,-0.03498620539903641,0.0003,0.0003,0.09442514678801613
,,,,,632999,7335.9443,1000,,,,,,,,,,
,,,,,633000,,,-651.656005859375,-6.067000389099121,3.223508834838867,650.6487426757812,650.80712890625,0.09444183922186768,0.03405432403087616,0.0003,0.0003,0.0944409932814361
,,,,,633999,7304.545,1000,,,,,,,,,,
,,,,,634000,,,-657.4298095703125,-6.1308488845825195,2.744851589202881,656.2029418945312,656.6093139648438,0.09417427075237403,-0.022273149341344833,0.0003,0.0003,0.09417499668705297
,,,,,634999,7306.667,1000,,,,,,,,,,
7437.633,63.209106,7522.2227,7307.0063,1000.0,635000,,,-654.755615234375,-6.3139753341674805,2.543667793273926,653.3933715820312,653.2158203125,0.09406870198435978,-0.03546755015850067,0.0003,0.0003,0.0940688184972611
,,,,,635999,7288.185,1000,,,,,,,,,,
,,,,,636000,,,-650.3846435546875,-6.309194087982178,1.9015648365020752,649.289306640625,649.34765625,0.09425276769089024,-0.025346234440803528,0.0003,0.0003,0.09425479119559597
,,,,,636999,7271.8345,1000,,,,,,,,,,
,,,,,637000,,,-647.5833740234375,-5.809904098510742,4.070268630981445,646.4066162109375,646.4222412109375,0.09416682070374417,0.0043471259996294975,0.0003,0.0003,0.09416973371509792
,,,,,637999,7305.4365,1000,,,,,,,,,,
,,,,,638000,,,-651.7067260742188,-6.055582046508789,3.0838475227355957,650.4410400390625,650.3156127929688,0.09445522750471512,-0.001700153574347496,0.0003,0.0003,0.09445340343300421
,,,,,638999,7391.975,1000,,,,,,,,,,
,,,,,639000,,,-654.020263671875,-5.815999984741211,2.1915524005889893,653.0950927734375,653.1754760742188,0.09408625582761079,0.01793728582561016,0.0003,0.0003,0.09408753811268775
,,,,,639999,7347.3345,1000,,,,,,,,,,
7309.264,74.622826,7372.373,7103.61,1000.0,640000,,,-653.4705200195312,-6.139439582824707,2.4026432037353516,652.3424072265625,652.3462524414062,0.09443063152672948,-0.012524724006652832,0.0003,0.0003,0.09443203495140617
,,,,,640999,7287.768,1000,,,,,,,,,,
,,,,,641000,,,-649.9308471679688,-6.230083465576172,2.8134303092956543,648.7421875,648.5137329101562,0.09383674629094721,-0.025133416056632996,0.0003,0.0003,0.0938402040130459
,,,,,641999,7342.665,1000,,,,,,,,,,
,,,,,642000,,,-647.5304565429688,-5.882465362548828,2.892939805984497,646.2769775390625,646.4481201171875,0.0941153197795266,0.03520578518509865,0.0003,0.0003,0.09411249614752513
,,,,,642999,7416.2134,1000,,,,,,,,,,
,,,,,643000,,,-647.4896850585938,-6.087027549743652,3.3926053047180176,646.5816040039062,646.4802856445312,0.09407323886091638,0.012683975510299206,0.0003,0.0003,0.09407380582572311
,,,,,643999,7452.322,1000,,,,,,,,,,
,,,,,644000,,,-661.2869873046875,-6.257577419281006,2.226529359817505,660.7393798828125,660.541748046875,0.09441901453403481,-0.02523432858288288,0.0003,0.0003,0.09442264709017761
,,,,,644999,7350.7163,1000,,,,,,,,,,
7392.0376,62.052853,7488.1377,7281.7954,1000.0,645000,,,-653.3817138671875,-5.701847076416016,2.0543713569641113,652.2367553710938,652.2574462890625,0.09481545262231988,0.01722169667482376,0.0003,0.0003,0.09481097363006057
,,,,,645999,7372.0513,1000,,,,,,,,,,
,,,,,646000,,,-648.9046630859375,-6.140365123748779,3.4704761505126953,648.0491943359375,647.6256103515625,0.09454818624301671,-0.03148200362920761,0.0003,0.0003,0.09455070905758536
,,,,,646999,7427.139,1000,,,,,,,,,,
,,,,,647000,,,-655.1226806640625,-6.107044219970703,1.9805593490600586,653.63427734375,653.8580322265625,0.09389031952721856,-0.009919139556586742,0.0003,0.0003,0.09388977811647083
,,,,,647999,7374.58,1000,,,,,,,,,,
,,,,,648000,,,-659.590087890625,-6.029001712799072,2.3754138946533203,658.2595825195312,658.3837280273438,0.09472810860885096,0.02006114274263382,0.0003,0.0003,0.09473142815329749
,,,,,648999,7373.381,1000,,,,,,,,,,
,,,,,649000,,,-648.2449340820312,-6.16047477722168,2.5495333671569824,647.1275634765625,647.0947265625,0.09411185106281283,-0.01665368489921093,0.0003,0.0003,0.09410994963902825
,,,,,649999,7369.189,1000,,,,,,,,,,
7378.9507,32.63171,7429.0186,7319.9307,1000.0,650000,,,-654.93701171875,-5.8514299392700195,2.582548141479492,653.5211181640625,653.4829711914062,0.09455110048569079,0.010883616283535957,0.0003,0.0003,0.09455222982632022
,,,,,650999,7356.977,1000,,,,,,,,,,
,,,,,651000,,,-658.4488525390625,-5.759917259216309,2.8121678829193115,656.9443969726562,657.181884765625,0.09417038699943663,0.02699301950633526,0.0003,0.0003,0.09416906182055239
,,,,,651999,7382.1333,1000,,,,,,,,,,
,,,,,652000,,,-656.8182983398438,-5.538455009460449,2.4605565071105957,655.515869140625,655.5439453125,0.09414003555589888,0.009572980925440788,0.0003,0.0003,0.09413929259127317
,,,,,652999,7367.659,1000,,,,,,,,,,
,,,,,653000,,,-656.0167846679688,-6.0555524826049805,2.7815732955932617,654.9717407226562,654.6729736328125,0.09395771654489189,-0.01164272241294384,0.0003,0.0003,0.09396061035502765
,,,,,653999,7415.7905,1000,,,,,,,,,,
,,,,,654000,,,-656.0592041015625,-6.096988677978516,1.9203479290008545,654.8801879882812,655.0549926757812,0.09431076393310472,0.04022720456123352,0.0003,0.0003,0.09431124127157822
,,,,,654999,7397.198,1000,,,,,,,,,,
7262.3228,453.3528,7483.54,5911.7764,1000.0,655000,,,-658.6799926757812,-5.624173164367676,2.727205276489258,657.564697265625,657.685791015625,0.0941218293446672,0.033685337752103806,0.0003,0.0003,0.09411831056299653
,,,,,655999,7381.4854,1000,,,,,,,,,,
,,,,,656000,,,-654.2730102539062,-6.057076930999756,3.297203779220581,653.1187133789062,653.194580078125,0.09309882888077464,0.004512573592364788,0.0003,0.0003,0.09309526938958822
,,,,,656999,7444.607,1000,,,,,,,,,,
,,,,,657000,,,-657.4306640625,-6.127804756164551,2.0703182220458984,656.2464599609375,656.167236328125,0.09335020321655835,-0.00789383053779602,0.0003,0.0003,0.09335106410956798
,,,,,657999,7322.144,1000,,,,,,,,,,
,,,,,658000,,,-663.589599609375,-6.11608362197876,3.52880597114563,662.0777587890625,662.63720703125,0.09285067929089602,-0.005625964142382145,0.0003,0.0003,0.0928498378465656
,,,,,658999,7464.608,1000,,,,,,,,,,
,,,,,659000,,,-651.0240478515625,-6.098173141479492,2.6780476570129395,649.8397216796875,650.0074462890625,0.09343576066668491,-0.012341382913291454,0.0003,0.0003,0.09343926922598114
,,,,,659999,7491.9727,1000,,,,,,,,,,
7353.077,532.84314,7617.28,5760.616,1000.0,660000,,,-660.8159790039062,-6.173733711242676,2.270629644393921,660.0225830078125,660.1412353515625,0.09358123385148961,-0.020614534616470337,0.0003,0.0003,0.09358458532172449
,,,,,660999,7333.6885,1000,,,,,,,,,,
,,,,,661000,,,-664.4371337890625,-6.489687442779541,2.119448184967041,663.1765747070312,663.4491577148438,0.09368190809478458,-0.04641576483845711,0.0003,0.0003,0.09367900735543072
,,,,,661999,7322.7095,1000,,,,,,,,,,
,,,,,662000,,,-663.0581665039062,-5.970803260803223,2.1341235637664795,661.5836181640625,661.6102294921875,0.09410623776885153,0.01723739132285118,0.0003,0.0003,0.09410840429438928
,,,,,662999,7441.9824,1000,,,,,,,,,,
,,,,,663000,,,-658.57666015625,-6.2245635986328125,2.4778876304626465,657.2586669921875,657.452392578125,0.09401743237345658,0.01023002527654171,0.0003,0.0003,0.09401572589241539
,,,,,663999,7461.682,1000,,,,,,,,,,
,,,,,664000,,,-663.8203125,-6.1750640869140625,2.308823823928833,662.7511596679688,662.941650390625,0.09398009956607406,0.0005325581878423691,0.0003,0.0003,0.09397763156133368
,,,,,664999,7449.607,1000,,,,,,,,,,
7285.021,311.90018,7439.781,6355.8115,1000.0,665000,,,-662.6495361328125,-5.737997055053711,2.1066627502441406,661.65234375,661.6883544921875,0.0936614120171937,0.011723506264388561,0.0003,0.0003,0.09366279118801227
,,,,,665999,7298.326,1000,,,,,,,,,,
,,,,,666000,,,-661.246337890625,-6.525633335113525,3.0386805534362793,660.36181640625,660.209716796875,0.09380597484373171,-0.059315234422683716,0.0003,0.0003,0.0938082846868855
,,,,,666999,7391.8594,1000,,,,,,,,,,
,,,,,667000,,,-666.7913818359375,-6.2086181640625,2.831258535385132,665.5496215820312,665.5648803710938,0.09362617505473304,-0.019373798742890358,0.0003,0.0003,0.09362949876350854
,,,,,667999,7420.4453,1000,,,,,,,,,,
,,,,,668000,,,-661.0396118164062,-6.0486626625061035,2.0376486778259277,659.9410400390625,659.79736328125,0.09326611645019639,0.029347047209739685,0.0003,0.0003,0.09326810671736084
,,,,,668999,7463.4897,1000,,,,,,,,,,
,,,,,669000,,,-663.4678344726562,-6.1176323890686035,2.0827155113220215,662.1630859375,661.8153076171875,0.09418519265189323,-0.029015880078077316,0.0003,0.0003,0.09419078901239705
,,,,,669999,7441.7275,1000,,,,,,,,,,
7313.069,47.478077,7377.931,7226.9697,1000.0,670000,,,-665.88623046875,-5.311588764190674,1.9474725723266602,664.4354858398438,664.5714721679688,0.09337033485530642,0.03129958361387253,0.0003,0.0003,0.09336758372476882
,,,,,670999,7466.595,1000,,,,,,,,,,
,,,,,671000,,,-657.787109375,-6.310032367706299,2.9456377029418945,656.4972534179688,656.35009765625,0.0937735094013769,-0.029813848435878754,0.0003,0.0003,0.09377452812636812
,,,,,671999,7494.952,1000,,,,,,,,,,
,,,,,672000,,,-661.328857421875,-6.366207599639893,2.127609968185425,660.1219482421875,660.038330078125,0.0932022953482242,-0.005147312302142382,0.0003,0.0003,0.09320567164597357
,,,,,672999,7472.8687,1000,,,,,,,,,,
,,,,,673000,,,-657.2022094726562,-6.072689533233643,3.0113773345947266,655.8838500976562,655.84326171875,0.09324079417062936,-0.013349824585020542,0.0003,0.0003,0.09324211797371135
,,,,,673999,7465.848,1000,,,,,,,,,,
,,,,,674000,,,-666.541015625,-6.005434513092041,2.6472129821777344,665.4639892578125,665.5491943359375,0.09265236875581022,0.029218077659606934,0.0003,0.0003,0.092652290833011
,,,,,674999,7473.3623,1000,,,,,,,,,,
7475.882,58.517998,7567.137,7338.3936,1000.0,675000,,,-668.5361328125,-6.018285751342773,2.3308424949645996,667.7720947265625,668.0133056640625,0.09240571923416517,-0.014717640355229378,0.0003,0.0003,0.09240644924614883
,,,,,675999,7482.385,1000,,,,,,,,,,
,,,,,676000,,,-660.4949951171875,-5.962627410888672,2.7701783180236816,659.335693359375,659.0902099609375,0.09243835574141483,0.026072828099131584,0.0003,0.0003,0.09243810771683228
,,,,,676999,7460.299,1000,,,,,,,,,,
,,,,,677000,,,-663.278076171875,-5.9502153396606445,2.1586270332336426,662.4484252929688,662.5418090820312,0.09268941709272618,0.011440583504736423,0.0003,0.0003,0.09269088010598193
,,,,,677999,7421.248,1000,,,,,,,,,,
,,,,,678000,,,-668.8612060546875,-5.841556072235107,1.867994785308838,668.117431640625,667.7968139648438,0.09276559249281778,0.03505266457796097,0.0003,0.0003,0.09276592379358663
,,,,,678999,7511.739,1000,,,,,,,,,,
,,,,,679000,,,-661.387939453125,-5.915017604827881,2.8742921352386475,660.4615478515625,660.0774536132812,0.09298905298814182,0.02334176003932953,0.0003,0.0003,0.09298310717404969
,,,,,679999,7490.856,1000,,,,,,,,,,
7295.667,352.8435,7515.0195,6247.0674,1000.0,680000,,,-663.9398803710938,-5.988150596618652,3.1416735649108887,662.6754150390625,662.70166015625,0.09325765582613439,0.03494805470108986,0.0003,0.0003,0.09325710088021226
,,,,,680999,7447.792,1000,,,,,,,,,,
,,,,,681000,,,-665.3579711914062,-6.407120704650879,2.331780433654785,664.6005859375,664.3478393554688,0.09360713943574005,-0.03666543960571289,0.0003,0.0003,0.09360675194390435
,,,,,681999,7520.462,1000,,,,,,,,,,
,,,,,682000,,,-660.3092041015625,-6.226074695587158,2.5968098640441895,659.3167114257812,659.1983642578125,0.0928209141079566,0.007636113092303276,0.0003,0.0003,0.09281960640314095
,,,,,682999,7277.9824,1000,,,,,,,,,,
,,,,,683000,,,-672.1826171875,-5.746813774108887,2.417424440383911,671.2784423828125,671.100341796875,0.09317024407531295,0.021835748106241226,0.0003,0.0003,0.09316979424786334
,,,,,683999,7390.602,1000,,,,,,,,,,
,,,,,684000,,,-664.32763671875,-6.101938247680664,2.3749337196350098,663.02099609375,663.25537109375,0.09360358206506965,-0.02564217522740364,0.0003,0.0003,0.09360486267383034
,,,,,684999,7548.036,1000,,,,,,,,,,
7492.2666,84.79834,7588.078,7316.16,1000.0,685000,,,-663.5029296875,-6.019132614135742,2.6273622512817383,662.6915893554688,662.7557373046875,0.09341011779970121,0.005610816180706024,0.0003,0.0003,0.09341118591844146
,,,,,685999,7538.6855,1000,,,,,,,,,,
,,,,,686000,,,-661.89599609375,-6.235889434814453,1.705085039138794,660.57861328125,660.66259765625,0.09266597932483649,-0.007939808070659637,0.0003,0.0003,0.09266193043076666
,,,,,686999,7429.034,1000,,,,,,,,,,
,,,,,687000,,,-663.2525634765625,-5.756211280822754,2.320908308029175,661.916259765625,661.7369384765625,0.09247953233966522,0.007105134427547455,0.0003,0.0003,0.09248264028870157
,,,,,687999,7459.842,1000,,,,,,,,,,
,,,,,688000,,,-664.770751953125,-5.620354652404785,2.365138053894043,663.6129760742188,663.802978515625,0.09277801553793912,0.03229759261012077,0.0003,0.0003,0.09277538891203947
,,,,,688999,7460.685,1000,,,,,,,,,,
,,,,,689000,,,-669.3690185546875,-5.592167377471924,2.6030776500701904,668.5099487304688,668.646240234375,0.09272101501567209,0.03813701868057251,0.0003,0.0003,0.09271714423376265
,,,,,689999,7460.1284,1000,,,,,,,,,,
7506.6914,79.950966,7613.5034,7353.2944,1000.0,690000,,,-667.1334228515625,-6.035929203033447,2.512312889099121,665.8677978515625,665.908447265625,0.09243505597891802,0.0023024892434477806,0.0003,0.0003,0.09243724265006883
,,,,,690999,7558.8354,1000,,,,,,,,,,
,,,,,691000,,,-666.12158203125,-5.666968822479248,2.0071520805358887,664.854248046875,664.8958740234375,0.09300880996081305,0.014868943020701408,0.0003,0.0003,0.09300921082994905
,,,,,691999,7423.238,1000,,,,,,,,,,
,,,,,692000,,,-670.3617553710938,-5.903635025024414,3.2521278858184814,669.24951171875,669.23291015625,0.09297873514362591,0.028279025107622147,0.0003,0.0003,0.0929780738442087
,,,,,692999,4654.62,1000,,,,,,,,,,
,,,,,693000,,,-666.7582397460938,-5.908965110778809,3.008052349090576,665.6357421875,665.3585205078125,0.09195059700190172,-0.016882028430700302,0.0003,0.0003,0.0919511057093394
,,,,,693999,7515.88,1000,,,,,,,,,,
,,,,,694000,,,-673.9593505859375,-5.795767784118652,2.2294578552246094,673.2174072265625,672.8351440429688,0.09137368398317036,0.011306080967187881,0.0003,0.0003,0.0913747792831438
,,,,,694999,7479.793,1000,,,,,,,,,,
7428.165,92.414566,7547.7637,7224.547,1000.0,695000,,,-673.8419189453125,-5.910857200622559,2.4150748252868652,672.8248291015625,672.7386474609375,0.09159478030383386,0.003978840075433254,0.0003,0.0003,0.09159592239298711
,,,,,695999,7532.2363,1000,,,,,,,,,,
,,,,,696000,,,-664.3917846679688,-5.552158355712891,3.449751853942871,663.0973510742188,663.0982666015625,0.09139035426632501,0.014811007305979729,0.0003,0.0003,0.09138596705597984
,,,,,696999,7498.057,1000,,,,,,,,,,
,,,,,697000,,,-669.414306640625,-5.930778503417969,4.811433792114258,668.6661376953125,668.6806640625,0.09097941950648317,-0.010793417692184448,0.0003,0.0003,0.09098122393378234
,,,,,697999,7415.5845,1000,,,,,,,,,,
,,,,,698000,,,-669.76318359375,-5.9001970291137695,3.4657444953918457,668.706787109375,668.8426513671875,0.09006102956598913,0.026807954534888268,0.0003,0.0003,0.09005910636840804
,,,,,698999,7477.188,1000,,,,,,,,,,
,,,,,699000,,,-670.4468383789062,-6.282132625579834,2.847719669342041,669.6090087890625,669.5472412109375,0.09006114317643038,-0.023972224444150925,0.0003,0.0003,0.09006331354196424
,,,,,699999,7489.857,1000,,,,,,,,,,
7452.057,64.149765,7548.802,7317.63,1000.0,700000,,,-669.6182861328125,-6.083058834075928,2.2910077571868896,668.4776611328125,668.3693237304688,0.09055233794715692,-0.008150155656039715,0.0003,0.0003,0.09054879033669772
,,,,,700999,7145.81,1000,,,,,,,,,,
,,,,,701000,,,-667.9793090820312,-5.915696144104004,2.3017945289611816,666.8363037109375,666.7943725585938,0.0895873283184094,-0.0007214788347482681,0.0003,0.0003,0.08958417743494466
,,,,,701999,7446.828,1000,,,,,,,,,,
,,,,,702000,,,-668.7510986328125,-6.191749572753906,2.5847716331481934,667.64306640625,667.4122314453125,0.0908257056493951,-0.011235876940190792,0.0003,0.0003,0.090821374310543
,,,,,702999,7437.4136,1000,,,,,,,,,,
,,,,,703000,,,-673.809814453125,-6.211921691894531,3.501152276992798,672.884765625,672.555908203125,0.09059080100785039,-0.004927255213260651,0.0003,0.0003,0.09058900990468637
,,,,,703999,7457.687,1000,,,,,,,,,,
,,,,,704000,,,-668.3167114257812,-6.212764739990234,4.17814302444458,667.1898193359375,666.99560546875,0.09083846232723455,-0.0403311625123024,0.0003,0.0003,0.09083841663653597
,,,,,704999,7320.049,1000,,,,,,,,,,
7430.708,101.576515,7501.4336,7137.0854,1000.0,705000,,,-666.752685546875,-5.531231880187988,3.0283589363098145,665.737548828125,665.7890625,0.09121365471115297,0.010486402548849583,0.0003,0.0003,0.09121060982228904
,,,,,705999,7407.32,1000,,,,,,,,,,
,,,,,706000,,,-667.2894287109375,-6.5682172775268555,2.1317708492279053,666.1087646484375,666.159423828125,0.09102626162141048,-0.018337029963731766,0.0003,0.0003,0.09102637662218103
,,,,,706999,7489.109,1000,,,,,,,,,,
,,,,,707000,,,-664.6015625,-6.035327434539795,2.438197612762451,663.6194458007812,663.4482421875,0.09110717375093276,-0.03423314914107323,0.0003,0.0003,0.09110855764442971
,,,,,707999,7477.676,1000,,,,,,,,,,
,,,,,708000,,,-666.2520141601562,-6.1231465339660645,2.6970770359039307,665.320068359375,665.2476806640625,0.0907002691195065,-0.007113063707947731,0.0003,0.0003,0.09069345041631967
,,,,,708999,7587.6313,1000,,,,,,,,,,
,,,,,709000,,,-674.0804443359375,-6.143770217895508,2.4940147399902344,673.0604248046875,672.9083251953125,0.09064789629969454,-0.014112471602857113,0.0003,0.0003,0.09064182736966375
,,,,,709999,7511.1357,1000,,,,,,,,,,
7477.9424,37.315235,7534.397,7413.3545,1000.0,710000,,,-673.238037109375,-5.88193941116333,2.5197935104370117,672.0341796875,672.0548706054688,0.09133657939386919,0.018546026200056076,0.0003,0.0003,0.09133570176968132
,,,,,710999,7467.2344,1000,,,,,,,,,,
,,,,,711000,,,-669.93798828125,-6.6368865966796875,2.2554686069488525,668.9419555664062,668.7471923828125,0.09098800863451953,-0.048698678612709045,0.0003,0.0003,0.09099482645607392
,,,,,711999,7527.0654,1000,,,,,,,,,,
,,,,,712000,,,-665.0254516601562,-6.292716979980469,2.366293430328369,663.653076171875,663.5240478515625,0.09124508553567368,0.005682440474629402,0.0003,0.0003,0.09124790120743839
,,,,,712999,7227.083,1000,,,,,,,,,,
,,,,,713000,,,-670.5648193359375,-5.849810600280762,3.8335556983947754,669.5372314453125,669.6884765625,0.09146399958051979,-0.00954919308423996,0.0003,0.0003,0.09146210556944623
,,,,,713999,7619.4165,1000,,,,,,,,,,
,,,,,714000,,,-672.0869140625,-5.784224510192871,2.490220069885254,671.4173583984375,671.2634887695312,0.09128559765784135,-0.0009115883149206638,0.0003,0.0003,0.09128724002916067
,,,,,714999,7464.1694,1000,,,,,,,,,,
7233.9126,1137.6664,7663.119,3822.4895,1000.0,715000,,,-672.8200073242188,-6.4287519454956055,2.5491528511047363,671.4938354492188,671.45263671875,0.09166707190160069,-0.02251366712152958,0.0003,0.0003,0.09167050298041787
,,,,,715999,7554.893,1000,,,,,,,,,,
,,,,,716000,,,-673.958740234375,-6.052268981933594,2.4532246589660645,672.8919677734375,672.6898193359375,0.09065716293172917,-0.023610919713974,0.0003,0.0003,0.09065409202673395
,,,,,716999,7502.1113,1000,,,,,,,,,,
,,,,,717000,,,-675.8714599609375,-6.078879356384277,3.4697463512420654,675.0765380859375,675.0618896484375,0.09080194064953775,-0.039211563766002655,0.0003,0.0003,0.09080849677823427
,,,,,717999,7472.328,1000,,,,,,,,,,
,,,,,718000,,,-670.6392822265625,-6.314981460571289,3.0051016807556152,669.006103515625,669.1786499023438,0.09082413580795871,-0.00599316693842411,0.0003,0.0003,0.09081744430558825
,,,,,718999,7417.399,1000,,,,,,,,,,
,,,,,719000,,,-674.4390869140625,-5.237242221832275,3.102184772491455,673.289306640625,673.3187255859375,0.09171941158685117,0.062205784022808075,0.0003,0.0003,0.09171511603418117
,,,,,719999,7466.293,1000,,,,,,,,,,
7574.569,54.5117,7656.055,7484.1763,1000.0,720000,,,-671.8508911132812,-5.756242752075195,2.1560158729553223,670.5735473632812,670.56494140625,0.09280492074008094,0.03056318312883377,0.0003,0.0003,0.09280162401518045
,,,,,720999,7504.2407,1000,,,,,,,,,,
,,,,,721000,,,-676.0975341796875,-5.921891689300537,3.2707910537719727,675.2613525390625,675.3018798828125,0.09280337808860895,0.015934934839606285,0.0003,0.0003,0.09280749570632399
,,,,,721999,7569.419,1000,,,,,,,,,,
,,,,,722000,,,-672.0781860351562,-5.831538200378418,2.9638166427612305,670.5872802734375,671.1239013671875,0.09187890458317019,0.012236421927809715,0.0003,0.0003,0.09187594960199698
,,,,,722999,7590.95,1000,,,,,,,,,,
,,,,,723000,,,-674.5238037109375,-6.476960182189941,3.482814311981201,673.352294921875,673.35009765625,0.09200424956384745,-0.02038450539112091,0.0003,0.0003,0.09200484728465397
,,,,,723999,7587.6626,1000,,,,,,,,,,
,,,,,724000,,,-674.5506591796875,-5.720376014709473,1.9681193828582764,673.507080078125,673.3397216796875,0.0920889398503914,0.06536591053009033,0.0003,0.0003,0.09208427080793298
,,,,,724999,7462.634,1000,,,,,,,,,,
7563.5093,47.275513,7615.5713,7468.585,1000.0,725000,,,-671.1234130859375,-6.262047290802002,2.912717819213867,669.8619384765625,669.9783325195312,0.0908929342119179,-0.030183997005224228,0.0003,0.0003,0.09089613401135237
,,,,,725999,7487.6313,1000,,,,,,,,,,
,,,,,726000,,,-674.74658203125,-5.965256690979004,3.101022720336914,673.1553955078125,673.347412109375,0.09118675321131849,0.042846936732530594,0.0003,0.0003,0.09118068749465376
,,,,,726999,7510.86,1000,,,,,,,,,,
,,,,,727000,,,-683.5421142578125,-6.005246639251709,3.1727795600891113,682.4509887695312,682.5657958984375,0.09144907306482075,-0.002276100218296051,0.0003,0.0003,0.09144940671241636
,,,,,727999,7533.9087,1000,,,,,,,,,,
,,,,,728000,,,-672.7252197265625,-5.557604789733887,2.9626893997192383,671.9075927734375,671.860107421875,0.0910590350700673,0.028427597135305405,0.0003,0.0003,0.09106089727448864
,,,,,728999,7580.437,1000,,,,,,,,,,
,,,,,729000,,,-669.1951293945312,-5.206140995025635,2.4605906009674072,668.0650024414062,668.0623779296875,0.09136058821560007,0.06373398005962372,0.0003,0.0003,0.091357870266323
,,,,,729999,7577.888,1000,,,,,,,,,,
7566.757,48.251614,7613.298,7447.0273,1000.0,730000,,,-672.5550537109375,-5.7010178565979,2.317430257797241,671.8512573242188,671.690673828125,0.09168124659137039,0.02686784602701664,0.0003,0.0003,0.09168091606863643
,,,,,730999,7505.0103,1000,,,,,,,,,,
,,,,,731000,,,-679.5283203125,-5.6445207595825195,2.85612154006958,678.6644287109375,678.546630859375,0.09191405780196182,0.04278210550546646,0.0003,0.0003,0.09190752902085825
,,,,,731999,7568.132,1000,,,,,,,,,,
,,,,,732000,,,-676.353515625,-5.577009201049805,1.9062449932098389,675.460693359375,675.497802734375,0.09097116122297762,0.025100553408265114,0.0003,0.0003,0.09097001982928277
,,,,,732999,7457.467,1000,,,,,,,,,,
,,,,,733000,,,-686.253662109375,-5.601512908935547,2.7528181076049805,685.5510864257812,685.674072265625,0.0909716225231937,0.028048653155565262,0.0003,0.0003,0.09097327887054396
,,,,,733999,7467.886,1000,,,,,,,,,,
,,,,,734000,,,-677.6622314453125,-6.015313148498535,2.9640395641326904,676.7810668945312,676.7850952148438,0.09086994183966586,0.012675587087869644,0.0003,0.0003,0.09087015528756277
,,,,,734999,7546.135,1000,,,,,,,,,,
7616.413,75.87238,7672.83,7426.052,1000.0,735000,,,-677.671630859375,-5.884981155395508,3.1618289947509766,676.7066040039062,676.827392578125,0.09137416980617322,-0.003864023368805647,0.0003,0.0003,0.09137463448879243
,,,,,735999,7534.145,1000,,,,,,,,,,
,,,,,736000,,,-675.1038818359375,-6.508666038513184,4.143773078918457,673.9364624023438,674.12109375,0.09219049094971402,-0.04602929949760437,0.0003,0.0003,0.09219329553151376
,,,,,736999,7578.6504,1000,,,,,,,,,,
,,,,,737000,,,-682.9127197265625,-5.99246883392334,2.6836490631103516,681.8956298828125,682.1085205078125,0.09224956773834056,0.019163113087415695,0.0003,0.0003,0.09225072879690112
,,,,,737999,7598.5293,1000,,,,,,,,,,
,,,,,738000,,,-679.5352783203125,-5.7083563804626465,2.0308923721313477,678.30078125,678.5292358398438,0.09174441772853084,0.0405595526099205,0.0003,0.0003,0.09174161973274882
,,,,,738999,7498.0103,1000,,,,,,,,,,
,,,,,739000,,,-683.5419921875,-5.548973083496094,2.6527047157287598,682.8736572265625,682.7626953125,0.09092228242357714,0.042653389275074005,0.0003,0.0003,0.09091938710990352
,,,,,739999,7564.3496,1000,,,,,,,,,,
7625.4243,48.73013,7676.682,7543.2856,1000.0,740000,,,-677.5556030273438,-6.068795204162598,2.8231940269470215,676.8860473632812,676.6596069335938,0.09063250490229838,-0.01739126443862915,0.0003,0.0003,0.09063697827658879
,,,,,740999,7620.611,1000,,,,,,,,,,
,,,,,741000,,,-667.5435791015625,-6.112156391143799,2.4575939178466797,666.56201171875,666.650634765625,0.09261708101510538,-0.004103374667465687,0.0003,0.0003,0.09261962111138827
,,,,,741999,7651.1006,1000,,,,,,,,,,
,,,,,742000,,,-678.8529663085938,-6.178256034851074,2.3563480377197266,677.8033447265625,677.9564819335938,0.09249732904680602,-0.007496966049075127,0.0003,0.0003,0.09249854083150415
,,,,,742999,7559.6543,1000,,,,,,,,,,
,,,,,743000,,,-675.6740112304688,-5.979765892028809,4.056722640991211,674.174072265625,674.623291015625,0.0931011139457329,0.007674897089600563,0.0003,0.0003,0.09309530469675964
,,,,,743999,7542.9033,1000,,,,,,,,,,
,,,,,744000,,,-682.5341796875,-6.133218765258789,2.5884203910827637,681.699951171875,681.6209716796875,0.09176632712028547,-0.012689662165939808,0.0003,0.0003,0.09176674286950141
,,,,,744999,7707.6323,1000,,,,,,,,,,
7571.0244,58.61394,7630.0654,7424.3667,1000.0,745000,,,-679.214111328125,-6.102244853973389,2.971165418624878,678.4356689453125,678.209716796875,0.09118544571285966,-0.02204468473792076,0.0003,0.0003,0.09118479045549299
,,,,,745999,7545.91,1000,,,,,,,,,,
,,,,,746000,,,-682.3963012695312,-5.8600873947143555,2.3779940605163574,681.298583984375,681.1424560546875,0.09084952767237824,0.028786538168787956,0.0003,0.0003,0.09085299900926501
,,,,,746999,7530.8833,1000,,,,,,,,,,
,,,,,747000,,,-681.169921875,-5.892063140869141,2.271231174468994,680.095458984375,679.781005859375,0.08969683857119651,0.006830960512161255,0.0003,0.0003,0.08969906171475389
,,,,,747999,7551.559,1000,,,,,,,,,,
,,,,,748000,,,-681.6852416992188,-5.770598411560059,2.381539821624756,680.666748046875,680.5678100585938,0.0904519865629955,-0.008554857224225998,0.0003,0.0003,0.09045137342100687
,,,,,748999,7606.232,1000,,,,,,,,,,
,,,,,749000,,,-680.2429809570312,-6.177596092224121,3.026383876800537,678.8826293945312,678.8013305664062,0.09071123332903878,0.0011702952906489372,0.0003,0.0003,0.09070894192902935
,,,,,749999,7586.6675,1000,,,,,,,,,,
7580.3906,48.171574,7677.4185,7520.398,1000.0,750000,,,-686.8287963867188,-6.096235752105713,4.756985187530518,685.77783203125,685.4677734375,0.08930593285076649,-0.008297469466924667,0.0003,0.0003,0.08930588750851423
,,,,,750999,7579.431,1000,,,,,,,,,,
,,,,,751000,,,-681.137939453125,-6.04648494720459,2.483687400817871,679.8746948242188,679.8831787109375,0.08955591226913535,0.030843546614050865,0.0003,0.0003,0.08955492194341336
,,,,,751999,7650.771,1000,,,,,,,,,,
,,,,,752000,,,-678.997314453125,-6.683775901794434,2.018547296524048,677.9132080078125,678.0413818359375,0.09001333617665068,-0.034881122410297394,0.0003,0.0003,0.09001803483134359
,,,,,752999,7497.512,1000,,,,,,,,,,
,,,,,753000,,,-682.8286743164062,-5.593313217163086,3.1507439613342285,681.5950317382812,681.95751953125,0.09009476873733974,0.00324258953332901,0.0003,0.0003,0.09009936053048555
,,,,,753999,7562.1055,1000,,,,,,,,,,
,,,,,754000,,,-684.912353515625,-5.507530212402344,2.0692625045776367,684.2839965820312,684.36962890625,0.09069307961248264,0.028558220714330673,0.0003,0.0003,0.09069306378303117
,,,,,754999,7634.6934,1000,,,,,,,,,,
7628.874,40.71246,7679.385,7559.9175,1000.0,755000,,,-681.171630859375,-5.977835655212402,2.89565372467041,680.42919921875,680.0530395507812,0.09035284134138999,-0.02022731304168701,0.0003,0.0003,0.09035083191012637
,,,,,755999,7566.9976,1000,,,,,,,,,,
,,,,,756000,,,-682.1973876953125,-5.921083450317383,2.088892936706543,681.067626953125,681.3509521484375,0.09019446554150544,0.032561302185058594,0.0003,0.0003,0.09018844590391181
,,,,,756999,7628.7725,1000,,,,,,,,,,
,,,,,757000,,,-688.10107421875,-6.12274169921875,3.2678847312927246,687.0087280273438,687.3753662109375,0.09075632442967543,-0.004512321203947067,0.0003,0.0003,0.0907584019060559
,,,,,757999,7613.599,1000,,,,,,,,,,
,,,,,758000,,,-691.64013671875,-5.905725002288818,2.4873669147491455,690.6864013671875,690.7508544921875,0.0908150518948177,0.008097434416413307,0.0003,0.0003,0.09081576020708798
,,,,,758999,7557.809,1000,,,,,,,,,,
,,,,,759000,,,-686.3228149414062,-6.131292343139648,2.2119297981262207,685.1929931640625,685.216796875,0.09109052339572384,-0.015484893694519997,0.0003,0.0003,0.09109128518424323
,,,,,759999,7492.0977,1000,,,,,,,,,,
7634.676,63.67679,7738.582,7536.101,1000.0,760000,,,-688.647216796875,-6.130694389343262,2.740164279937744,687.822509765625,687.8621826171875,0.09152724295204531,-0.02112419344484806,0.0003,0.0003,0.09152383070227232
,,,,,760999,7656.904,1000,,,,,,,,,,
,,,,,761000,,,-679.3946533203125,-5.778770923614502,2.5729012489318848,677.9295043945312,678.06689453125,0.09149444667242472,0.04235200583934784,0.0003,0.0003,0.09149371826894373
,,,,,761999,7509.862,1000,,,,,,,,,,
,,,,,762000,,,-687.8013305664062,-5.719708442687988,1.6044409275054932,686.92822265625,686.71533203125,0.09152569631643491,0.03404049202799797,0.0003,0.0003,0.091523277428684
,,,,,762999,7522.7954,1000,,,,,,,,,,
,,,,,763000,,,-688.30078125,-6.266798973083496,3.026871919631958,686.8858642578125,687.0462646484375,0.09086261949688725,-0.03538816049695015,0.0003,0.0003,0.09086270493712524
,,,,,763999,7634.4507,1000,,,,,,,,,,
,,,,,764000,,,-689.7254638671875,-5.993158340454102,2.8784444332122803,688.3167114257812,688.698486328125,0.09109253614531251,-0.025868918746709824,0.0003,0.0003,0.09109213118980936
,,,,,764999,7606.8022,1000,,,,,,,,,,
7652.874,32.24213,7701.3325,7599.7637,1000.0,765000,,,-688.516845703125,-6.034696102142334,2.035201072692871,687.7764892578125,687.6825561523438,0.09017070214734806,0.005042813718318939,0.0003,0.0003,0.09017128475925738
,,,,,765999,7523.0474,1000,,,,,,,,,,
,,,,,766000,,,-687.7056884765625,-6.109584808349609,2.4677393436431885,686.69775390625,686.64404296875,0.09062238025219486,-0.0031056837178766727,0.0003,0.0003,0.09062499931361448
,,,,,766999,7546.187,1000,,,,,,,,,,
,,,,,767000,,,-684.0452880859375,-5.611054420471191,2.527109384536743,682.5299072265625,682.59326171875,0.09134696343971364,0.011514510959386826,0.0003,0.0003,0.0913426426735344
,,,,,767999,7406.232,1000,,,,,,,,,,
,,,,,768000,,,-680.7593383789062,-5.907360076904297,2.67828631401062,679.9166870117188,680.185302734375,0.09138756842396191,0.01195119135081768,0.0003,0.0003,0.09138171063083848
,,,,,768999,7544.805,1000,,,,,,,,,,
,,,,,769000,,,-684.11279296875,-5.707717418670654,1.826262354850769,683.1822509765625,683.2423095703125,0.09137583820503907,0.038310326635837555,0.0003,0.0003,0.09137664154345543
,,,,,769999,7660.0693,1000,,,,,,,,,,
7594.785,33.900227,7644.7505,7541.587,1000.0,770000,,,-689.6124267578125,-5.755675792694092,1.7702783346176147,688.8955078125,688.7369384765625,0.09166870547534889,-0.0008668140508234501,0.0003,0.0003,0.0916677850922937
,,,,,770999,7694.9785,1000,,,,,,,,,,
,,,,,771000,,,-686.0313720703125,-6.444033622741699,2.740342617034912,684.826416015625,685.05810546875,0.09020099627568885,-0.033202968537807465,0.0003,0.0003,0.09019731781036684
,,,,,771999,7693.5776,1000,,,,,,,,,,
,,,,,772000,,,-689.9821166992188,-5.846778869628906,2.3340673446655273,689.123046875,689.4966430664062,0.09012743749935892,0.004669796675443649,0.0003,0.0003,0.09013375004759744
,,,,,772999,7562.9175,1000,,,,,,,,,,
,,,,,773000,,,-689.9761352539062,-6.405895709991455,2.17116641998291,688.8868408203125,688.66845703125,0.08975260572447537,-0.02328687533736229,0.0003,0.0003,0.089756419433527
,,,,,773999,7680.5396,1000,,,,,,,,,,
,,,,,774000,,,-690.3261108398438,-5.375150203704834,2.6601216793060303,689.3922119140625,689.540283203125,0.09033617072642913,0.027634792029857635,0.0003,0.0003,0.0903321197859436
,,,,,774999,7722.895,1000,,,,,,,,,,
7629.548,47.8733,7722.8076,7561.476,1000.0,775000,,,-686.1043701171875,-6.087904930114746,2.0373733043670654,685.0877685546875,685.0789184570312,0.09009443196373229,-0.000822785310447216,0.0003,0.0003,0.09009611877934329
,,,,,775999,7660.1772,1000,,,,,,,,,,
,,,,,776000,,,-694.2176513671875,-5.817032814025879,2.620800495147705,693.124267578125,693.2608642578125,0.0906187737404155,0.013930629007518291,0.0003,0.0003,0.09061902336262787
,,,,,776999,7661.9546,1000,,,,,,,,,,
,,,,,777000,,,-689.6229858398438,-5.822379112243652,2.420562267303467,688.2255859375,688.3699951171875,0.09143956583074984,0.02364678867161274,0.0003,0.0003,0.0914358655357398
,,,,,777999,7612.4653,1000,,,,,,,,,,
,,,,,778000,,,-695.194091796875,-6.024022102355957,2.159331798553467,694.0419921875,694.4881591796875,0.09099805335299489,0.013595430180430412,0.0003,0.0003,0.09100057629918878
,,,,,778999,7728.3306,1000,,,,,,,,,,
,,,,,779000,,,-687.2647705078125,-5.867977142333984,2.4149632453918457,686.131591796875,686.2216796875,0.09052287398640357,0.02124343439936638,0.0003,0.0003,0.09051951468158029
,,,,,779999,7603.9653,1000,,,,,,,,,,
7565.557,67.001305,7639.369,7422.002,1000.0,780000,,,-692.1767578125,-5.746253967285156,2.9928178787231445,691.19921875,690.8125610351562,0.09074338968669156,0.028571613132953644,0.0003,0.0003,0.09073854514908361
,,,,,780999,7633.0703,1000,,,,,,,,,,
,,,,,781000,,,-687.6494140625,-6.052627086639404,2.5022168159484863,686.7633056640625,686.700927734375,0.08994415609726412,-0.0076868291944265366,0.0003,0.0003,0.08994459729564706
,,,,,781999,7658.8574,1000,,,,,,,,,,
,,,,,782000,,,-693.5317993164062,-6.250005722045898,2.517014265060425,692.7512817382812,692.7391357421875,0.0902496045773683,-0.04654158651828766,0.0003,0.0003,0.09025645594036834
,,,,,782999,7522.342,1000,,,,,,,,,,
,,,,,783000,,,-689.2871704101562,-5.648262023925781,2.4982314109802246,688.4290771484375,688.24755859375,0.09062361702572273,0.04747997969388962,0.0003,0.0003,0.09062164952939644
,,,,,783999,7685.1997,1000,,,,,,,,,,
,,,,,784000,,,-687.615966796875,-5.752902984619141,2.0494675636291504,686.3793334960938,686.6439208984375,0.09091676794252007,-0.009841805323958397,0.0003,0.0003,0.09091892969812163
,,,,,784999,7686.907,1000,,,,,,,,,,
7690.866,94.88456,7806.949,7483.132,1000.0,785000,,,-686.8157958984375,-5.905461311340332,2.645624876022339,686.0703125,686.0703125,0.0902510599573268,-0.0012873932719230652,0.0003,0.0003,0.09025125681663532
,,,,,785999,7667.052,1000,,,,,,,,,,
,,,,,786000,,,-688.3362426757812,-5.550152778625488,2.376392364501953,687.274658203125,687.0694580078125,0.09012424519620187,0.03326011449098587,0.0003,0.0003,0.09012295929415416
,,,,,786999,7391.8657,1000,,,,,,,,,,
,,,,,787000,,,-691.5657958984375,-5.624214172363281,2.486384868621826,690.4644775390625,690.660400390625,0.09053856526772562,0.013418436050415039,0.0003,0.0003,0.09053697350408539
,,,,,787999,7616.3496,1000,,,,,,,,,,
,,,,,788000,,,-691.3655395507812,-6.060338973999023,2.6243457794189453,690.355712890625,690.3507080078125,0.09060865580051602,-0.006807977333664894,0.0003,0.0003,0.09060586863592916
,,,,,788999,7760.081,1000,,,,,,,,,,
,,,,,789000,,,-685.6270751953125,-6.088085174560547,2.0293822288513184,684.4067993164062,684.601806640625,0.09144975915268305,-0.0011552730575203896,0.0003,0.0003,0.09144802866818727
,,,,,789999,7712.0146,1000,,,,,,,,,,
7598.0366,113.55565,7695.248,7312.9614,1000.0,790000,,,-689.8723754882812,-5.941946983337402,2.6190104484558105,689.171142578125,688.6219482421875,0.09068048343044623,-0.009905388578772545,0.0003,0.0003,0.09067487008499547
,,,,,790999,7572.6826,1000,,,,,,,,,,
,,,,,791000,,,-691.1180419921875,-6.075629234313965,3.1000161170959473,690.1859741210938,690.1665649414062,0.08994187534960323,0.023444034159183502,0.0003,0.0003,0.08994353182825063
,,,,,791999,7701.356,1000,,,,,,,,,,
,,,,,792000,,,-692.4060668945312,-6.2991533279418945,2.7247581481933594,691.1665649414062,691.18798828125,0.0901735887180402,-0.009087737649679184,0.0003,0.0003,0.09017341660469425
,,,,,792999,7650.057,1000,,,,,,,,,,
,,,,,793000,,,-691.6986083984375,-5.792326927185059,2.322983980178833,690.554931640625,690.5654296875,0.09116462687063392,0.009333373978734016,0.0003,0.0003,0.09116605843471251
,,,,,793999,7676.738,1000,,,,,,,,,,
,,,,,794000,,,-686.5213012695312,-6.275880336761475,2.71026611328125,684.8756713867188,685.2037963867188,0.09107030399870993,-0.02951110526919365,0.0003,0.0003,0.09107249889666694
,,,,,794999,7712.1777,1000,,,,,,,,,,
7682.2275,76.19778,7792.418,7549.8164,1000.0,795000,,,-687.468994140625,-5.9002461433410645,2.356321334838867,686.323486328125,685.9562377929688,0.09101418922249634,0.0074211545288562775,0.0003,0.0003,0.09101274974022307
,,,,,795999,7747.4067,1000,,,,,,,,,,
,,,,,796000,,,-698.7138061523438,-5.871661186218262,2.6602423191070557,697.5772705078125,697.369873046875,0.09095117935906417,-0.0049191610887646675,0.0003,0.0003,0.09095116164768301
,,,,,796999,7671.2515,1000,,,,,,,,,,
,,,,,797000,,,-697.207275390625,-5.89717960357666,1.9717915058135986,696.176025390625,695.9296875,0.08995293205859081,0.00449150986969471,0.0003,0.0003,0.08995045768319984
,,,,,797999,7703.12,1000,,,,,,,,,,
,,,,,798000,,,-686.3866577148438,-5.911441326141357,2.913480043411255,685.3511962890625,685.1123657226562,0.09054772164497134,0.024662494659423828,0.0003,0.0003,0.09054706388835557
,,,,,798999,7709.861,1000,,,,,,,,,,
,,,,,799000,,,-694.96826171875,-5.925434589385986,2.752915859222412,694.0358276367188,693.9664916992188,0.09136487968358023,0.05398683249950409,0.0003,0.0003,0.09136435459344708
,,,,,799999,7732.2046,1000,,,,,,,,,,
7557.4736,589.15674,7851.5938,5795.665,1000.0,800000,,,-695.0690307617188,-5.614506721496582,2.528818368911743,694.2056884765625,694.0902709960938,0.09184123714435873,0.02151244878768921,0.0003,0.0003,0.091842301639119
,,,,,800999,7663.7134,1000,,,,,,,,,,
,,,,,801000,,,-693.6240844726562,-5.62945556640625,1.810884714126587,692.3658447265625,692.5018920898438,0.09156571259120051,0.046884480863809586,0.0003,0.0003,0.09156406831561525
,,,,,801999,7703.578,1000,,,,,,,,,,
,,,,,802000,,,-696.4337158203125,-5.854890823364258,2.90016508102417,695.460693359375,695.7241821289062,0.09129729622325028,0.004460774827748537,0.0003,0.0003,0.09129506618015241
,,,,,802999,7588.701,1000,,,,,,,,,,
,,,,,803000,,,-692.54052734375,-6.031527519226074,3.025592088699341,691.4108276367188,691.4063720703125,0.09178544856004553,-0.014416314661502838,0.0003,0.0003,0.09178293785906466
,,,,,803999,7716.9336,1000,,,,,,,,,,
,,,,,804000,,,-695.056640625,-6.057872772216797,3.2933292388916016,693.8162231445312,693.4971313476562,0.09098655182246738,0.0004068901762366295,0.0003,0.0003,0.09098706025551284
,,,,,804999,7826.707,1000,,,,,,,,,,
7763.421,48.9635,7856.92,7664.987,1000.0,805000,,,-697.2186889648438,-6.120887756347656,2.1685664653778076,696.2880859375,696.5264892578125,0.09144092741943866,-0.015180569142103195,0.0003,0.0003,0.09143923357836758
,,,,,805999,7646.377,1000,,,,,,,,,,
,,,,,806000,,,-695.6177978515625,-5.804289817810059,3.1186280250549316,694.695068359375,694.636474609375,0.09215477889243287,0.03136194497346878,0.0003,0.0003,0.09214988463060393
,,,,,806999,7593.072,1000,,,,,,,,,,
,,,,,807000,,,-694.41259765625,-5.66404390335083,2.222893714904785,693.09130859375,693.50244140625,0.09186473188577911,0.01134820468723774,0.0003,0.0003,0.0918654730830408
,,,,,807999,7727.408,1000,,,,,,,,,,
,,,,,808000,,,-689.2529296875,-6.080324172973633,2.239182710647583,688.5748291015625,688.3746337890625,0.09211499124935311,0.0003430526703596115,0.0003,0.0003,0.09211395926217887
,,,,,808999,7785.874,1000,,,,,,,,,,
,,,,,809000,,,-696.7559814453125,-6.098230838775635,2.2881362438201904,695.510986328125,695.6878662109375,0.09184270778810409,-0.024513699114322662,0.0003,0.0003,0.09184577899340879
,,,,,809999,7750.9717,1000,,,,,,,,,,
7777.682,50.474384,7845.4,7683.7915,1000.0,810000,,,-691.43408203125,-6.231767654418945,2.9609591960906982,690.1204833984375,690.130126953125,0.09142478632112497,-0.0017902813851833344,0.0003,0.0003,0.09142709243131629
,,,,,810999,7792.325,1000,,,,,,,,,,
,,,,,811000,,,-690.35107421875,-6.226593017578125,2.910719394683838,689.3987426757812,689.34716796875,0.0912304209283513,-0.0013202293775975704,0.0003,0.0003,0.09123080972387651
,,,,,811999,7604.3813,1000,,,,,,,,,,
,,,,,812000,,,-694.0599975585938,-6.028883934020996,2.0507426261901855,693.1107177734375,692.9275512695312,0.09151843373893107,-0.0009091133251786232,0.0003,0.0003,0.09152097304227448
,,,,,812999,7789.5464,1000,,,,,,,,,,
,,,,,813000,,,-694.7244873046875,-5.895852565765381,2.669343948364258,693.8012084960938,693.6748046875,0.0912142983173469,0.021193362772464752,0.0003,0.0003,0.09121178817650731
,,,,,813999,7837.9536,1000,,,,,,,,,,
,,,,,814000,,,-698.6092529296875,-6.0204620361328125,2.256777286529541,697.65478515625,697.6036376953125,0.09213733004885928,0.004139941185712814,0.0003,0.0003,0.09213753523029482
,,,,,814999,7814.9155,1000,,,,,,,,,,
7759.3413,50.135853,7824.905,7673.4814,1000.0,815000,,,-700.3046875,-5.860826015472412,2.7980194091796875,699.2642211914062,699.5701293945312,0.09232973908472591,0.0267241969704628,0.0003,0.0003,0.09232725996776892
,,,,,815999,7689.804,1000,,,,,,,,,,
,,,,,816000,,,-695.4864501953125,-6.201353549957275,2.781128406524658,694.125244140625,694.3255615234375,0.09226547257692336,-0.01213949266821146,0.0003,0.0003,0.0922635752598418
,,,,,816999,7804.841,1000,,,,,,,,,,
,,,,,817000,,,-697.0786743164062,-5.968484878540039,3.0105690956115723,695.547119140625,695.7369995117188,0.09232926939547867,0.03527561202645302,0.0003,0.0003,0.09233004429762498
,,,,,817999,7790.4595,1000,,,,,,,,,,
,,,,,818000,,,-699.4542236328125,-5.717263221740723,2.7609028816223145,698.38818359375,698.1378173828125,0.09265514012863865,0.03706314042210579,0.0003,0.0003,0.09265504616039953
,,,,,818999,7755.923,1000,,,,,,,,,,
,,,,,819000,,,-699.583251953125,-5.829029083251953,2.8628792762756348,698.9275512695312,698.8724365234375,0.0924233438845382,-0.020760005339980125,0.0003,0.0003,0.09241944027649833
,,,,,819999,7681.493,1000,,,,,,,,,,
7804.914,56.35455,7923.2896,7718.084,1000.0,820000,,,-701.9026489257812,-6.129009246826172,2.670889377593994,701.1900024414062,701.596923828125,0.0921012989192017,0.005244353786110878,0.0003,0.0003,0.09209911944793735
,,,,,820999,7885.15,1000,,,,,,,,,,
,,,,,821000,,,-692.99853515625,-5.683736801147461,3.1883201599121094,691.8729858398438,691.91650390625,0.09241351447827408,-0.011344550177454948,0.0003,0.0003,0.09241676280560938
,,,,,821999,7802.9126,1000,,,,,,,,,,
,,,,,822000,,,-690.5343627929688,-5.818114280700684,2.840540647506714,689.2781372070312,689.6387329101562,0.09167712997486444,0.04684242978692055,0.0003,0.0003,0.09167186406638092
,,,,,822999,7779.0728,1000,,,,,,,,,,
,,,,,823000,,,-694.7312622070312,-6.204708099365234,3.758582830429077,694.08056640625,693.7550048828125,0.09125607010605648,-0.03300301730632782,0.0003,0.0003,0.09125991279665557
,,,,,823999,7826.459,1000,,,,,,,,,,
,,,,,824000,,,-701.4207763671875,-6.461517333984375,2.232691764831543,700.6029663085938,700.6092529296875,0.09158611324979556,-0.034767553210258484,0.0003,0.0003,0.09158649242581593
,,,,,824999,7719.9404,1000,,,,,,,,,,
7281.843,1426.0386,7852.9214,3008.5083,1000.0,825000,,,-698.858642578125,-5.678609371185303,2.4516634941101074,697.336181640625,697.8169555664062,0.09174470235630458,0.03372299671173096,0.0003,0.0003,0.09173810827136837
,,,,,825999,7770.05,1000,,,,,,,,,,
,,,,,826000,,,-704.8079223632812,-5.654065132141113,2.2890472412109375,703.9959716796875,703.684326171875,0.09165281283794631,0.01973465271294117,0.0003,0.0003,0.09165062406850615
,,,,,826999,7700.7715,1000,,,,,,,,,,
,,,,,827000,,,-703.1607666015625,-5.815166473388672,2.1637744903564453,702.0758666992188,702.4052124023438,0.09213412534498194,0.018584340810775757,0.0003,0.0003,0.09213347415747646
,,,,,827999,7727.2446,1000,,,,,,,,,,
,,,,,828000,,,-703.2731323242188,-5.932530403137207,2.9478936195373535,702.2494506835938,702.070068359375,0.09131512335115144,0.01009716372936964,0.0003,0.0003,0.0913146107856137
,,,,,828999,7815.1787,1000,,,,,,,,,,
,,,,,829000,,,-700.2967529296875,-5.784844398498535,3.3036632537841797,699.3333740234375,699.5278930664062,0.0923338124572442,0.0055922530591487885,0.0003,0.0003,0.09233484310179005
,,,,,829999,7755.592,1000,,,,,,,,,,
7891.1123,57.741444,7995.818,7759.2397,1000.0,830000,,,-703.7080688476562,-5.798909664154053,2.1420083045959473,702.9412841796875,702.7205200195312,0.0920956672930267,0.03577759116888046,0.0003,0.0003,0.09209238835660877
,,,,,830999,7826.6177,1000,,,,,,,,,,
,,,,,831000,,,-701.9609375,-6.1159491539001465,2.591712474822998,701.572265625,701.0771484375,0.09248640960109328,-0.0020969128236174583,0.0003,0.0003,0.09248210544111946
,,,,,831999,7684.7407,1000,,,,,,,,,,
,,,,,832000,,,-702.315673828125,-5.908740043640137,2.9422149658203125,701.1778564453125,700.9615478515625,0.09172477065070657,0.04071253165602684,0.0003,0.0003,0.09172125665181924
,,,,,832999,7847.055,1000,,,,,,,,,,
,,,,,833000,,,-699.28076171875,-6.340069770812988,2.725565195083618,698.4950561523438,698.49365234375,0.09189390208182599,-0.021421868354082108,0.0003,0.0003,0.09189353868537171
,,,,,833999,7795.4233,1000,,,,,,,,,,
,,,,,834000,,,-700.86328125,-6.292060852050781,2.568392276763916,699.795166015625,699.7958984375,0.09116395071500515,-0.0024923142045736313,0.0003,0.0003,0.09116657748563217
,,,,,834999,7832.624,1000,,,,,,,,,,
7549.6304,469.89383,7813.903,6163.1055,1000.0,835000,,,-705.345947265625,-5.463742256164551,2.7169008255004883,704.68505859375,704.5098876953125,0.0914662044620655,0.028526995331048965,0.0003,0.0003,0.09146489744615355
,,,,,835999,7817.133,1000,,,,,,,,,,
,,,,,836000,,,-704.9769287109375,-5.660182476043701,2.1115779876708984,704.0390625,703.8224487304688,0.09105662087357884,0.01514040119946003,0.0003,0.0003,0.09105631287950511
,,,,,836999,7781.9307,1000,,,,,,,,,,
,,,,,837000,,,-702.0506591796875,-6.4969258308410645,3.0090532302856445,701.0758056640625,701.029296875,0.09224703707765787,-0.03206757828593254,0.0003,0.0003,0.09224539248809596
,,,,,837999,7739.8423,1000,,,,,,,,,,
,,,,,838000,,,-706.6168212890625,-5.849528789520264,2.224092483520508,705.578369140625,706.0106201171875,0.09305716008194549,0.04291902855038643,0.0003,0.0003,0.09305735964219924
,,,,,838999,7758.754,1000,,,,,,,,,,
,,,,,839000,,,-709.2472534179688,-5.703268051147461,2.166111469268799,708.198974609375,708.153564453125,0.09354656665446652,0.02216518670320511,0.0003,0.0003,0.0935425852075041
,,,,,839999,7876.1475,1000,,,,,,,,,,
7934.56,56.363544,8001.453,7783.7363,1000.0,840000,,,-706.1792602539062,-6.542095184326172,2.7492470741271973,705.3508911132812,705.3226318359375,0.09277331306288963,-0.05379506200551987,0.0003,0.0003,0.09277647006477496
,,,,,840999,7775.7007,1000,,,,,,,,,,
,,,,,841000,,,-705.3418579101562,-5.243802070617676,2.0417168140411377,704.4639892578125,704.386962890625,0.09179814497401081,0.059779830276966095,0.0003,0.0003,0.0917963673347635
,,,,,841999,7747.8057,1000,,,,,,,,,,
,,,,,842000,,,-701.9288330078125,-6.495140075683594,2.8366732597351074,701.3558349609375,701.1107177734375,0.09259356706673147,-0.040534187108278275,0.0003,0.0003,0.09259365327571782
,,,,,842999,7847.56,1000,,,,,,,,,,
,,,,,843000,,,-698.8551025390625,-6.24402379989624,2.66792631149292,697.5623168945312,697.9276123046875,0.09204026277959818,-0.015665153041481972,0.0003,0.0003,0.09204180369749868
,,,,,843999,7882.982,1000,,,,,,,,,,
,,,,,844000,,,-707.7616577148438,-5.675559043884277,1.726027488708496,706.6739501953125,707.1357421875,0.09260958570694139,0.0300532728433609,0.0003,0.0003,0.0926067962129287
,,,,,844999,7843.9556,1000,,,,,,,,,,
7763.182,60.85656,7844.8755,7635.6714,1000.0,845000,,,-704.4705810546875,-6.212636470794678,2.3908567428588867,703.7848510742188,703.607666015625,0.09207767851180514,-0.018245620653033257,0.0003,0.0003,0.09207984888849352
,,,,,845999,7813.455,1000,,,,,,,,,,
,,,,,846000,,,-701.598876953125,-6.037518501281738,3.3466813564300537,700.7628173828125,700.408447265625,0.09274509092796815,0.00908801332116127,0.0003,0.0003,0.09274896554614671
,,,,,846999,7784.0674,1000,,,,,,,,,,
,,,,,847000,,,-708.574462890625,-6.1512131690979,2.4073519706726074,707.5806884765625,707.721435546875,0.09341405535489165,0.006842793431133032,0.0003,0.0003,0.09341400189467552
,,,,,847999,7909.2227,1000,,,,,,,,,,
,,,,,848000,,,-709.798583984375,-5.9848175048828125,2.148956298828125,708.796875,708.7723388671875,0.09303347822364778,0.01825646311044693,0.0003,0.0003,0.09303149051582253
,,,,,848999,7650.9204,1000,,,,,,,,,,
,,,,,849000,,,-705.0220947265625,-5.629091262817383,3.0958619117736816,704.0296630859375,704.130859375,0.09360722178228598,0.027888739481568336,0.0003,0.0003,0.09360393352308627
,,,,,849999,7807.1787,1000,,,,,,,,,,
7706.7812,47.250492,7788.252,7622.855,1000.0,850000,,,-705.4306640625,-5.789106845855713,2.691917657852173,704.3486328125,704.677734375,0.09282745675647819,0.010563780553638935,0.0003,0.0003,0.09282618611677879
,,,,,850999,7829.6777,1000,,,,,,,,,,
,,,,,851000,,,-708.1435546875,-6.334064960479736,2.759793519973755,707.437255859375,706.8363037109375,0.09211254962050935,-0.03366152569651604,0.0003,0.0003,0.09210831634011336
,,,,,851999,7820.804,1000,,,,,,,,,,
,,,,,852000,,,-702.70947265625,-5.95051383972168,2.966872215270996,701.404296875,701.7840576171875,0.0923541239173712,-0.004105803556740284,0.0003,0.0003,0.09235640412072901
,,,,,852999,7867.0596,1000,,,,,,,,,,
,,,,,853000,,,-705.9017944335938,-6.039748668670654,4.010046005249023,704.827392578125,704.845458984375,0.09273168498892327,-0.014026612974703312,0.0003,0.0003,0.09273254691283707
,,,,,853999,7923.29,1000,,,,,,,,,,
,,,,,854000,,,-702.397705078125,-6.031849384307861,2.897221088409424,701.1895141601562,701.509033203125,0.09287206749252236,0.006725878454744816,0.0003,0.0003,0.09286910676141345
,,,,,854999,7877.236,1000,,,,,,,,,,
7887.5015,120.725746,8004.43,7662.593,1000.0,855000,,,-710.4105224609375,-6.23356294631958,2.029282569885254,709.2767333984375,709.2079467773438,0.09291497355735642,-0.006086808163672686,0.0003,0.0003,0.09291436670709867
,,,,,855999,7693.893,1000,,,,,,,,,,
,,,,,856000,,,-705.5519409179688,-5.980995178222656,2.804898500442505,704.4598999023438,704.6148071289062,0.09338443084139954,-0.006552247330546379,0.0003,0.0003,0.09338450421261128
,,,,,856999,7858.593,1000,,,,,,,,,,
,,,,,857000,,,-707.1356201171875,-6.122827529907227,2.1911778450012207,706.1123046875,706.4407958984375,0.0937337711837818,0.028304260224103928,0.0003,0.0003,0.0937311664934479
,,,,,857999,7863.584,1000,,,,,,,,,,
,,,,,858000,,,-700.8133544921875,-5.941678047180176,4.074918746948242,699.872802734375,700.025390625,0.0939478913498874,-0.001974562183022499,0.0003,0.0003,0.09394484656852878
,,,,,858999,7933.005,1000,,,,,,,,,,
,,,,,859000,,,-703.2736206054688,-6.056096076965332,3.6143641471862793,702.2216186523438,702.2765502929688,0.0934925654794812,-0.02166273631155491,0.0003,0.0003,0.09348829540169196
,,,,,859999,7875.46,1000,,,,,,,,,,
7861.569,79.65143,7950.0757,7669.2173,1000.0,860000,,,-706.1573486328125,-5.976118087768555,2.184737205505371,705.2637329101562,705.280517578125,0.09377651199248319,-0.023079853504896164,0.0003,0.0003,0.0937799960566932
,,,,,860999,7911.919,1000,,,,,,,,,,
,,,,,861000,,,-706.9794921875,-6.106917381286621,3.6005735397338867,705.7012329101562,705.4429321289062,0.09353686353857796,-0.02615019492805004,0.0003,0.0003,0.09353606909958305
,,,,,861999,7966.6865,1000,,,,,,,,,,
,,,,,862000,,,-709.5135498046875,-6.041939735412598,3.0396084785461426,708.7078857421875,708.397705078125,0.09354441758631582,-0.006667662411928177,0.0003,0.0003,0.093544233848422
,,,,,862999,7863.404,1000,,,,,,,,,,
,,,,,863000,,,-707.885498046875,-6.239947319030762,2.432971239089966,706.7061157226562,706.51953125,0.09336355107463878,-0.021604349836707115,0.0003,0.0003,0.09336524942172589
,,,,,863999,7897.184,1000,,,,,,,,,,
,,,,,864000,,,-708.2261962890625,-6.548809051513672,2.1600098609924316,707.237548828125,707.0639038085938,0.09345620882296127,-0.020880796015262604,0.0003,0.0003,0.0934594885943263
,,,,,864999,7881.785,1000,,,,,,,,,,
7942.56,123.20823,8079.572,7623.284,1000.0,865000,,,-712.1025390625,-6.425426483154297,2.6185572147369385,711.111328125,711.3897705078125,0.09367442731658121,-0.03063991107046604,0.0003,0.0003,0.09367320245992995
,,,,,865999,7902.2144,1000,,,,,,,,,,
,,,,,866000,,,-712.6054077148438,-6.904359817504883,1.9414470195770264,711.9772338867188,711.829833984375,0.09419851899321653,-0.0906171202659607,0.0003,0.0003,0.09420381152757024
,,,,,866999,7813.23,1000,,,,,,,,,,
,,,,,867000,,,-707.5252685546875,-6.309322357177734,2.6016054153442383,706.2638549804688,706.5361328125,0.0944830556487904,-0.009899185970425606,0.0003,0.0003,0.0944864530042653
,,,,,867999,7796.08,1000,,,,,,,,,,
,,,,,868000,,,-708.2532348632812,-6.452625751495361,3.412569046020508,707.57080078125,707.597900390625,0.09422926816656194,-0.030849546194076538,0.0003,0.0003,0.094230047588754
,,,,,868999,7913.012,1000,,,,,,,,,,
,,,,,869000,,,-706.868408203125,-5.740606784820557,2.4966113567352295,705.938232421875,705.86328125,0.09406169967423131,0.014492539688944817,0.0003,0.0003,0.09406250305251444
,,,,,869999,7925.248,1000,,,,,,,,,,
7865.3413,103.41126,7955.7935,7681.9634,1000.0,870000,,,-709.7709350585938,-6.007348537445068,2.7213387489318848,708.80126953125,708.7745361328125,0.09454924407298208,-0.019340090453624725,0.0003,0.0003,0.09455132243797151
,,,,,870999,7898.354,1000,,,,,,,,,,
,,,,,871000,,,-708.5493774414062,-6.083408832550049,1.731626033782959,707.24951171875,707.3538208007812,0.0939919132867048,0.015619829297065735,0.0003,0.0003,0.09399434640571884
,,,,,871999,7893.731,1000,,,,,,,,,,
,,,,,872000,,,-702.2278442382812,-6.117181777954102,2.591674327850342,700.7882080078125,701.0009765625,0.09448190704418997,0.000275713624432683,0.0003,0.0003,0.09448489644512921
,,,,,872999,7883.825,1000,,,,,,,,,,
,,,,,873000,,,-703.6051635742188,-6.361896514892578,2.300751209259033,702.51416015625,702.6060791015625,0.0950340989771287,-0.04412473738193512,0.0003,0.0003,0.09503354770223459
,,,,,873999,7879.52,1000,,,,,,,,,,
,,,,,874000,,,-709.308349609375,-6.372501373291016,2.0946950912475586,708.1322021484375,707.75146484375,0.09489824686304596,-0.0457332469522953,0.0003,0.0003,0.09490286326512971
,,,,,874999,7937.12,1000,,,,,,,,,,
7939.961,107.5836,8051.0464,7645.545,1000.0,875000,,,-714.245361328125,-6.2148332595825195,2.2738983631134033,712.843505859375,712.7535400390625,0.09508344300557484,-0.015578113496303558,0.0003,0.0003,0.09508308993438232
,,,,,875999,7937.77,1000,,,,,,,,,,
,,,,,876000,,,-720.6884765625,-6.129790306091309,2.374009847640991,719.7465209960938,719.93994140625,0.09440663065546079,0.004282986745238304,0.0003,0.0003,0.09440917350756674
,,,,,876999,7759.045,1000,,,,,,,,,,
,,,,,877000,,,-710.3046264648438,-6.015644073486328,2.7325782775878906,709.1507568359375,709.0718994140625,0.0951294905435909,0.008012221194803715,0.0003,0.0003,0.09512714457285044
,,,,,877999,7907.717,1000,,,,,,,,,,
,,,,,878000,,,-707.2257080078125,-6.161162376403809,2.1797564029693604,706.4591064453125,706.26123046875,0.09477540962442346,0.001031622290611267,0.0003,0.0003,0.09477773109781294
,,,,,878999,7800.3833,1000,,,,,,,,,,
,,,,,879000,,,-715.60791015625,-6.096893310546875,1.8228398561477661,714.6719970703125,714.56201171875,0.09425234567391604,-0.03781869262456894,0.0003,0.0003,0.0942531432807124
,,,,,879999,7928.005,1000,,,,,,,,,,
7881.449,120.55843,8034.15,7581.749,1000.0,880000,,,-709.8999633789062,-5.655145645141602,2.4403791427612305,709.1009521484375,708.8394775390625,0.09428874099647834,-0.0021598730236291885,0.0003,0.0003,0.09429016646760491
,,,,,880999,7900.5786,1000,,,,,,,,,,
,,,,,881000,,,-705.72119140625,-6.027888298034668,2.682239055633545,704.5880126953125,704.6787109375,0.09452168774120673,-0.021121641620993614,0.0003,0.0003,0.09452313482878708
,,,,,881999,7846.164,1000,,,,,,,,,,
,,,,,882000,,,-713.9226684570312,-6.240487098693848,3.197506904602051,712.9609985351562,713.0224609375,0.09523282475807053,8.6913350969553e-05,0.0003,0.0003,0.09523589417577524
,,,,,882999,7720.857,1000,,,,,,,,,,
,,,,,883000,,,-706.681396484375,-6.612649917602539,3.950928211212158,705.199951171875,705.3838500976562,0.09513693146488397,-0.03934398666024208,0.0003,0.0003,0.0951413020907763
,,,,,883999,8081.7603,1000,,,,,,,,,,
,,,,,884000,,,-712.36962890625,-6.232606887817383,2.497459888458252,711.5322265625,711.5189208984375,0.09519536002501634,-0.006296481471508741,0.0003,0.0003,0.09519615862112388
,,,,,884999,7992.1235,1000,,,,,,,,,,
7868.249,59.6252,7981.654,7758.024,1000.0,885000,,,-712.4849853515625,-5.636885643005371,2.600310802459717,711.3931274414062,711.599853515625,0.09562886112803565,0.01323380134999752,0.0003,0.0003,0.09562583845800748
,,,,,885999,7932.2534,1000,,,,,,,,,,
,,,,,886000,,,-713.188232421875,-6.106850624084473,3.195237636566162,712.4330444335938,712.5953979492188,0.09530245922567951,0.00021892040967941284,0.0003,0.0003,0.09530317068052448
,,,,,886999,7961.2686,1000,,,,,,,,,,
,,,,,887000,,,-708.8193969726562,-6.011317253112793,2.817323923110962,707.65234375,707.9121704101562,0.09531164332455445,0.028750555589795113,0.0003,0.0003,0.09530828056042642
,,,,,887999,7810.2485,1000,,,,,,,,,,
,,,,,888000,,,-707.20263671875,-6.174521446228027,4.4200310707092285,706.2073974609375,705.96484375,0.09447832477412652,-0.009472334757447243,0.0003,0.0003,0.09447977230612994
,,,,,888999,7905.41,1000,,,,,,,,,,
,,,,,889000,,,-710.9907836914062,-6.16267728805542,2.882469654083252,710.504150390625,710.2638549804688,0.0955483619782847,-0.008855619467794895,0.0003,0.0003,0.0955462268297965
,,,,,889999,7921.9434,1000,,,,,,,,,,
7995.1787,25.144768,8027.8804,7941.1973,1000.0,890000,,,-711.551513671875,-6.000283241271973,2.992302417755127,710.613037109375,710.5315551757812,0.09513118382677817,0.007481948006898165,0.0003,0.0003,0.09512772526717518
,,,,,890999,7985.2935,1000,,,,,,,,,,
,,,,,891000,,,-712.75537109375,-6.002602577209473,2.614882230758667,711.6513671875,711.7401123046875,0.09490809113814543,-0.013346483930945396,0.0003,0.0003,0.09491006506521182
,,,,,891999,7890.159,1000,,,,,,,,,,
,,,,,892000,,,-710.9310302734375,-6.422575950622559,2.7168049812316895,710.1572265625,710.1640014648438,0.0943882406181996,-0.02607649937272072,0.0003,0.0003,0.09438840782742426
,,,,,892999,7926.157,1000,,,,,,,,,,
,,,,,893000,,,-699.0328369140625,-6.419670104980469,3.0444586277008057,697.6295166015625,697.9124145507812,0.09459147174627223,-0.029948357492685318,0.0003,0.0003,0.09459161406383572
,,,,,893999,7952.8525,1000,,,,,,,,,,
,,,,,894000,,,-715.5140991210938,-6.289496898651123,4.033252716064453,714.1065063476562,714.389892578125,0.0945286652607709,-0.015390774235129356,0.0003,0.0003,0.09452753226940037
,,,,,894999,8017.3003,1000,,,,,,,,,,
7567.565,1027.738,7972.595,4490.5264,1000.0,895000,,,-704.7933349609375,-5.893527030944824,3.506822109222412,703.562744140625,703.4213256835938,0.09472412007533243,-0.005004586651921272,0.0003,0.0003,0.09472502450599779
,,,,,895999,7986.5605,1000,,,,,,,,,,
,,,,,896000,,,-715.4892578125,-5.887247085571289,2.2450361251831055,714.3243408203125,714.397216796875,0.09476370392137927,0.015986111015081406,0.0003,0.0003,0.0947573533320892
,,,,,896999,7968.0596,1000,,,,,,,,,,
,,,,,897000,,,-712.1218872070312,-6.012162208557129,1.986699104309082,711.0887451171875,711.2250366210938,0.09562120564044996,0.006371562369167805,0.0003,0.0003,0.09562274370498704
,,,,,897999,7914.1465,1000,,,,,,,,,,
,,,,,898000,,,-711.0802001953125,-6.390895366668701,3.1522469520568848,710.1290893554688,709.8521728515625,0.09655924094015571,-0.014088334515690804,0.0003,0.0003,0.09655719494685643
,,,,,898999,7965.09,1000,,,,,,,,,,
,,,,,899000,,,-708.642333984375,-6.515964508056641,2.741476058959961,707.90576171875,707.965576171875,0.09696924803778764,-0.032430075109004974,0.0003,0.0003,0.09697087311536004
,,,,,899999,7972.8564,1000,,,,,,,,,,
7923.513,54.746113,8012.458,7830.465,1000.0,900000,,,-714.288818359375,-5.742678165435791,2.641707420349121,713.26123046875,713.2713623046875,0.09644520493564536,0.02188437059521675,0.0003,0.0003,0.09644900420082697
,,,,,900999,8036.3223,1000,,,,,,,,,,
,,,,,901000,,,-717.9229125976562,-6.020655632019043,2.6090993881225586,716.9851684570312,717.181640625,0.09686369383385211,0.0036673080176115036,0.0003,0.0003,0.09686694908386081
,,,,,901999,8031.896,1000,,,,,,,,,,
,,,,,902000,,,-712.186767578125,-5.945859909057617,3.6794662475585938,710.8541259765625,710.850830078125,0.09704496009763564,-0.005565132945775986,0.0003,0.0003,0.09704052853497293
,,,,,902999,8022.571,1000,,,,,,,,,,
,,,,,903000,,,-711.27294921875,-5.925149440765381,2.3603334426879883,710.3953857421875,710.1156616210938,0.09633155975029552,-0.009456527419388294,0.0003,0.0003,0.09633623438154622
,,,,,903999,7952.675,1000,,,,,,,,,,
,,,,,904000,,,-717.6890869140625,-6.297904014587402,3.1387977600097656,716.9683837890625,716.9420166015625,0.09650900561836465,0.00817558541893959,0.0003,0.0003,0.09650972282878742
,,,,,904999,8110.931,1000,,,,,,,,,,
7944.702,84.4595,8039.6333,7766.9956,1000.0,905000,,,-714.595703125,-6.552468299865723,2.8305726051330566,713.6385498046875,713.795166015625,0.0965248354931797,-0.04048933833837509,0.0003,0.0003,0.096527984123607
,,,,,905999,8040.3657,1000,,,,,,,,,,
,,,,,906000,,,-720.8316650390625,-6.001615524291992,1.7425501346588135,719.8902587890625,719.8718872070312,0.0979654510302025,0.020784886553883553,0.0003,0.0003,0.09796905147967051
,,,,,906999,7986.413,1000,,,,,,,,,,
,,,,,907000,,,-724.6106567382812,-5.415287971496582,2.352501392364502,724.056396484375,723.819091796875,0.09816081154211914,0.049838580191135406,0.0003,0.0003,0.09816057003346303
,,,,,907999,8043.2764,1000,,,,,,,,,,
,,,,,908000,,,-717.1315307617188,-6.166960716247559,2.9120965003967285,715.9342041015625,716.1683349609375,0.09827341662582294,-0.04430938512086868,0.0003,0.0003,0.0982761109421524
,,,,,908999,7925.4756,1000,,,,,,,,,,
,,,,,909000,,,-719.0299682617188,-5.750861167907715,2.5080418586730957,717.7566528320312,718.1182861328125,0.09768850962813092,0.018221605569124222,0.0003,0.0003,0.09768751201278893
,,,,,909999,8051.193,1000,,,,,,,,,,
8025.8447,55.101322,8093.703,7935.3545,1000.0,910000,,,-717.2843017578125,-5.557295799255371,2.2046918869018555,716.3001708984375,716.444580078125,0.09750646996209686,0.02722613513469696,0.0003,0.0003,0.09750583466610963
,,,,,910999,8063.453,1000,,,,,,,,,,
,,,,,911000,,,-717.8605346679688,-6.111567497253418,3.049990177154541,716.628662109375,716.7421875,0.09762858939926156,0.010836546309292316,0.0003,0.0003,0.09762763737968323
,,,,,911999,7983.918,1000,,,,,,,,,,
,,,,,912000,,,-719.6320190429688,-6.199771881103516,2.903498411178589,718.8253173828125,718.85546875,0.0980830368827045,-0.037721291184425354,0.0003,0.0003,0.09808486838966628
,,,,,912999,7968.6465,1000,,,,,,,,,,
,,,,,913000,,,-716.430908203125,-5.925044059753418,3.979238271713257,715.37744140625,715.1798706054688,0.09722884750487315,-0.023049205541610718,0.0003,0.0003,0.09722851259079476
,,,,,913999,8018.9272,1000,,,,,,,,,,
,,,,,914000,,,-718.860107421875,-6.25309944152832,2.4959664344787598,717.5269775390625,717.8644409179688,0.09656569961433595,-0.002010725438594818,0.0003,0.0003,0.09656474578767779
,,,,,914999,5409.653,1000,,,,,,,,,,
8120.6904,32.28464,8167.987,8064.8755,1000.0,915000,,,-720.3062744140625,-6.921960830688477,1.70157790184021,719.0115966796875,719.1824951171875,0.09684030766847991,-0.08878467231988907,0.0003,0.0003,0.09684503693995762
,,,,,915999,1795.9814,1000,,,,,,,,,,
,,,,,916000,,,-720.6578369140625,-5.879890441894531,2.123663902282715,719.8480224609375,719.725830078125,0.09669216148530262,-0.025224633514881134,0.0003,0.0003,0.09669387249260866
,,,,,916999,7969.273,1000,,,,,,,,,,
,,,,,917000,,,-718.9909057617188,-6.013876914978027,2.572011947631836,717.9876708984375,718.0746459960938,0.09747805047476439,-0.0149668138474226,0.0003,0.0003,0.0974815977188052
,,,,,917999,8046.0024,1000,,,,,,,,,,
,,,,,918000,,,-721.2364501953125,-5.851100921630859,2.4114012718200684,720.2186279296875,720.419189453125,0.09782930474143711,0.006991194561123848,0.0003,0.0003,0.09782651182248393
,,,,,918999,8047.4604,1000,,,,,,,,,,
,,,,,919000,,,-719.287353515625,-5.794641017913818,3.3758955001831055,717.972900390625,717.9448852539062,0.09767251343796804,0.021270396187901497,0.0003,0.0003,0.09766846725816125
,,,,,919999,8124.2603,1000,,,,,,,,,,
8073.2627,65.747574,8149.8325,7945.7534,1000.0,920000,,,-726.2695922851562,-5.748852729797363,2.9039058685302734,725.37646484375,725.57177734375,0.09768247081039032,0.01850028894841671,0.0003,0.0003,0.09768019868430751
,,,,,920999,7968.302,1000,,,,,,,,,,
,,,,,921000,,,-714.9044189453125,-6.092235565185547,5.079564094543457,713.6400146484375,713.3612060546875,0.09592404786731226,0.0045201643370091915,0.0003,0.0003,0.09592386669099921
,,,,,921999,8025.604,1000,,,,,,,,,,
,,,,,922000,,,-714.882080078125,-6.260890007019043,3.1397881507873535,713.6077270507812,713.48974609375,0.09553622421367061,-0.017700884491205215,0.0003,0.0003,0.09553668333126164
,,,,,922999,8034.505,1000,,,,,,,,,,
,,,,,923000,,,-721.9730224609375,-6.055694580078125,4.150249481201172,721.03515625,720.9903564453125,0.09536253013163473,0.008607372641563416,0.0003,0.0003,0.095358086196155
,,,,,923999,7890.36,1000,,,,,,,,,,
,,,,,924000,,,-718.74560546875,-5.816039085388184,4.274353981018066,717.3802490234375,717.7474975585938,0.09560102846948798,-0.0017719101160764694,0.0003,0.0003,0.09560245750427017
,,,,,924999,8087.5464,1000,,,,,,,,,,
7841.3813,155.80078,7984.422,7428.5654,1000.0,925000,,,-718.1458740234375,-6.138062477111816,2.0999295711517334,716.9490966796875,717.1725463867188,0.0952709640127002,0.0006096716970205307,0.0003,0.0003,0.09527044927358952
,,,,,925999,8043.92,1000,,,,,,,,,,
,,,,,926000,,,-714.7852172851562,-5.991909980773926,3.804649591445923,713.3887939453125,713.5022583007812,0.09507796742977734,0.012337512336671352,0.0003,0.0003,0.09507946160831454
,,,,,926999,7836.816,1000,,,,,,,,,,
,,,,,927000,,,-720.431640625,-5.60951042175293,2.370208740234375,719.4801025390625,719.2391357421875,0.09519391335296754,0.0431075245141983,0.0003,0.0003,0.09518882390610742
,,,,,927999,8022.239,1000,,,,,,,,,,
,,,,,928000,,,-722.850830078125,-6.099015712738037,3.653454542160034,721.880859375,721.5982666015625,0.09539180519203483,0.02108773961663246,0.0003,0.0003,0.09539324841945218
,,,,,928999,8061.2495,1000,,,,,,,,,,
,,,,,929000,,,-712.8502197265625,-6.469554901123047,2.8889522552490234,711.5552368164062,711.68017578125,0.0955145034337706,-0.05307541787624359,0.0003,0.0003,0.09551359380939224
,,,,,929999,7653.841,1000,,,,,,,,,,
7838.376,570.9021,8154.7324,6140.496,1000.0,930000,,,-723.416748046875,-6.2907304763793945,3.5921366214752197,722.5830078125,722.340576171875,0.09708923099668611,9.659677743911743e-06,0.0003,0.0003,0.09708702542763867
,,,,,930999,8078.9277,1000,,,,,,,,,,
,,,,,931000,,,-721.8843994140625,-6.081195831298828,2.48893141746521,721.1595458984375,721.4524536132812,0.09902204854600784,-0.01805157959461212,0.0003,0.0003,0.09902409086975443
,,,,,931999,8025.708,1000,,,,,,,,,,
,,,,,932000,,,-723.3865356445312,-5.407607078552246,4.177923202514648,722.6467895507812,722.6901245117188,0.09804795419165173,0.05225086584687233,0.0003,0.0003,0.09804489006200391
,,,,,932999,8094.426,1000,,,,,,,,,,
,,,,,933000,,,-717.7117919921875,-5.556514263153076,5.943787574768066,716.5919799804688,716.09130859375,0.09777906795932739,0.029927195981144905,0.0003,0.0003,0.09778123749267562
,,,,,933999,8052.1377,1000,,,,,,,,,,
,,,,,934000,,,-724.4163818359375,-6.601000785827637,3.2798023223876953,723.8214721679688,723.67724609375,0.09755551793924008,-0.04621078073978424,0.0003,0.0003,0.09755899040973975
,,,,,934999,7998.0547,1000,,,,,,,,,,
8021.758,50.41325,8094.811,7940.987,1000.0,935000,,,-718.6000366210938,-5.697495460510254,2.8210182189941406,717.5318603515625,717.2924194335938,0.09870663930313858,0.06308642774820328,0.0003,0.0003,0.09870710303045177
,,,,,935999,8044.085,1000,,,,,,,,,,
,,,,,936000,,,-723.8451538085938,-5.735935211181641,2.7614943981170654,723.44384765625,723.116455078125,0.09805082215960154,0.018722383305430412,0.0003,0.0003,0.09804329440469442
,,,,,936999,7901.343,1000,,,,,,,,,,
,,,,,937000,,,-723.4930419921875,-6.200923919677734,2.5819454193115234,722.629638671875,722.63671875,0.0979586600068693,-0.03498051315546036,0.0003,0.0003,0.09796286249867786
,,,,,937999,8061.8213,1000,,,,,,,,,,
,,,,,938000,,,-716.6300048828125,-6.172804832458496,4.058388710021973,715.73779296875,715.4413452148438,0.09797652740421278,0.0006782673299312592,0.0003,0.0003,0.09797680817327042
,,,,,938999,8020.166,1000,,,,,,,,,,
,,,,,939000,,,-726.533935546875,-6.071213722229004,2.1941771507263184,725.5437622070312,725.3968505859375,0.09821032569102957,0.0010219649411737919,0.0003,0.0003,0.09820864489644608
,,,,,939999,8093.247,1000,,,,,,,,,,
8042.643,57.43943,8123.5396,7917.2974,1000.0,940000,,,-725.718994140625,-5.61682653427124,2.8415300846099854,724.4277954101562,724.9971923828125,0.09991569034965819,0.02479042485356331,0.0003,0.0003,0.09991684891560655
,,,,,940999,8196.93,1000,,,,,,,,,,
,,,,,941000,,,-723.9722900390625,-5.71647310256958,4.227587699890137,722.9603881835938,723.0750122070312,0.1004332291466376,0.030430518090724945,0.0003,0.0003,0.10043284372320482
,,,,,941999,7986.8594,1000,,,,,,,,,,
,,,,,942000,,,-727.870361328125,-5.9517130851745605,3.9430203437805176,726.95361328125,726.8619384765625,0.1000745905205423,-0.001091575250029564,0.0003,0.0003,0.10007606535498512
,,,,,942999,7090.3843,1000,,,,,,,,,,
,,,,,943000,,,-724.9510498046875,-6.360298156738281,2.753629684448242,723.8466186523438,723.9340209960938,0.09971123843712246,-0.039710450917482376,0.0003,0.0003,0.09971225628332692
,,,,,943999,7934.192,1000,,,,,,,,,,
,,,,,944000,,,-710.490478515625,-5.993977069854736,3.703561544418335,709.1848754882812,709.3843994140625,0.09937301793974435,0.015193799510598183,0.0003,0.0003,0.09937253437869606
,,,,,944999,8106.9653,1000,,,,,,,,,,
8072.55,67.08263,8156.5366,7900.2524,1000.0,945000,,,-718.970947265625,-6.082644462585449,3.8874013423919678,718.0133056640625,717.990478515625,0.09946580788512914,-0.0016800165176391602,0.0003,0.0003,0.09946375761074612
,,,,,945999,8059.132,1000,,,,,,,,,,
,,,,,946000,,,-728.9461669921875,-6.174538612365723,2.627382516860962,727.7437744140625,727.5140991210938,0.09940279767665908,-0.03643861413002014,0.0003,0.0003,0.09940408951670682
,,,,,946999,5025.5835,1000,,,,,,,,,,
,,,,,947000,,,-726.0177001953125,-5.782571792602539,3.040886402130127,725.0843505859375,725.0067749023438,0.09960985005680169,0.01720566488802433,0.0003,0.0003,0.09961046032052442
,,,,,947999,8061.473,1000,,,,,,,,,,
,,,,,948000,,,-729.1249389648438,-5.84056282043457,4.282050609588623,728.5394287109375,728.489501953125,0.09896395169778323,0.036567069590091705,0.0003,0.0003,0.09896064022905703
,,,,,948999,8083.448,1000,,,,,,,,,,
,,,,,949000,,,-724.8038330078125,-6.004100799560547,3.756232500076294,723.693603515625,723.4876708984375,0.0988306311406377,0.0024522573221474886,0.0003,0.0003,0.0988290342523441
,,,,,949999,8060.9517,1000,,,,,,,,,,
8152.5557,89.859825,8235.35,7960.705,1000.0,950000,,,-720.5541381835938,-5.984936714172363,3.1305487155914307,719.5380859375,719.6710815429688,0.0985880062748149,-0.008512642234563828,0.0003,0.0003,0.09858794134680998
,,,,,950999,8070.194,1000,,,,,,,,,,
,,,,,951000,,,-725.6697998046875,-5.43830680847168,3.1573140621185303,724.6138916015625,725.2027587890625,0.09843835162041314,0.046192385256290436,0.0003,0.0003,0.09844002288418287
,,,,,951999,8094.619,1000,,,,,,,,,,
,,,,,952000,,,-725.0408935546875,-6.437664031982422,6.073747158050537,724.0725708007812,723.8666381835938,0.09809854399460749,-0.010212155058979988,0.0003,0.0003,0.09810258047685602
,,,,,952999,7991.07,1000,,,,,,,,,,
,,,,,953000,,,-721.1854248046875,-6.126255512237549,3.9429678916931152,720.106689453125,720.386474609375,0.09862800596602939,0.007281340658664703,0.0003,0.0003,0.09863261340372004
,,,,,953999,8080.4785,1000,,,,,,,,,,
,,,,,954000,,,-731.6430053710938,-6.790921211242676,3.041151523590088,730.6785888671875,730.613525390625,0.09729393540931511,-0.03483032435178757,0.0003,0.0003,0.0972950334818903
,,,,,954999,8035.8257,1000,,,,,,,,,,
7903.928,112.56773,8034.6504,7661.772,1000.0,955000,,,-721.921142578125,-5.494372844696045,4.983697891235352,720.9352416992188,720.998779296875,0.09735297715389302,0.03327154368162155,0.0003,0.0003,0.09735083070280504
,,,,,955999,8050.4907,1000,,,,,,,,,,
,,,,,956000,,,-724.5155029296875,-6.075074195861816,4.576141357421875,723.6245727539062,723.2422485351562,0.09817873399527091,0.029087252914905548,0.0003,0.0003,0.0981773188346517
,,,,,956999,8062.8784,1000,,,,,,,,,,
,,,,,957000,,,-725.1239624023438,-6.547891616821289,2.474799633026123,723.7098388671875,723.85498046875,0.09829422893599524,-0.024124911054968834,0.0003,0.0003,0.09829830412692275
,,,,,957999,8121.5537,1000,,,,,,,,,,
,,,,,958000,,,-721.9839477539062,-6.051064491271973,4.973284721374512,720.8277587890625,720.6931762695312,0.09846957534850456,-0.005143660120666027,0.0003,0.0003,0.09846480341526519
,,,,,958999,8133.825,1000,,,,,,,,,,
,,,,,959000,,,-722.8597412109375,-5.721745491027832,4.789914131164551,722.1201782226562,722.1165771484375,0.09814830877930046,0.008877333253622055,0.0003,0.0003,0.0981478320769333
,,,,,959999,7953.6616,1000,,,,,,,,,,
7984.325,309.95108,8208.226,7076.907,1000.0,960000,,,-730.570068359375,-6.233328342437744,3.384026288986206,729.6845703125,729.586181640625,0.09792058984075043,-0.014902040362358093,0.0003,0.0003,0.09791868132117788
,,,,,960999,8091.148,1000,,,,,,,,,,
,,,,,961000,,,-713.6043090820312,-6.209077835083008,2.7303466796875,712.5604248046875,712.7883911132812,0.0972291119232541,-0.029133819043636322,0.0003,0.0003,0.09723019081241105
,,,,,961999,8063.436,1000,,,,,,,,,,
,,,,,962000,,,-722.4146728515625,-6.15739631652832,2.1133201122283936,721.1956176757812,721.5393676757812,0.09793400918693682,-0.013383298180997372,0.0003,0.0003,0.09793517465435585
,,,,,962999,7994.1636,1000,,,,,,,,,,
,,,,,963000,,,-729.4918212890625,-6.447510242462158,3.5116283893585205,728.4859008789062,728.4520263671875,0.09806138709860501,0.01142038032412529,0.0003,0.0003,0.0980612641954052
,,,,,963999,8071.244,1000,,,,,,,,,,
,,,,,964000,,,-726.68701171875,-6.280832767486572,3.2565536499023438,725.3348388671875,725.6507568359375,0.09879309883736771,-0.0207552220672369,0.0003,0.0003,0.09879749881748359
,,,,,964999,8095.649,1000,,,,,,,,,,
8108.0596,51.14735,8179.4116,8033.313,1000.0,965000,,,-721.2384033203125,-5.994241714477539,3.285776376724243,719.8616333007812,720.3173828125,0.10055650799061482,0.07096375524997711,0.0003,0.0003,0.10055316900416922
,,,,,965999,8090.116,1000,,,,,,,,,,
,,,,,966000,,,-732.091552734375,-5.914257526397705,3.061173439025879,731.3384399414062,731.7448120117188,0.1006007096731776,0.013420773670077324,0.0003,0.0003,0.10060053369081402
,,,,,966999,8007.186,1000,,,,,,,,,,
,,,,,967000,,,-728.4160766601562,-6.085107326507568,3.4051883220672607,727.4591064453125,727.4293823242188,0.09929263158809301,0.00714274775236845,0.0003,0.0003,0.09929123982015049
,,,,,967999,8107.2114,1000,,,,,,,,,,
,,,,,968000,,,-724.5128784179688,-6.351322650909424,3.445816993713379,723.5779418945312,723.546142578125,0.09928501885608344,-0.030808523297309875,0.0003,0.0003,0.09928947806029569
,,,,,968999,8102.496,1000,,,,,,,,,,
,,,,,969000,,,-722.0496826171875,-6.6655168533325195,4.12945556640625,721.0180053710938,721.1029052734375,0.09966669336976103,-0.06701788306236267,0.0003,0.0003,0.09967236776443303
,,,,,969999,8120.751,1000,,,,,,,,,,
8103.943,88.79121,8195.541,7871.5303,1000.0,970000,,,-729.3614501953125,-5.741739749908447,3.386486530303955,728.4108276367188,729.0538940429688,0.10006271922102253,0.016917847096920013,0.0003,0.0003,0.10006242070446497
,,,,,970999,8044.36,1000,,,,,,,,,,
,,,,,971000,,,-735.5606689453125,-5.9710774421691895,2.6092758178710938,734.2869262695312,734.5731811523438,0.10042416322147583,-0.01130398828536272,0.0003,0.0003,0.10042485862189424
,,,,,971999,7861.8125,1000,,,,,,,,,,
,,,,,972000,,,-723.9962768554688,-5.989903450012207,2.224050998687744,722.7218017578125,723.0330810546875,0.10057419805924354,-0.00664245430380106,0.0003,0.0003,0.10057144172937929
,,,,,972999,8087.7715,1000,,,,,,,,,,
,,,,,973000,,,-728.6806640625,-6.509699821472168,3.798140525817871,727.4744262695312,727.4696655273438,0.1011330113704003,-0.02479982189834118,0.0003,0.0003,0.10113431877999586
,,,,,973999,8173.0786,1000,,,,,,,,,,
,,,,,974000,,,-730.6848754882812,-5.829379081726074,3.5311105251312256,729.84521484375,729.9740600585938,0.10006102525977426,-0.007588988170027733,0.0003,0.0003,0.10006074443581042
,,,,,974999,8040.538,1000,,,,,,,,,,
8161.62,36.70497,8226.972,8118.6406,1000.0,975000,,,-729.7708740234375,-5.757272720336914,2.854099750518799,729.0455932617188,728.944580078125,0.10069800634975652,0.01318448968231678,0.0003,0.0003,0.10069278826590768
,,,,,975999,8101.7495,1000,,,,,,,,,,
,,,,,976000,,,-730.7371826171875,-6.240997314453125,4.020122528076172,729.5411987304688,729.88232421875,0.10075076658718729,-0.022165821865200996,0.0003,0.0003,0.1007509910381014
,,,,,976999,8157.4214,1000,,,,,,,,,,
,,,,,977000,,,-727.44287109375,-5.88192081451416,4.759707450866699,726.5306396484375,726.5408935546875,0.10058476530554392,0.02607668936252594,0.0003,0.0003,0.10058552216427619
,,,,,977999,8047.925,1000,,,,,,,,,,
,,,,,978000,,,-732.2584228515625,-6.036409378051758,4.055190086364746,731.5794677734375,731.5094604492188,0.09985009000014539,0.03164175897836685,0.0003,0.0003,0.09984850977468417
,,,,,978999,8145.8438,1000,,,,,,,,,,
,,,,,979000,,,-716.229736328125,-5.7520599365234375,3.829724073410034,715.4102172851562,714.7420654296875,0.09926323069233288,0.006715890020132065,0.0003,0.0003,0.0992672408689609
,,,,,979999,8182.589,1000,,,,,,,,,,
8253.103,35.389633,8314.555,8204.826,1000.0,980000,,,-731.829833984375,-6.184557914733887,3.4541261196136475,731.2922973632812,731.2510986328125,0.09945519073630685,-0.016315244138240814,0.0003,0.0003,0.0994571507251696
,,,,,980999,8135.8853,1000,,,,,,,,,,
,,,,,981000,,,-725.6128540039062,-5.888699531555176,3.2436416149139404,724.5759887695312,724.9016723632812,0.10011429875349957,0.028563102707266808,0.0003,0.0003,0.10011419750391175
,,,,,981999,8136.3213,1000,,,,,,,,,,
,,,,,982000,,,-723.4227294921875,-6.290524482727051,2.8344244956970215,722.411865234375,722.4232788085938,0.09985375100735222,0.0042808763682842255,0.0003,0.0003,0.09984757620604927
,,,,,982999,8026.267,1000,,,,,,,,,,
,,,,,983000,,,-732.7191162109375,-5.931085586547852,5.063498497009277,731.911865234375,732.0234375,0.10010030650139104,-0.005492415279150009,0.0003,0.0003,0.10010288895922943
,,,,,983999,8185.843,1000,,,,,,,,,,
,,,,,984000,,,-730.0672607421875,-5.844426155090332,3.5092177391052246,728.9557495117188,729.4122314453125,0.10004241515850656,-0.03502863645553589,0.0003,0.0003,0.10004527545819901
,,,,,984999,8170.3584,1000,,,,,,,,,,
8210.394,98.12163,8288.233,7926.999,1000.0,985000,,,-725.8508911132812,-6.359151840209961,3.6950931549072266,725.2798461914062,724.869140625,0.09899567142086703,-0.04459161311388016,0.0003,0.0003,0.09899225049834313
,,,,,985999,8186.3735,1000,,,,,,,,,,
,,,,,986000,,,-732.592529296875,-5.832745552062988,3.8574647903442383,731.5171508789062,731.3480224609375,0.09994292962096384,0.02146398276090622,0.0003,0.0003,0.0999446481749799
,,,,,986999,8249.2705,1000,,,,,,,,,,
,,,,,987000,,,-729.320556640625,-6.405632495880127,2.808694839477539,728.06787109375,728.215087890625,0.10027517980852593,0.010919838212430477,0.0003,0.0003,0.10027478909492901
,,,,,987999,8113.93,1000,,,,,,,,,,
,,,,,988000,,,-728.883056640625,-5.975161075592041,4.490833282470703,727.615966796875,727.4384155273438,0.10083063770932058,0.0007862993516027927,0.0003,0.0003,0.10083244687017236
,,,,,988999,8232.769,1000,,,,,,,,,,
,,,,,989000,,,-726.6685180664062,-6.146806716918945,3.886035919189453,725.5955810546875,725.6065063476562,0.09962314370430218,-0.0440317764878273,0.0003,0.0003,0.09962319951375423
,,,,,989999,8114.0054,1000,,,,,,,,,,
8166.7197,65.97198,8253.037,7995.6997,1000.0,990000,,,-732.8045654296875,-6.057660102844238,2.8554165363311768,731.9942626953125,731.656494140625,0.09865692162773095,-0.03323123976588249,0.0003,0.0003,0.09865501927167379
,,,,,990999,8087.7705,1000,,,,,,,,,,
,,,,,991000,,,-729.667724609375,-5.6114583015441895,3.59137225151062,728.8359985351562,728.6666870117188,0.09879677268103698,0.0026358626782894135,0.0003,0.0003,0.0987958319381981
,,,,,991999,8229.318,1000,,,,,,,,,,
,,,,,992000,,,-728.0059814453125,-5.920516014099121,3.2429590225219727,727.0159912109375,726.9840087890625,0.10036427011464549,0.018270418047904968,0.0003,0.0003,0.10036432408605829
,,,,,992999,8214.52,1000,,,,,,,,,,
,,,,,993000,,,-733.9947509765625,-6.077834129333496,3.553372859954834,733.280517578125,732.9308471679688,0.09966976959431473,-0.01680958829820156,0.0003,0.0003,0.09967563881253726
,,,,,993999,8174.111,1000,,,,,,,,,,
,,,,,994000,,,-732.91748046875,-5.730927467346191,3.5720396041870117,731.697509765625,731.7503662109375,0.09949719507244435,0.05741490051150322,0.0003,0.0003,0.0994908005375287
,,,,,994999,8219.971,1000,,,,,,,,,,
8153.8086,55.876602,8238.966,8032.0293,1000.0,995000,,,-734.8841552734375,-5.5282182693481445,2.121610641479492,734.3057861328125,734.219482421875,0.10036801034949976,0.04873915761709213,0.0003,0.0003,0.1003625095732051
,,,,,995999,8173.396,1000,,,,,,,,,,
,,,,,996000,,,-730.3348999023438,-6.165219783782959,5.2585859298706055,729.6048583984375,729.5983276367188,0.09961547977456606,-0.0050745513290166855,0.0003,0.0003,0.09961480374000452
,,,,,996999,8143.9937,1000,,,,,,,,,,
,,,,,997000,,,-733.846923828125,-6.6110520362854,2.7911376953125,733.0874633789062,733.1552734375,0.09987186029987703,-0.04551111161708832,0.0003,0.0003,0.09987589876678908
,,,,,997999,8162.3306,1000,,,,,,,,,,
,,,,,998000,,,-739.36669921875,-5.544548511505127,3.3815126419067383,738.4125366210938,738.508544921875,0.0996397972373873,0.032358769327402115,0.0003,0.0003,0.0996404860700303
,,,,,998999,8199.179,1000,,,,,,,,,,
,,,,,999000,,,-735.7320556640625,-6.159063339233398,3.5979442596435547,734.580078125,735.0096435546875,0.10060677911039534,-0.00583740184083581,0.0003,0.0003,0.1006112054405093
,,,,,999999,8290.3,1000,,,,,,,,,,
