Eval_AverageReturn,Eval_StdReturn,Eval_MaxReturn,Eval_MinReturn,Eval_AverageEpLen,step,Train_EpisodeReturn,Train_EpisodeLen,actor_loss,entropy,critic_loss,q_values,target_values,actor_lr,critic_lr,temperature
16.170717,5.9073257,30.51714,7.148442,18.7,0,,,,,,,,,,
,,,,,14,11.621793,15,,,,,,,,
,,,,,29,13.04667,15,,,,,,,,
,,,,,50,9.878812,21,,,,,,,,
,,,,,79,10.755245,29,,,,,,,,
,,,,,97,17.525675,18,,,,,,,,
,,,,,118,11.11674,21,,,,,,,,
,,,,,131,10.155938,13,,,,,,,,
,,,,,165,27.276463,34,,,,,,,,
,,,,,180,11.5031185,15,,,,,,,,
,,,,,213,15.270522,33,,,,,,,,
,,,,,238,14.75976,25,,,,,,,,
,,,,,257,17.394398,19,,,,,,,,
,,,,,266,6.187627,9,,,,,,,,
,,,,,285,7.620307,19,,,,,,,,
,,,,,314,23.840084,29,,,,,,,,
,,,,,324,7.8237557,10,,,,,,,,
,,,,,340,11.669927,16,,,,,,,,
,,,,,355,8.146252,15,,,,,,,,
,,,,,376,13.936087,21,,,,,,,,
,,,,,386,5.9065685,10,,,,,,,,
,,,,,407,21.953688,21,,,,,,,,
,,,,,432,27.827599,25,,,,,,,,
,,,,,452,11.580971,20,,,,,,,,
,,,,,470,14.358233,18,,,,,,,,
,,,,,514,65.23843,44,,,,,,,,
,,,,,576,106.89127,62,,,,,,,,
,,,,,613,16.689816,37,,,,,,,,
,,,,,630,6.8998723,17,,,,,,,,
,,,,,644,7.155778,14,,,,,,,,
,,,,,676,20.6743,32,,,,,,,,
,,,,,691,14.467548,15,,,,,,,,
,,,,,705,10.770521,14,,,,,,,,
,,,,,723,13.320129,18,,,,,,,,
,,,,,765,12.700984,42,,,,,,,,
,,,,,779,10.641019,14,,,,,,,,
,,,,,800,12.432307,21,,,,,,,,
,,,,,827,23.806416,27,,,,,,,,
,,,,,841,11.55023,14,,,,,,,,
,,,,,858,11.647754,17,,,,,,,,
,,,,,878,19.426865,20,,,,,,,,
,,,,,900,10.640708,22,,,,,,,,
,,,,,914,9.410647,14,,,,,,,,
,,,,,928,10.267641,14,,,,,,,,
,,,,,938,7.2915907,10,,,,,,,,
,,,,,984,38.28726,46,,,,,,,,
,,,,,1009,7.18695,25,,,,,,,,
,,,,,1029,13.987173,20,,,,,,,,
,,,,,1050,17.551754,21,,,,,,,,
,,,,,1060,7.0796633,10,,,,,,,,
,,,,,1074,8.823208,14,,,,,,,,
,,,,,1104,7.249562,30,,,,,,,,
,,,,,1134,36.283234,30,,,,,,,,
,,,,,1165,34.375393,31,,,,,,,,
,,,,,1183,15.955972,18,,,,,,,,
,,,,,1205,23.016857,22,,,,,,,,
,,,,,1235,19.356428,30,,,,,,,,
,,,,,1252,12.907754,17,,,,,,,,
,,,,,1267,7.551159,15,,,,,,,,
,,,,,1312,19.245144,45,,,,,,,,
,,,,,1337,11.494406,25,,,,,,,,
,,,,,1368,35.265198,31,,,,,,,,
,,,,,1390,21.83595,22,,,,,,,,
,,,,,1424,19.624817,34,,,,,,,,
,,,,,1436,6.0197587,12,,,,,,,,
,,,,,1457,9.936689,21,,,,,,,,
,,,,,1466,7.036805,9,,,,,,,,
,,,,,1488,12.827034,22,,,,,,,,
,,,,,1514,27.735926,26,,,,,,,,
,,,,,1528,11.952793,14,,,,,,,,
,,,,,1546,15.757417,18,,,,,,,,
,,,,,1558,9.091477,12,,,,,,,,
,,,,,1584,16.944548,26,,,,,,,,
,,,,,1595,7.963824,11,,,,,,,,
,,,,,1607,9.395314,12,,,,,,,,
,,,,,1624,16.442036,17,,,,,,,,
,,,,,1668,29.52158,44,,,,,,,,
,,,,,1681,9.097795,13,,,,,,,,
,,,,,1708,24.378477,27,,,,,,,,
,,,,,1751,42.117992,43,,,,,,,,
,,,,,1764,7.8896966,13,,,,,,,,
,,,,,1787,25.971905,23,,,,,,,,
,,,,,1805,19.352077,18,,,,,,,,
,,,,,1825,14.41611,20,,,,,,,,
,,,,,1846,21.870975,21,,,,,,,,
,,,,,1874,25.76163,28,,,,,,,,
,,,,,1911,19.063917,37,,,,,,,,
,,,,,1942,40.188957,31,,,,,,,,
,,,,,1961,14.296354,19,,,,,,,,
,,,,,1981,17.03367,20,,,,,,,,
,,,,,1998,12.358772,17,,,,,,,,
,,,,,2011,8.200201,13,,,,,,,,
,,,,,2037,26.087507,26,,,,,,,,
,,,,,2063,19.127554,26,,,,,,,,
,,,,,2077,4.9846697,14,,,,,,,,
,,,,,2087,6.730942,10,,,,,,,,
,,,,,2116,15.804453,29,,,,,,,,
,,,,,2130,10.529146,14,,,,,,,,
,,,,,2154,27.248877,24,,,,,,,,
,,,,,2165,8.5820265,11,,,,,,,,
,,,,,2214,70.017555,49,,,,,,,,
,,,,,2239,18.636467,25,,,,,,,,
,,,,,2258,11.677512,19,,,,,,,,
,,,,,2275,16.539944,17,,,,,,,,
,,,,,2290,8.783563,15,,,,,,,,
,,,,,2305,11.465765,15,,,,,,,,
,,,,,2319,10.178509,14,,,,,,,,
,,,,,2344,19.654367,25,,,,,,,,
,,,,,2361,11.690794,17,,,,,,,,
,,,,,2387,19.053051,26,,,,,,,,
,,,,,2415,11.429758,28,,,,,,,,
,,,,,2428,9.53254,13,,,,,,,,
,,,,,2439,7.540358,11,,,,,,,,
,,,,,2456,12.834078,17,,,,,,,,
,,,,,2496,53.17408,40,,,,,,,,
,,,,,2508,9.904801,12,,,,,,,,
,,,,,2532,20.076935,24,,,,,,,,
,,,,,2548,13.889553,16,,,,,,,,
,,,,,2566,17.060656,18,,,,,,,,
,,,,,2582,14.098256,16,,,,,,,,
,,,,,2690,231.19632,108,,,,,,,,
,,,,,2717,22.424185,27,,,,,,,,
,,,,,2727,8.447092,10,,,,,,,,
,,,,,2751,22.776596,24,,,,,,,,
,,,,,2774,9.724803,23,,,,,,,,
,,,,,2798,13.433665,24,,,,,,,,
,,,,,2817,18.435501,19,,,,,,,,
,,,,,2832,10.093791,15,,,,,,,,
,,,,,2858,21.34756,26,,,,,,,,
,,,,,2872,10.140986,14,,,,,,,,
,,,,,2901,9.6557865,29,,,,,,,,
,,,,,2928,17.670021,27,,,,,,,,
,,,,,2943,11.308087,15,,,,,,,,
,,,,,2964,18.185244,21,,,,,,,,
,,,,,2978,13.567265,14,,,,,,,,
,,,,,3031,57.597305,53,,,,,,,,
,,,,,3065,24.260868,34,,,,,,,,
,,,,,3076,7.457505,11,,,,,,,,
,,,,,3094,15.123237,18,,,,,,,,
,,,,,3106,6.248478,12,,,,,,,,
,,,,,3120,9.266419,14,,,,,,,,
,,,,,3133,11.679566,13,,,,,,,,
,,,,,3144,8.651005,11,,,,,,,,
,,,,,3192,55.98179,48,,,,,,,,
,,,,,3212,17.799414,20,,,,,,,,
,,,,,3224,9.913356,12,,,,,,,,
,,,,,3259,27.755236,35,,,,,,,,
,,,,,3290,14.101537,31,,,,,,,,
,,,,,3321,18.996937,31,,,,,,,,
,,,,,3391,92.18007,70,,,,,,,,
,,,,,3408,12.076826,17,,,,,,,,
,,,,,3421,10.372064,13,,,,,,,,
,,,,,3450,28.912577,29,,,,,,,,
,,,,,3479,11.685497,29,,,,,,,,
,,,,,3509,25.717777,30,,,,,,,,
,,,,,3523,9.777864,14,,,,,,,,
,,,,,3544,18.381294,21,,,,,,,,
,,,,,3574,33.4722,30,,,,,,,,
,,,,,3591,14.08525,17,,,,,,,,
,,,,,3601,6.5778866,10,,,,,,,,
,,,,,3613,5.824215,12,,,,,,,,
,,,,,3631,9.272468,18,,,,,,,,
,,,,,3666,31.229366,35,,,,,,,,
,,,,,3682,12.422923,16,,,,,,,,
,,,,,3752,67.53865,70,,,,,,,,
,,,,,3768,9.123083,16,,,,,,,,
,,,,,3785,10.303181,17,,,,,,,,
,,,,,3796,8.584597,11,,,,,,,,
,,,,,3813,15.181377,17,,,,,,,,
,,,,,3842,36.867752,29,,,,,,,,
,,,,,3856,11.754679,14,,,,,,,,
,,,,,3870,12.87314,14,,,,,,,,
,,,,,3881,7.5424986,11,,,,,,,,
,,,,,3895,12.24764,14,,,,,,,,
,,,,,3917,8.842779,22,,,,,,,,
,,,,,3962,70.65929,45,,,,,,,,
,,,,,3981,15.420845,19,,,,,,,,
,,,,,4001,16.82179,20,,,,,,,,
,,,,,4018,12.661293,17,,,,,,,,
,,,,,4032,12.861174,14,,,,,,,,
,,,,,4059,29.027895,27,,,,,,,,
,,,,,4074,12.599446,15,,,,,,,,
,,,,,4096,19.176813,22,,,,,,,,
,,,,,4108,8.180557,12,,,,,,,,
,,,,,4127,16.236588,19,,,,,,,,
,,,,,4147,10.2173,20,,,,,,,,
,,,,,4161,8.999521,14,,,,,,,,
,,,,,4181,12.898027,20,,,,,,,,
,,,,,4193,9.035232,12,,,,,,,,
,,,,,4212,18.673655,19,,,,,,,,
,,,,,4228,9.578857,16,,,,,,,,
,,,,,4263,30.252487,35,,,,,,,,
,,,,,4279,9.512269,16,,,,,,,,
,,,,,4306,15.656156,27,,,,,,,,
,,,,,4322,15.469738,16,,,,,,,,
,,,,,4338,8.644526,16,,,,,,,,
,,,,,4351,8.725062,13,,,,,,,,
,,,,,4372,13.014958,21,,,,,,,,
,,,,,4398,17.083117,26,,,,,,,,
,,,,,4420,13.226078,22,,,,,,,,
,,,,,4448,31.836508,28,,,,,,,,
,,,,,4466,17.280603,18,,,,,,,,
,,,,,4484,10.898734,18,,,,,,,,
,,,,,4512,26.052458,28,,,,,,,,
,,,,,4558,76.28786,46,,,,,,,,
,,,,,4592,34.607418,34,,,,,,,,
,,,,,4613,17.862604,21,,,,,,,,
,,,,,4625,9.101501,12,,,,,,,,
,,,,,4722,83.890755,97,,,,,,,,
,,,,,4748,17.762537,26,,,,,,,,
,,,,,4784,44.990974,36,,,,,,,,
,,,,,4813,26.246845,29,,,,,,,,
,,,,,4827,11.076099,14,,,,,,,,
,,,,,4848,18.254251,21,,,,,,,,
,,,,,4858,7.6066594,10,,,,,,,,
,,,,,4879,17.390806,21,,,,,,,,
,,,,,4893,9.789539,14,,,,,,,,
,,,,,4903,6.052827,10,,,,,,,,
,,,,,4913,8.31005,10,,,,,,,,
,,,,,4933,21.359632,20,,,,,,,,
,,,,,4951,18.671356,18,,,,,,,,
,,,,,4999,60.055206,48,,,,,,,,
17.405308,7.7953734,38.919304,9.22367,20.4,5000,,,,,,,,,,
,,,,,5024,21.308619,25,,,,,,,,
,,,,,5035,9.146644,11,,,,,,,,
,,,,,5052,13.319459,17,,,,,,,,
,,,,,5087,45.214764,35,,,,,,,,
,,,,,5099,10.574237,12,,,,,,,,
,,,,,5119,12.805458,20,,,,,,,,
,,,,,5134,13.962594,15,,,,,,,,
,,,,,5149,11.551876,15,,,,,,,,
,,,,,5187,24.468334,38,,,,,,,,
,,,,,5204,14.023779,17,,,,,,,,
,,,,,5241,11.128899,37,,,,,,,,
,,,,,5262,14.264936,21,,,,,,,,
,,,,,5278,9.87468,16,,,,,,,,
,,,,,5298,22.989618,20,,,,,,,,
,,,,,5319,19.254875,21,,,,,,,,
,,,,,5341,6.3359427,22,,,,,,,,
,,,,,5357,13.15989,16,,,,,,,,
,,,,,5369,9.435783,12,,,,,,,,
,,,,,5383,10.791953,14,,,,,,,,
,,,,,5419,24.821396,36,,,,,,,,
,,,,,5435,15.156086,16,,,,,,,,
,,,,,5471,35.535656,36,,,,,,,,
,,,,,5521,69.56895,50,,,,,,,,
,,,,,5536,11.791954,15,,,,,,,,
,,,,,5571,41.02182,35,,,,,,,,
,,,,,5588,17.559372,17,,,,,,,,
,,,,,5602,8.853666,14,,,,,,,,
,,,,,5619,13.455204,17,,,,,,,,
,,,,,5634,12.563877,15,,,,,,,,
,,,,,5648,10.370985,14,,,,,,,,
,,,,,5665,18.307257,17,,,,,,,,
,,,,,5684,16.105648,19,,,,,,,,
,,,,,5699,10.786818,15,,,,,,,,
,,,,,5713,11.771172,14,,,,,,,,
,,,,,5725,8.728897,12,,,,,,,,
,,,,,5736,9.702793,11,,,,,,,,
,,,,,5750,10.5677185,14,,,,,,,,
,,,,,5777,30.585949,27,,,,,,,,
,,,,,5811,37.92475,34,,,,,,,,
,,,,,5834,9.113171,23,,,,,,,,
,,,,,5849,11.665079,15,,,,,,,,
,,,,,5866,12.978081,17,,,,,,,,
,,,,,5888,22.672798,22,,,,,,,,
,,,,,5907,20.924871,19,,,,,,,,
,,,,,5928,16.236065,21,,,,,,,,
,,,,,5954,34.70027,26,,,,,,,,
,,,,,5974,22.344847,20,,,,,,,,
,,,,,6004,22.209234,30,,,,,,,,
,,,,,6026,20.303709,22,,,,,,,,
,,,,,6045,13.529609,19,,,,,,,,
,,,,,6059,13.365743,14,,,,,,,,
,,,,,6074,14.014556,15,,,,,,,,
,,,,,6090,16.557934,16,,,,,,,,
,,,,,6122,26.66925,32,,,,,,,,
,,,,,6139,17.421185,17,,,,,,,,
,,,,,6167,16.382391,28,,,,,,,,
,,,,,6224,80.735275,57,,,,,,,,
,,,,,6286,35.742542,62,,,,,,,,
,,,,,6336,70.23618,50,,,,,,,,
,,,,,6351,13.878438,15,,,,,,,,
,,,,,6377,23.163956,26,,,,,,,,
,,,,,6409,16.396936,32,,,,,,,,
,,,,,6426,18.138311,17,,,,,,,,
,,,,,6445,9.404623,19,,,,,,,,
,,,,,6494,85.36215,49,,,,,,,,
,,,,,6517,27.342388,23,,,,,,,,
,,,,,6534,14.601098,17,,,,,,,,
,,,,,6572,50.718628,38,,,,,,,,
,,,,,6584,10.257727,12,,,,,,,,
,,,,,6620,34.063633,36,,,,,,,,
,,,,,6639,21.025646,19,,,,,,,,
,,,,,6658,13.056917,19,,,,,,,,
,,,,,6712,49.910397,54,,,,,,,,
,,,,,6737,32.638252,25,,,,,,,,
,,,,,6771,43.482258,34,,,,,,,,
,,,,,6783,11.24378,12,,,,,,,,
,,,,,6800,13.360279,17,,,,,,,,
,,,,,6812,7.530771,12,,,,,,,,
,,,,,6861,43.857376,49,,,,,,,,
,,,,,6875,9.062671,14,,,,,,,,
,,,,,6889,9.999592,14,,,,,,,,
,,,,,6904,11.474415,15,,,,,,,,
,,,,,6914,6.5614843,10,,,,,,,,
,,,,,6926,11.088641,12,,,,,,,,
,,,,,6948,11.005309,22,,,,,,,,
,,,,,6960,10.865645,12,,,,,,,,
,,,,,6979,15.033321,19,,,,,,,,
,,,,,6995,18.558928,16,,,,,,,,
,,,,,7015,17.172129,20,,,,,,,,
,,,,,7048,23.207382,33,,,,,,,,
,,,,,7063,14.721578,15,,,,,,,,
,,,,,7078,11.007659,15,,,,,,,,
,,,,,7111,21.644049,33,,,,,,,,
,,,,,7133,25.68247,22,,,,,,,,
,,,,,7155,24.738811,22,,,,,,,,
,,,,,7165,5.9778147,10,,,,,,,,
,,,,,7184,11.77331,19,,,,,,,,
,,,,,7233,49.22419,49,,,,,,,,
,,,,,7293,95.31906,60,,,,,,,,
,,,,,7355,98.28388,62,,,,,,,,
,,,,,7379,20.508404,24,,,,,,,,
,,,,,7415,21.017275,36,,,,,,,,
,,,,,7430,14.237606,15,,,,,,,,
,,,,,7440,8.484108,10,,,,,,,,
,,,,,7465,24.137344,25,,,,,,,,
,,,,,7490,18.138533,25,,,,,,,,
,,,,,7521,18.434044,31,,,,,,,,
,,,,,7546,11.301277,25,,,,,,,,
,,,,,7562,15.293836,16,,,,,,,,
,,,,,7622,107.83069,60,,,,,,,,
,,,,,7657,35.992546,35,,,,,,,,
,,,,,7671,12.654821,14,,,,,,,,
,,,,,7680,6.8446083,9,,,,,,,,
,,,,,7695,14.687757,15,,,,,,,,
,,,,,7714,13.739373,19,,,,,,,,
,,,,,7727,10.34572,13,,,,,,,,
,,,,,7745,19.154972,18,,,,,,,,
,,,,,7780,17.679768,35,,,,,,,,
,,,,,7811,25.506186,31,,,,,,,,
,,,,,7823,10.241672,12,,,,,,,,
,,,,,7842,19.461079,19,,,,,,,,
,,,,,7863,22.249144,21,,,,,,,,
,,,,,7906,27.96665,43,,,,,,,,
,,,,,7918,8.443439,12,,,,,,,,
,,,,,7989,80.32763,71,,,,,,,,
,,,,,8006,11.882425,17,,,,,,,,
,,,,,8078,89.580185,72,,,,,,,,
,,,,,8103,20.631033,25,,,,,,,,
,,,,,8122,13.011568,19,,,,,,,,
,,,,,8149,21.465124,27,,,,,,,,
,,,,,8176,13.988551,27,,,,,,,,
,,,,,8187,8.062903,11,,,,,,,,
,,,,,8214,21.35363,27,,,,,,,,
,,,,,8238,16.193813,24,,,,,,,,
,,,,,8258,16.635221,20,,,,,,,,
,,,,,8272,11.800274,14,,,,,,,,
,,,,,8288,16.233576,16,,,,,,,,
,,,,,8332,44.306545,44,,,,,,,,
,,,,,8346,13.367439,14,,,,,,,,
,,,,,8362,13.830989,16,,,,,,,,
,,,,,8376,12.439752,14,,,,,,,,
,,,,,8389,11.751134,13,,,,,,,,
,,,,,8409,22.800623,20,,,,,,,,
,,,,,8434,29.458536,25,,,,,,,,
,,,,,8449,13.616003,15,,,,,,,,
,,,,,8463,11.0180645,14,,,,,,,,
,,,,,8529,83.868484,66,,,,,,,,
,,,,,8545,15.231104,16,,,,,,,,
,,,,,8563,5.7985797,18,,,,,,,,
,,,,,8591,23.42978,28,,,,,,,,
,,,,,8605,10.5758,14,,,,,,,,
,,,,,8617,9.907399,12,,,,,,,,
,,,,,8635,11.730175,18,,,,,,,,
,,,,,8655,20.326658,20,,,,,,,,
,,,,,8690,39.33627,35,,,,,,,,
,,,,,8708,21.182245,18,,,,,,,,
,,,,,8728,21.713299,20,,,,,,,,
,,,,,8753,15.657104,25,,,,,,,,
,,,,,8780,14.454881,27,,,,,,,,
,,,,,8820,50.236015,40,,,,,,,,
,,,,,8839,11.692453,19,,,,,,,,
,,,,,8853,12.69727,14,,,,,,,,
,,,,,8879,29.689592,26,,,,,,,,
,,,,,8899,20.924149,20,,,,,,,,
,,,,,8939,50.22691,40,,,,,,,,
,,,,,8969,28.408226,30,,,,,,,,
,,,,,8993,23.827093,24,,,,,,,,
,,,,,9009,6.365898,16,,,,,,,,
,,,,,9033,20.23709,24,,,,,,,,
,,,,,9061,12.126633,28,,,,,,,,
,,,,,9073,9.7698555,12,,,,,,,,
,,,,,9088,10.561159,15,,,,,,,,
,,,,,9105,11.811228,17,,,,,,,,
,,,,,9129,13.234816,24,,,,,,,,
,,,,,9151,18.39084,22,,,,,,,,
,,,,,9178,21.685833,27,,,,,,,,
,,,,,9199,19.197723,21,,,,,,,,
,,,,,9211,10.186109,12,,,,,,,,
,,,,,9222,9.179996,11,,,,,,,,
,,,,,9251,39.86241,29,,,,,,,,
,,,,,9281,35.291542,30,,,,,,,,
,,,,,9295,12.416434,14,,,,,,,,
,,,,,9307,7.417612,12,,,,,,,,
,,,,,9320,11.817701,13,,,,,,,,
,,,,,9388,127.15515,68,,,,,,,,
,,,,,9420,35.122158,32,,,,,,,,
,,,,,9432,9.238966,12,,,,,,,,
,,,,,9450,19.220484,18,,,,,,,,
,,,,,9462,8.58237,12,,,,,,,,
,,,,,9485,12.851153,23,,,,,,,,
,,,,,9527,66.2653,42,,,,,,,,
,,,,,9540,9.622557,13,,,,,,,,
,,,,,9568,22.289532,28,,,,,,,,
,,,,,9622,42.38233,54,,,,,,,,
,,,,,9633,9.10532,11,,,,,,,,
,,,,,9670,48.44157,37,,,,,,,,
,,,,,9687,7.529258,17,,,,,,,,
,,,,,9715,18.793789,28,,,,,,,,
,,,,,9740,17.86945,25,,,,,,,,
,,,,,9754,12.075206,14,,,,,,,,
,,,,,9786,27.247047,32,,,,,,,,
,,,,,9837,50.414623,51,,,,,,,,
,,,,,9852,13.957441,15,,,,,,,,
,,,,,9868,14.184944,16,,,,,,,,
,,,,,9879,9.289101,11,,,,,,,,
,,,,,9891,10.602405,12,,,,,,,,
,,,,,9910,12.207633,19,,,,,,,,
,,,,,9934,15.15665,24,,,,,,,,
,,,,,9951,9.672694,17,,,,,,,,
,,,,,9969,10.955613,18,,,,,,,,
,,,,,9980,8.531237,11,,,,,,,,
,,,,,9996,14.834307,16,,,,,,,,
57.80482,51.978985,191.66908,15.34963,40.7,10000,,,-0.4577200412750244,1.9452767372131348,1.2913599014282227,0.10283928364515305,1.1572809219360352,0.0003,0.0003,0.1
,,,,,10075,167.49205,79,,,,,,,,
,,,,,10112,58.484795,37,,,,,,,,
,,,,,10182,142.62367,70,,,,,,,,
,,,,,10225,70.145706,43,,,,,,,,
,,,,,10267,71.8863,42,,,,,,,,
,,,,,10307,65.54756,40,,,,,,,,
,,,,,10351,73.67665,44,,,,,,,,
,,,,,10396,77.182045,45,,,,,,,,
,,,,,10442,76.26009,46,,,,,,,,
,,,,,10484,68.576675,42,,,,,,,,
,,,,,10522,62.100945,38,,,,,,,,
,,,,,10564,69.60588,42,,,,,,,,
,,,,,10617,95.09647,53,,,,,,,,
,,,,,10652,57.88438,35,,,,,,,,
,,,,,10699,78.93017,47,,,,,,,,
,,,,,10753,98.10553,54,,,,,,,,
,,,,,10798,76.311005,45,,,,,,,,
,,,,,10835,60.50658,37,,,,,,,,
,,,,,10876,69.2373,41,,,,,,,,
,,,,,10937,115.69052,61,,,,,,,,
,,,,,10981,75.30484,44,,,,,,,,
,,,,,11000,,,-6.8259148597717285,0.32002097368240356,0.49805885553359985,6.10212516784668,6.157611846923828,0.0003,0.0003,0.1
,,,,,11064,183.14519,83,,,,,,,,
,,,,,11133,136.09221,69,,,,,,,,
,,,,,11220,196.61636,87,,,,,,,,
,,,,,11315,216.13533,95,,,,,,,,
,,,,,11404,195.0745,89,,,,,,,,
,,,,,11484,175.0305,80,,,,,,,,
,,,,,11572,197.90152,88,,,,,,,,
,,,,,11664,205.78822,92,,,,,,,,
,,,,,11751,191.81439,87,,,,,,,,
,,,,,11846,216.24144,95,,,,,,,,
,,,,,11932,185.77821,86,,,,,,,,
,,,,,12000,,,-14.07314395904541,-0.9977854490280151,0.5509982109069824,13.139086723327637,13.098509788513184,0.0003,0.0003,0.1
,,,,,12036,229.47644,104,,,,,,,,
,,,,,12128,204.90297,92,,,,,,,,
,,,,,12225,216.99298,97,,,,,,,,
,,,,,12332,226.23506,107,,,,,,,,
,,,,,12423,195.47464,91,,,,,,,,
,,,,,12524,238.52235,101,,,,,,,,
,,,,,12632,210.3915,108,,,,,,,,
,,,,,12731,201.38634,99,,,,,,,,
,,,,,12833,231.46169,102,,,,,,,,
,,,,,12930,206.89513,97,,,,,,,,
,,,,,13000,,,-23.28169822692871,-1.3095042705535889,4.260570526123047,21.930465698242188,21.88787841796875,0.0003,0.0003,0.1
,,,,,13022,190.60658,92,,,,,,,,
,,,,,13117,208.11191,95,,,,,,,,
,,,,,13208,196.02527,91,,,,,,,,
,,,,,13288,148.3343,80,,,,,,,,
,,,,,13376,189.11703,88,,,,,,,,
,,,,,13461,190.06317,85,,,,,,,,
,,,,,13487,45.00487,26,,,,,,,,
,,,,,13575,191.25052,88,,,,,,,,
,,,,,13663,194.31636,88,,,,,,,,
,,,,,13754,204.84334,91,,,,,,,,
,,,,,13841,193.58055,87,,,,,,,,
,,,,,13924,180.17569,83,,,,,,,,
,,,,,14000,,,-33.10406494140625,-1.082393765449524,5.507931709289551,31.28497314453125,31.457077026367188,0.0003,0.0003,0.1
,,,,,14016,185.40546,92,,,,,,,,
,,,,,14103,191.97923,87,,,,,,,,
,,,,,14188,188.8948,85,,,,,,,,
,,,,,14275,193.9789,87,,,,,,,,
,,,,,14366,206.74571,91,,,,,,,,
,,,,,14456,202.41493,90,,,,,,,,
,,,,,14546,205.93962,90,,,,,,,,
,,,,,14640,210.87001,94,,,,,,,,
,,,,,14725,188.20186,85,,,,,,,,
,,,,,14817,208.34348,92,,,,,,,,
,,,,,14910,212.62512,93,,,,,,,,
,,,,,15000,201.34023,90,,,,,,,,
211.73526,8.197762,223.9681,195.2762,93.6,15000,,,-42.60623550415039,-1.0399856567382812,3.5319080352783203,40.425323486328125,40.407344818115234,0.0003,0.0003,0.1
,,,,,15088,198.54216,88,,,,,,,,
,,,,,15188,226.14651,100,,,,,,,,
,,,,,15286,225.86752,98,,,,,,,,
,,,,,15374,198.02101,88,,,,,,,,
,,,,,15465,191.64038,91,,,,,,,,
,,,,,15557,203.75206,92,,,,,,,,
,,,,,15607,85.85406,50,,,,,,,,
,,,,,15697,197.68007,90,,,,,,,,
,,,,,15784,200.36461,87,,,,,,,,
,,,,,15867,181.50412,83,,,,,,,,
,,,,,15960,223.20767,93,,,,,,,,
,,,,,16000,,,-49.20166778564453,-1.1077828407287598,13.280984878540039,47.16698455810547,47.40128707885742,0.0003,0.0003,0.1
,,,,,16060,194.99246,100,,,,,,,,
,,,,,16129,116.922615,69,,,,,,,,
,,,,,16204,150.19803,75,,,,,,,,
,,,,,16313,209.97928,109,,,,,,,,
,,,,,16425,227.94566,112,,,,,,,,
,,,,,16529,211.9495,104,,,,,,,,
,,,,,16635,199.40988,106,,,,,,,,
,,,,,16705,122.5926,70,,,,,,,,
,,,,,16800,162.5284,95,,,,,,,,
,,,,,16899,218.78911,99,,,,,,,,
,,,,,16987,180.89684,88,,,,,,,,
,,,,,17000,,,-58.47245407104492,-0.6987535953521729,20.825441360473633,56.562252044677734,56.52659606933594,0.0003,0.0003,0.1
,,,,,17085,221.97928,98,,,,,,,,
,,,,,17182,223.28065,97,,,,,,,,
,,,,,17277,202.50232,95,,,,,,,,
,,,,,17372,195.90796,95,,,,,,,,
,,,,,17465,181.36378,93,,,,,,,,
,,,,,17557,193.76329,92,,,,,,,,
,,,,,17654,199.38498,97,,,,,,,,
,,,,,17745,200.68983,91,,,,,,,,
,,,,,17842,191.63472,97,,,,,,,,
,,,,,17940,207.36351,98,,,,,,,,
,,,,,18000,,,-64.92691802978516,-1.128589153289795,5.428732872009277,62.133079528808594,62.604068756103516,0.0003,0.0003,0.1
,,,,,18042,209.84341,102,,,,,,,,
,,,,,18132,192.88441,90,,,,,,,,
,,,,,18240,244.94324,108,,,,,,,,
,,,,,18327,185.39215,87,,,,,,,,
,,,,,18362,62.73944,35,,,,,,,,
,,,,,18464,214.81863,102,,,,,,,,
,,,,,18559,203.5367,95,,,,,,,,
,,,,,18663,218.48979,104,,,,,,,,
,,,,,18757,208.22285,94,,,,,,,,
,,,,,18853,196.69824,96,,,,,,,,
,,,,,18945,203.97275,92,,,,,,,,
,,,,,19000,,,-71.75252532958984,-1.1347596645355225,11.292988777160645,69.40132141113281,69.58576202392578,0.0003,0.0003,0.1
,,,,,19025,154.84482,80,,,,,,,,
,,,,,19127,219.87965,102,,,,,,,,
,,,,,19223,186.3385,96,,,,,,,,
,,,,,19253,50.940697,30,,,,,,,,
,,,,,19338,182.9378,85,,,,,,,,
,,,,,19434,192.29361,96,,,,,,,,
,,,,,19527,181.34435,93,,,,,,,,
,,,,,19536,8.878817,9,,,,,,,,
,,,,,19632,187.92834,96,,,,,,,,
,,,,,19729,193.81468,97,,,,,,,,
,,,,,19819,183.44249,90,,,,,,,,
,,,,,19913,193.37996,94,,,,,,,,
,,,,,19946,59.04435,33,,,,,,,,
,,,,,19973,48.120834,27,,,,,,,,
196.76736,11.557393,216.8353,174.3338,95.1,20000,,,-80.4312744140625,-0.7747409343719482,3.6907906532287598,78.18171691894531,78.27615356445312,0.0003,0.0003,0.1
,,,,,20066,184.88486,93,,,,,,,,
,,,,,20164,210.7456,98,,,,,,,,
,,,,,20193,51.852177,29,,,,,,,,
,,,,,20282,174.97417,89,,,,,,,,
,,,,,20375,184.07962,93,,,,,,,,
,,,,,20462,178.87468,87,,,,,,,,
,,,,,20551,196.88164,89,,,,,,,,
,,,,,20646,188.83662,95,,,,,,,,
,,,,,20737,206.65717,91,,,,,,,,
,,,,,20830,187.14583,93,,,,,,,,
,,,,,20925,205.86514,95,,,,,,,,
,,,,,21000,,,-87.11125183105469,-1.2464898824691772,20.767250061035156,83.6383056640625,82.91493225097656,0.0003,0.0003,0.1
,,,,,21020,189.96632,95,,,,,,,,
,,,,,21118,199.4989,98,,,,,,,,
,,,,,21206,181.69307,88,,,,,,,,
,,,,,21312,223.43176,106,,,,,,,,
,,,,,21433,254.93513,121,,,,,,,,
,,,,,21538,240.6671,105,,,,,,,,
,,,,,21641,212.52325,103,,,,,,,,
,,,,,21737,196.77206,96,,,,,,,,
,,,,,21834,167.32274,97,,,,,,,,
,,,,,21935,183.35765,101,,,,,,,,
,,,,,22000,,,-93.06422424316406,-1.1130355596542358,12.71241569519043,90.37281799316406,90.34230041503906,0.0003,0.0003,0.1
,,,,,22043,217.71378,108,,,,,,,,
,,,,,22155,252.55641,112,,,,,,,,
,,,,,22270,227.28789,115,,,,,,,,
,,,,,22379,225.31346,109,,,,,,,,
,,,,,22501,266.95343,122,,,,,,,,
,,,,,22610,251.1807,109,,,,,,,,
,,,,,22714,197.90067,104,,,,,,,,
,,,,,22832,272.6479,118,,,,,,,,
,,,,,22952,265.9358,120,,,,,,,,
,,,,,23000,,,-99.07893371582031,-1.546560287475586,6.518826961517334,95.53300476074219,95.8284912109375,0.0003,0.0003,0.1
,,,,,23077,272.92484,125,,,,,,,,
,,,,,23190,248.74063,113,,,,,,,,
,,,,,23314,277.58768,124,,,,,,,,
,,,,,23436,257.19354,122,,,,,,,,
,,,,,23547,271.6182,111,,,,,,,,
,,,,,23645,220.55676,98,,,,,,,,
,,,,,23760,291.63678,115,,,,,,,,
,,,,,23886,288.56335,126,,,,,,,,
,,,,,24000,,,-106.97483825683594,-1.1861910820007324,7.014623641967773,104.66616821289062,104.91268920898438,0.0003,0.0003,0.1
,,,,,24004,284.8954,118,,,,,,,,
,,,,,24128,286.28455,124,,,,,,,,
,,,,,24243,297.52832,115,,,,,,,,
,,,,,24352,272.79166,109,,,,,,,,
,,,,,24465,292.742,113,,,,,,,,
,,,,,24577,289.4279,112,,,,,,,,
,,,,,24698,279.40985,121,,,,,,,,
,,,,,24807,278.35587,109,,,,,,,,
,,,,,24917,282.66132,110,,,,,,,,
284.5469,9.580205,302.32193,269.45618,111.2,25000,,,-110.85911560058594,-1.71340012550354,24.571840286254883,107.51358032226562,107.20238494873047,0.0003,0.0003,0.1
,,,,,25029,275.6597,112,,,,,,,,
,,,,,25138,278.71594,109,,,,,,,,
,,,,,25244,269.04596,106,,,,,,,,
,,,,,25350,264.25592,106,,,,,,,,
,,,,,25459,277.93866,109,,,,,,,,
,,,,,25576,314.71188,117,,,,,,,,
,,,,,25684,252.32939,108,,,,,,,,
,,,,,25810,317.39786,126,,,,,,,,
,,,,,25923,280.6296,113,,,,,,,,
,,,,,26000,,,-120.55558776855469,-1.2442874908447266,6.886958122253418,118.03763580322266,118.3187255859375,0.0003,0.0003,0.1
,,,,,26043,329.31894,120,,,,,,,,
,,,,,26153,292.6186,110,,,,,,,,
,,,,,26256,257.45258,103,,,,,,,,
,,,,,26359,235.91484,103,,,,,,,,
,,,,,26467,271.25027,108,,,,,,,,
,,,,,26574,276.4665,107,,,,,,,,
,,,,,26672,239.60336,98,,,,,,,,
,,,,,26792,320.2593,120,,,,,,,,
,,,,,26908,303.56958,116,,,,,,,,
,,,,,27000,,,-126.88109588623047,-1.6405682563781738,10.279406547546387,123.9586181640625,124.01335144042969,0.0003,0.0003,0.1
,,,,,27009,238.8238,101,,,,,,,,
,,,,,27126,318.40903,117,,,,,,,,
,,,,,27259,312.9758,133,,,,,,,,
,,,,,27364,257.7121,105,,,,,,,,
,,,,,27473,267.45975,109,,,,,,,,
,,,,,27584,272.376,111,,,,,,,,
,,,,,27697,266.60394,113,,,,,,,,
,,,,,27802,246.33986,105,,,,,,,,
,,,,,27906,262.5454,104,,,,,,,,
,,,,,28000,,,-131.93545532226562,-1.6666139364242554,8.92381477355957,128.49761962890625,128.25665283203125,0.0003,0.0003,0.1
,,,,,28015,248.90947,109,,,,,,,,
,,,,,28148,324.35782,133,,,,,,,,
,,,,,28274,306.62897,126,,,,,,,,
,,,,,28377,246.79295,103,,,,,,,,
,,,,,28484,264.13644,107,,,,,,,,
,,,,,28587,240.89665,103,,,,,,,,
,,,,,28689,220.57892,102,,,,,,,,
,,,,,28816,307.35303,127,,,,,,,,
,,,,,28939,305.33862,123,,,,,,,,
,,,,,29000,,,-138.39910888671875,-1.316023349761963,4.248926162719727,135.73995971679688,135.49615478515625,0.0003,0.0003,0.1
,,,,,29068,314.07013,129,,,,,,,,
,,,,,29182,279.1521,114,,,,,,,,
,,,,,29299,290.65488,117,,,,,,,,
,,,,,29409,269.56976,110,,,,,,,,
,,,,,29523,287.537,114,,,,,,,,
,,,,,29656,305.8035,133,,,,,,,,
,,,,,29790,318.53973,134,,,,,,,,
,,,,,29933,318.87845,143,,,,,,,,
301.03806,25.581207,332.1739,249.81097,119.1,30000,,,-140.83847045898438,-1.5795780420303345,13.598480224609375,136.42050170898438,136.20147705078125,0.0003,0.0003,0.1
,,,,,30042,256.84857,109,,,,,,,,
,,,,,30059,14.810194,17,,,,,,,,
,,,,,30078,17.571308,19,,,,,,,,
,,,,,30238,364.81064,160,,,,,,,,
,,,,,30380,322.65042,142,,,,,,,,
,,,,,30504,311.4662,124,,,,,,,,
,,,,,30608,266.47946,104,,,,,,,,
,,,,,30728,313.81656,120,,,,,,,,
,,,,,30839,277.9685,111,,,,,,,,
,,,,,30973,321.32022,134,,,,,,,,
,,,,,31000,,,-146.75900268554688,-1.336307406425476,11.588393211364746,142.90953063964844,143.24903869628906,0.0003,0.0003,0.1
,,,,,31088,281.5593,115,,,,,,,,
,,,,,31169,178.44624,81,,,,,,,,
,,,,,31292,328.58362,123,,,,,,,,
,,,,,31424,304.31522,132,,,,,,,,
,,,,,31548,301.34683,124,,,,,,,,
,,,,,31669,311.90387,121,,,,,,,,
,,,,,31798,306.25433,129,,,,,,,,
,,,,,31928,317.05707,130,,,,,,,,
,,,,,32000,,,-149.28233337402344,-1.6379096508026123,7.5972747802734375,145.24110412597656,145.45928955078125,0.0003,0.0003,0.1
,,,,,32054,309.08542,126,,,,,,,,
,,,,,32181,310.8697,127,,,,,,,,
,,,,,32300,286.01608,119,,,,,,,,
,,,,,32417,271.49036,117,,,,,,,,
,,,,,32543,301.66895,126,,,,,,,,
,,,,,32654,236.39647,111,,,,,,,,
,,,,,32770,298.0723,116,,,,,,,,
,,,,,32878,267.14047,108,,,,,,,,
,,,,,33000,,,-155.77978515625,-1.6337060928344727,51.03025817871094,150.3360595703125,149.974365234375,0.0003,0.0003,0.1
,,,,,33005,269.261,127,,,,,,,,
,,,,,33141,308.63815,136,,,,,,,,
,,,,,33244,248.71834,103,,,,,,,,
,,,,,33367,300.4887,123,,,,,,,,
,,,,,33461,214.04106,94,,,,,,,,
,,,,,33553,212.34897,92,,,,,,,,
,,,,,33652,235.83505,99,,,,,,,,
,,,,,33749,231.03217,97,,,,,,,,
,,,,,33883,316.78775,134,,,,,,,,
,,,,,33992,282.47397,109,,,,,,,,
,,,,,34000,,,-158.91937255859375,-1.7221403121948242,10.575663566589355,154.4642333984375,154.35707092285156,0.0003,0.0003,0.1
,,,,,34109,279.7315,117,,,,,,,,
,,,,,34211,240.57262,102,,,,,,,,
,,,,,34319,288.41742,108,,,,,,,,
,,,,,34433,288.487,114,,,,,,,,
,,,,,34547,289.90042,114,,,,,,,,
,,,,,34658,291.96906,111,,,,,,,,
,,,,,34779,264.86664,121,,,,,,,,
,,,,,34873,221.66418,94,,,,,,,,
,,,,,34991,305.4738,118,,,,,,,,
253.7793,97.99775,331.14395,50.42838,102.2,35000,,,-161.9278564453125,-1.920722246170044,15.263723373413086,157.59698486328125,157.62120056152344,0.0003,0.0003,0.1
,,,,,35031,68.73791,40,,,,,,,,
,,,,,35151,299.215,120,,,,,,,,
,,,,,35266,308.59192,115,,,,,,,,
,,,,,35383,291.8238,117,,,,,,,,
,,,,,35496,288.31436,113,,,,,,,,
,,,,,35606,286.99463,110,,,,,,,,
,,,,,35720,280.63226,114,,,,,,,,
,,,,,35831,257.05234,111,,,,,,,,
,,,,,35961,293.2128,130,,,,,,,,
,,,,,36000,,,-167.8514404296875,-2.038827657699585,38.71620559692383,162.94442749023438,162.31686401367188,0.0003,0.0003,0.1
,,,,,36070,291.24304,109,,,,,,,,
,,,,,36098,48.374878,28,,,,,,,,
,,,,,36246,306.05676,148,,,,,,,,
,,,,,36366,259.57303,120,,,,,,,,
,,,,,36392,45.861755,26,,,,,,,,
,,,,,36513,259.0198,121,,,,,,,,
,,,,,36648,290.99622,135,,,,,,,,
,,,,,36677,50.455765,29,,,,,,,,
,,,,,36786,246.19221,109,,,,,,,,
,,,,,36901,263.54587,115,,,,,,,,
,,,,,36982,156.82545,81,,,,,,,,
,,,,,37000,,,-170.71841430664062,-2.1484577655792236,8.704989433288574,166.30740356445312,166.14486694335938,0.0003,0.0003,0.1
,,,,,37007,44.63644,25,,,,,,,,
,,,,,37123,262.74335,116,,,,,,,,
,,,,,37256,293.38342,133,,,,,,,,
,,,,,37361,233.53117,105,,,,,,,,
,,,,,37478,256.761,117,,,,,,,,
,,,,,37583,223.43497,105,,,,,,,,
,,,,,37689,230.46991,106,,,,,,,,
,,,,,37801,251.66391,112,,,,,,,,
,,,,,37913,249.35887,112,,,,,,,,
,,,,,37991,126.99651,78,,,,,,,,
,,,,,38000,,,-170.10025024414062,-1.5639748573303223,13.474069595336914,166.6479949951172,166.721923828125,0.0003,0.0003,0.1
,,,,,38091,203.42786,100,,,,,,,,
,,,,,38199,250.62201,108,,,,,,,,
,,,,,38304,228.32234,105,,,,,,,,
,,,,,38412,243.1543,108,,,,,,,,
,,,,,38489,129.87187,77,,,,,,,,
,,,,,38589,215.24037,100,,,,,,,,
,,,,,38699,245.22061,110,,,,,,,,
,,,,,38804,222.2609,105,,,,,,,,
,,,,,38905,221.52203,101,,,,,,,,
,,,,,39000,,,-173.55050659179688,-2.0294349193573,20.156208038330078,170.37022399902344,170.05015563964844,0.0003,0.0003,0.1
,,,,,39012,242.85603,107,,,,,,,,
,,,,,39115,221.38208,103,,,,,,,,
,,,,,39221,236.44963,106,,,,,,,,
,,,,,39327,246.79985,106,,,,,,,,
,,,,,39433,233.72922,106,,,,,,,,
,,,,,39533,223.61942,100,,,,,,,,
,,,,,39645,258.62723,112,,,,,,,,
,,,,,39746,227.19992,101,,,,,,,,
,,,,,39850,236.0535,104,,,,,,,,
,,,,,39954,228.32504,104,,,,,,,,
226.63159,33.06483,269.07462,161.90956,101.2,40000,,,-175.28237915039062,-1.5746866464614868,28.456501007080078,173.29998779296875,173.25843811035156,0.0003,0.0003,0.1
,,,,,40051,198.01227,97,,,,,,,,
,,,,,40153,235.05563,102,,,,,,,,
,,,,,40255,225.19598,102,,,,,,,,
,,,,,40361,243.28139,106,,,,,,,,
,,,,,40461,210.15735,100,,,,,,,,
,,,,,40572,263.21695,111,,,,,,,,
,,,,,40684,265.4557,112,,,,,,,,
,,,,,40802,284.83173,118,,,,,,,,
,,,,,40891,191.62193,89,,,,,,,,
,,,,,40977,177.62643,86,,,,,,,,
,,,,,41000,,,-178.0272674560547,-1.7076760530471802,152.96871948242188,175.0474395751953,174.0687255859375,0.0003,0.0003,0.1
,,,,,41092,263.76154,115,,,,,,,,
,,,,,41205,256.00174,113,,,,,,,,
,,,,,41324,288.2229,119,,,,,,,,
,,,,,41445,304.04453,121,,,,,,,,
,,,,,41560,258.5517,115,,,,,,,,
,,,,,41648,179.25859,88,,,,,,,,
,,,,,41759,262.82986,111,,,,,,,,
,,,,,41865,242.30101,106,,,,,,,,
,,,,,41975,257.4279,110,,,,,,,,
,,,,,42000,,,-176.39071655273438,-1.75763738155365,9.201062202453613,174.6633758544922,175.46688842773438,0.0003,0.0003,0.1
,,,,,42088,274.7394,113,,,,,,,,
,,,,,42213,318.7497,125,,,,,,,,
,,,,,42326,254.88509,113,,,,,,,,
,,,,,42453,316.57123,127,,,,,,,,
,,,,,42573,293.592,120,,,,,,,,
,,,,,42689,304.80505,116,,,,,,,,
,,,,,42804,272.3484,115,,,,,,,,
,,,,,42919,257.25116,115,,,,,,,,
,,,,,42995,110.587494,76,,,,,,,,
,,,,,43000,,,-177.41294860839844,-2.3710713386535645,34.450321197509766,174.25303649902344,172.73324584960938,0.0003,0.0003,0.1
,,,,,43075,120.57889,80,,,,,,,,
,,,,,43156,120.560234,81,,,,,,,,
,,,,,43241,170.65813,85,,,,,,,,
,,,,,43323,156.3072,82,,,,,,,,
,,,,,43412,187.82576,89,,,,,,,,
,,,,,43534,293.05066,122,,,,,,,,
,,,,,43612,150.99632,78,,,,,,,,
,,,,,43697,150.99289,85,,,,,,,,
,,,,,43783,181.01562,86,,,,,,,,
,,,,,43889,248.60873,106,,,,,,,,
,,,,,43999,259.8695,110,,,,,,,,
,,,,,44000,,,-182.89605712890625,-1.820024013519287,7.457566261291504,179.3826904296875,179.3146209716797,0.0003,0.0003,0.1
,,,,,44106,247.58315,107,,,,,,,,
,,,,,44221,272.8818,115,,,,,,,,
,,,,,44334,264.36255,113,,,,,,,,
,,,,,44447,263.74503,113,,,,,,,,
,,,,,44558,273.6147,111,,,,,,,,
,,,,,44675,282.83215,117,,,,,,,,
,,,,,44791,280.3261,116,,,,,,,,
,,,,,44914,297.4385,123,,,,,,,,
233.94556,30.36686,269.69153,175.39479,102.4,45000,,,-179.47198486328125,-2.1899890899658203,23.892108917236328,175.52468872070312,175.4764862060547,0.0003,0.0003,0.1
,,,,,45023,247.66101,109,,,,,,,,
,,,,,45143,304.45956,120,,,,,,,,
,,,,,45244,238.79462,101,,,,,,,,
,,,,,45365,302.47202,121,,,,,,,,
,,,,,45479,261.16336,114,,,,,,,,
,,,,,45599,282.63373,120,,,,,,,,
,,,,,45717,293.8913,118,,,,,,,,
,,,,,45822,239.35121,105,,,,,,,,
,,,,,45935,259.80362,113,,,,,,,,
,,,,,46000,,,-183.7466278076172,-1.8336015939712524,4.922314643859863,181.8339080810547,181.63427734375,0.0003,0.0003,0.1
,,,,,46046,230.39423,111,,,,,,,,
,,,,,46139,194.18445,93,,,,,,,,
,,,,,46245,257.28702,106,,,,,,,,
,,,,,46329,168.22989,84,,,,,,,,
,,,,,46422,179.92218,93,,,,,,,,
,,,,,46517,209.15901,95,,,,,,,,
,,,,,46598,153.4071,81,,,,,,,,
,,,,,46705,248.48299,107,,,,,,,,
,,,,,46743,68.82403,38,,,,,,,,
,,,,,46841,207.35674,98,,,,,,,,
,,,,,46942,196.98026,101,,,,,,,,
,,,,,47000,,,-180.04327392578125,-1.2074908018112183,21.86518669128418,176.90301513671875,176.90634155273438,0.0003,0.0003,0.1
,,,,,47081,312.65112,139,,,,,,,,
,,,,,47185,245.50383,104,,,,,,,,
,,,,,47298,249.57571,113,,,,,,,,
,,,,,47407,252.09488,109,,,,,,,,
,,,,,47526,287.10416,119,,,,,,,,
,,,,,47649,269.8402,123,,,,,,,,
,,,,,47758,260.65887,109,,,,,,,,
,,,,,47894,325.08154,136,,,,,,,,
,,,,,48000,,,-183.8707275390625,-1.810793161392212,8.942388534545898,180.65737915039062,180.81959533691406,0.0003,0.0003,0.1
,,,,,48002,252.7303,108,,,,,,,,
,,,,,48117,277.57385,115,,,,,,,,
,,,,,48191,110.248344,74,,,,,,,,
,,,,,48316,321.62503,125,,,,,,,,
,,,,,48435,281.54086,119,,,,,,,,
,,,,,48565,316.18134,130,,,,,,,,
,,,,,48685,282.02017,120,,,,,,,,
,,,,,48767,147.81375,82,,,,,,,,
,,,,,48873,247.40666,106,,,,,,,,
,,,,,48982,248.1921,109,,,,,,,,
,,,,,49000,,,-186.74966430664062,-1.9978939294815063,17.056964874267578,184.40191650390625,184.222900390625,0.0003,0.0003,0.1
,,,,,49015,57.92772,33,,,,,,,,
,,,,,49098,150.77911,83,,,,,,,,
,,,,,49128,48.777424,30,,,,,,,,
,,,,,49249,261.32983,121,,,,,,,,
,,,,,49369,310.15564,120,,,,,,,,
,,,,,49474,240.09007,105,,,,,,,,
,,,,,49590,276.52386,116,,,,,,,,
,,,,,49619,49.536068,29,,,,,,,,
,,,,,49731,253.93153,112,,,,,,,,
,,,,,49845,240.59782,114,,,,,,,,
,,,,,49965,284.69675,120,,,,,,,,
289.9875,14.870093,313.52768,263.6396,132.2,50000,,,-185.4322967529297,-2.132922410964966,17.069007873535156,182.85174560546875,182.86798095703125,0.0003,0.0003,0.1
,,,,,50094,297.29453,129,,,,,,,,
,,,,,50225,310.18652,131,,,,,,,,
,,,,,50337,253.14772,112,,,,,,,,
,,,,,50473,320.74277,136,,,,,,,,
,,,,,50568,163.09077,95,,,,,,,,
,,,,,50702,305.02786,134,,,,,,,,
,,,,,50823,300.8181,121,,,,,,,,
,,,,,50962,305.671,139,,,,,,,,
,,,,,51000,,,-182.61602783203125,-2.1265721321105957,14.647068977355957,179.47169494628906,178.70347595214844,0.0003,0.0003,0.1
,,,,,51105,331.92145,143,,,,,,,,
,,,,,51259,333.1476,154,,,,,,,,
,,,,,51291,53.85191,32,,,,,,,,
,,,,,51434,335.7208,143,,,,,,,,
,,,,,51593,319.614,159,,,,,,,,
,,,,,51670,117.989525,77,,,,,,,,
,,,,,51811,340.94852,141,,,,,,,,
,,,,,51943,320.4302,132,,,,,,,,
,,,,,52000,,,-186.7871856689453,-1.7448837757110596,34.682769775390625,183.23440551757812,183.03863525390625,0.0003,0.0003,0.1
,,,,,52084,291.06577,141,,,,,,,,
,,,,,52229,329.16675,145,,,,,,,,
,,,,,52358,225.58246,129,,,,,,,,
,,,,,52513,340.1598,155,,,,,,,,
,,,,,52671,334.34576,158,,,,,,,,
,,,,,52849,366.2187,178,,,,,,,,
,,,,,52999,317.4978,150,,,,,,,,
,,,,,53000,,,-191.30734252929688,-2.2095999717712402,176.82789611816406,188.00628662109375,187.29052734375,0.0003,0.0003,0.1
,,,,,53148,322.02478,149,,,,,,,,
,,,,,53294,323.66412,146,,,,,,,,
,,,,,53463,368.64496,169,,,,,,,,
,,,,,53631,369.0677,168,,,,,,,,
,,,,,53800,353.96246,169,,,,,,,,
,,,,,54000,,,-190.74795532226562,-2.1054654121398926,10.554071426391602,187.07485961914062,187.13720703125,0.0003,0.0003,0.1
,,,,,54027,361.8191,227,,,,,,,,
,,,,,54219,407.87253,192,,,,,,,,
,,,,,54467,395.4248,248,,,,,,,,
,,,,,54642,371.5902,175,,,,,,,,
,,,,,54811,403.87515,169,,,,,,,,
,,,,,54947,317.1262,136,,,,,,,,
333.14252,14.772261,361.6673,316.52588,144.0,55000,,,-192.86700439453125,-2.34177827835083,100.86273193359375,187.50064086914062,187.24819946289062,0.0003,0.0003,0.1
,,,,,55090,329.22125,143,,,,,,,,
,,,,,55232,359.8967,142,,,,,,,,
,,,,,55386,328.69412,154,,,,,,,,
,,,,,55533,326.63058,147,,,,,,,,
,,,,,55672,321.86038,139,,,,,,,,
,,,,,55829,333.4448,157,,,,,,,,
,,,,,56000,,,-195.83773803710938,-2.091630697250366,5.47412109375,193.34132385253906,193.66616821289062,0.0003,0.0003,0.1
,,,,,56001,353.28333,172,,,,,,,,
,,,,,56143,327.04773,142,,,,,,,,
,,,,,56292,345.6287,149,,,,,,,,
,,,,,56405,274.99924,113,,,,,,,,
,,,,,56567,357.80634,162,,,,,,,,
,,,,,56709,316.50238,142,,,,,,,,
,,,,,56840,325.44308,131,,,,,,,,
,,,,,56996,343.54004,156,,,,,,,,
,,,,,57000,,,-188.09722900390625,-2.2935211658477783,11.105487823486328,185.1001434326172,185.103759765625,0.0003,0.0003,0.1
,,,,,57205,407.95218,209,,,,,,,,
,,,,,57339,306.47867,134,,,,,,,,
,,,,,57491,344.66577,152,,,,,,,,
,,,,,57704,408.7541,213,,,,,,,,
,,,,,57840,318.3346,136,,,,,,,,
,,,,,57966,301.0999,126,,,,,,,,
,,,,,58000,,,-187.33995056152344,-1.7749972343444824,7.9079179763793945,185.15969848632812,185.0551300048828,0.0003,0.0003,0.1
,,,,,58100,315.3629,134,,,,,,,,
,,,,,58237,329.2567,137,,,,,,,,
,,,,,58365,307.4619,128,,,,,,,,
,,,,,58491,298.5194,126,,,,,,,,
,,,,,58620,308.68765,129,,,,,,,,
,,,,,58755,325.16513,135,,,,,,,,
,,,,,58905,352.17755,150,,,,,,,,
,,,,,59000,,,-188.48072814941406,-2.3659937381744385,12.519800186157227,185.9459228515625,186.01800537109375,0.0003,0.0003,0.1
,,,,,59060,352.33426,155,,,,,,,,
,,,,,59197,335.1875,137,,,,,,,,
,,,,,59375,355.7002,178,,,,,,,,
,,,,,59572,376.99924,197,,,,,,,,
,,,,,59782,391.5108,210,,,,,,,,
,,,,,59981,416.45966,199,,,,,,,,
330.5634,50.390633,405.1411,227.69077,147.2,60000,,,-193.00091552734375,-2.1028172969818115,10.993103981018066,188.46664428710938,188.25416564941406,0.0003,0.0003,0.1
,,,,,60142,362.56766,161,,,,,,,,
,,,,,60412,402.91266,270,,,,,,,,
,,,,,60556,373.61444,144,,,,,,,,
,,,,,60707,311.33395,151,,,,,,,,
,,,,,60861,378.40094,154,,,,,,,,
,,,,,61000,,,-190.11538696289062,-2.2412526607513428,38.259735107421875,186.25729370117188,185.37033081054688,0.0003,0.0003,0.1
,,,,,61014,375.3575,153,,,,,,,,
,,,,,61165,361.71585,151,,,,,,,,
,,,,,61339,435.18015,174,,,,,,,,
,,,,,61498,292.76685,159,,,,,,,,
,,,,,61758,658.382,260,,,,,,,,
,,,,,61892,330.16272,134,,,,,,,,
,,,,,62000,,,-192.12013244628906,-2.0539445877075195,18.196929931640625,188.15269470214844,188.05380249023438,0.0003,0.0003,0.1
,,,,,62007,287.34576,115,,,,,,,,
,,,,,62167,374.77762,160,,,,,,,,
,,,,,62419,648.4403,252,,,,,,,,
,,,,,62564,382.24612,145,,,,,,,,
,,,,,62722,391.15698,158,,,,,,,,
,,,,,62908,410.48035,186,,,,,,,,
,,,,,63000,,,-189.5574188232422,-2.0245537757873535,8.488643646240234,187.02413940429688,187.21908569335938,0.0003,0.0003,0.1
,,,,,63042,293.12616,134,,,,,,,,
,,,,,63191,344.63654,149,,,,,,,,
,,,,,63294,217.11563,103,,,,,,,,
,,,,,63461,388.07758,167,,,,,,,,
,,,,,63535,134.74673,74,,,,,,,,
,,,,,63669,327.9202,134,,,,,,,,
,,,,,63840,395.53192,171,,,,,,,,
,,,,,63989,375.5285,149,,,,,,,,
,,,,,64000,,,-197.17144775390625,-2.332298517227173,10.244630813598633,192.74581909179688,193.08871459960938,0.0003,0.0003,0.1
,,,,,64224,606.47217,235,,,,,,,,
,,,,,64463,653.5017,239,,,,,,,,
,,,,,64623,405.57474,160,,,,,,,,
,,,,,64758,335.8313,135,,,,,,,,
,,,,,64937,470.5336,179,,,,,,,,
405.9416,130.91147,614.88556,141.66614,162.1,65000,,,-193.70205688476562,-2.45198917388916,26.42273712158203,189.50265502929688,189.0463409423828,0.0003,0.0003,0.1
,,,,,65080,328.58536,143,,,,,,,,
,,,,,65145,107.329445,65,,,,,,,,
,,,,,65403,702.75714,258,,,,,,,,
,,,,,65637,586.4296,234,,,,,,,,
,,,,,65799,412.84995,162,,,,,,,,
,,,,,66000,,,-199.53466796875,-1.8851017951965332,18.463539123535156,196.6197509765625,196.70330810546875,0.0003,0.0003,0.1
,,,,,66013,630.42114,214,,,,,,,,
,,,,,66156,393.78146,143,,,,,,,,
,,,,,66377,612.14166,221,,,,,,,,
,,,,,66570,557.37317,193,,,,,,,,
,,,,,66756,536.2622,186,,,,,,,,
,,,,,66898,372.50217,142,,,,,,,,
,,,,,67000,,,-207.09539794921875,-1.8233847618103027,20.341312408447266,204.48928833007812,204.85430908203125,0.0003,0.0003,0.1
,,,,,67032,349.09772,134,,,,,,,,
,,,,,67199,483.46176,167,,,,,,,,
,,,,,67338,354.01788,139,,,,,,,,
,,,,,67520,516.4732,182,,,,,,,,
,,,,,67674,407.04922,154,,,,,,,,
,,,,,67863,558.58154,189,,,,,,,,
,,,,,68000,,,-204.3199005126953,-2.3948264122009277,8.909292221069336,201.07090759277344,201.45858764648438,0.0003,0.0003,0.1
,,,,,68006,366.83737,143,,,,,,,,
,,,,,68174,472.91614,168,,,,,,,,
,,,,,68335,420.35272,161,,,,,,,,
,,,,,68485,441.29706,150,,,,,,,,
,,,,,68627,381.88742,142,,,,,,,,
,,,,,68794,467.9635,167,,,,,,,,
,,,,,68941,406.61816,147,,,,,,,,
,,,,,69000,,,-203.47714233398438,-1.7983293533325195,20.273252487182617,201.56680297851562,201.24246215820312,0.0003,0.0003,0.1
,,,,,69075,350.36874,134,,,,,,,,
,,,,,69246,505.5954,171,,,,,,,,
,,,,,69387,346.8047,141,,,,,,,,
,,,,,69525,371.93515,138,,,,,,,,
,,,,,69665,384.294,140,,,,,,,,
,,,,,69809,393.95428,144,,,,,,,,
,,,,,69951,393.1246,142,,,,,,,,
364.5121,39.22257,468.45813,317.82886,138.6,70000,,,-210.41360473632812,-2.322432518005371,14.305421829223633,207.22178649902344,207.48541259765625,0.0003,0.0003,0.1
,,,,,70084,361.5247,133,,,,,,,,
,,,,,70233,429.68915,149,,,,,,,,
,,,,,70388,419.75308,155,,,,,,,,
,,,,,70526,387.1668,138,,,,,,,,
,,,,,70701,485.45096,175,,,,,,,,
,,,,,70832,299.43225,131,,,,,,,,
,,,,,70979,398.47784,147,,,,,,,,
,,,,,71000,,,-208.15963745117188,-2.120511293411255,16.16156005859375,203.63577270507812,203.6318359375,0.0003,0.0003,0.1
,,,,,71128,409.97757,149,,,,,,,,
,,,,,71269,404.69965,141,,,,,,,,
,,,,,71434,449.55524,165,,,,,,,,
,,,,,71563,356.30865,129,,,,,,,,
,,,,,71589,45.124813,26,,,,,,,,
,,,,,71618,50.71358,29,,,,,,,,
,,,,,71645,46.6669,27,,,,,,,,
,,,,,71777,367.23477,132,,,,,,,,
,,,,,71923,377.95602,146,,,,,,,,
,,,,,72000,,,-209.51388549804688,-2.0801737308502197,7.991321563720703,207.51780700683594,207.98829650878906,0.0003,0.0003,0.1
,,,,,72048,342.06873,125,,,,,,,,
,,,,,72189,374.8818,141,,,,,,,,
,,,,,72325,378.49146,136,,,,,,,,
,,,,,72441,320.39328,116,,,,,,,,
,,,,,72580,398.02704,139,,,,,,,,
,,,,,72715,391.2389,135,,,,,,,,
,,,,,72852,394.32764,137,,,,,,,,
,,,,,72983,338.22577,131,,,,,,,,
,,,,,73000,,,-211.47634887695312,-2.1496224403381348,27.1728458404541,209.69644165039062,209.3319091796875,0.0003,0.0003,0.1
,,,,,73104,324.28696,121,,,,,,,,
,,,,,73221,323.16608,117,,,,,,,,
,,,,,73342,320.5049,121,,,,,,,,
,,,,,73477,357.2877,135,,,,,,,,
,,,,,73606,356.8653,129,,,,,,,,
,,,,,73737,369.69107,131,,,,,,,,
,,,,,73868,370.8251,131,,,,,,,,
,,,,,73990,308.1196,122,,,,,,,,
,,,,,74000,,,-214.7845458984375,-1.9879387617111206,13.19919490814209,209.80628967285156,209.98715209960938,0.0003,0.0003,0.1
,,,,,74117,359.25998,127,,,,,,,,
,,,,,74269,442.68744,152,,,,,,,,
,,,,,74401,381.56732,132,,,,,,,,
,,,,,74551,426.91336,150,,,,,,,,
,,,,,74686,368.58133,135,,,,,,,,
,,,,,74836,423.69055,150,,,,,,,,
434.46085,46.99904,494.1254,347.06036,152.9,75000,,,-209.8820343017578,-1.7474946975708008,13.231925010681152,205.1780548095703,205.27679443359375,0.0003,0.0003,0.1
,,,,,75004,498.4429,168,,,,,,,,
,,,,,75151,420.2061,147,,,,,,,,
,,,,,75294,390.97363,143,,,,,,,,
,,,,,75447,449.07867,153,,,,,,,,
,,,,,75578,338.4397,131,,,,,,,,
,,,,,75725,421.04034,147,,,,,,,,
,,,,,75882,456.94812,157,,,,,,,,
,,,,,76000,,,-205.6855010986328,-2.660788059234619,8.182047843933105,202.6282196044922,202.98043823242188,0.0003,0.0003,0.1
,,,,,76057,489.76233,175,,,,,,,,
,,,,,76241,544.4899,184,,,,,,,,
,,,,,76400,463.0579,159,,,,,,,,
,,,,,76588,478.55634,188,,,,,,,,
,,,,,76759,441.54437,171,,,,,,,,
,,,,,76948,491.77762,189,,,,,,,,
,,,,,77000,,,-214.24105834960938,-2.020081043243408,84.29182434082031,209.89613342285156,209.52407836914062,0.0003,0.0003,0.1
,,,,,77144,553.60815,196,,,,,,,,
,,,,,77217,138.3901,73,,,,,,,,
,,,,,77383,383.68027,166,,,,,,,,
,,,,,77625,747.2692,242,,,,,,,,
,,,,,78000,,,-210.39434814453125,-2.459197521209717,6.960884094238281,208.43106079101562,208.66883850097656,0.0003,0.0003,0.1
,,,,,78015,999.008,390,,,,,,,,
,,,,,78077,103.76807,62,,,,,,,,
,,,,,78150,128.71701,73,,,,,,,,
,,,,,78412,637.9526,262,,,,,,,,
,,,,,78459,81.192665,47,,,,,,,,
,,,,,78688,615.43195,229,,,,,,,,
,,,,,78889,526.8136,201,,,,,,,,
,,,,,79000,,,-225.04415893554688,-1.9396989345550537,13.170324325561523,222.74063110351562,222.48709106445312,0.0003,0.0003,0.1
,,,,,79102,643.2949,213,,,,,,,,
,,,,,79331,582.11053,229,,,,,,,,
,,,,,79545,555.5404,214,,,,,,,,
,,,,,79745,540.25476,200,,,,,,,,
,,,,,79939,528.8998,194,,,,,,,,
488.38208,143.01999,682.0941,211.6249,186.2,80000,,,-221.07537841796875,-2.0691874027252197,54.116600036621094,217.5521240234375,218.1197967529297,0.0003,0.0003,0.1
,,,,,80089,342.7533,150,,,,,,,,
,,,,,80165,151.77191,76,,,,,,,,
,,,,,80353,507.45267,188,,,,,,,,
,,,,,80524,414.54108,171,,,,,,,,
,,,,,80717,504.1381,193,,,,,,,,
,,,,,80866,327.38922,149,,,,,,,,
,,,,,81000,,,-220.9650421142578,-1.9472332000732422,33.88258743286133,217.4683837890625,217.22836303710938,0.0003,0.0003,0.1
,,,,,81028,356.13385,162,,,,,,,,
,,,,,81210,488.87128,182,,,,,,,,
,,,,,81379,449.54227,169,,,,,,,,
,,,,,81555,473.85498,176,,,,,,,,
,,,,,81711,414.47855,156,,,,,,,,
,,,,,81878,359.7926,167,,,,,,,,
,,,,,81951,143.00925,73,,,,,,,,
,,,,,82000,,,-221.9037628173828,-1.9765833616256714,13.826787948608398,219.9429168701172,219.5560760498047,0.0003,0.0003,0.1
,,,,,82099,354.26038,148,,,,,,,,
,,,,,82271,484.305,172,,,,,,,,
,,,,,82405,335.9041,134,,,,,,,,
,,,,,82547,333.62033,142,,,,,,,,
,,,,,82776,570.84406,229,,,,,,,,
,,,,,82931,427.21332,155,,,,,,,,
,,,,,83000,,,-224.02456665039062,-1.9265406131744385,15.264379501342773,222.41470336914062,222.65695190429688,0.0003,0.0003,0.1
,,,,,83099,430.38867,168,,,,,,,,
,,,,,83237,348.6169,138,,,,,,,,
,,,,,83397,412.09152,160,,,,,,,,
,,,,,83479,165.22853,82,,,,,,,,
,,,,,83629,390.22186,150,,,,,,,,
,,,,,83783,372.11957,154,,,,,,,,
,,,,,83932,397.65665,149,,,,,,,,
,,,,,84000,,,-218.72933959960938,-1.989014744758606,22.37698745727539,214.3516845703125,214.76397705078125,0.0003,0.0003,0.1
,,,,,84073,348.91217,141,,,,,,,,
,,,,,84227,405.0414,154,,,,,,,,
,,,,,84367,376.69495,140,,,,,,,,
,,,,,84525,383.80704,158,,,,,,,,
,,,,,84704,495.8815,179,,,,,,,,
,,,,,84864,426.29254,160,,,,,,,,
278.11163,139.19194,464.3928,131.24017,112.4,85000,,,-226.8128662109375,-1.960139274597168,25.511980056762695,222.5185089111328,221.540771484375,0.0003,0.0003,0.1
,,,,,85001,364.87036,137,,,,,,,,
,,,,,85142,367.46786,141,,,,,,,,
,,,,,85326,525.19977,184,,,,,,,,
,,,,,85395,132.99959,69,,,,,,,,
,,,,,85490,170.7638,95,,,,,,,,
,,,,,85557,134.08252,67,,,,,,,,
,,,,,85625,129.50134,68,,,,,,,,
,,,,,85694,137.0079,69,,,,,,,,
,,,,,85832,390.05783,138,,,,,,,,
,,,,,85960,329.26056,128,,,,,,,,
,,,,,86000,,,-227.86572265625,-2.0176894664764404,18.91801643371582,225.27093505859375,225.1661376953125,0.0003,0.0003,0.1
,,,,,86139,403.22522,179,,,,,,,,
,,,,,86282,402.09836,143,,,,,,,,
,,,,,86411,320.13693,129,,,,,,,,
,,,,,86553,348.79233,142,,,,,,,,
,,,,,86690,351.14166,137,,,,,,,,
,,,,,86833,375.82953,143,,,,,,,,
,,,,,86974,369.33768,141,,,,,,,,
,,,,,87000,,,-224.80142211914062,-1.8249049186706543,5.426244735717773,223.1432647705078,223.40365600585938,0.0003,0.0003,0.1
,,,,,87115,359.47946,141,,,,,,,,
,,,,,87242,304.31586,127,,,,,,,,
,,,,,87281,63.87262,39,,,,,,,,
,,,,,87427,382.1869,146,,,,,,,,
,,,,,87575,360.63815,148,,,,,,,,
,,,,,87718,361.60028,143,,,,,,,,
,,,,,87864,377.0796,146,,,,,,,,
,,,,,87993,323.26553,129,,,,,,,,
,,,,,88000,,,-224.1399688720703,-1.897234559059143,11.94959831237793,221.01002502441406,220.70314025878906,0.0003,0.0003,0.1
,,,,,88144,415.89133,151,,,,,,,,
,,,,,88289,393.95767,145,,,,,,,,
,,,,,88429,398.3169,140,,,,,,,,
,,,,,88571,380.67227,142,,,,,,,,
,,,,,88707,356.29483,136,,,,,,,,
,,,,,88833,299.5468,126,,,,,,,,
,,,,,88960,304.1063,127,,,,,,,,
,,,,,89000,,,-223.0177459716797,-2.1240994930267334,56.62968826293945,217.89669799804688,218.1957244873047,0.0003,0.0003,0.1
,,,,,89099,363.57004,139,,,,,,,,
,,,,,89258,444.69598,159,,,,,,,,
,,,,,89388,333.32303,130,,,,,,,,
,,,,,89526,383.61716,138,,,,,,,,
,,,,,89662,348.39883,136,,,,,,,,
,,,,,89798,393.19623,136,,,,,,,,
,,,,,89932,346.88483,134,,,,,,,,
319.2453,19.236883,362.21326,286.2344,133.1,90000,,,-226.3209228515625,-2.3894736766815186,12.909431457519531,223.56573486328125,223.32525634765625,0.0003,0.0003,0.1
,,,,,90073,353.08734,141,,,,,,,,
,,,,,90217,351.55652,144,,,,,,,,
,,,,,90365,384.46472,148,,,,,,,,
,,,,,90504,344.34872,139,,,,,,,,
,,,,,90640,349.15118,136,,,,,,,,
,,,,,90788,394.59363,148,,,,,,,,
,,,,,90919,322.0934,131,,,,,,,,
,,,,,91000,,,-230.06529235839844,-1.7199240922927856,11.56457233428955,228.47186279296875,228.84872436523438,0.0003,0.0003,0.1
,,,,,91063,363.9568,144,,,,,,,,
,,,,,91208,374.4208,145,,,,,,,,
,,,,,91353,388.96304,145,,,,,,,,
,,,,,91498,364.74646,145,,,,,,,,
,,,,,91634,356.54504,136,,,,,,,,
,,,,,91769,337.42896,135,,,,,,,,
,,,,,91922,430.99377,153,,,,,,,,
,,,,,92000,,,-225.0902862548828,-2.053514003753662,17.80257797241211,223.2805938720703,223.84988403320312,0.0003,0.0003,0.1
,,,,,92063,407.883,141,,,,,,,,
,,,,,92198,373.5901,135,,,,,,,,
,,,,,92354,423.08627,156,,,,,,,,
,,,,,92508,440.21317,154,,,,,,,,
,,,,,92668,454.9488,160,,,,,,,,
,,,,,92802,365.73767,134,,,,,,,,
,,,,,92950,400.3099,148,,,,,,,,
,,,,,93000,,,-219.9618377685547,-1.8545875549316406,13.298195838928223,217.4141845703125,218.7623748779297,0.0003,0.0003,0.1
,,,,,93089,377.04446,139,,,,,,,,
,,,,,93227,385.23938,138,,,,,,,,
,,,,,93367,410.1183,140,,,,,,,,
,,,,,93555,576.1928,188,,,,,,,,
,,,,,93690,337.21393,135,,,,,,,,
,,,,,93829,373.9057,139,,,,,,,,
,,,,,93985,432.415,156,,,,,,,,
,,,,,94000,,,-226.48245239257812,-2.080819606781006,22.701385498046875,223.49623107910156,223.6924285888672,0.0003,0.0003,0.1
,,,,,94141,453.56073,156,,,,,,,,
,,,,,94283,367.18097,142,,,,,,,,
,,,,,94413,327.8603,130,,,,,,,,
,,,,,94551,365.1548,138,,,,,,,,
,,,,,94693,376.71783,142,,,,,,,,
,,,,,94838,387.80453,145,,,,,,,,
,,,,,94977,367.78592,139,,,,,,,,
387.33282,39.16574,426.00568,312.5406,140.4,95000,,,-227.54405212402344,-1.863485336303711,20.83189582824707,225.01258850097656,225.47366333007812,0.0003,0.0003,0.1
,,,,,95034,107.76645,57,,,,,,,,
,,,,,95172,374.08987,138,,,,,,,,
,,,,,95331,463.29828,159,,,,,,,,
,,,,,95494,445.85785,163,,,,,,,,
,,,,,95610,281.98996,116,,,,,,,,
,,,,,95668,106.02217,58,,,,,,,,
,,,,,95835,491.25403,167,,,,,,,,
,,,,,95952,286.98697,117,,,,,,,,
,,,,,95996,77.70219,44,,,,,,,,
,,,,,96000,,,-225.4717559814453,-2.083617687225342,8.530749320983887,223.25570678710938,223.5823974609375,0.0003,0.0003,0.1
,,,,,96121,308.0347,125,,,,,,,,
,,,,,96257,375.55386,136,,,,,,,,
,,,,,96392,394.71863,135,,,,,,,,
,,,,,96434,74.9696,42,,,,,,,,
,,,,,96570,396.00107,136,,,,,,,,
,,,,,96713,423.13086,143,,,,,,,,
,,,,,96759,81.67427,46,,,,,,,,
,,,,,96891,347.97662,132,,,,,,,,
,,,,,96966,159.21278,75,,,,,,,,
,,,,,97000,,,-223.12936401367188,-1.598886489868164,5.370211601257324,221.71624755859375,221.75518798828125,0.0003,0.0003,0.1
,,,,,97100,332.20792,134,,,,,,,,
,,,,,97238,390.35242,138,,,,,,,,
,,,,,97382,398.97308,144,,,,,,,,
,,,,,97515,334.6781,133,,,,,,,,
,,,,,97679,475.82565,164,,,,,,,,
,,,,,97822,402.41147,143,,,,,,,,
,,,,,97861,68.68536,39,,,,,,,,
,,,,,98000,,,-222.33547973632812,-1.8368165493011475,77.06978607177734,218.48731994628906,218.07138061523438,0.0003,0.0003,0.1
,,,,,98001,388.80447,140,,,,,,,,
,,,,,98128,322.05872,127,,,,,,,,
,,,,,98170,73.678406,42,,,,,,,,
,,,,,98330,460.98364,160,,,,,,,,
,,,,,98461,326.85974,131,,,,,,,,
,,,,,98611,467.6018,150,,,,,,,,
,,,,,98771,468.84644,160,,,,,,,,
,,,,,98916,381.59958,145,,,,,,,,
,,,,,99000,,,-236.95248413085938,-1.6351360082626343,7.87442684173584,234.58372497558594,234.38377380371094,0.0003,0.0003,0.1
,,,,,99057,364.74942,141,,,,,,,,
,,,,,99180,285.64206,123,,,,,,,,
,,,,,99318,332.06454,138,,,,,,,,
,,,,,99458,403.67645,140,,,,,,,,
,,,,,99605,351.94513,147,,,,,,,,
,,,,,99760,461.2417,155,,,,,,,,
,,,,,99905,376.17276,145,,,,,,,,
392.73724,62.259075,487.13928,311.04645,145.3,100000,,,-231.918701171875,-1.6240057945251465,12.204957962036133,229.05809020996094,228.7860565185547,0.0003,0.0003,0.1
,,,,,100059,433.24005,154,,,,,,,,
,,,,,100214,411.76407,155,,,,,,,,
,,,,,100369,484.86774,155,,,,,,,,
,,,,,100489,276.3257,120,,,,,,,,
,,,,,100628,310.27054,139,,,,,,,,
,,,,,100700,135.26889,72,,,,,,,,
,,,,,100840,371.4163,140,,,,,,,,
,,,,,100993,458.1955,153,,,,,,,,
,,,,,101000,,,-224.28741455078125,-2.4678971767425537,23.68132209777832,221.44212341308594,222.20941162109375,0.0003,0.0003,0.1
,,,,,101145,454.09592,152,,,,,,,,
,,,,,101261,292.0109,116,,,,,,,,
,,,,,101306,78.46784,45,,,,,,,,
,,,,,101456,333.16388,150,,,,,,,,
,,,,,101580,303.3823,124,,,,,,,,
,,,,,101726,376.36987,146,,,,,,,,
,,,,,101865,371.63675,139,,,,,,,,
,,,,,102000,,,-233.88583374023438,-2.5124998092651367,8.078337669372559,232.47593688964844,232.46273803710938,0.0003,0.0003,0.1
,,,,,102017,400.51813,152,,,,,,,,
,,,,,102153,337.24268,136,,,,,,,,
,,,,,102321,472.79306,168,,,,,,,,
,,,,,102482,472.10834,161,,,,,,,,
,,,,,102661,509.50967,179,,,,,,,,
,,,,,102831,501.82916,170,,,,,,,,
,,,,,103000,,,-222.4330596923828,-2.2664222717285156,11.44306755065918,219.01551818847656,218.64846801757812,0.0003,0.0003,0.1
,,,,,103012,535.52386,181,,,,,,,,
,,,,,103154,384.75272,142,,,,,,,,
,,,,,103325,517.7484,171,,,,,,,,
,,,,,103471,437.82797,146,,,,,,,,
,,,,,103639,482.58398,168,,,,,,,,
,,,,,103804,486.62854,165,,,,,,,,
,,,,,103960,446.1026,156,,,,,,,,
,,,,,104000,,,-221.82566833496094,-1.8150336742401123,23.4268798828125,218.3462371826172,218.10507202148438,0.0003,0.0003,0.1
,,,,,104126,474.9371,166,,,,,,,,
,,,,,104267,362.58063,141,,,,,,,,
,,,,,104457,552.2161,190,,,,,,,,
,,,,,104640,544.60815,183,,,,,,,,
,,,,,104788,452.13138,148,,,,,,,,
,,,,,104946,446.58646,158,,,,,,,,
456.64868,60.33592,525.89825,301.84286,162.9,105000,,,-234.50204467773438,-1.3866592645645142,6.879510879516602,233.3125,233.3845672607422,0.0003,0.0003,0.1
,,,,,105095,399.62173,149,,,,,,,,
,,,,,105270,526.55994,175,,,,,,,,
,,,,,105416,432.39032,146,,,,,,,,
,,,,,105560,429.08957,144,,,,,,,,
,,,,,105748,536.5826,188,,,,,,,,
,,,,,105922,528.4226,174,,,,,,,,
,,,,,106000,,,-224.12295532226562,-1.7711477279663086,8.479802131652832,220.22958374023438,220.49513244628906,0.0003,0.0003,0.1
,,,,,106090,500.57355,168,,,,,,,,
,,,,,106273,551.22345,183,,,,,,,,
,,,,,106429,460.5005,156,,,,,,,,
,,,,,106578,386.04428,149,,,,,,,,
,,,,,106727,427.6168,149,,,,,,,,
,,,,,106897,504.59232,170,,,,,,,,
,,,,,106918,35.87313,21,,,,,,,,
,,,,,107000,,,-226.79092407226562,-1.9918237924575806,17.323938369750977,223.79391479492188,223.55426025390625,0.0003,0.0003,0.1
,,,,,107081,474.8201,163,,,,,,,,
,,,,,107239,467.37332,158,,,,,,,,
,,,,,107391,450.99188,152,,,,,,,,
,,,,,107559,493.9276,168,,,,,,,,
,,,,,107761,633.48676,202,,,,,,,,
,,,,,107915,450.41757,154,,,,,,,,
,,,,,108000,,,-218.04983520507812,-2.264078140258789,33.42934036254883,215.80862426757812,214.92568969726562,0.0003,0.0003,0.1
,,,,,108087,505.81668,172,,,,,,,,
,,,,,108190,231.55998,103,,,,,,,,
,,,,,108324,406.9394,134,,,,,,,,
,,,,,108428,241.05777,104,,,,,,,,
,,,,,108583,456.6386,155,,,,,,,,
,,,,,108777,562.6558,194,,,,,,,,
,,,,,108955,529.5788,178,,,,,,,,
,,,,,108992,62.90125,37,,,,,,,,
,,,,,109000,,,-219.31124877929688,-2.2538509368896484,10.96780014038086,217.4593505859375,218.10879516601562,0.0003,0.0003,0.1
,,,,,109170,517.77954,178,,,,,,,,
,,,,,109206,60.57242,36,,,,,,,,
,,,,,109242,60.41211,36,,,,,,,,
,,,,,109278,60.700264,36,,,,,,,,
,,,,,109463,554.5758,185,,,,,,,,
,,,,,109621,458.86105,158,,,,,,,,
,,,,,109790,464.0707,169,,,,,,,,
,,,,,109996,612.72107,206,,,,,,,,
322.0719,145.08434,592.60455,191.1671,130.2,110000,,,-229.00262451171875,-2.20535945892334,27.469470977783203,225.94561767578125,226.73944091796875,0.0003,0.0003,0.1
,,,,,110168,502.35568,172,,,,,,,,
,,,,,110256,187.37007,88,,,,,,,,
,,,,,110422,494.4376,166,,,,,,,,
,,,,,110558,376.9498,136,,,,,,,,
,,,,,110648,206.54604,90,,,,,,,,
,,,,,110826,503.31424,178,,,,,,,,
,,,,,110912,183.73737,86,,,,,,,,
,,,,,111000,,,-231.31375122070312,-1.9831887483596802,13.692703247070312,228.101806640625,228.50296020507812,0.0003,0.0003,0.1
,,,,,111093,495.58508,181,,,,,,,,
,,,,,111178,177.00082,85,,,,,,,,
,,,,,111354,561.07477,176,,,,,,,,
,,,,,111561,588.1131,207,,,,,,,,
,,,,,111645,177.47688,84,,,,,,,,
,,,,,111849,581.3379,204,,,,,,,,
,,,,,112000,,,-226.9278564453125,-2.202437400817871,24.526851654052734,223.24557495117188,223.05496215820312,0.0003,0.0003,0.1
,,,,,112007,470.46173,158,,,,,,,,
,,,,,112174,507.21405,167,,,,,,,,
,,,,,112361,541.46265,187,,,,,,,,
,,,,,112567,598.276,206,,,,,,,,
,,,,,112740,471.65305,173,,,,,,,,
,,,,,112865,286.2863,125,,,,,,,,
,,,,,113000,,,-230.440185546875,-2.166025161743164,24.633390426635742,224.67391967773438,224.4761505126953,0.0003,0.0003,0.1
,,,,,113029,511.0861,164,,,,,,,,
,,,,,113193,508.58066,164,,,,,,,,
,,,,,113366,467.35016,173,,,,,,,,
,,,,,113541,519.4696,175,,,,,,,,
,,,,,113718,534.1788,177,,,,,,,,
,,,,,113894,531.63885,176,,,,,,,,
,,,,,114000,,,-231.62387084960938,-1.9477837085723877,17.150039672851562,228.5811767578125,228.93374633789062,0.0003,0.0003,0.1
,,,,,114013,302.41794,119,,,,,,,,
,,,,,114204,565.7084,191,,,,,,,,
,,,,,114402,569.6001,198,,,,,,,,
,,,,,114542,368.0279,140,,,,,,,,
,,,,,114569,46.37408,27,,,,,,,,
,,,,,114691,306.31247,122,,,,,,,,
,,,,,114851,443.08252,160,,,,,,,,
205.42525,226.65985,580.3583,42.76303,77.0,115000,,,-228.4205322265625,-2.1634573936462402,50.898399353027344,224.68414306640625,225.68392944335938,0.0003,0.0003,0.1
,,,,,115084,652.01373,233,,,,,,,,
,,,,,115236,465.0946,152,,,,,,,,
,,,,,115399,486.59225,163,,,,,,,,
,,,,,115581,537.3649,182,,,,,,,,
,,,,,115632,90.34788,51,,,,,,,,
,,,,,115770,374.17447,138,,,,,,,,
,,,,,115794,41.64686,24,,,,,,,,
,,,,,115820,44.732414,26,,,,,,,,
,,,,,115986,472.48126,166,,,,,,,,
,,,,,116000,,,-242.79348754882812,-2.0975074768066406,18.23504638671875,239.04318237304688,239.65280151367188,0.0003,0.0003,0.1
,,,,,116010,41.58108,24,,,,,,,,
,,,,,116079,94.15613,69,,,,,,,,
,,,,,116147,130.81638,68,,,,,,,,
,,,,,116283,342.53058,136,,,,,,,,
,,,,,116442,419.84317,159,,,,,,,,
,,,,,116632,574.06433,190,,,,,,,,
,,,,,116745,296.48083,113,,,,,,,,
,,,,,116812,125.65144,67,,,,,,,,
,,,,,116878,128.87547,66,,,,,,,,
,,,,,117000,,,-230.17697143554688,-2.1835482120513916,9.851469039916992,228.48243713378906,228.45022583007812,0.0003,0.0003,0.1
,,,,,117015,320.78217,137,,,,,,,,
,,,,,117192,527.2235,177,,,,,,,,
,,,,,117368,513.08746,176,,,,,,,,
,,,,,117494,325.66104,126,,,,,,,,
,,,,,117611,310.2447,117,,,,,,,,
,,,,,117650,69.27593,39,,,,,,,,
,,,,,117675,42.90061,25,,,,,,,,
,,,,,117700,44.04693,25,,,,,,,,
,,,,,117756,100.9326,56,,,,,,,,
,,,,,117874,302.2734,118,,,,,,,,
,,,,,117920,80.74149,46,,,,,,,,
,,,,,118000,,,-231.42819213867188,-2.5270986557006836,14.217646598815918,229.71258544921875,230.349853515625,0.0003,0.0003,0.1
,,,,,118122,620.3605,202,,,,,,,,
,,,,,118235,297.43478,113,,,,,,,,
,,,,,118255,34.31886,20,,,,,,,,
,,,,,118482,699.9741,227,,,,,,,,
,,,,,118625,393.4566,143,,,,,,,,
,,,,,118774,397.84592,149,,,,,,,,
,,,,,118822,90.010635,48,,,,,,,,
,,,,,118997,536.0141,175,,,,,,,,
,,,,,119000,,,-236.46803283691406,-2.5073118209838867,104.20081329345703,232.04159545898438,232.4400177001953,0.0003,0.0003,0.1
,,,,,119019,37.840034,22,,,,,,,,
,,,,,119039,34.530567,20,,,,,,,,
,,,,,119169,351.0582,130,,,,,,,,
,,,,,119332,498.98264,163,,,,,,,,
,,,,,119453,316.7661,121,,,,,,,,
,,,,,119645,553.8923,192,,,,,,,,
,,,,,119800,438.2709,155,,,,,,,,
,,,,,119944,417.17218,144,,,,,,,,
442.39243,158.19604,710.9905,243.08081,154.1,120000,,,-229.18186950683594,-2.740868091583252,138.51124572753906,225.70953369140625,225.9595489501953,0.0003,0.0003,0.1
,,,,,120072,339.96912,128,,,,,,,,
,,,,,120226,438.30524,154,,,,,,,,
,,,,,120379,443.06622,153,,,,,,,,
,,,,,120501,312.93637,122,,,,,,,,
,,,,,120684,526.25336,183,,,,,,,,
,,,,,120709,42.252136,25,,,,,,,,
,,,,,120956,775.5378,247,,,,,,,,
,,,,,120983,45.777798,27,,,,,,,,
,,,,,121000,,,-234.1966552734375,-2.5506882667541504,21.760658264160156,231.836669921875,231.46572875976562,0.0003,0.0003,0.1
,,,,,121009,43.945164,26,,,,,,,,
,,,,,121164,472.76712,155,,,,,,,,
,,,,,121341,515.7831,177,,,,,,,,
,,,,,121364,40.053505,23,,,,,,,,
,,,,,121519,457.34402,155,,,,,,,,
,,,,,121543,41.447216,24,,,,,,,,
,,,,,121692,448.62808,149,,,,,,,,
,,,,,121841,423.1438,149,,,,,,,,
,,,,,122000,,,-235.87599182128906,-1.8137550354003906,56.68771743774414,232.79486083984375,233.6640625,0.0003,0.0003,0.1
,,,,,122027,591.5743,186,,,,,,,,
,,,,,122228,567.8833,201,,,,,,,,
,,,,,122293,124.54093,65,,,,,,,,
,,,,,122456,412.12512,163,,,,,,,,
,,,,,122680,734.2632,224,,,,,,,,
,,,,,122932,799.0648,252,,,,,,,,
,,,,,123000,,,-234.25634765625,-1.9729270935058594,8.223727226257324,232.99142456054688,233.45199584960938,0.0003,0.0003,0.1
,,,,,123143,637.12616,211,,,,,,,,
,,,,,123343,614.6299,200,,,,,,,,
,,,,,123538,588.4584,195,,,,,,,,
,,,,,123674,398.6779,136,,,,,,,,
,,,,,123863,552.4674,189,,,,,,,,
,,,,,124000,,,-237.61895751953125,-2.5287699699401855,30.790555953979492,232.9340362548828,232.5211181640625,0.0003,0.0003,0.1
,,,,,124037,550.8406,174,,,,,,,,
,,,,,124291,762.3685,254,,,,,,,,
,,,,,124527,777.07043,236,,,,,,,,
,,,,,124704,562.3042,177,,,,,,,,
,,,,,124858,407.32217,154,,,,,,,,
599.9618,67.133125,783.87305,526.6839,194.9,125000,,,-241.9992218017578,-2.2778432369232178,9.742923736572266,238.9588165283203,238.4197998046875,0.0003,0.0003,0.1
,,,,,125093,765.81323,235,,,,,,,,
,,,,,125293,573.1247,200,,,,,,,,
,,,,,125488,596.7024,195,,,,,,,,
,,,,,125674,532.9236,186,,,,,,,,
,,,,,125873,599.7858,199,,,,,,,,
,,,,,126000,,,-241.13528442382812,-2.4592015743255615,18.8803768157959,238.70285034179688,238.0983123779297,0.0003,0.0003,0.1
,,,,,126080,608.2304,207,,,,,,,,
,,,,,126321,722.1054,241,,,,,,,,
,,,,,126476,390.28854,155,,,,,,,,
,,,,,126676,603.44086,200,,,,,,,,
,,,,,126854,563.5758,178,,,,,,,,
,,,,,127000,,,-240.94549560546875,-2.179652690887451,317.1851806640625,239.42022705078125,238.37844848632812,0.0003,0.0003,0.1
,,,,,127077,675.1898,223,,,,,,,,
,,,,,127294,597.28235,217,,,,,,,,
,,,,,127472,509.6581,178,,,,,,,,
,,,,,127693,654.39355,221,,,,,,,,
,,,,,127897,606.6044,204,,,,,,,,
,,,,,128000,,,-226.6253662109375,-2.5254147052764893,14.203839302062988,224.18417358398438,224.2457275390625,0.0003,0.0003,0.1
,,,,,128117,639.84546,220,,,,,,,,
,,,,,128312,575.33435,195,,,,,,,,
,,,,,128514,530.6052,202,,,,,,,,
,,,,,128701,589.58624,187,,,,,,,,
,,,,,128910,634.3218,209,,,,,,,,
,,,,,129000,,,-240.69589233398438,-2.4055798053741455,35.95762634277344,237.70384216308594,238.1932373046875,0.0003,0.0003,0.1
,,,,,129090,544.96625,180,,,,,,,,
,,,,,129301,604.4748,211,,,,,,,,
,,,,,129516,607.2145,215,,,,,,,,
,,,,,129688,506.82632,172,,,,,,,,
,,,,,129844,419.10773,156,,,,,,,,
502.8814,122.2911,638.70386,177.43663,171.5,130000,,,-236.3668212890625,-2.610114574432373,14.090802192687988,233.47695922851562,233.961181640625,0.0003,0.0003,0.1
,,,,,130030,547.3176,186,,,,,,,,
,,,,,130106,157.55489,76,,,,,,,,
,,,,,130340,587.3854,234,,,,,,,,
,,,,,130531,598.80054,191,,,,,,,,
,,,,,130705,509.40152,174,,,,,,,,
,,,,,130886,538.6414,181,,,,,,,,
,,,,,131000,,,-245.6859588623047,-1.859173059463501,12.224493026733398,244.01449584960938,244.0102081298828,0.0003,0.0003,0.1
,,,,,131073,573.2292,187,,,,,,,,
,,,,,131207,342.53006,134,,,,,,,,
,,,,,131387,521.72614,180,,,,,,,,
,,,,,131567,559.32544,180,,,,,,,,
,,,,,131755,565.66785,188,,,,,,,,
,,,,,131939,538.347,184,,,,,,,,
,,,,,132000,,,-240.13681030273438,-2.2323663234710693,20.15428924560547,237.3812255859375,237.5005645751953,0.0003,0.0003,0.1
,,,,,132124,535.45355,185,,,,,,,,
,,,,,132305,551.1931,181,,,,,,,,
,,,,,132491,543.04205,186,,,,,,,,
,,,,,132674,544.13727,183,,,,,,,,
,,,,,132859,578.48395,185,,,,,,,,
,,,,,133000,,,-242.3195343017578,-2.6848695278167725,18.42087173461914,240.045654296875,240.58834838867188,0.0003,0.0003,0.1
,,,,,133027,540.98364,168,,,,,,,,
,,,,,133217,583.1468,190,,,,,,,,
,,,,,133393,540.6946,176,,,,,,,,
,,,,,133569,547.5663,176,,,,,,,,
,,,,,133711,379.09506,142,,,,,,,,
,,,,,133878,501.89087,167,,,,,,,,
,,,,,133940,120.13491,62,,,,,,,,
,,,,,134000,,,-234.65936279296875,-2.620779275894165,18.124099731445312,230.6641387939453,231.06883239746094,0.0003,0.0003,0.1
,,,,,134022,176.79538,82,,,,,,,,
,,,,,134193,533.8235,171,,,,,,,,
,,,,,134379,559.9588,186,,,,,,,,
,,,,,134559,558.8378,180,,,,,,,,
,,,,,134739,566.4618,180,,,,,,,,
,,,,,134916,551.2039,177,,,,,,,,
550.14856,38.025555,627.1365,485.68915,176.3,135000,,,-242.81219482421875,-2.078477144241333,11.30809211730957,239.79238891601562,240.32424926757812,0.0003,0.0003,0.1
,,,,,135102,597.30396,186,,,,,,,,
,,,,,135285,565.1051,183,,,,,,,,
,,,,,135481,619.1139,196,,,,,,,,
,,,,,135661,584.8134,180,,,,,,,,
,,,,,135849,569.6357,188,,,,,,,,
,,,,,136000,,,-238.6685791015625,-2.195613384246826,25.833900451660156,236.1837615966797,236.071044921875,0.0003,0.0003,0.1
,,,,,136020,552.0201,171,,,,,,,,
,,,,,136195,585.353,175,,,,,,,,
,,,,,136376,583.61456,181,,,,,,,,
,,,,,136562,595.2559,186,,,,,,,,
,,,,,136740,547.97516,178,,,,,,,,
,,,,,136915,574.86383,175,,,,,,,,
,,,,,137000,,,-241.82504272460938,-2.1928563117980957,21.27290916442871,239.79885864257812,240.66012573242188,0.0003,0.0003,0.1
,,,,,137091,559.27454,176,,,,,,,,
,,,,,137257,516.58966,166,,,,,,,,
,,,,,137419,498.1608,162,,,,,,,,
,,,,,137594,553.26013,175,,,,,,,,
,,,,,137750,503.26263,156,,,,,,,,
,,,,,137921,537.6195,171,,,,,,,,
,,,,,138000,,,-245.92123413085938,-2.0273804664611816,14.590601921081543,243.8506317138672,244.5572509765625,0.0003,0.0003,0.1
,,,,,138085,510.93253,164,,,,,,,,
,,,,,138253,546.1147,168,,,,,,,,
,,,,,138432,555.3209,179,,,,,,,,
,,,,,138594,525.5724,162,,,,,,,,
,,,,,138771,545.6319,177,,,,,,,,
,,,,,138934,531.84827,163,,,,,,,,
,,,,,139000,,,-245.0695037841797,-2.0533878803253174,12.678482055664062,243.78778076171875,243.61424255371094,0.0003,0.0003,0.1
,,,,,139110,577.7477,176,,,,,,,,
,,,,,139277,550.0506,167,,,,,,,,
,,,,,139442,533.50507,165,,,,,,,,
,,,,,139615,566.0109,173,,,,,,,,
,,,,,139775,525.2442,160,,,,,,,,
,,,,,139918,380.20358,143,,,,,,,,
578.8986,39.42009,636.8479,516.1148,180.7,140000,,,-248.20664978027344,-2.094128131866455,9.690473556518555,244.25762939453125,244.6752471923828,0.0003,0.0003,0.1
,,,,,140063,445.23462,145,,,,,,,,
,,,,,140233,533.802,170,,,,,,,,
,,,,,140375,429.16928,142,,,,,,,,
,,,,,140562,603.6615,187,,,,,,,,
,,,,,140743,575.5264,181,,,,,,,,
,,,,,140919,563.0473,176,,,,,,,,
,,,,,141000,,,-243.29067993164062,-2.2965002059936523,18.088302612304688,240.96067810058594,241.961181640625,0.0003,0.0003,0.1
,,,,,141097,571.13776,178,,,,,,,,
,,,,,141282,599.441,185,,,,,,,,
,,,,,141467,590.51245,185,,,,,,,,
,,,,,141630,498.57916,163,,,,,,,,
,,,,,141811,590.05365,181,,,,,,,,
,,,,,141980,554.8165,169,,,,,,,,
,,,,,142000,,,-239.76097106933594,-2.0520198345184326,16.107200622558594,237.03997802734375,238.0848388671875,0.0003,0.0003,0.1
,,,,,142159,611.0125,179,,,,,,,,
,,,,,142314,473.79282,155,,,,,,,,
,,,,,142512,603.54425,198,,,,,,,,
,,,,,142700,598.15015,188,,,,,,,,
,,,,,142861,522.00995,161,,,,,,,,
,,,,,143000,,,-238.63339233398438,-1.8485645055770874,50.777809143066406,235.79640197753906,236.20932006835938,0.0003,0.0003,0.1
,,,,,143053,592.185,192,,,,,,,,
,,,,,143247,583.1994,194,,,,,,,,
,,,,,143413,525.266,166,,,,,,,,
,,,,,143579,530.25665,166,,,,,,,,
,,,,,143748,536.7994,169,,,,,,,,
,,,,,143941,588.0238,193,,,,,,,,
,,,,,144000,,,-239.3320770263672,-2.2917122840881348,29.666839599609375,236.64788818359375,235.55776977539062,0.0003,0.0003,0.1
,,,,,144115,576.0207,174,,,,,,,,
,,,,,144303,580.3274,188,,,,,,,,
,,,,,144487,601.4324,184,,,,,,,,
,,,,,144667,590.6696,180,,,,,,,,
,,,,,144842,588.32495,175,,,,,,,,
449.326,33.32192,507.9878,405.99957,156.2,145000,,,-230.6519317626953,-2.5054962635040283,12.977237701416016,229.15008544921875,229.5943603515625,0.0003,0.0003,0.1
,,,,,145028,579.5251,186,,,,,,,,
,,,,,145217,553.85034,189,,,,,,,,
,,,,,145393,571.96783,176,,,,,,,,
,,,,,145588,610.797,195,,,,,,,,
,,,,,145757,518.6272,169,,,,,,,,
,,,,,145945,572.7074,188,,,,,,,,
,,,,,146000,,,-246.25408935546875,-2.329501152038574,10.01723575592041,243.63790893554688,244.3306121826172,0.0003,0.0003,0.1
,,,,,146139,597.36285,194,,,,,,,,
,,,,,146337,597.0147,198,,,,,,,,
,,,,,146519,601.45154,182,,,,,,,,
,,,,,146709,580.66095,190,,,,,,,,
,,,,,146906,616.3959,197,,,,,,,,
,,,,,147000,,,-244.93312072753906,-1.8210258483886719,17.244539260864258,243.2023468017578,243.35748291015625,0.0003,0.0003,0.1
,,,,,147087,606.17365,181,,,,,,,,
,,,,,147253,491.78876,166,,,,,,,,
,,,,,147396,416.11554,143,,,,,,,,
,,,,,147634,732.43805,238,,,,,,,,
,,,,,147828,553.53467,194,,,,,,,,
,,,,,148000,,,-241.6549072265625,-2.032468795776367,10.664566040039062,239.2107391357422,239.56021118164062,0.0003,0.0003,0.1
,,,,,148009,561.2728,181,,,,,,,,
,,,,,148195,559.6861,186,,,,,,,,
,,,,,148382,550.08954,187,,,,,,,,
,,,,,148553,510.9941,171,,,,,,,,
,,,,,148750,598.1519,197,,,,,,,,
,,,,,148934,598.0946,184,,,,,,,,
,,,,,149000,,,-237.54385375976562,-2.3991734981536865,8.596269607543945,235.537109375,235.39852905273438,0.0003,0.0003,0.1
,,,,,149127,599.3244,193,,,,,,,,
,,,,,149308,556.4869,181,,,,,,,,
,,,,,149490,580.75793,182,,,,,,,,
,,,,,149680,544.7101,190,,,,,,,,
,,,,,149886,621.21326,206,,,,,,,,
566.0102,64.57792,638.6196,419.9201,179.8,150000,,,-238.7076416015625,-2.2006773948669434,9.71178150177002,236.80810546875,236.64846801757812,0.0003,0.0003,0.1
,,,,,150084,611.85986,198,,,,,,,,
,,,,,150141,109.79391,57,,,,,,,,
,,,,,150316,565.38885,175,,,,,,,,
,,,,,150486,548.31824,170,,,,,,,,
,,,,,150683,584.8591,197,,,,,,,,
,,,,,150868,545.0238,185,,,,,,,,
,,,,,151000,,,-239.60516357421875,-2.089527130126953,108.85982513427734,237.08155822753906,237.07688903808594,0.0003,0.0003,0.1
,,,,,151061,627.2086,193,,,,,,,,
,,,,,151248,540.727,187,,,,,,,,
,,,,,151439,563.70575,191,,,,,,,,
,,,,,151634,574.93726,195,,,,,,,,
,,,,,151814,537.78625,180,,,,,,,,
,,,,,151991,600.2946,177,,,,,,,,
,,,,,152000,,,-248.3303680419922,-2.6988680362701416,15.92323112487793,245.49984741210938,245.26296997070312,0.0003,0.0003,0.1
,,,,,152209,705.9638,218,,,,,,,,
,,,,,152390,587.50714,181,,,,,,,,
,,,,,152580,583.4627,190,,,,,,,,
,,,,,152789,632.51373,209,,,,,,,,
,,,,,152964,536.8552,175,,,,,,,,
,,,,,153000,,,-240.61460876464844,-2.255303382873535,11.44149398803711,237.34776306152344,237.54806518554688,0.0003,0.0003,0.1
,,,,,153150,590.74744,186,,,,,,,,
,,,,,153334,609.7135,184,,,,,,,,
,,,,,153470,362.3458,136,,,,,,,,
,,,,,153666,647.40186,196,,,,,,,,
,,,,,153807,362.72485,141,,,,,,,,
,,,,,153991,579.5481,184,,,,,,,,
,,,,,154000,,,-241.84954833984375,-2.1487650871276855,13.785614967346191,239.99276733398438,240.92616271972656,0.0003,0.0003,0.1
,,,,,154149,446.7088,158,,,,,,,,
,,,,,154309,467.52368,160,,,,,,,,
,,,,,154376,134.72623,67,,,,,,,,
,,,,,154554,587.48706,178,,,,,,,,
,,,,,154744,596.05133,190,,,,,,,,
,,,,,154931,578.25696,187,,,,,,,,
608.1078,26.913477,641.60516,559.85974,187.2,155000,,,-238.72567749023438,-2.527803897857666,18.557544708251953,235.77542114257812,235.6590576171875,0.0003,0.0003,0.1
,,,,,155062,312.35385,131,,,,,,,,
,,,,,155221,500.9129,159,,,,,,,,
,,,,,155387,533.76245,166,,,,,,,,
,,,,,155507,296.4608,120,,,,,,,,
,,,,,155689,561.4491,182,,,,,,,,
,,,,,155884,616.48175,195,,,,,,,,
,,,,,156000,,,-245.70327758789062,-2.1968679428100586,7.433856010437012,243.622802734375,243.4715576171875,0.0003,0.0003,0.1
,,,,,156061,573.28735,177,,,,,,,,
,,,,,156252,632.96515,191,,,,,,,,
,,,,,156430,553.80505,178,,,,,,,,
,,,,,156619,614.56525,189,,,,,,,,
,,,,,156788,537.0978,169,,,,,,,,
,,,,,156978,565.8591,190,,,,,,,,
,,,,,157000,,,-240.1903076171875,-2.564993381500244,32.903621673583984,238.51930236816406,237.9601593017578,0.0003,0.0003,0.1
,,,,,157167,589.0726,189,,,,,,,,
,,,,,157346,572.4074,179,,,,,,,,
,,,,,157550,607.8779,204,,,,,,,,
,,,,,157673,327.66107,123,,,,,,,,
,,,,,157894,702.737,221,,,,,,,,
,,,,,158000,,,-247.69993591308594,-2.4876770973205566,9.207830429077148,246.1932373046875,246.57144165039062,0.0003,0.0003,0.1
,,,,,158073,574.37335,179,,,,,,,,
,,,,,158279,629.2047,206,,,,,,,,
,,,,,158471,622.13135,192,,,,,,,,
,,,,,158643,465.8104,172,,,,,,,,
,,,,,158831,556.64374,188,,,,,,,,
,,,,,159000,,,-249.89324951171875,-1.9610908031463623,28.534297943115234,247.5065155029297,247.31883239746094,0.0003,0.0003,0.1
,,,,,159024,589.35895,193,,,,,,,,
,,,,,159220,576.72705,196,,,,,,,,
,,,,,159409,552.1948,189,,,,,,,,
,,,,,159587,555.00415,178,,,,,,,,
,,,,,159767,562.8676,180,,,,,,,,
,,,,,159953,546.31976,186,,,,,,,,
555.25214,41.00232,599.8364,468.97217,175.6,160000,,,-243.83905029296875,-2.2627320289611816,15.16139030456543,240.52325439453125,241.10594177246094,0.0003,0.0003,0.1
,,,,,160133,575.0342,180,,,,,,,,
,,,,,160296,433.9393,163,,,,,,,,
,,,,,160465,482.21155,169,,,,,,,,
,,,,,160633,472.5813,168,,,,,,,,
,,,,,160808,511.47153,175,,,,,,,,
,,,,,160950,373.59073,142,,,,,,,,
,,,,,161000,,,-245.1905517578125,-2.2387208938598633,27.27420997619629,243.4516143798828,243.1656494140625,0.0003,0.0003,0.1
,,,,,161060,243.90475,110,,,,,,,,
,,,,,161243,543.4145,183,,,,,,,,
,,,,,161428,579.1631,185,,,,,,,,
,,,,,161610,532.6149,182,,,,,,,,
,,,,,161791,564.4704,181,,,,,,,,
,,,,,161967,522.21625,176,,,,,,,,
,,,,,162000,,,-251.9468231201172,-2.3370370864868164,6.620816707611084,250.00599670410156,250.78005981445312,0.0003,0.0003,0.1
,,,,,162132,472.77396,165,,,,,,,,
,,,,,162313,544.6768,181,,,,,,,,
,,,,,162483,485.13855,170,,,,,,,,
,,,,,162652,463.1149,169,,,,,,,,
,,,,,162819,474.94232,167,,,,,,,,
,,,,,162990,485.0973,171,,,,,,,,
,,,,,163000,,,-239.64935302734375,-2.5390427112579346,14.630243301391602,238.08277893066406,237.82366943359375,0.0003,0.0003,0.1
,,,,,163155,485.32693,165,,,,,,,,
,,,,,163329,495.11624,174,,,,,,,,
,,,,,163496,461.24207,167,,,,,,,,
,,,,,163623,292.73685,127,,,,,,,,
,,,,,163782,469.90778,159,,,,,,,,
,,,,,163953,502.3828,171,,,,,,,,
,,,,,164000,,,-244.8515625,-1.9261422157287598,269.3589172363281,243.35276794433594,241.82249450683594,0.0003,0.0003,0.1
,,,,,164141,583.26434,188,,,,,,,,
,,,,,164330,588.29626,189,,,,,,,,
,,,,,164514,582.85315,184,,,,,,,,
,,,,,164691,526.76276,177,,,,,,,,
,,,,,164862,476.4907,171,,,,,,,,
512.512,48.019657,573.79724,428.5674,175.3,165000,,,-239.4890899658203,-2.502605438232422,20.11437225341797,236.25360107421875,236.5013885498047,0.0003,0.0003,0.1
,,,,,165028,487.19162,166,,,,,,,,
,,,,,165188,434.55087,160,,,,,,,,
,,,,,165362,538.11523,174,,,,,,,,
,,,,,165531,467.1168,169,,,,,,,,
,,,,,165702,486.547,171,,,,,,,,
,,,,,165857,394.31793,155,,,,,,,,
,,,,,166000,,,-242.45936584472656,-2.714747428894043,9.279496192932129,238.85995483398438,239.2174530029297,0.0003,0.0003,0.1
,,,,,166019,437.1757,162,,,,,,,,
,,,,,166205,582.77075,186,,,,,,,,
,,,,,166350,349.68613,145,,,,,,,,
,,,,,166535,597.5156,185,,,,,,,,
,,,,,166696,434.95007,161,,,,,,,,
,,,,,166887,566.2468,191,,,,,,,,
,,,,,167000,,,-237.48873901367188,-2.141237258911133,24.734262466430664,234.46286010742188,233.63059997558594,0.0003,0.0003,0.1
,,,,,167097,594.7398,210,,,,,,,,
,,,,,167283,539.1346,186,,,,,,,,
,,,,,167355,145.9462,72,,,,,,,,
,,,,,167532,508.97598,177,,,,,,,,
,,,,,167700,515.7863,168,,,,,,,,
,,,,,167863,424.4768,163,,,,,,,,
,,,,,168000,,,-245.02700805664062,-1.9858522415161133,25.630817413330078,243.6942596435547,243.18682861328125,0.0003,0.0003,0.1
,,,,,168039,566.5488,176,,,,,,,,
,,,,,168200,412.57205,161,,,,,,,,
,,,,,168345,410.74567,145,,,,,,,,
,,,,,168514,464.63962,169,,,,,,,,
,,,,,168688,486.85678,174,,,,,,,,
,,,,,168868,564.749,180,,,,,,,,
,,,,,169000,,,-239.58872985839844,-2.0467684268951416,11.157289505004883,238.07525634765625,238.18783569335938,0.0003,0.0003,0.1
,,,,,169048,528.85724,180,,,,,,,,
,,,,,169234,512.0154,186,,,,,,,,
,,,,,169389,482.27386,155,,,,,,,,
,,,,,169541,452.09195,152,,,,,,,,
,,,,,169711,483.39734,170,,,,,,,,
,,,,,169902,595.3377,191,,,,,,,,
523.83997,23.88272,582.86884,490.92743,172.5,170000,,,-236.54193115234375,-2.5171546936035156,13.014837265014648,233.76409912109375,232.83245849609375,0.0003,0.0003,0.1
,,,,,170080,567.7834,178,,,,,,,,
,,,,,170256,579.302,176,,,,,,,,
,,,,,170438,561.659,182,,,,,,,,
,,,,,170613,512.0278,175,,,,,,,,
,,,,,170796,558.87445,183,,,,,,,,
,,,,,170982,597.0634,186,,,,,,,,
,,,,,171000,,,-239.64178466796875,-2.133293628692627,18.02412986755371,237.46961975097656,237.3979034423828,0.0003,0.0003,0.1
,,,,,171156,545.1709,174,,,,,,,,
,,,,,171336,521.08215,180,,,,,,,,
,,,,,171495,486.97647,159,,,,,,,,
,,,,,171666,526.22186,171,,,,,,,,
,,,,,171856,589.9612,190,,,,,,,,
,,,,,172000,,,-246.583984375,-2.1574714183807373,17.241090774536133,243.93896484375,243.89578247070312,0.0003,0.0003,0.1
,,,,,172014,457.0397,158,,,,,,,,
,,,,,172194,523.8292,180,,,,,,,,
,,,,,172357,470.10947,163,,,,,,,,
,,,,,172543,604.5715,186,,,,,,,,
,,,,,172718,497.6657,175,,,,,,,,
,,,,,172904,560.3565,186,,,,,,,,
,,,,,173000,,,-232.84503173828125,-2.8960039615631104,13.37170696258545,229.47802734375,230.2844696044922,0.0003,0.0003,0.1
,,,,,173065,481.63965,161,,,,,,,,
,,,,,173242,509.22003,177,,,,,,,,
,,,,,173433,565.13,191,,,,,,,,
,,,,,173613,503.54663,180,,,,,,,,
,,,,,173782,545.9349,169,,,,,,,,
,,,,,173945,508.80713,163,,,,,,,,
,,,,,174000,,,-252.4292755126953,-2.1403141021728516,220.14849853515625,250.8966827392578,250.01837158203125,0.0003,0.0003,0.1
,,,,,174118,533.34784,173,,,,,,,,
,,,,,174334,684.9926,216,,,,,,,,
,,,,,174513,487.94043,179,,,,,,,,
,,,,,174670,464.33954,157,,,,,,,,
,,,,,174861,628.58704,191,,,,,,,,
111.10897,11.038398,138.10448,101.56297,58.5,175000,,,-243.19247436523438,-2.2810683250427246,9.270620346069336,240.6768798828125,241.0845947265625,0.0003,0.0003,0.1
,,,,,175036,566.27185,175,,,,,,,,
,,,,,175187,443.86917,151,,,,,,,,
,,,,,175352,524.7078,165,,,,,,,,
,,,,,175511,504.24307,159,,,,,,,,
,,,,,175694,609.48175,183,,,,,,,,
,,,,,175865,560.5639,171,,,,,,,,
,,,,,176000,,,-250.19134521484375,-2.1999082565307617,15.170427322387695,248.74200439453125,248.56808471679688,0.0003,0.0003,0.1
,,,,,176057,605.06055,192,,,,,,,,
,,,,,176224,534.5335,167,,,,,,,,
,,,,,176372,451.68054,148,,,,,,,,
,,,,,176550,586.08484,178,,,,,,,,
,,,,,176696,444.96448,146,,,,,,,,
,,,,,176861,526.9536,165,,,,,,,,
,,,,,177000,,,-244.45770263671875,-2.3912246227264404,13.955816268920898,242.60401916503906,242.29847717285156,0.0003,0.0003,0.1
,,,,,177022,517.78937,161,,,,,,,,
,,,,,177188,537.4397,166,,,,,,,,
,,,,,177359,510.90265,171,,,,,,,,
,,,,,177528,539.12305,169,,,,,,,,
,,,,,177740,623.7449,212,,,,,,,,
,,,,,177892,482.8669,152,,,,,,,,
,,,,,178000,,,-244.07994079589844,-1.9913617372512817,12.393634796142578,242.29119873046875,243.124267578125,0.0003,0.0003,0.1
,,,,,178047,439.13712,155,,,,,,,,
,,,,,178193,439.16385,146,,,,,,,,
,,,,,178374,602.63385,181,,,,,,,,
,,,,,178529,480.02573,155,,,,,,,,
,,,,,178701,560.75055,172,,,,,,,,
,,,,,178852,478.3269,151,,,,,,,,
,,,,,179000,,,-238.25607299804688,-2.056459903717041,10.475351333618164,236.66326904296875,236.46902465820312,0.0003,0.0003,0.1
,,,,,179006,482.96442,154,,,,,,,,
,,,,,179180,551.3057,174,,,,,,,,
,,,,,179351,546.9543,171,,,,,,,,
,,,,,179514,513.7721,163,,,,,,,,
,,,,,179694,557.68134,180,,,,,,,,
,,,,,179862,536.0043,168,,,,,,,,
535.2534,20.554249,579.9127,502.3317,168.9,180000,,,-246.11480712890625,-2.228290557861328,15.152091979980469,243.50245666503906,243.5939483642578,0.0003,0.0003,0.1
,,,,,180039,528.141,177,,,,,,,,
,,,,,180216,574.46136,177,,,,,,,,
,,,,,180383,534.10297,167,,,,,,,,
,,,,,180558,558.3026,175,,,,,,,,
,,,,,180731,548.1749,173,,,,,,,,
,,,,,180924,584.31726,193,,,,,,,,
,,,,,181000,,,-243.93722534179688,-2.129014492034912,9.643309593200684,242.1912841796875,241.77090454101562,0.0003,0.0003,0.1
,,,,,181107,594.8471,183,,,,,,,,
,,,,,181293,550.77136,186,,,,,,,,
,,,,,181472,560.7681,179,,,,,,,,
,,,,,181650,573.8051,178,,,,,,,,
,,,,,181835,542.49725,185,,,,,,,,
,,,,,182000,,,-245.84596252441406,-1.9958336353302002,13.821579933166504,243.49978637695312,243.92840576171875,0.0003,0.0003,0.1
,,,,,182014,608.3379,179,,,,,,,,
,,,,,182198,589.9881,184,,,,,,,,
,,,,,182371,521.1103,173,,,,,,,,
,,,,,182535,462.9453,164,,,,,,,,
,,,,,182718,531.12445,183,,,,,,,,
,,,,,182900,564.4205,182,,,,,,,,
,,,,,183000,,,-241.93426513671875,-2.309758424758911,8.974934577941895,240.38592529296875,240.26333618164062,0.0003,0.0003,0.1
,,,,,183084,615.4755,184,,,,,,,,
,,,,,183130,75.50809,46,,,,,,,,
,,,,,183313,595.68256,183,,,,,,,,
,,,,,183481,555.9132,168,,,,,,,,
,,,,,183661,591.41254,180,,,,,,,,
,,,,,183824,536.24365,163,,,,,,,,
,,,,,183902,165.72174,78,,,,,,,,
,,,,,184000,,,-246.02371215820312,-2.389347553253174,15.049263000488281,243.06637573242188,243.59518432617188,0.0003,0.0003,0.1
,,,,,184085,591.8651,183,,,,,,,,
,,,,,184261,579.56415,176,,,,,,,,
,,,,,184419,502.54245,158,,,,,,,,
,,,,,184583,520.7228,164,,,,,,,,
,,,,,184764,612.3936,181,,,,,,,,
,,,,,184940,591.51086,176,,,,,,,,
563.29364,39.166073,650.0393,502.33777,172.7,185000,,,-240.0360107421875,-2.2132625579833984,12.231268882751465,238.243408203125,238.65109252929688,0.0003,0.0003,0.1
,,,,,185111,568.5699,171,,,,,,,,
,,,,,185280,551.6864,169,,,,,,,,
,,,,,185459,547.8753,179,,,,,,,,
,,,,,185646,593.01953,187,,,,,,,,
,,,,,185826,527.6223,180,,,,,,,,
,,,,,185998,568.71533,172,,,,,,,,
,,,,,186000,,,-246.27899169921875,-2.5500402450561523,7.129149436950684,245.06253051757812,245.43443298339844,0.0003,0.0003,0.1
,,,,,186179,617.194,181,,,,,,,,
,,,,,186366,612.0046,187,,,,,,,,
,,,,,186547,603.64246,181,,,,,,,,
,,,,,186692,427.795,145,,,,,,,,
,,,,,186877,553.81165,185,,,,,,,,
,,,,,187000,,,-244.27525329589844,-2.402993679046631,71.213134765625,241.9820556640625,240.81520080566406,0.0003,0.0003,0.1
,,,,,187100,679.7472,223,,,,,,,,
,,,,,187279,607.1227,179,,,,,,,,
,,,,,187448,551.40295,169,,,,,,,,
,,,,,187484,60.363937,36,,,,,,,,
,,,,,187672,623.3764,188,,,,,,,,
,,,,,187854,612.19763,182,,,,,,,,
,,,,,188000,,,-247.2794647216797,-2.4020233154296875,67.60299682617188,245.45053100585938,244.75778198242188,0.0003,0.0003,0.1
,,,,,188045,560.3084,191,,,,,,,,
,,,,,188270,694.2493,225,,,,,,,,
,,,,,188449,579.7568,179,,,,,,,,
,,,,,188642,658.56464,193,,,,,,,,
,,,,,188814,511.24414,172,,,,,,,,
,,,,,188981,531.78595,167,,,,,,,,
,,,,,189000,,,-237.63914489746094,-2.2978906631469727,24.119863510131836,233.75033569335938,234.003662109375,0.0003,0.0003,0.1
,,,,,189139,514.9816,158,,,,,,,,
,,,,,189302,474.04358,163,,,,,,,,
,,,,,189484,573.3909,182,,,,,,,,
,,,,,189685,615.08923,201,,,,,,,,
,,,,,189868,515.78894,183,,,,,,,,
526.13007,76.59867,621.2436,338.3526,181.3,190000,,,-247.1485595703125,-1.8736741542816162,299.3646545410156,243.18698120117188,243.97665405273438,0.0003,0.0003,0.1
,,,,,190051,624.52234,183,,,,,,,,
,,,,,190221,562.87524,170,,,,,,,,
,,,,,190395,601.47656,174,,,,,,,,
,,,,,190570,597.427,175,,,,,,,,
,,,,,190754,608.1236,184,,,,,,,,
,,,,,190928,576.4684,174,,,,,,,,
,,,,,191000,,,-246.22598266601562,-1.871016263961792,24.871309280395508,244.12338256835938,243.76480102539062,0.0003,0.0003,0.1
,,,,,191118,610.76404,190,,,,,,,,
,,,,,191304,580.768,186,,,,,,,,
,,,,,191492,556.65344,188,,,,,,,,
,,,,,191676,587.61237,184,,,,,,,,
,,,,,191865,596.7102,189,,,,,,,,
,,,,,192000,,,-243.52699279785156,-2.6970298290252686,13.309667587280273,240.62521362304688,239.46743774414062,0.0003,0.0003,0.1
,,,,,192052,602.22705,187,,,,,,,,
,,,,,192251,618.3916,199,,,,,,,,
,,,,,192439,582.8267,188,,,,,,,,
,,,,,192637,589.5728,198,,,,,,,,
,,,,,192829,562.7139,192,,,,,,,,
,,,,,193000,,,-249.4557342529297,-2.1884193420410156,8.278656005859375,247.80897521972656,248.2381591796875,0.0003,0.0003,0.1
,,,,,193025,611.1378,196,,,,,,,,
,,,,,193211,605.81976,186,,,,,,,,
,,,,,193392,532.6006,181,,,,,,,,
,,,,,193585,582.8979,193,,,,,,,,
,,,,,193777,615.71375,192,,,,,,,,
,,,,,193987,622.07306,210,,,,,,,,
,,,,,194000,,,-239.70550537109375,-2.2016894817352295,17.069379806518555,237.16708374023438,237.39559936523438,0.0003,0.0003,0.1
,,,,,194181,617.31696,194,,,,,,,,
,,,,,194251,136.78305,70,,,,,,,,
,,,,,194438,607.4866,187,,,,,,,,
,,,,,194620,579.46075,182,,,,,,,,
,,,,,194818,663.18097,198,,,,,,,,
,,,,,194997,563.5016,179,,,,,,,,
576.5864,28.685638,617.6002,523.58966,184.6,195000,,,-248.7923583984375,-2.51412034034729,12.062408447265625,247.4279327392578,247.72222900390625,0.0003,0.0003,0.1
,,,,,195160,531.7217,163,,,,,,,,
,,,,,195359,639.27435,199,,,,,,,,
,,,,,195549,630.7009,190,,,,,,,,
,,,,,195729,527.7105,180,,,,,,,,
,,,,,195913,588.31696,184,,,,,,,,
,,,,,196000,,,-235.8541259765625,-2.2539656162261963,12.251404762268066,232.35769653320312,232.07675170898438,0.0003,0.0003,0.1
,,,,,196108,610.5757,195,,,,,,,,
,,,,,196321,657.2288,213,,,,,,,,
,,,,,196382,117.104294,61,,,,,,,,
,,,,,196588,641.18317,206,,,,,,,,
,,,,,196786,599.3295,198,,,,,,,,
,,,,,196981,593.75146,195,,,,,,,,
,,,,,197000,,,-240.51632690429688,-2.1328983306884766,11.189268112182617,239.0350341796875,238.43763732910156,0.0003,0.0003,0.1
,,,,,197162,525.78253,181,,,,,,,,
,,,,,197349,561.1588,187,,,,,,,,
,,,,,197534,603.04517,185,,,,,,,,
,,,,,197732,597.97614,198,,,,,,,,
,,,,,197908,570.1764,176,,,,,,,,
,,,,,198000,,,-245.03314208984375,-2.283653736114502,11.384941101074219,242.71572875976562,242.89923095703125,0.0003,0.0003,0.1
,,,,,198096,563.8509,188,,,,,,,,
,,,,,198286,624.9234,190,,,,,,,,
,,,,,198473,617.72687,187,,,,,,,,
,,,,,198675,607.7771,202,,,,,,,,
,,,,,198872,652.08453,197,,,,,,,,
,,,,,199000,,,-245.9482421875,-2.536775588989258,6.011422157287598,244.1762237548828,244.30075073242188,0.0003,0.0003,0.1
,,,,,199073,621.67395,201,,,,,,,,
,,,,,199261,627.05023,188,,,,,,,,
,,,,,199457,636.3481,196,,,,,,,,
,,,,,199638,563.25037,181,,,,,,,,
,,,,,199799,517.0545,161,,,,,,,,
,,,,,199981,574.7547,182,,,,,,,,
557.87,150.08688,631.7094,113.96546,175.5,200000,,,-244.2295684814453,-2.1202754974365234,9.41415023803711,241.7752685546875,241.8899688720703,0.0003,0.0003,0.1
,,,,,200152,537.38947,171,,,,,,,,
,,,,,200321,544.9324,169,,,,,,,,
,,,,,200492,555.47955,171,,,,,,,,
,,,,,200680,630.23444,188,,,,,,,,
,,,,,200693,15.561323,13,,,,,,,,
,,,,,200879,557.96564,186,,,,,,,,
,,,,,201000,,,-247.55081176757812,-2.515211343765259,17.5352840423584,244.27423095703125,244.39321899414062,0.0003,0.0003,0.1
,,,,,201045,523.14594,166,,,,,,,,
,,,,,201241,655.4255,196,,,,,,,,
,,,,,201418,585.3398,177,,,,,,,,
,,,,,201590,566.94086,172,,,,,,,,
,,,,,201764,570.5197,174,,,,,,,,
,,,,,201943,614.84576,179,,,,,,,,
,,,,,202000,,,-246.13565063476562,-2.2649974822998047,10.371583938598633,245.05551147460938,244.61781311035156,0.0003,0.0003,0.1
,,,,,202127,629.2781,184,,,,,,,,
,,,,,202278,417.83472,151,,,,,,,,
,,,,,202329,90.074554,51,,,,,,,,
,,,,,202381,90.54983,52,,,,,,,,
,,,,,202434,94.85082,53,,,,,,,,
,,,,,202628,620.32135,194,,,,,,,,
,,,,,202790,514.80615,162,,,,,,,,
,,,,,202956,530.127,166,,,,,,,,
,,,,,203000,,,-248.6571044921875,-2.005964756011963,15.707158088684082,246.8872833251953,246.7392578125,0.0003,0.0003,0.1
,,,,,203127,542.1729,171,,,,,,,,
,,,,,203305,604.17694,178,,,,,,,,
,,,,,203496,660.2958,191,,,,,,,,
,,,,,203684,590.5912,188,,,,,,,,
,,,,,203843,501.84418,159,,,,,,,,
,,,,,203897,92.24278,54,,,,,,,,
,,,,,204000,,,-245.34068298339844,-2.258265495300293,42.43293380737305,243.55435180664062,242.64553833007812,0.0003,0.0003,0.1
,,,,,204025,367.5827,128,,,,,,,,
,,,,,204211,618.9822,186,,,,,,,,
,,,,,204396,618.8767,185,,,,,,,,
,,,,,204553,495.2902,157,,,,,,,,
,,,,,204735,605.74005,182,,,,,,,,
,,,,,204912,566.7451,177,,,,,,,,
568.77625,98.43505,743.3848,452.52475,177.1,205000,,,-242.4983367919922,-2.2690789699554443,27.990524291992188,241.270263671875,241.8435821533203,0.0003,0.0003,0.1
,,,,,205122,653.9281,210,,,,,,,,
,,,,,205274,491.0555,152,,,,,,,,
,,,,,205432,510.9457,158,,,,,,,,
,,,,,205620,606.3721,188,,,,,,,,
,,,,,205774,505.12344,154,,,,,,,,
,,,,,205952,585.9396,178,,,,,,,,
,,,,,205984,50.104492,32,,,,,,,,
,,,,,206000,,,-246.5551300048828,-2.2008562088012695,6.926166534423828,245.0593719482422,245.0967254638672,0.0003,0.0003,0.1
,,,,,206164,599.823,180,,,,,,,,
,,,,,206335,544.29944,171,,,,,,,,
,,,,,206371,58.55701,36,,,,,,,,
,,,,,206530,528.7342,159,,,,,,,,
,,,,,206712,606.6986,182,,,,,,,,
,,,,,206849,424.95193,137,,,,,,,,
,,,,,207000,,,-237.9211883544922,-2.2770605087280273,10.127330780029297,236.77745056152344,236.89581298828125,0.0003,0.0003,0.1
,,,,,207008,505.7033,159,,,,,,,,
,,,,,207195,588.4482,187,,,,,,,,
,,,,,207374,617.99896,179,,,,,,,,
,,,,,207548,604.13824,174,,,,,,,,
,,,,,207712,545.65295,164,,,,,,,,
,,,,,207871,522.29614,159,,,,,,,,
,,,,,208000,,,-236.364990234375,-2.4738893508911133,10.205618858337402,234.0792236328125,234.43780517578125,0.0003,0.0003,0.1
,,,,,208028,518.627,157,,,,,,,,
,,,,,208216,607.328,188,,,,,,,,
,,,,,208347,360.00876,131,,,,,,,,
,,,,,208496,474.40967,149,,,,,,,,
,,,,,208676,612.77734,180,,,,,,,,
,,,,,208868,644.9922,192,,,,,,,,
,,,,,209000,,,-240.35687255859375,-2.4036900997161865,19.86761474609375,237.64022827148438,237.16302490234375,0.0003,0.0003,0.1
,,,,,209039,588.7328,171,,,,,,,,
,,,,,209215,594.61,176,,,,,,,,
,,,,,209385,567.0088,170,,,,,,,,
,,,,,209612,767.69946,227,,,,,,,,
,,,,,209802,624.52405,190,,,,,,,,
,,,,,209974,569.6055,172,,,,,,,,
627.46625,29.063951,668.1151,578.4055,192.5,210000,,,-237.88641357421875,-2.086939811706543,7.800307273864746,236.0512237548828,236.65859985351562,0.0003,0.0003,0.1
,,,,,210146,584.2792,172,,,,,,,,
,,,,,210340,620.97797,194,,,,,,,,
,,,,,210474,405.7639,134,,,,,,,,
,,,,,210683,661.83435,209,,,,,,,,
,,,,,210871,622.5698,188,,,,,,,,
,,,,,211000,,,-252.121337890625,-1.6656954288482666,11.592788696289062,249.56265258789062,248.93222045898438,0.0003,0.0003,0.1
,,,,,211065,559.99316,194,,,,,,,,
,,,,,211226,501.73553,161,,,,,,,,
,,,,,211404,593.6656,178,,,,,,,,
,,,,,211639,687.0144,235,,,,,,,,
,,,,,211814,546.9634,175,,,,,,,,
,,,,,211987,574.3559,173,,,,,,,,
,,,,,212000,,,-244.59793090820312,-2.4345862865448,42.39588928222656,242.11544799804688,242.21188354492188,0.0003,0.0003,0.1
,,,,,212159,576.2946,172,,,,,,,,
,,,,,212325,522.537,166,,,,,,,,
,,,,,212466,261.2002,141,,,,,,,,
,,,,,212689,694.7551,223,,,,,,,,
,,,,,212886,650.2103,197,,,,,,,,
,,,,,213000,,,-252.42974853515625,-2.4105606079101562,6.090338706970215,250.81338500976562,250.99041748046875,0.0003,0.0003,0.1
,,,,,213091,660.0277,205,,,,,,,,
,,,,,213276,613.87714,185,,,,,,,,
,,,,,213398,256.64835,122,,,,,,,,
,,,,,213570,524.9313,172,,,,,,,,
,,,,,213768,630.3375,198,,,,,,,,
,,,,,213968,613.9635,200,,,,,,,,
,,,,,214000,,,-246.69589233398438,-2.1300153732299805,28.589229583740234,245.27740478515625,244.67330932617188,0.0003,0.0003,0.1
,,,,,214176,687.998,208,,,,,,,,
,,,,,214394,680.54266,218,,,,,,,,
,,,,,214573,601.7525,179,,,,,,,,
,,,,,214763,625.2936,190,,,,,,,,
,,,,,214946,581.7861,183,,,,,,,,
650.87024,31.069347,695.9664,592.73,200.3,215000,,,-241.2457733154297,-2.299072504043579,10.355704307556152,239.8235626220703,239.84979248046875,0.0003,0.0003,0.1
,,,,,215162,680.10925,216,,,,,,,,
,,,,,215370,695.26917,208,,,,,,,,
,,,,,215549,572.7721,179,,,,,,,,
,,,,,215750,656.50586,201,,,,,,,,
,,,,,215954,688.6157,204,,,,,,,,
,,,,,216000,,,-241.43162536621094,-2.2022907733917236,18.006437301635742,239.74383544921875,240.76510620117188,0.0003,0.0003,0.1
,,,,,216166,678.0343,212,,,,,,,,
,,,,,216382,683.3365,216,,,,,,,,
,,,,,216423,65.398575,41,,,,,,,,
,,,,,216627,668.2517,204,,,,,,,,
,,,,,216840,678.5585,213,,,,,,,,
,,,,,217000,,,-251.74957275390625,-2.4626429080963135,14.643155097961426,250.06234741210938,249.99118041992188,0.0003,0.0003,0.1
,,,,,217017,609.77673,177,,,,,,,,
,,,,,217188,545.7615,171,,,,,,,,
,,,,,217397,696.1006,209,,,,,,,,
,,,,,217570,589.78143,173,,,,,,,,
,,,,,217763,616.0615,193,,,,,,,,
,,,,,217978,651.8214,215,,,,,,,,
,,,,,218000,,,-236.69656372070312,-2.3622045516967773,12.034937858581543,234.7652130126953,234.2203369140625,0.0003,0.0003,0.1
,,,,,218166,649.71924,188,,,,,,,,
,,,,,218353,636.20325,187,,,,,,,,
,,,,,218529,597.1307,176,,,,,,,,
,,,,,218708,611.19073,179,,,,,,,,
,,,,,218894,636.44293,186,,,,,,,,
,,,,,218951,100.608894,57,,,,,,,,
,,,,,219000,,,-249.57620239257812,-1.8393090963363647,5.6285247802734375,247.506591796875,247.42041015625,0.0003,0.0003,0.1
,,,,,219156,650.9601,205,,,,,,,,
,,,,,219370,675.4249,214,,,,,,,,
,,,,,219430,107.829025,60,,,,,,,,
,,,,,219611,603.81995,181,,,,,,,,
,,,,,219812,615.3716,201,,,,,,,,
,,,,,219987,517.81085,175,,,,,,,,
558.9907,139.51607,646.0425,151.92706,168.2,220000,,,-245.22987365722656,-2.043154001235962,17.629098892211914,242.14935302734375,242.35391235351562,0.0003,0.0003,0.1
,,,,,220174,647.2657,187,,,,,,,,
,,,,,220375,694.556,201,,,,,,,,
,,,,,220568,621.7476,193,,,,,,,,
,,,,,220788,691.1324,220,,,,,,,,
,,,,,220984,621.80164,196,,,,,,,,
,,,,,221000,,,-237.83445739746094,-2.3830008506774902,22.141468048095703,236.52125549316406,236.5806884765625,0.0003,0.0003,0.1
,,,,,221192,630.74603,208,,,,,,,,
,,,,,221390,643.11945,198,,,,,,,,
,,,,,221590,624.2244,200,,,,,,,,
,,,,,221781,630.411,191,,,,,,,,
,,,,,221968,573.411,187,,,,,,,,
,,,,,222000,,,-244.82315063476562,-2.461392879486084,42.351905822753906,242.14529418945312,242.2041015625,0.0003,0.0003,0.1
,,,,,222160,602.3505,192,,,,,,,,
,,,,,222358,635.99347,198,,,,,,,,
,,,,,222541,616.0497,183,,,,,,,,
,,,,,222720,601.4108,179,,,,,,,,
,,,,,222908,629.6885,188,,,,,,,,
,,,,,223000,,,-242.87136840820312,-1.9898262023925781,9.811588287353516,241.53225708007812,241.45785522460938,0.0003,0.0003,0.1
,,,,,223098,652.4634,190,,,,,,,,
,,,,,223259,515.3843,161,,,,,,,,
,,,,,223452,616.64026,193,,,,,,,,
,,,,,223639,634.68567,187,,,,,,,,
,,,,,223796,397.98297,157,,,,,,,,
,,,,,223990,611.55963,194,,,,,,,,
,,,,,224000,,,-247.21038818359375,-1.8364319801330566,7.8970136642456055,246.00466918945312,245.88427734375,0.0003,0.0003,0.1
,,,,,224185,643.3107,195,,,,,,,,
,,,,,224374,625.8706,189,,,,,,,,
,,,,,224562,635.43024,188,,,,,,,,
,,,,,224680,211.239,118,,,,,,,,
,,,,,224853,571.2883,173,,,,,,,,
,,,,,224863,10.418396,10,,,,,,,,
,,,,,224872,8.786903,9,,,,,,,,
506.6788,168.37637,692.1026,178.57881,179.4,225000,,,-246.59243774414062,-2.4011213779449463,23.493757247924805,244.91952514648438,245.24139404296875,0.0003,0.0003,0.1
,,,,,225042,480.86728,170,,,,,,,,
,,,,,225227,581.48535,185,,,,,,,,
,,,,,225412,583.8169,185,,,,,,,,
,,,,,225596,606.3903,184,,,,,,,,
,,,,,225803,635.7894,207,,,,,,,,
,,,,,226000,,,-238.52389526367188,-2.1631994247436523,9.770217895507812,237.24546813964844,237.43182373046875,0.0003,0.0003,0.1
,,,,,226007,656.33594,204,,,,,,,,
,,,,,226163,396.06964,156,,,,,,,,
,,,,,226231,135.60631,68,,,,,,,,
,,,,,226436,639.7256,205,,,,,,,,
,,,,,226617,569.484,181,,,,,,,,
,,,,,226816,628.6186,199,,,,,,,,
,,,,,227000,,,-247.79571533203125,-2.1077704429626465,9.870976448059082,246.07650756835938,246.13064575195312,0.0003,0.0003,0.1
,,,,,227007,627.50183,191,,,,,,,,
,,,,,227208,621.15625,201,,,,,,,,
,,,,,227405,649.14874,197,,,,,,,,
,,,,,227612,619.2468,207,,,,,,,,
,,,,,227792,599.7969,180,,,,,,,,
,,,,,228000,,,-240.49847412109375,-2.590855598449707,31.445478439331055,237.93377685546875,239.03717041015625,0.0003,0.0003,0.1
,,,,,228031,704.2354,239,,,,,,,,
,,,,,228241,642.5407,210,,,,,,,,
,,,,,228471,678.9102,230,,,,,,,,
,,,,,228658,595.30383,187,,,,,,,,
,,,,,228843,639.2986,185,,,,,,,,
,,,,,228989,289.2144,146,,,,,,,,
,,,,,229000,,,-246.81776428222656,-2.3370699882507324,9.571531295776367,245.43008422851562,244.5952911376953,0.0003,0.0003,0.1
,,,,,229176,592.96844,187,,,,,,,,
,,,,,229369,602.6313,193,,,,,,,,
,,,,,229620,748.0547,251,,,,,,,,
,,,,,229815,612.10565,195,,,,,,,,
534.0274,215.03043,731.0849,145.10336,185.7,230000,,,-235.40914916992188,-2.1618547439575195,8.435705184936523,234.1314697265625,233.93930053710938,0.0003,0.0003,0.1
,,,,,230025,647.4492,210,,,,,,,,
,,,,,230206,591.9509,181,,,,,,,,
,,,,,230386,576.11145,180,,,,,,,,
,,,,,230579,630.8348,193,,,,,,,,
,,,,,230727,293.2123,148,,,,,,,,
,,,,,230924,645.24976,197,,,,,,,,
,,,,,231000,,,-248.68734741210938,-2.2487921714782715,7.48267126083374,246.75173950195312,246.80242919921875,0.0003,0.0003,0.1
,,,,,231047,280.72556,123,,,,,,,,
,,,,,231226,577.9234,179,,,,,,,,
,,,,,231425,647.80164,199,,,,,,,,
,,,,,231620,650.2687,195,,,,,,,,
,,,,,231691,141.7216,71,,,,,,,,
,,,,,231888,622.67535,197,,,,,,,,
,,,,,232000,,,-238.08938598632812,-2.2391602993011475,30.447412490844727,236.614013671875,236.8131561279297,0.0003,0.0003,0.1
,,,,,232080,636.02924,192,,,,,,,,
,,,,,232256,582.7049,176,,,,,,,,
,,,,,232467,663.8985,211,,,,,,,,
,,,,,232658,619.52893,191,,,,,,,,
,,,,,232838,505.71997,180,,,,,,,,
,,,,,233000,,,-250.71749877929688,-2.1036486625671387,8.059194564819336,249.89154052734375,249.77145385742188,0.0003,0.0003,0.1
,,,,,233037,549.6157,199,,,,,,,,
,,,,,233237,627.0414,200,,,,,,,,
,,,,,233430,581.82214,193,,,,,,,,
,,,,,233628,507.14185,198,,,,,,,,
,,,,,233821,629.66235,193,,,,,,,,
,,,,,234000,,,-243.31082153320312,-2.1928606033325195,7.328521728515625,241.33370971679688,241.2513885498047,0.0003,0.0003,0.1
,,,,,234005,529.42664,184,,,,,,,,
,,,,,234217,624.0468,212,,,,,,,,
,,,,,234429,642.4242,212,,,,,,,,
,,,,,234606,589.7177,177,,,,,,,,
,,,,,234779,565.8817,173,,,,,,,,
,,,,,234972,623.3739,193,,,,,,,,
548.9216,116.36739,663.76215,256.15964,188.0,235000,,,-251.38616943359375,-2.2557730674743652,7.920528411865234,248.9496612548828,248.8301544189453,0.0003,0.0003,0.1
,,,,,235159,582.5578,187,,,,,,,,
,,,,,235358,620.00446,199,,,,,,,,
,,,,,235543,580.8227,185,,,,,,,,
,,,,,235666,255.37099,123,,,,,,,,
,,,,,235808,298.7425,142,,,,,,,,
,,,,,235954,342.30533,146,,,,,,,,
,,,,,236000,,,-248.13241577148438,-2.367050886154175,16.265777587890625,246.31732177734375,245.5867462158203,0.0003,0.0003,0.1
,,,,,236155,646.1139,201,,,,,,,,
,,,,,236347,625.977,192,,,,,,,,
,,,,,236468,315.6995,121,,,,,,,,
,,,,,236608,330.28455,140,,,,,,,,
,,,,,236786,518.03265,178,,,,,,,,
,,,,,236986,585.784,200,,,,,,,,
,,,,,237000,,,-238.83949279785156,-2.2842650413513184,14.695195198059082,237.3780517578125,237.10308837890625,0.0003,0.0003,0.1
,,,,,237168,599.88403,182,,,,,,,,
,,,,,237356,569.5846,188,,,,,,,,
,,,,,237545,621.5813,189,,,,,,,,
,,,,,237763,626.33453,218,,,,,,,,
,,,,,237964,642.4995,201,,,,,,,,
,,,,,238000,,,-248.0497589111328,-2.063720464706421,30.005878448486328,245.46878051757812,245.91683959960938,0.0003,0.0003,0.1
,,,,,238186,666.82477,222,,,,,,,,
,,,,,238390,637.09125,204,,,,,,,,
,,,,,238542,469.28412,152,,,,,,,,
,,,,,238762,633.54834,220,,,,,,,,
,,,,,238984,684.6365,222,,,,,,,,
,,,,,239000,,,-243.26934814453125,-1.9537124633789062,21.260597229003906,242.33026123046875,241.96755981445312,0.0003,0.0003,0.1
,,,,,239184,579.52563,200,,,,,,,,
,,,,,239389,612.0423,205,,,,,,,,
,,,,,239650,809.2345,261,,,,,,,,
,,,,,239882,667.7815,232,,,,,,,,
,,,,,239894,14.455324,12,,,,,,,,
461.00928,152.322,676.17737,91.03947,161.4,240000,,,-239.30320739746094,-1.8934423923492432,10.24616527557373,237.35897827148438,236.9863739013672,0.0003,0.0003,0.1
,,,,,240099,643.85944,205,,,,,,,,
,,,,,240297,617.19025,198,,,,,,,,
,,,,,240482,595.8252,185,,,,,,,,
,,,,,240665,603.76263,183,,,,,,,,
,,,,,240862,587.8089,197,,,,,,,,
,,,,,241000,,,-242.28433227539062,-2.129215955734253,7.397064685821533,240.75466918945312,241.19113159179688,0.0003,0.0003,0.1
,,,,,241057,654.8084,195,,,,,,,,
,,,,,241068,12.513697,11,,,,,,,,
,,,,,241253,591.5271,185,,,,,,,,
,,,,,241443,611.645,190,,,,,,,,
,,,,,241612,487.74844,169,,,,,,,,
,,,,,241623,12.179924,11,,,,,,,,
,,,,,241806,581.9053,183,,,,,,,,
,,,,,242000,,,-247.93272399902344,-1.8069684505462646,36.965152740478516,246.43377685546875,245.79483032226562,0.0003,0.0003,0.1
,,,,,242022,683.95984,216,,,,,,,,
,,,,,242203,614.6373,181,,,,,,,,
,,,,,242393,633.734,190,,,,,,,,
,,,,,242630,772.3765,237,,,,,,,,
,,,,,242639,8.997537,9,,,,,,,,
,,,,,242648,7.981621,9,,,,,,,,
,,,,,242834,619.9072,186,,,,,,,,
,,,,,242916,169.54184,82,,,,,,,,
,,,,,243000,,,-251.5057373046875,-2.3985841274261475,9.810391426086426,250.0758056640625,249.6806182861328,0.0003,0.0003,0.1
,,,,,243090,582.46576,174,,,,,,,,
,,,,,243241,406.98236,151,,,,,,,,
,,,,,243436,628.5192,195,,,,,,,,
,,,,,243621,626.71375,185,,,,,,,,
,,,,,243800,609.039,179,,,,,,,,
,,,,,244000,,,-237.7240447998047,-2.0556411743164062,24.99032211303711,234.8250732421875,234.45327758789062,0.0003,0.0003,0.1
,,,,,244003,631.2636,203,,,,,,,,
,,,,,244193,627.6449,190,,,,,,,,
,,,,,244323,388.15738,130,,,,,,,,
,,,,,244489,426.45282,166,,,,,,,,
,,,,,244686,661.43427,197,,,,,,,,
,,,,,244877,567.1373,191,,,,,,,,
605.6344,76.83399,677.4215,454.38965,186.1,245000,,,-242.66795349121094,-1.745680570602417,10.267934799194336,240.9489288330078,240.5951690673828,0.0003,0.0003,0.1
,,,,,245029,483.22787,152,,,,,,,,
,,,,,245198,564.8479,169,,,,,,,,
,,,,,245395,622.9091,197,,,,,,,,
,,,,,245587,645.1003,192,,,,,,,,
,,,,,245783,623.10614,196,,,,,,,,
,,,,,245983,652.2401,200,,,,,,,,
,,,,,246000,,,-239.8349609375,-1.8838764429092407,10.607027053833008,238.26779174804688,239.29556274414062,0.0003,0.0003,0.1
,,,,,246112,384.12003,129,,,,,,,,
,,,,,246316,658.1236,204,,,,,,,,
,,,,,246513,608.6304,197,,,,,,,,
,,,,,246725,666.9769,212,,,,,,,,
,,,,,246933,684.0927,208,,,,,,,,
,,,,,247000,,,-241.91134643554688,-1.9524632692337036,8.985630989074707,240.88328552246094,240.26211547851562,0.0003,0.0003,0.1
,,,,,247143,690.26416,210,,,,,,,,
,,,,,247339,648.23004,196,,,,,,,,
,,,,,247540,632.77826,201,,,,,,,,
,,,,,247732,638.7375,192,,,,,,,,
,,,,,247927,656.60333,195,,,,,,,,
,,,,,248000,,,-244.28208923339844,-1.9017924070358276,6.342506408691406,242.74134826660156,242.80059814453125,0.0003,0.0003,0.1
,,,,,248141,662.21497,214,,,,,,,,
,,,,,248327,634.4645,186,,,,,,,,
,,,,,248528,666.10345,201,,,,,,,,
,,,,,248719,627.9259,191,,,,,,,,
,,,,,248932,679.79333,213,,,,,,,,
,,,,,249000,,,-240.24407958984375,-2.0574851036071777,10.021591186523438,239.13961791992188,238.9894256591797,0.0003,0.0003,0.1
,,,,,249138,673.8157,206,,,,,,,,
,,,,,249322,622.7573,184,,,,,,,,
,,,,,249525,663.6417,203,,,,,,,,
,,,,,249703,567.5548,178,,,,,,,,
,,,,,249898,641.65674,195,,,,,,,,
595.96423,102.4934,797.7422,423.79123,187.6,250000,,,-243.53382873535156,-2.1206564903259277,9.008573532104492,241.31736755371094,241.3385467529297,0.0003,0.0003,0.1
,,,,,250092,629.0162,194,,,,,,,,
,,,,,250293,672.7033,201,,,,,,,,
,,,,,250486,649.93286,193,,,,,,,,
,,,,,250672,603.65216,186,,,,,,,,
,,,,,250870,663.95636,198,,,,,,,,
,,,,,251000,,,-244.95314025878906,-2.091029644012451,12.611906051635742,242.84689331054688,242.9084930419922,0.0003,0.0003,0.1
,,,,,251075,624.1019,205,,,,,,,,
,,,,,251284,652.88635,209,,,,,,,,
,,,,,251503,711.0024,219,,,,,,,,
,,,,,251703,654.1981,200,,,,,,,,
,,,,,251884,580.2807,181,,,,,,,,
,,,,,252000,,,-253.71261596679688,-1.6005890369415283,8.067468643188477,252.25955200195312,252.52223205566406,0.0003,0.0003,0.1
,,,,,252071,593.66077,187,,,,,,,,
,,,,,252262,619.46027,191,,,,,,,,
,,,,,252451,584.12616,189,,,,,,,,
,,,,,252648,608.8072,197,,,,,,,,
,,,,,252840,633.9819,192,,,,,,,,
,,,,,253000,,,-250.45115661621094,-1.8769471645355225,55.93585205078125,248.6908721923828,249.0207061767578,0.0003,0.0003,0.1
,,,,,253029,638.9334,189,,,,,,,,
,,,,,253218,618.791,189,,,,,,,,
,,,,,253409,632.4424,191,,,,,,,,
,,,,,253594,608.6739,185,,,,,,,,
,,,,,253809,696.16077,215,,,,,,,,
,,,,,253818,7.8997555,9,,,,,,,,
,,,,,254000,,,-250.44216918945312,-2.2898736000061035,10.488662719726562,249.16363525390625,248.7608642578125,0.0003,0.0003,0.1
,,,,,254030,652.4829,212,,,,,,,,
,,,,,254245,662.26465,215,,,,,,,,
,,,,,254451,642.3618,206,,,,,,,,
,,,,,254641,627.4152,190,,,,,,,,
,,,,,254828,637.7481,187,,,,,,,,
652.59326,56.497097,714.40344,506.67432,204.6,255000,,,-251.00604248046875,-2.1416738033294678,8.550590515136719,249.0764617919922,249.07211303710938,0.0003,0.0003,0.1
,,,,,255022,655.15015,194,,,,,,,,
,,,,,255215,632.92505,193,,,,,,,,
,,,,,255437,721.82825,222,,,,,,,,
,,,,,255643,646.71265,206,,,,,,,,
,,,,,255850,677.2563,207,,,,,,,,
,,,,,256000,,,-249.97267150878906,-1.8482916355133057,6.714742183685303,248.9798583984375,249.32843017578125,0.0003,0.0003,0.1
,,,,,256029,583.6681,179,,,,,,,,
,,,,,256239,651.05994,210,,,,,,,,
,,,,,256455,696.42175,216,,,,,,,,
,,,,,256633,500.65295,178,,,,,,,,
,,,,,256851,693.45856,218,,,,,,,,
,,,,,257000,,,-238.70999145507812,-2.2985496520996094,14.969205856323242,237.43099975585938,237.3018798828125,0.0003,0.0003,0.1
,,,,,257046,547.3402,195,,,,,,,,
,,,,,257220,574.261,174,,,,,,,,
,,,,,257428,670.0833,208,,,,,,,,
,,,,,257622,661.9611,194,,,,,,,,
,,,,,257818,645.792,196,,,,,,,,
,,,,,258000,,,-243.850830078125,-2.04306697845459,9.842859268188477,242.80726623535156,242.47650146484375,0.0003,0.0003,0.1
,,,,,258024,659.445,206,,,,,,,,
,,,,,258228,658.902,204,,,,,,,,
,,,,,258448,720.1985,220,,,,,,,,
,,,,,258639,642.1784,191,,,,,,,,
,,,,,258821,593.95935,182,,,,,,,,
,,,,,258988,503.80307,167,,,,,,,,
,,,,,259000,,,-245.876708984375,-1.9099417924880981,6.4390082359313965,244.31198120117188,244.60690307617188,0.0003,0.0003,0.1
,,,,,259180,660.37885,192,,,,,,,,
,,,,,259368,638.4169,188,,,,,,,,
,,,,,259565,647.574,197,,,,,,,,
,,,,,259762,667.207,197,,,,,,,,
,,,,,259963,665.7881,201,,,,,,,,
676.923,23.612593,710.3573,630.09985,210.8,260000,,,-249.58848571777344,-2.0946176052093506,8.098362922668457,245.142333984375,245.52549743652344,0.0003,0.0003,0.1
,,,,,260174,647.24854,211,,,,,,,,
,,,,,260357,614.529,183,,,,,,,,
,,,,,260551,654.8294,194,,,,,,,,
,,,,,260772,704.6388,221,,,,,,,,
,,,,,260968,653.22144,196,,,,,,,,
,,,,,261000,,,-245.72927856445312,-1.6774375438690186,13.234710693359375,244.13597106933594,244.00643920898438,0.0003,0.0003,0.1
,,,,,261171,667.62463,203,,,,,,,,
,,,,,261367,637.2042,196,,,,,,,,
,,,,,261592,705.0985,225,,,,,,,,
,,,,,261800,681.21625,208,,,,,,,,
,,,,,261988,632.2397,188,,,,,,,,
,,,,,262000,,,-250.36383056640625,-1.9050281047821045,9.961130142211914,249.121826171875,248.94454956054688,0.0003,0.0003,0.1
,,,,,262169,606.9253,181,,,,,,,,
,,,,,262385,651.701,216,,,,,,,,
,,,,,262572,584.30084,187,,,,,,,,
,,,,,262756,609.3378,184,,,,,,,,
,,,,,262806,86.963066,50,,,,,,,,
,,,,,263000,,,-245.60110473632812,-1.9047086238861084,10.102484703063965,243.36285400390625,243.3740234375,0.0003,0.0003,0.1
,,,,,263007,635.15,201,,,,,,,,
,,,,,263195,642.22577,188,,,,,,,,
,,,,,263403,653.6728,208,,,,,,,,
,,,,,263612,673.65356,209,,,,,,,,
,,,,,263811,673.27045,199,,,,,,,,
,,,,,263988,603.6771,177,,,,,,,,
,,,,,264000,,,-243.31053161621094,-2.0504112243652344,6.407628536224365,242.12380981445312,241.8466796875,0.0003,0.0003,0.1
,,,,,264161,569.28296,173,,,,,,,,
,,,,,264339,617.7844,178,,,,,,,,
,,,,,264536,675.0913,197,,,,,,,,
,,,,,264713,595.3569,177,,,,,,,,
,,,,,264907,563.06683,194,,,,,,,,
632.0493,34.208504,674.1526,554.6414,192.7,265000,,,-245.37356567382812,-2.225876569747925,14.611571311950684,243.67369079589844,243.95741271972656,0.0003,0.0003,0.1
,,,,,265078,556.0129,171,,,,,,,,
,,,,,265259,616.8588,181,,,,,,,,
,,,,,265441,591.5209,182,,,,,,,,
,,,,,265629,603.3811,188,,,,,,,,
,,,,,265833,646.6893,204,,,,,,,,
,,,,,266000,,,-244.73199462890625,-2.0258092880249023,10.463970184326172,243.2130126953125,242.8554229736328,0.0003,0.0003,0.1
,,,,,266029,559.6411,196,,,,,,,,
,,,,,266221,635.63324,192,,,,,,,,
,,,,,266412,649.1485,191,,,,,,,,
,,,,,266624,647.4556,212,,,,,,,,
,,,,,266801,602.69476,177,,,,,,,,
,,,,,266997,633.93866,196,,,,,,,,
,,,,,267000,,,-244.70921325683594,-1.9071794748306274,9.506860733032227,241.88436889648438,241.81661987304688,0.0003,0.0003,0.1
,,,,,267189,612.427,192,,,,,,,,
,,,,,267370,617.3796,181,,,,,,,,
,,,,,267557,637.0985,187,,,,,,,,
,,,,,267742,632.159,185,,,,,,,,
,,,,,267956,621.4989,214,,,,,,,,
,,,,,268000,,,-248.65084838867188,-2.050201177597046,27.394996643066406,245.8504638671875,245.23342895507812,0.0003,0.0003,0.1
,,,,,268133,578.7866,177,,,,,,,,
,,,,,268318,608.3043,185,,,,,,,,
,,,,,268518,627.9337,200,,,,,,,,
,,,,,268703,597.7364,185,,,,,,,,
,,,,,268895,618.3376,192,,,,,,,,
,,,,,269000,,,-248.7112274169922,-2.0500378608703613,9.894889831542969,246.79888916015625,247.25189208984375,0.0003,0.0003,0.1
,,,,,269090,603.6694,195,,,,,,,,
,,,,,269272,581.62726,182,,,,,,,,
,,,,,269477,634.26105,205,,,,,,,,
,,,,,269668,623.7396,191,,,,,,,,
,,,,,269841,571.43726,173,,,,,,,,
606.1686,26.52024,658.7101,563.5263,183.7,270000,,,-256.1853332519531,-1.7179038524627686,4.9148054122924805,254.66693115234375,254.5779571533203,0.0003,0.0003,0.1
,,,,,270008,561.91345,167,,,,,,,,
,,,,,270212,667.1573,204,,,,,,,,
,,,,,270397,618.3532,185,,,,,,,,
,,,,,270576,588.35406,179,,,,,,,,
,,,,,270758,617.9642,182,,,,,,,,
,,,,,270952,674.49365,194,,,,,,,,
,,,,,271000,,,-243.38668823242188,-2.1358633041381836,13.976085662841797,240.1752471923828,240.71145629882812,0.0003,0.0003,0.1
,,,,,271145,636.5548,193,,,,,,,,
,,,,,271325,613.9099,180,,,,,,,,
,,,,,271496,552.54205,171,,,,,,,,
,,,,,271650,477.21246,154,,,,,,,,
,,,,,271726,142.17868,76,,,,,,,,
,,,,,271927,667.9516,201,,,,,,,,
,,,,,272000,,,-243.3072967529297,-1.9655919075012207,12.05681324005127,241.0827178955078,240.76766967773438,0.0003,0.0003,0.1
,,,,,272108,605.00104,181,,,,,,,,
,,,,,272303,644.2697,195,,,,,,,,
,,,,,272493,623.298,190,,,,,,,,
,,,,,272683,577.9985,190,,,,,,,,
,,,,,272864,590.394,181,,,,,,,,
,,,,,273000,,,-245.7657012939453,-2.0573971271514893,10.973669052124023,243.35032653808594,243.23533630371094,0.0003,0.0003,0.1
,,,,,273061,654.7611,197,,,,,,,,
,,,,,273266,650.426,205,,,,,,,,
,,,,,273449,604.3956,183,,,,,,,,
,,,,,273630,580.02905,181,,,,,,,,
,,,,,273828,599.333,198,,,,,,,,
,,,,,274000,,,-249.44247436523438,-1.7553919553756714,20.741424560546875,247.6004638671875,247.95169067382812,0.0003,0.0003,0.1
,,,,,274017,598.31714,189,,,,,,,,
,,,,,274191,561.9253,174,,,,,,,,
,,,,,274401,679.2461,210,,,,,,,,
,,,,,274611,671.11084,210,,,,,,,,
,,,,,274791,609.4272,180,,,,,,,,
,,,,,274982,633.3271,191,,,,,,,,
630.27466,29.34464,664.362,559.1834,190.6,275000,,,-243.45225524902344,-2.0498971939086914,13.904592514038086,242.26168823242188,242.5677032470703,0.0003,0.0003,0.1
,,,,,275181,637.6706,199,,,,,,,,
,,,,,275350,549.1415,169,,,,,,,,
,,,,,275543,618.11035,193,,,,,,,,
,,,,,275731,620.9176,188,,,,,,,,
,,,,,275916,600.6553,185,,,,,,,,
,,,,,276000,,,-241.1981964111328,-2.1846837997436523,8.117473602294922,238.6494140625,237.80064392089844,0.0003,0.0003,0.1
,,,,,276117,653.429,201,,,,,,,,
,,,,,276304,604.27386,187,,,,,,,,
,,,,,276498,652.7305,194,,,,,,,,
,,,,,276693,638.69684,195,,,,,,,,
,,,,,276873,598.431,180,,,,,,,,
,,,,,277000,,,-246.44107055664062,-2.1728878021240234,7.729091644287109,245.09561157226562,245.4872283935547,0.0003,0.0003,0.1
,,,,,277065,619.0892,192,,,,,,,,
,,,,,277250,627.0978,185,,,,,,,,
,,,,,277414,492.58893,164,,,,,,,,
,,,,,277604,601.91016,190,,,,,,,,
,,,,,277777,512.27,173,,,,,,,,
,,,,,277969,594.7079,192,,,,,,,,
,,,,,278000,,,-248.7372283935547,-2.1958484649658203,16.9166316986084,247.57025146484375,247.85629272460938,0.0003,0.0003,0.1
,,,,,278130,481.2235,161,,,,,,,,
,,,,,278309,585.025,179,,,,,,,,
,,,,,278504,621.0295,195,,,,,,,,
,,,,,278701,609.7123,197,,,,,,,,
,,,,,278891,623.42505,190,,,,,,,,
,,,,,279000,,,-253.05972290039062,-1.9450336694717407,8.86909008026123,251.98960876464844,251.43833923339844,0.0003,0.0003,0.1
,,,,,279093,588.728,202,,,,,,,,
,,,,,279290,639.1844,197,,,,,,,,
,,,,,279479,632.1268,189,,,,,,,,
,,,,,279663,599.9606,184,,,,,,,,
,,,,,279855,623.3715,192,,,,,,,,
590.52185,55.611694,663.67126,501.25302,185.0,280000,,,-246.92401123046875,-1.8811395168304443,8.660548210144043,245.9384765625,245.48133850097656,0.0003,0.0003,0.1
,,,,,280029,570.92816,174,,,,,,,,
,,,,,280232,651.42426,203,,,,,,,,
,,,,,280424,645.7759,192,,,,,,,,
,,,,,280619,653.71204,195,,,,,,,,
,,,,,280824,648.52106,205,,,,,,,,
,,,,,281000,,,-246.19180297851562,-2.4512722492218018,235.4398956298828,245.2454833984375,244.03445434570312,0.0003,0.0003,0.1
,,,,,281021,643.35095,197,,,,,,,,
,,,,,281250,675.4913,229,,,,,,,,
,,,,,281473,702.2707,223,,,,,,,,
,,,,,281683,667.25885,210,,,,,,,,
,,,,,281885,648.55145,202,,,,,,,,
,,,,,282000,,,-243.21975708007812,-1.674403429031372,15.017471313476562,241.9012908935547,242.32479858398438,0.0003,0.0003,0.1
,,,,,282080,623.9492,195,,,,,,,,
,,,,,282280,631.4237,200,,,,,,,,
,,,,,282482,660.2215,202,,,,,,,,
,,,,,282599,290.9494,117,,,,,,,,
,,,,,282792,619.0765,193,,,,,,,,
,,,,,282992,619.0423,200,,,,,,,,
,,,,,283000,,,-241.75869750976562,-2.0978927612304688,10.861907005310059,239.95138549804688,239.94256591796875,0.0003,0.0003,0.1
,,,,,283193,661.21,201,,,,,,,,
,,,,,283376,590.57837,183,,,,,,,,
,,,,,283563,607.7469,187,,,,,,,,
,,,,,283746,621.308,183,,,,,,,,
,,,,,283929,614.99506,183,,,,,,,,
,,,,,284000,,,-242.85354614257812,-1.856904149055481,20.14118003845215,241.08001708984375,240.45742797851562,0.0003,0.0003,0.1
,,,,,284109,594.7389,180,,,,,,,,
,,,,,284305,636.86,196,,,,,,,,
,,,,,284498,639.21063,193,,,,,,,,
,,,,,284695,664.55707,197,,,,,,,,
,,,,,284888,620.70306,193,,,,,,,,
562.7116,145.99075,636.13947,130.32832,175.5,285000,,,-241.93528747558594,-1.8452246189117432,6.5278143882751465,241.08465576171875,240.859619140625,0.0003,0.0003,0.1
,,,,,285063,575.7301,175,,,,,,,,
,,,,,285253,628.4896,190,,,,,,,,
,,,,,285442,637.52234,189,,,,,,,,
,,,,,285616,547.60126,174,,,,,,,,
,,,,,285812,627.0712,196,,,,,,,,
,,,,,285985,509.07388,173,,,,,,,,
,,,,,286000,,,-246.3670654296875,-1.6106550693511963,10.005426406860352,245.10546875,244.51455688476562,0.0003,0.0003,0.1
,,,,,286185,673.5201,200,,,,,,,,
,,,,,286377,625.04425,192,,,,,,,,
,,,,,286580,641.17,203,,,,,,,,
,,,,,286789,645.36896,209,,,,,,,,
,,,,,286988,643.4303,199,,,,,,,,
,,,,,287000,,,-243.50091552734375,-1.7552584409713745,7.664418697357178,242.25030517578125,242.62127685546875,0.0003,0.0003,0.1
,,,,,287188,622.36584,200,,,,,,,,
,,,,,287379,637.2504,191,,,,,,,,
,,,,,287575,627.40063,196,,,,,,,,
,,,,,287762,619.26135,187,,,,,,,,
,,,,,287957,618.26843,195,,,,,,,,
,,,,,288000,,,-243.91004943847656,-2.123034954071045,14.682554244995117,242.40884399414062,241.99656677246094,0.0003,0.0003,0.1
,,,,,288169,668.41095,212,,,,,,,,
,,,,,288356,620.11084,187,,,,,,,,
,,,,,288553,635.25806,197,,,,,,,,
,,,,,288727,551.3062,174,,,,,,,,
,,,,,288932,646.38116,205,,,,,,,,
,,,,,289000,,,-238.50454711914062,-1.8892661333084106,7.447509288787842,237.91796875,237.71226501464844,0.0003,0.0003,0.1
,,,,,289133,655.00085,201,,,,,,,,
,,,,,289328,647.05115,195,,,,,,,,
,,,,,289537,642.42194,209,,,,,,,,
,,,,,289738,641.41785,201,,,,,,,,
,,,,,289922,614.3068,184,,,,,,,,
471.8011,286.93143,744.5261,33.98203,167.3,290000,,,-246.44610595703125,-2.43021821975708,13.33249282836914,244.16348266601562,243.8802947998047,0.0003,0.0003,0.1
,,,,,290110,630.3019,188,,,,,,,,
,,,,,290297,609.42,187,,,,,,,,
,,,,,290475,587.9459,178,,,,,,,,
,,,,,290499,28.459076,24,,,,,,,,
,,,,,290518,21.21646,19,,,,,,,,
,,,,,290707,614.46063,189,,,,,,,,
,,,,,290900,637.81836,193,,,,,,,,
,,,,,291000,,,-245.13784790039062,-1.6214439868927002,9.318544387817383,243.75,243.72535705566406,0.0003,0.0003,0.1
,,,,,291072,581.8763,172,,,,,,,,
,,,,,291278,640.31024,206,,,,,,,,
,,,,,291307,36.28621,29,,,,,,,,
,,,,,291501,636.25366,194,,,,,,,,
,,,,,291703,650.3372,202,,,,,,,,
,,,,,291904,650.088,201,,,,,,,,
,,,,,292000,,,-240.12884521484375,-2.0973386764526367,10.669160842895508,237.35873413085938,237.29409790039062,0.0003,0.0003,0.1
,,,,,292089,596.1988,185,,,,,,,,
,,,,,292281,630.79517,192,,,,,,,,
,,,,,292477,611.0578,196,,,,,,,,
,,,,,292642,539.2833,165,,,,,,,,
,,,,,292863,706.80426,221,,,,,,,,
,,,,,293000,,,-250.31158447265625,-1.9342460632324219,4.845590591430664,248.59593200683594,248.72512817382812,0.0003,0.0003,0.1
,,,,,293053,584.3456,190,,,,,,,,
,,,,,293238,616.2105,185,,,,,,,,
,,,,,293451,669.0015,213,,,,,,,,
,,,,,293656,678.5192,205,,,,,,,,
,,,,,293853,597.93365,197,,,,,,,,
,,,,,294000,,,-242.49441528320312,-2.0861830711364746,8.161128044128418,240.1962890625,240.478271484375,0.0003,0.0003,0.1
,,,,,294031,507.84476,178,,,,,,,,
,,,,,294226,627.6324,195,,,,,,,,
,,,,,294427,643.9451,201,,,,,,,,
,,,,,294629,640.7724,202,,,,,,,,
,,,,,294832,626.79535,203,,,,,,,,
609.6844,47.64678,654.361,479.5239,191.0,295000,,,-252.8678436279297,-1.5347020626068115,9.412227630615234,250.38922119140625,251.18235778808594,0.0003,0.0003,0.1
,,,,,295026,624.7491,194,,,,,,,,
,,,,,295224,646.8354,198,,,,,,,,
,,,,,295432,661.8004,208,,,,,,,,
,,,,,295630,637.41125,198,,,,,,,,
,,,,,295825,627.84436,195,,,,,,,,
,,,,,296000,,,-245.93157958984375,-2.0645782947540283,139.90374755859375,243.20794677734375,243.28890991210938,0.0003,0.0003,0.1
,,,,,296044,681.5748,219,,,,,,,,
,,,,,296193,410.5561,149,,,,,,,,
,,,,,296394,674.6208,201,,,,,,,,
,,,,,296589,644.55475,195,,,,,,,,
,,,,,296798,652.2076,209,,,,,,,,
,,,,,296986,570.9532,188,,,,,,,,
,,,,,297000,,,-252.14053344726562,-1.9290803670883179,6.574085235595703,251.0570068359375,251.13150024414062,0.0003,0.0003,0.1
,,,,,297077,201.42923,91,,,,,,,,
,,,,,297267,630.5631,190,,,,,,,,
,,,,,297463,644.798,196,,,,,,,,
,,,,,297642,574.1665,179,,,,,,,,
,,,,,297848,674.19006,206,,,,,,,,
,,,,,297906,111.04743,58,,,,,,,,
,,,,,298000,,,-251.73837280273438,-1.969111442565918,6.943205833435059,250.43063354492188,250.30520629882812,0.0003,0.0003,0.1
,,,,,298122,689.0868,216,,,,,,,,
,,,,,298331,650.5978,209,,,,,,,,
,,,,,298543,667.73914,212,,,,,,,,
,,,,,298606,125.665924,63,,,,,,,,
,,,,,298795,630.9556,189,,,,,,,,
,,,,,299000,,,-249.82278442382812,-2.0698952674865723,7.252155303955078,248.63063049316406,248.62313842773438,0.0003,0.0003,0.1
,,,,,299002,656.6771,207,,,,,,,,
,,,,,299215,677.58386,213,,,,,,,,
,,,,,299420,650.78503,205,,,,,,,,
,,,,,299628,694.02344,208,,,,,,,,
,,,,,299816,621.7624,188,,,,,,,,
,,,,,300000,585.64777,184,,,,,,,,
573.7199,34.39342,627.9125,523.55554,182.0,300000,,,-239.88739013671875,-2.0007097721099854,8.189277648925781,238.45306396484375,237.9705810546875,0.0003,0.0003,0.1
,,,,,300164,508.4604,164,,,,,,,,
,,,,,300365,658.1165,201,,,,,,,,
,,,,,300564,643.9732,199,,,,,,,,
,,,,,300763,668.32654,199,,,,,,,,
,,,,,300953,624.00366,190,,,,,,,,
,,,,,301000,,,-239.90625,-1.9081246852874756,24.504484176635742,237.53945922851562,237.75135803222656,0.0003,0.0003,0.1
,,,,,301150,620.2271,197,,,,,,,,
,,,,,301347,640.3509,197,,,,,,,,
,,,,,301562,685.35956,215,,,,,,,,
,,,,,301764,634.39105,202,,,,,,,,
,,,,,301951,612.64594,187,,,,,,,,
,,,,,302000,,,-246.0684356689453,-2.103783130645752,18.47827911376953,244.49676513671875,245.11717224121094,0.0003,0.0003,0.1
,,,,,302127,536.6555,176,,,,,,,,
,,,,,302224,206.58047,97,,,,,,,,
,,,,,302397,517.9177,173,,,,,,,,
,,,,,302597,637.2369,200,,,,,,,,
,,,,,302757,516.1473,160,,,,,,,,
,,,,,302955,638.3925,198,,,,,,,,
,,,,,303000,,,-246.31353759765625,-1.9833977222442627,118.76161193847656,245.55078125,244.38906860351562,0.0003,0.0003,0.1
,,,,,303127,520.9472,172,,,,,,,,
,,,,,303336,651.5331,209,,,,,,,,
,,,,,303523,627.0148,187,,,,,,,,
,,,,,303731,671.6797,208,,,,,,,,
,,,,,303768,59.077023,37,,,,,,,,
,,,,,303961,578.499,193,,,,,,,,
,,,,,304000,,,-243.66282653808594,-1.885909080505371,12.200334548950195,242.32272338867188,242.3489990234375,0.0003,0.0003,0.1
,,,,,304191,743.3983,230,,,,,,,,
,,,,,304378,593.43695,187,,,,,,,,
,,,,,304568,544.42725,190,,,,,,,,
,,,,,304667,184.8319,99,,,,,,,,
,,,,,304865,625.71106,198,,,,,,,,
584.5405,58.524612,662.521,498.54324,178.5,305000,,,-249.4250030517578,-2.111520767211914,9.05514144897461,246.7618408203125,247.0648193359375,0.0003,0.0003,0.1
,,,,,305078,673.4436,213,,,,,,,,
,,,,,305278,634.4432,200,,,,,,,,
,,,,,305450,524.90466,172,,,,,,,,
,,,,,305645,658.1535,195,,,,,,,,
,,,,,305838,630.30884,193,,,,,,,,
,,,,,305994,461.26825,156,,,,,,,,
,,,,,306000,,,-244.2407989501953,-2.1927664279937744,6.765898704528809,242.14862060546875,241.9501953125,0.0003,0.0003,0.1
,,,,,306204,659.0927,210,,,,,,,,
,,,,,306369,520.0892,165,,,,,,,,
,,,,,306569,608.7815,200,,,,,,,,
,,,,,306746,543.7819,177,,,,,,,,
,,,,,306940,635.8887,194,,,,,,,,
,,,,,307000,,,-246.9913330078125,-1.4393101930618286,21.25469970703125,244.91441345214844,245.04013061523438,0.0003,0.0003,0.1
,,,,,307123,572.4514,183,,,,,,,,
,,,,,307303,574.284,180,,,,,,,,
,,,,,307528,685.82635,225,,,,,,,,
,,,,,307574,74.942535,46,,,,,,,,
,,,,,307776,653.4532,202,,,,,,,,
,,,,,307961,584.70154,185,,,,,,,,
,,,,,308000,,,-238.55496215820312,-2.3283443450927734,26.44708251953125,236.91342163085938,236.47203063964844,0.0003,0.0003,0.1
,,,,,308160,557.048,199,,,,,,,,
,,,,,308360,626.8885,200,,,,,,,,
,,,,,308576,668.5587,216,,,,,,,,
,,,,,308774,636.0904,198,,,,,,,,
,,,,,308957,560.4836,183,,,,,,,,
,,,,,309000,,,-248.4532012939453,-1.9408559799194336,11.674668312072754,247.02932739257812,246.9442138671875,0.0003,0.0003,0.1
,,,,,309153,622.897,196,,,,,,,,
,,,,,309361,623.9095,208,,,,,,,,
,,,,,309451,186.64952,90,,,,,,,,
,,,,,309618,523.84796,167,,,,,,,,
,,,,,309825,658.48596,207,,,,,,,,
563.751,166.12064,668.0947,79.152054,174.3,310000,,,-243.4318084716797,-1.9382580518722534,25.590490341186523,241.00274658203125,241.87689208984375,0.0003,0.0003,0.1
,,,,,310041,644.7311,216,,,,,,,,
,,,,,310234,638.6914,193,,,,,,,,
,,,,,310439,623.74585,205,,,,,,,,
,,,,,310648,661.84436,209,,,,,,,,
,,,,,310822,552.222,174,,,,,,,,
,,,,,310850,36.33566,28,,,,,,,,
,,,,,311000,,,-242.99136352539062,-2.1877834796905518,10.091745376586914,241.4676055908203,242.35543823242188,0.0003,0.0003,0.1
,,,,,311047,605.2088,197,,,,,,,,
,,,,,311228,618.53503,181,,,,,,,,
,,,,,311424,599.2272,196,,,,,,,,
,,,,,311605,534.6329,181,,,,,,,,
,,,,,311790,580.7904,185,,,,,,,,
,,,,,311978,562.3471,188,,,,,,,,
,,,,,312000,,,-241.12294006347656,-2.1488842964172363,10.654383659362793,239.46646118164062,239.3778839111328,0.0003,0.0003,0.1
,,,,,312170,600.21625,192,,,,,,,,
,,,,,312367,649.32526,197,,,,,,,,
,,,,,312543,538.236,176,,,,,,,,
,,,,,312738,612.2149,195,,,,,,,,
,,,,,312930,603.5964,192,,,,,,,,
,,,,,313000,,,-240.62307739257812,-2.0352678298950195,62.62651062011719,239.60678100585938,239.29022216796875,0.0003,0.0003,0.1
,,,,,313159,726.12775,229,,,,,,,,
,,,,,313339,591.8922,180,,,,,,,,
,,,,,313530,578.58185,191,,,,,,,,
,,,,,313723,588.2314,193,,,,,,,,
,,,,,313918,601.4634,195,,,,,,,,
,,,,,314000,,,-249.36322021484375,-1.9722208976745605,7.219689846038818,248.39373779296875,248.17068481445312,0.0003,0.0003,0.1
,,,,,314098,603.84357,180,,,,,,,,
,,,,,314275,532.4919,177,,,,,,,,
,,,,,314392,270.03952,117,,,,,,,,
,,,,,314505,289.25195,113,,,,,,,,
,,,,,314690,574.3862,185,,,,,,,,
,,,,,314894,617.45306,204,,,,,,,,
566.0275,57.298126,617.24725,405.0193,184.4,315000,,,-245.74615478515625,-1.607269525527954,5.367116451263428,244.11187744140625,244.16847229003906,0.0003,0.0003,0.1
,,,,,315095,598.92804,201,,,,,,,,
,,,,,315280,606.55066,185,,,,,,,,
,,,,,315482,602.0356,202,,,,,,,,
,,,,,315666,612.98926,184,,,,,,,,
,,,,,315866,642.6557,200,,,,,,,,
,,,,,316000,,,-249.2379608154297,-1.7770369052886963,18.6752872467041,247.56292724609375,248.08572387695312,0.0003,0.0003,0.1
,,,,,316033,534.4936,167,,,,,,,,
,,,,,316227,568.5357,194,,,,,,,,
,,,,,316413,577.46625,186,,,,,,,,
,,,,,316594,531.3746,181,,,,,,,,
,,,,,316760,492.42944,166,,,,,,,,
,,,,,316912,459.10297,152,,,,,,,,
,,,,,317000,,,-246.7808380126953,-2.066526174545288,26.59758186340332,244.3748016357422,244.11135864257812,0.0003,0.0003,0.1
,,,,,317034,323.51477,122,,,,,,,,
,,,,,317117,169.99547,83,,,,,,,,
,,,,,317323,639.4587,206,,,,,,,,
,,,,,317518,604.88086,195,,,,,,,,
,,,,,317674,462.25568,156,,,,,,,,
,,,,,317832,465.60464,158,,,,,,,,
,,,,,317918,177.68144,86,,,,,,,,
,,,,,318000,,,-242.83456420898438,-1.8647208213806152,55.47899627685547,241.3675537109375,241.2041473388672,0.0003,0.0003,0.1
,,,,,318072,452.49863,154,,,,,,,,
,,,,,318257,560.4638,185,,,,,,,,
,,,,,318433,582.8378,176,,,,,,,,
,,,,,318630,631.16644,197,,,,,,,,
,,,,,318785,452.62598,155,,,,,,,,
,,,,,318970,567.1768,185,,,,,,,,
,,,,,319000,,,-246.1483917236328,-2.214087724685669,24.99521827697754,244.0673065185547,243.50157165527344,0.0003,0.0003,0.1
,,,,,319173,613.48865,203,,,,,,,,
,,,,,319372,652.4096,199,,,,,,,,
,,,,,319551,552.0936,179,,,,,,,,
,,,,,319736,560.59644,185,,,,,,,,
,,,,,319938,605.02014,202,,,,,,,,
556.22705,58.423428,648.2755,455.1917,188.5,320000,,,-241.75973510742188,-1.9960813522338867,9.74429702758789,239.85745239257812,239.49078369140625,0.0003,0.0003,0.1
,,,,,320160,673.05396,222,,,,,,,,
,,,,,320339,532.3585,179,,,,,,,,
,,,,,320536,599.2657,197,,,,,,,,
,,,,,320721,579.07196,185,,,,,,,,
,,,,,320889,491.40536,168,,,,,,,,
,,,,,321000,,,-241.5350341796875,-1.689286708831787,15.069835662841797,239.04583740234375,239.19313049316406,0.0003,0.0003,0.1
,,,,,321102,640.16064,213,,,,,,,,
,,,,,321293,618.3529,191,,,,,,,,
,,,,,321493,612.215,200,,,,,,,,
,,,,,321682,578.04755,189,,,,,,,,
,,,,,321848,494.85654,166,,,,,,,,
,,,,,322000,,,-241.48110961914062,-1.4067020416259766,12.280792236328125,239.40794372558594,239.45111083984375,0.0003,0.0003,0.1
,,,,,322040,603.86255,192,,,,,,,,
,,,,,322239,579.07263,199,,,,,,,,
,,,,,322430,593.7174,191,,,,,,,,
,,,,,322641,660.5779,211,,,,,,,,
,,,,,322841,657.3548,200,,,,,,,,
,,,,,323000,,,-245.4817657470703,-1.7203876972198486,91.96417999267578,243.25860595703125,243.52757263183594,0.0003,0.0003,0.1
,,,,,323041,618.4831,200,,,,,,,,
,,,,,323235,609.11505,194,,,,,,,,
,,,,,323399,524.4128,164,,,,,,,,
,,,,,323576,539.5409,177,,,,,,,,
,,,,,323757,573.74023,181,,,,,,,,
,,,,,323936,554.0916,179,,,,,,,,
,,,,,324000,,,-252.325927734375,-1.8768436908721924,6.419784069061279,250.56939697265625,251.00753784179688,0.0003,0.0003,0.1
,,,,,324129,648.3406,193,,,,,,,,
,,,,,324330,618.69086,201,,,,,,,,
,,,,,324535,649.31335,205,,,,,,,,
,,,,,324720,583.09576,185,,,,,,,,
,,,,,324917,622.1463,197,,,,,,,,
609.09424,75.252045,739.1984,429.90652,200.2,325000,,,-245.89471435546875,-2.1415414810180664,11.144761085510254,244.40524291992188,244.78741455078125,0.0003,0.0003,0.1
,,,,,325120,610.29767,203,,,,,,,,
,,,,,325277,449.7296,157,,,,,,,,
,,,,,325481,648.1174,204,,,,,,,,
,,,,,325649,500.41006,168,,,,,,,,
,,,,,325847,655.9331,198,,,,,,,,
,,,,,326000,,,-241.0493621826172,-1.8357396125793457,8.347583770751953,238.78515625,239.19757080078125,0.0003,0.0003,0.1
,,,,,326038,642.6724,191,,,,,,,,
,,,,,326243,624.5807,205,,,,,,,,
,,,,,326446,662.8259,203,,,,,,,,
,,,,,326639,629.4596,193,,,,,,,,
,,,,,326853,660.7036,214,,,,,,,,
,,,,,327000,,,-244.32427978515625,-1.8033649921417236,12.088687896728516,243.30841064453125,242.91958618164062,0.0003,0.0003,0.1
,,,,,327049,582.7047,196,,,,,,,,
,,,,,327230,606.20123,181,,,,,,,,
,,,,,327426,596.7291,196,,,,,,,,
,,,,,327629,614.766,203,,,,,,,,
,,,,,327813,619.2553,184,,,,,,,,
,,,,,328000,,,-239.78575134277344,-1.7827963829040527,8.263870239257812,238.96478271484375,238.90011596679688,0.0003,0.0003,0.1
,,,,,328007,575.16327,194,,,,,,,,
,,,,,328187,520.55066,180,,,,,,,,
,,,,,328387,613.25836,200,,,,,,,,
,,,,,328559,530.8426,172,,,,,,,,
,,,,,328742,590.40344,183,,,,,,,,
,,,,,328808,130.60802,66,,,,,,,,
,,,,,328990,611.37646,182,,,,,,,,
,,,,,329000,,,-242.91119384765625,-1.9633101224899292,5.377037525177002,240.97476196289062,241.02830505371094,0.0003,0.0003,0.1
,,,,,329162,571.09344,172,,,,,,,,
,,,,,329358,656.3375,196,,,,,,,,
,,,,,329534,558.2554,176,,,,,,,,
,,,,,329723,626.48456,189,,,,,,,,
,,,,,329856,325.30948,133,,,,,,,,
611.1224,34.787556,658.1993,540.41046,188.8,330000,,,-247.37109375,-1.6599140167236328,6.674472332000732,246.10089111328125,246.3546905517578,0.0003,0.0003,0.1
,,,,,330017,516.1481,161,,,,,,,,
,,,,,330160,340.82535,143,,,,,,,,
,,,,,330329,540.60944,169,,,,,,,,
,,,,,330536,668.44965,207,,,,,,,,
,,,,,330744,660.4431,208,,,,,,,,
,,,,,330926,619.47833,182,,,,,,,,
,,,,,331000,,,-242.6578369140625,-1.848983883857727,8.856138229370117,241.4569854736328,241.5076904296875,0.0003,0.0003,0.1
,,,,,331114,555.1006,188,,,,,,,,
,,,,,331316,607.6631,202,,,,,,,,
,,,,,331522,674.13196,206,,,,,,,,
,,,,,331731,698.1039,209,,,,,,,,
,,,,,331927,587.9286,196,,,,,,,,
,,,,,332000,,,-245.5854034423828,-1.8511114120483398,12.003005027770996,242.9893341064453,242.97328186035156,0.0003,0.0003,0.1
,,,,,332116,615.24066,189,,,,,,,,
,,,,,332314,647.6551,198,,,,,,,,
,,,,,332506,620.7685,192,,,,,,,,
,,,,,332662,481.0752,156,,,,,,,,
,,,,,332852,616.2767,190,,,,,,,,
,,,,,333000,,,-242.76132202148438,-1.7309212684631348,25.872507095336914,241.64483642578125,241.05621337890625,0.0003,0.0003,0.1
,,,,,333037,585.4538,185,,,,,,,,
,,,,,333161,263.30603,124,,,,,,,,
,,,,,333343,550.9846,182,,,,,,,,
,,,,,333540,668.4917,197,,,,,,,,
,,,,,333701,531.47144,161,,,,,,,,
,,,,,333860,505.73523,159,,,,,,,,
,,,,,334000,,,-246.58924865722656,-1.6625747680664062,7.92313289642334,245.48080444335938,245.32098388671875,0.0003,0.0003,0.1
,,,,,334053,655.3596,193,,,,,,,,
,,,,,334254,661.4856,201,,,,,,,,
,,,,,334438,572.8798,184,,,,,,,,
,,,,,334643,624.9087,205,,,,,,,,
,,,,,334845,676.3886,202,,,,,,,,
583.71643,38.211994,656.1512,525.19934,184.6,335000,,,-229.80093383789062,-1.8362706899642944,8.361129760742188,228.0725860595703,228.41098022460938,0.0003,0.0003,0.1
,,,,,335081,735.4752,236,,,,,,,,
,,,,,335283,639.8626,202,,,,,,,,
,,,,,335436,506.77347,153,,,,,,,,
,,,,,335638,683.1973,202,,,,,,,,
,,,,,335815,547.0139,177,,,,,,,,
,,,,,336000,,,-241.29107666015625,-1.6614784002304077,14.985634803771973,239.35704040527344,239.2803955078125,0.0003,0.0003,0.1
,,,,,336004,644.8628,189,,,,,,,,
,,,,,336183,590.90155,179,,,,,,,,
,,,,,336382,605.6561,199,,,,,,,,
,,,,,336548,544.66833,166,,,,,,,,
,,,,,336708,530.3824,160,,,,,,,,
,,,,,336892,574.55615,184,,,,,,,,
,,,,,337000,,,-241.28782653808594,-1.620279312133789,7.762336254119873,240.2236785888672,240.23599243164062,0.0003,0.0003,0.1
,,,,,337063,538.3686,171,,,,,,,,
,,,,,337264,633.5546,201,,,,,,,,
,,,,,337420,473.608,156,,,,,,,,
,,,,,337636,662.88983,216,,,,,,,,
,,,,,337824,595.2502,188,,,,,,,,
,,,,,338000,,,-238.0679931640625,-1.6274654865264893,7.288246154785156,236.08224487304688,236.07322692871094,0.0003,0.0003,0.1
,,,,,338044,696.5865,220,,,,,,,,
,,,,,338196,463.72696,152,,,,,,,,
,,,,,338385,579.9951,189,,,,,,,,
,,,,,338581,653.07965,196,,,,,,,,
,,,,,338776,632.926,195,,,,,,,,
,,,,,338938,511.48932,162,,,,,,,,
,,,,,339000,,,-236.66903686523438,-1.8589885234832764,9.54158878326416,235.69297790527344,235.99526977539062,0.0003,0.0003,0.1
,,,,,339104,478.97446,166,,,,,,,,
,,,,,339300,657.6641,196,,,,,,,,
,,,,,339501,627.3744,201,,,,,,,,
,,,,,339677,549.846,176,,,,,,,,
,,,,,339849,523.34827,172,,,,,,,,
656.99084,55.640587,785.10046,584.405,203.0,340000,,,-248.26866149902344,-1.6106302738189697,33.031410217285156,245.65692138671875,245.10275268554688,0.0003,0.0003,0.1
,,,,,340045,592.2074,196,,,,,,,,
,,,,,340199,404.35434,154,,,,,,,,
,,,,,340378,501.6545,179,,,,,,,,
,,,,,340594,651.1237,216,,,,,,,,
,,,,,340745,484.2497,151,,,,,,,,
,,,,,340949,630.7217,204,,,,,,,,
,,,,,341000,,,-246.09300231933594,-1.5623855590820312,35.08589553833008,244.91513061523438,244.3724365234375,0.0003,0.0003,0.1
,,,,,341129,591.0487,180,,,,,,,,
,,,,,341336,636.1691,207,,,,,,,,
,,,,,341509,553.8697,173,,,,,,,,
,,,,,341684,557.7354,175,,,,,,,,
,,,,,341867,563.362,183,,,,,,,,
,,,,,342000,,,-244.42822265625,-1.94061279296875,7.258837699890137,243.45669555664062,243.093994140625,0.0003,0.0003,0.1
,,,,,342054,621.8612,187,,,,,,,,
,,,,,342203,466.7471,149,,,,,,,,
,,,,,342403,638.17975,200,,,,,,,,
,,,,,342577,561.84863,174,,,,,,,,
,,,,,342783,652.4721,206,,,,,,,,
,,,,,342965,542.1644,182,,,,,,,,
,,,,,343000,,,-242.14295959472656,-1.6119439601898193,11.493108749389648,241.04147338867188,240.87925720214844,0.0003,0.0003,0.1
,,,,,343162,601.3539,197,,,,,,,,
,,,,,343371,638.01355,209,,,,,,,,
,,,,,343549,564.3139,178,,,,,,,,
,,,,,343732,583.3165,183,,,,,,,,
,,,,,343919,556.00885,187,,,,,,,,
,,,,,344000,,,-247.2919158935547,-1.937650203704834,27.901376724243164,246.16531372070312,245.32220458984375,0.0003,0.0003,0.1
,,,,,344104,543.25964,185,,,,,,,,
,,,,,344289,589.3293,185,,,,,,,,
,,,,,344486,622.9367,197,,,,,,,,
,,,,,344704,693.84485,218,,,,,,,,
,,,,,344876,544.90436,172,,,,,,,,
620.26843,35.64835,675.1697,527.3233,191.8,345000,,,-241.0142822265625,-2.0102670192718506,46.387454986572266,239.41392517089844,238.5349884033203,0.0003,0.0003,0.1
,,,,,345053,533.9934,177,,,,,,,,
,,,,,345234,523.2025,181,,,,,,,,
,,,,,345384,372.01733,150,,,,,,,,
,,,,,345586,599.87634,202,,,,,,,,
,,,,,345787,624.48096,201,,,,,,,,
,,,,,345980,557.746,193,,,,,,,,
,,,,,346000,,,-239.34323120117188,-1.632643222808838,11.534515380859375,236.99246215820312,236.47720336914062,0.0003,0.0003,0.1
,,,,,346150,511.95822,170,,,,,,,,
,,,,,346333,564.59656,183,,,,,,,,
,,,,,346497,525.15936,164,,,,,,,,
,,,,,346702,656.47424,205,,,,,,,,
,,,,,346889,543.3728,187,,,,,,,,
,,,,,347000,,,-250.98727416992188,-1.3903021812438965,5.167930603027344,249.9158935546875,249.57655334472656,0.0003,0.0003,0.1
,,,,,347062,484.59003,173,,,,,,,,
,,,,,347262,566.75305,200,,,,,,,,
,,,,,347434,525.65515,172,,,,,,,,
,,,,,347629,613.0314,195,,,,,,,,
,,,,,347829,639.06964,200,,,,,,,,
,,,,,348000,,,-246.606201171875,-1.27439546585083,10.035469055175781,245.82965087890625,245.57583618164062,0.0003,0.0003,0.1
,,,,,348021,606.4759,192,,,,,,,,
,,,,,348183,517.25446,162,,,,,,,,
,,,,,348356,540.53625,173,,,,,,,,
,,,,,348564,649.1938,208,,,,,,,,
,,,,,348732,531.6943,168,,,,,,,,
,,,,,348914,549.4307,182,,,,,,,,
,,,,,349000,,,-246.35592651367188,-1.4645209312438965,18.574308395385742,244.6409912109375,244.37918090820312,0.0003,0.0003,0.1
,,,,,349110,629.8305,196,,,,,,,,
,,,,,349308,609.2934,198,,,,,,,,
,,,,,349479,537.8879,171,,,,,,,,
,,,,,349661,522.07935,182,,,,,,,,
,,,,,349847,597.7475,186,,,,,,,,
503.42462,32.314316,570.6116,444.86127,164.2,350000,,,-242.0946807861328,-2.041421890258789,32.91041564941406,239.22726440429688,238.74354553222656,0.0003,0.0003,0.1
,,,,,350018,565.85547,171,,,,,,,,
,,,,,350177,505.86392,159,,,,,,,,
,,,,,350396,712.7835,219,,,,,,,,
,,,,,350573,555.18555,177,,,,,,,,
,,,,,350746,519.76294,173,,,,,,,,
,,,,,350927,569.47217,181,,,,,,,,
,,,,,351000,,,-247.20657348632812,-1.7159861326217651,8.381181716918945,246.6185302734375,246.4160919189453,0.0003,0.0003,0.1
,,,,,351137,642.62573,210,,,,,,,,
,,,,,351322,617.6779,185,,,,,,,,
,,,,,351523,627.92413,201,,,,,,,,
,,,,,351729,626.1593,206,,,,,,,,
,,,,,351914,588.10535,185,,,,,,,,
,,,,,352000,,,-241.94207763671875,-1.6551748514175415,6.382106304168701,240.2099609375,239.76470947265625,0.0003,0.0003,0.1
,,,,,352099,591.244,185,,,,,,,,
,,,,,352275,542.57697,176,,,,,,,,
,,,,,352446,528.71185,171,,,,,,,,
,,,,,352573,353.60117,127,,,,,,,,
,,,,,352780,637.9121,207,,,,,,,,
,,,,,352922,368.41846,142,,,,,,,,
,,,,,353000,,,-241.6474609375,-1.7122753858566284,19.261137008666992,238.69769287109375,238.89727783203125,0.0003,0.0003,0.1
,,,,,353126,658.28815,204,,,,,,,,
,,,,,353321,598.51447,195,,,,,,,,
,,,,,353491,565.8898,170,,,,,,,,
,,,,,353685,637.2949,194,,,,,,,,
,,,,,353875,612.1848,190,,,,,,,,
,,,,,354000,,,-234.66873168945312,-2.0213398933410645,10.490169525146484,232.8033447265625,232.98709106445312,0.0003,0.0003,0.1
,,,,,354076,651.8118,201,,,,,,,,
,,,,,354274,676.69305,198,,,,,,,,
,,,,,354455,624.91534,181,,,,,,,,
,,,,,354662,681.8692,207,,,,,,,,
,,,,,354847,630.2139,185,,,,,,,,
585.7887,45.09749,640.928,513.18976,184.3,355000,,,-229.411376953125,-1.9859302043914795,7.782054424285889,228.50885009765625,228.3740692138672,0.0003,0.0003,0.1
,,,,,355011,541.7424,164,,,,,,,,
,,,,,355179,544.82214,168,,,,,,,,
,,,,,355348,557.50574,169,,,,,,,,
,,,,,355508,510.11026,160,,,,,,,,
,,,,,355699,593.5383,191,,,,,,,,
,,,,,355880,587.5957,181,,,,,,,,
,,,,,356000,,,-250.64686584472656,-2.2663607597351074,6.828060150146484,248.65025329589844,248.8450927734375,0.0003,0.0003,0.1
,,,,,356063,609.73773,183,,,,,,,,
,,,,,356218,461.96564,155,,,,,,,,
,,,,,356393,534.1173,175,,,,,,,,
,,,,,356576,597.9974,183,,,,,,,,
,,,,,356769,624.7771,193,,,,,,,,
,,,,,356850,180.4629,81,,,,,,,,
,,,,,357000,,,-240.60238647460938,-1.5396955013275146,7.4203081130981445,239.6040802001953,239.82345581054688,0.0003,0.0003,0.1
,,,,,357031,613.0246,181,,,,,,,,
,,,,,357201,545.4104,170,,,,,,,,
,,,,,357334,320.1883,133,,,,,,,,
,,,,,357537,693.0453,203,,,,,,,,
,,,,,357564,40.29762,27,,,,,,,,
,,,,,357761,648.37,197,,,,,,,,
,,,,,357932,552.9098,171,,,,,,,,
,,,,,358000,,,-241.62770080566406,-1.6460745334625244,14.870536804199219,239.57199096679688,239.23098754882812,0.0003,0.0003,0.1
,,,,,358155,691.2328,223,,,,,,,,
,,,,,358321,530.3499,166,,,,,,,,
,,,,,358492,550.96454,171,,,,,,,,
,,,,,358663,558.99475,171,,,,,,,,
,,,,,358859,589.21185,196,,,,,,,,
,,,,,359000,,,-248.22149658203125,-1.76735520362854,5.5149383544921875,247.62051391601562,247.5146942138672,0.0003,0.0003,0.1
,,,,,359050,583.28827,191,,,,,,,,
,,,,,359228,564.0357,178,,,,,,,,
,,,,,359410,615.86615,182,,,,,,,,
,,,,,359583,560.8135,173,,,,,,,,
,,,,,359753,547.22394,170,,,,,,,,
,,,,,359951,597.29877,198,,,,,,,,
575.0954,51.91537,621.66284,434.1093,183.5,360000,,,-238.5555419921875,-1.6743125915527344,6.3144121170043945,237.27662658691406,237.13436889648438,0.0003,0.0003,0.1
,,,,,360151,606.947,200,,,,,,,,
,,,,,360309,523.94745,158,,,,,,,,
,,,,,360491,586.6081,182,,,,,,,,
,,,,,360676,559.3293,185,,,,,,,,
,,,,,360863,594.35956,187,,,,,,,,
,,,,,361000,,,-239.21218872070312,-1.9034898281097412,7.418681621551514,238.2427978515625,237.8497314453125,0.0003,0.0003,0.1
,,,,,361027,549.3107,164,,,,,,,,
,,,,,361214,641.0415,187,,,,,,,,
,,,,,361408,661.77484,194,,,,,,,,
,,,,,361573,546.41425,165,,,,,,,,
,,,,,361755,559.204,182,,,,,,,,
,,,,,361947,636.6097,192,,,,,,,,
,,,,,362000,,,-243.86099243164062,-1.762353539466858,9.60726261138916,241.88865661621094,242.21954345703125,0.0003,0.0003,0.1
,,,,,362119,553.19366,172,,,,,,,,
,,,,,362310,654.34436,191,,,,,,,,
,,,,,362483,556.55176,173,,,,,,,,
,,,,,362675,638.61456,192,,,,,,,,
,,,,,362848,582.6432,173,,,,,,,,
,,,,,363000,,,-238.27304077148438,-1.6980226039886475,10.33732795715332,237.56216430664062,237.24850463867188,0.0003,0.0003,0.1
,,,,,363027,601.30994,179,,,,,,,,
,,,,,363211,627.7107,184,,,,,,,,
,,,,,363396,591.38477,185,,,,,,,,
,,,,,363565,533.3601,169,,,,,,,,
,,,,,363749,629.243,184,,,,,,,,
,,,,,363884,379.56644,135,,,,,,,,
,,,,,364000,,,-244.0689697265625,-2.1086249351501465,15.032302856445312,242.57882690429688,243.21609497070312,0.0003,0.0003,0.1
,,,,,364076,649.7911,192,,,,,,,,
,,,,,364259,623.6163,183,,,,,,,,
,,,,,364403,405.25027,144,,,,,,,,
,,,,,364589,640.9769,186,,,,,,,,
,,,,,364772,590.71515,183,,,,,,,,
,,,,,364933,537.6553,161,,,,,,,,
435.64105,242.25664,685.65967,74.527664,140.2,365000,,,-241.09056091308594,-1.7186670303344727,13.29720687866211,239.86929321289062,239.98312377929688,0.0003,0.0003,0.1
,,,,,365120,641.23737,187,,,,,,,,
,,,,,365313,627.1644,193,,,,,,,,
,,,,,365506,642.8868,193,,,,,,,,
,,,,,365713,688.7309,207,,,,,,,,
,,,,,365893,605.14844,180,,,,,,,,
,,,,,366000,,,-238.45913696289062,-1.42156982421875,10.595504760742188,237.70864868164062,237.34384155273438,0.0003,0.0003,0.1
,,,,,366096,621.99036,203,,,,,,,,
,,,,,366269,565.4796,173,,,,,,,,
,,,,,366459,546.2326,190,,,,,,,,
,,,,,366507,88.99588,48,,,,,,,,
,,,,,366680,579.1516,173,,,,,,,,
,,,,,366875,631.9044,195,,,,,,,,
,,,,,367000,,,-238.09109497070312,-1.9359251260757446,19.286243438720703,236.84303283691406,237.28506469726562,0.0003,0.0003,0.1
,,,,,367040,526.95306,165,,,,,,,,
,,,,,367249,650.5585,209,,,,,,,,
,,,,,367423,572.8836,174,,,,,,,,
,,,,,367466,75.89849,43,,,,,,,,
,,,,,367643,594.11975,177,,,,,,,,
,,,,,367820,587.7697,177,,,,,,,,
,,,,,368000,,,-248.37115478515625,-1.55408775806427,7.199042797088623,247.40545654296875,247.20782470703125,0.0003,0.0003,0.1
,,,,,368029,677.4613,209,,,,,,,,
,,,,,368246,665.6123,217,,,,,,,,
,,,,,368442,585.46484,196,,,,,,,,
,,,,,368634,647.026,192,,,,,,,,
,,,,,368812,547.56946,178,,,,,,,,
,,,,,368867,101.6651,55,,,,,,,,
,,,,,369000,,,-254.4373779296875,-1.5844354629516602,15.109794616699219,253.38287353515625,253.946533203125,0.0003,0.0003,0.1
,,,,,369066,660.52344,199,,,,,,,,
,,,,,369272,655.81323,206,,,,,,,,
,,,,,369321,91.66013,49,,,,,,,,
,,,,,369530,662.56885,209,,,,,,,,
,,,,,369706,583.1437,176,,,,,,,,
,,,,,369914,660.2329,208,,,,,,,,
,,,,,369936,26.271801,22,,,,,,,,
590.59406,49.086452,656.48846,510.91473,179.2,370000,,,-248.59872436523438,-1.4078917503356934,6.494499683380127,247.26730346679688,247.269287109375,0.0003,0.0003,0.1
,,,,,370108,573.5526,172,,,,,,,,
,,,,,370285,588.4045,177,,,,,,,,
,,,,,370485,684.01306,200,,,,,,,,
,,,,,370656,571.51117,171,,,,,,,,
,,,,,370863,659.79974,207,,,,,,,,
,,,,,371000,,,-247.39239501953125,-2.4967851638793945,6.900641441345215,246.41334533691406,246.3622589111328,0.0003,0.0003,0.1
,,,,,371082,699.1058,219,,,,,,,,
,,,,,371212,355.24454,130,,,,,,,,
,,,,,371407,667.6135,195,,,,,,,,
,,,,,371604,680.6362,197,,,,,,,,
,,,,,371779,554.707,175,,,,,,,,
,,,,,371974,657.27747,195,,,,,,,,
,,,,,372000,,,-242.03997802734375,-1.56723952293396,6.425251007080078,240.9214630126953,241.3714599609375,0.0003,0.0003,0.1
,,,,,372188,685.5406,214,,,,,,,,
,,,,,372376,625.0121,188,,,,,,,,
,,,,,372401,31.255005,25,,,,,,,,
,,,,,372593,609.9945,192,,,,,,,,
,,,,,372792,675.9075,199,,,,,,,,
,,,,,372959,564.8402,167,,,,,,,,
,,,,,372979,21.73544,20,,,,,,,,
,,,,,373000,,,-247.66378784179688,-1.5103492736816406,5.93449592590332,246.73556518554688,246.2313995361328,0.0003,0.0003,0.1
,,,,,373172,639.7174,193,,,,,,,,
,,,,,373380,632.26575,208,,,,,,,,
,,,,,373591,683.78375,211,,,,,,,,
,,,,,373752,517.98987,161,,,,,,,,
,,,,,373940,593.0685,188,,,,,,,,
,,,,,373970,37.68875,30,,,,,,,,
,,,,,374000,,,-240.1031036376953,-1.7381725311279297,5.817326545715332,239.38880920410156,239.08563232421875,0.0003,0.0003,0.1
,,,,,374162,655.00885,192,,,,,,,,
,,,,,374359,644.4543,197,,,,,,,,
,,,,,374554,667.8081,195,,,,,,,,
,,,,,374730,587.12445,176,,,,,,,,
,,,,,374913,578.3077,183,,,,,,,,
432.20712,259.62817,664.07056,35.5376,139.5,375000,,,-246.68875122070312,-1.605161190032959,7.354000568389893,244.54310607910156,244.51806640625,0.0003,0.0003,0.1
,,,,,375108,633.638,195,,,,,,,,
,,,,,375288,596.46436,180,,,,,,,,
,,,,,375470,629.24194,182,,,,,,,,
,,,,,375662,659.14594,192,,,,,,,,
,,,,,375820,511.4641,158,,,,,,,,
,,,,,375843,27.562061,23,,,,,,,,
,,,,,375864,22.883553,21,,,,,,,,
,,,,,376000,,,-230.68287658691406,-2.0248045921325684,13.987895965576172,229.89524841308594,229.68194580078125,0.0003,0.0003,0.1
,,,,,376027,533.5274,163,,,,,,,,
,,,,,376050,27.689955,23,,,,,,,,
,,,,,376075,31.444157,25,,,,,,,,
,,,,,376274,655.72455,199,,,,,,,,
,,,,,376461,611.1827,187,,,,,,,,
,,,,,376648,628.8065,187,,,,,,,,
,,,,,376824,580.3802,176,,,,,,,,
,,,,,376999,601.8891,175,,,,,,,,
,,,,,377000,,,-249.01727294921875,-2.129960298538208,10.905109405517578,248.36859130859375,247.81777954101562,0.0003,0.0003,0.1
,,,,,377202,613.08575,203,,,,,,,,
,,,,,377394,638.9347,192,,,,,,,,
,,,,,377555,508.31335,161,,,,,,,,
,,,,,377757,674.2954,202,,,,,,,,
,,,,,377926,534.2943,169,,,,,,,,
,,,,,378000,,,-251.64761352539062,-1.5317332744598389,6.968114852905273,250.77365112304688,250.92868041992188,0.0003,0.0003,0.1
,,,,,378100,531.92096,174,,,,,,,,
,,,,,378286,583.60693,186,,,,,,,,
,,,,,378476,600.65704,190,,,,,,,,
,,,,,378661,627.2607,185,,,,,,,,
,,,,,378854,639.8156,193,,,,,,,,
,,,,,379000,,,-245.90863037109375,-1.6497752666473389,4.1804704666137695,243.24697875976562,243.837890625,0.0003,0.0003,0.1
,,,,,379029,554.2065,175,,,,,,,,
,,,,,379228,649.6464,199,,,,,,,,
,,,,,379421,600.0671,193,,,,,,,,
,,,,,379617,583.0132,196,,,,,,,,
,,,,,379825,660.20447,208,,,,,,,,
603.7974,35.406742,646.91565,531.1389,194.0,380000,,,-237.88543701171875,-1.7805447578430176,6.7904438972473145,237.10150146484375,237.18447875976562,0.0003,0.0003,0.1
,,,,,380017,642.1607,192,,,,,,,,
,,,,,380216,681.95276,199,,,,,,,,
,,,,,380333,304.91507,117,,,,,,,,
,,,,,380529,640.3243,196,,,,,,,,
,,,,,380740,654.71625,211,,,,,,,,
,,,,,380903,496.83212,163,,,,,,,,
,,,,,381000,,,-241.9224853515625,-1.9367599487304688,5.985780715942383,240.44444274902344,240.11376953125,0.0003,0.0003,0.1
,,,,,381095,601.12714,192,,,,,,,,
,,,,,381280,597.2172,185,,,,,,,,
,,,,,381484,693.91113,204,,,,,,,,
,,,,,381658,579.7644,174,,,,,,,,
,,,,,381848,626.26685,190,,,,,,,,
,,,,,382000,,,-241.50299072265625,-1.579018473625183,7.992907524108887,240.77621459960938,241.4588623046875,0.0003,0.0003,0.1
,,,,,382032,639.49316,184,,,,,,,,
,,,,,382213,572.5272,181,,,,,,,,
,,,,,382393,595.5831,180,,,,,,,,
,,,,,382574,580.1377,181,,,,,,,,
,,,,,382764,618.27673,190,,,,,,,,
,,,,,382973,648.98755,209,,,,,,,,
,,,,,383000,,,-247.27447509765625,-1.7116543054580688,5.406205177307129,243.18716430664062,243.4828338623047,0.0003,0.0003,0.1
,,,,,383163,654.12524,190,,,,,,,,
,,,,,383375,696.40186,212,,,,,,,,
,,,,,383554,569.11884,179,,,,,,,,
,,,,,383741,647.08386,187,,,,,,,,
,,,,,383896,439.6287,155,,,,,,,,
,,,,,384000,,,-236.824951171875,-1.5973198413848877,6.025057792663574,236.06271362304688,235.75167846679688,0.0003,0.0003,0.1
,,,,,384087,579.8378,191,,,,,,,,
,,,,,384261,581.3126,174,,,,,,,,
,,,,,384463,669.9732,202,,,,,,,,
,,,,,384679,679.4383,216,,,,,,,,
,,,,,384880,652.1231,201,,,,,,,,
588.24554,66.99565,684.0138,477.12338,180.4,385000,,,-234.30357360839844,-1.7140007019042969,12.194157600402832,232.7052459716797,232.516845703125,0.0003,0.0003,0.1
,,,,,385085,617.6547,205,,,,,,,,
,,,,,385277,657.0725,192,,,,,,,,
,,,,,385449,586.6179,172,,,,,,,,
,,,,,385600,470.99152,151,,,,,,,,
,,,,,385766,538.7698,166,,,,,,,,
,,,,,385966,687.33966,200,,,,,,,,
,,,,,386000,,,-249.56521606445312,-1.762300729751587,10.826678276062012,246.978759765625,246.98818969726562,0.0003,0.0003,0.1
,,,,,386118,455.9907,152,,,,,,,,
,,,,,386317,603.20856,199,,,,,,,,
,,,,,386534,679.6867,217,,,,,,,,
,,,,,386722,643.0898,188,,,,,,,,
,,,,,386920,634.5689,198,,,,,,,,
,,,,,387000,,,-244.66082763671875,-1.7241185903549194,6.133435249328613,243.49847412109375,243.69583129882812,0.0003,0.0003,0.1
,,,,,387101,612.4181,181,,,,,,,,
,,,,,387301,653.6339,200,,,,,,,,
,,,,,387489,527.33435,188,,,,,,,,
,,,,,387710,695.5701,221,,,,,,,,
,,,,,387907,662.2105,197,,,,,,,,
,,,,,388000,,,-239.86549377441406,-1.5710794925689697,6.8447442054748535,236.92434692382812,237.11279296875,0.0003,0.0003,0.1
,,,,,388094,588.38434,187,,,,,,,,
,,,,,388284,626.0951,190,,,,,,,,
,,,,,388485,658.6637,201,,,,,,,,
,,,,,388662,585.11383,177,,,,,,,,
,,,,,388854,597.02185,192,,,,,,,,
,,,,,389000,,,-232.57363891601562,-1.9547579288482666,6.608392238616943,231.27435302734375,231.54058837890625,0.0003,0.0003,0.1
,,,,,389056,646.0233,202,,,,,,,,
,,,,,389246,595.2773,190,,,,,,,,
,,,,,389440,580.2712,194,,,,,,,,
,,,,,389635,646.3263,195,,,,,,,,
,,,,,389836,666.5423,201,,,,,,,,
539.9119,81.549126,668.67865,437.1798,172.3,390000,,,-241.88816833496094,-1.806114912033081,10.917844772338867,241.06210327148438,240.62147521972656,0.0003,0.0003,0.1
,,,,,390007,560.25616,171,,,,,,,,
,,,,,390194,628.7498,187,,,,,,,,
,,,,,390404,661.9207,210,,,,,,,,
,,,,,390592,606.57104,188,,,,,,,,
,,,,,390774,602.11926,182,,,,,,,,
,,,,,390973,615.5583,199,,,,,,,,
,,,,,391000,,,-234.84518432617188,-1.745232105255127,8.238138198852539,233.66473388671875,233.80975341796875,0.0003,0.0003,0.1
,,,,,391163,578.99634,190,,,,,,,,
,,,,,391356,609.197,193,,,,,,,,
,,,,,391548,639.6721,192,,,,,,,,
,,,,,391774,707.2231,226,,,,,,,,
,,,,,391928,437.2974,154,,,,,,,,
,,,,,392000,,,-244.82406616210938,-1.6613569259643555,6.263126373291016,244.1186065673828,244.15216064453125,0.0003,0.0003,0.1
,,,,,392092,537.1861,164,,,,,,,,
,,,,,392223,356.14224,131,,,,,,,,
,,,,,392397,517.11475,174,,,,,,,,
,,,,,392569,579.7645,172,,,,,,,,
,,,,,392760,558.6156,191,,,,,,,,
,,,,,392956,583.78107,196,,,,,,,,
,,,,,393000,,,-245.8280029296875,-1.6554975509643555,13.565268516540527,243.9825897216797,243.2275848388672,0.0003,0.0003,0.1
,,,,,393171,703.56067,215,,,,,,,,
,,,,,393357,632.40186,186,,,,,,,,
,,,,,393590,755.55304,233,,,,,,,,
,,,,,393788,627.54504,198,,,,,,,,
,,,,,393985,667.7322,197,,,,,,,,
,,,,,394000,,,-238.83349609375,-1.696927785873413,8.556802749633789,237.24691772460938,237.70480346679688,0.0003,0.0003,0.1
,,,,,394175,652.2692,190,,,,,,,,
,,,,,394369,654.80365,194,,,,,,,,
,,,,,394572,649.6053,203,,,,,,,,
,,,,,394755,601.3513,183,,,,,,,,
,,,,,394942,603.7799,187,,,,,,,,
619.47327,51.530567,683.7501,491.73642,182.1,395000,,,-236.05755615234375,-1.4211676120758057,15.205449104309082,234.31756591796875,234.2677001953125,0.0003,0.0003,0.1
,,,,,395156,668.49774,214,,,,,,,,
,,,,,395341,618.5744,185,,,,,,,,
,,,,,395511,553.56476,170,,,,,,,,
,,,,,395718,677.94226,207,,,,,,,,
,,,,,395929,673.57135,211,,,,,,,,
,,,,,396000,,,-239.16073608398438,-1.8429200649261475,7.185355186462402,237.95004272460938,237.88656616210938,0.0003,0.0003,0.1
,,,,,396094,543.82324,165,,,,,,,,
,,,,,396271,595.92065,177,,,,,,,,
,,,,,396462,600.1568,191,,,,,,,,
,,,,,396638,592.0687,176,,,,,,,,
,,,,,396833,660.19116,195,,,,,,,,
,,,,,397000,,,-244.4858856201172,-1.8217072486877441,8.653451919555664,243.03790283203125,242.80953979492188,0.0003,0.0003,0.1
,,,,,397026,633.2099,193,,,,,,,,
,,,,,397207,605.92773,181,,,,,,,,
,,,,,397402,617.54706,195,,,,,,,,
,,,,,397612,670.45166,210,,,,,,,,
,,,,,397804,653.52466,192,,,,,,,,
,,,,,397978,569.7619,174,,,,,,,,
,,,,,398000,,,-249.68246459960938,-1.513301134109497,6.865751266479492,248.76828002929688,248.56045532226562,0.0003,0.0003,0.1
,,,,,398167,625.88965,189,,,,,,,,
,,,,,398375,686.74835,208,,,,,,,,
,,,,,398557,625.31055,182,,,,,,,,
,,,,,398747,628.5563,190,,,,,,,,
,,,,,398937,655.6628,190,,,,,,,,
,,,,,399000,,,-238.26315307617188,-1.8543035984039307,11.879281997680664,236.75241088867188,236.41339111328125,0.0003,0.0003,0.1
,,,,,399137,640.13165,200,,,,,,,,
,,,,,399306,564.2567,169,,,,,,,,
,,,,,399496,659.8693,190,,,,,,,,
,,,,,399692,662.3039,196,,,,,,,,
,,,,,399891,676.5761,199,,,,,,,,
465.2663,238.2516,689.1907,68.90865,151.1,400000,,,-241.45233154296875,-1.5444227457046509,6.6358795166015625,240.5751953125,240.65806579589844,0.0003,0.0003,0.1
,,,,,400073,601.5643,182,,,,,,,,
,,,,,400272,675.08655,199,,,,,,,,
,,,,,400455,601.72974,183,,,,,,,,
,,,,,400480,40.766273,25,,,,,,,,
,,,,,400672,662.4699,192,,,,,,,,
,,,,,400842,528.205,170,,,,,,,,
,,,,,401000,,,-235.01559448242188,-1.3971080780029297,7.4590349197387695,234.18458557128906,235.21116638183594,0.0003,0.0003,0.1
,,,,,401044,662.63306,202,,,,,,,,
,,,,,401228,624.6734,184,,,,,,,,
,,,,,401424,653.2296,196,,,,,,,,
,,,,,401602,607.94617,178,,,,,,,,
,,,,,401781,560.2245,179,,,,,,,,
,,,,,401966,598.45074,185,,,,,,,,
,,,,,402000,,,-239.69802856445312,-1.5168734788894653,8.612237930297852,238.71795654296875,238.76504516601562,0.0003,0.0003,0.1
,,,,,402166,662.7328,200,,,,,,,,
,,,,,402355,608.2484,189,,,,,,,,
,,,,,402543,596.18567,188,,,,,,,,
,,,,,402731,637.28394,188,,,,,,,,
,,,,,402922,577.69763,191,,,,,,,,
,,,,,403000,,,-243.1741485595703,-2.025951385498047,6.66916036605835,241.51364135742188,241.1507110595703,0.0003,0.0003,0.1
,,,,,403125,664.70184,203,,,,,,,,
,,,,,403316,661.0181,191,,,,,,,,
,,,,,403499,632.34094,183,,,,,,,,
,,,,,403706,655.3588,207,,,,,,,,
,,,,,403881,594.0528,175,,,,,,,,
,,,,,404000,,,-240.84555053710938,-1.6552658081054688,9.234983444213867,239.11981201171875,238.98092651367188,0.0003,0.0003,0.1
,,,,,404062,627.16223,181,,,,,,,,
,,,,,404212,456.14844,150,,,,,,,,
,,,,,404331,279.13672,119,,,,,,,,
,,,,,404518,622.015,187,,,,,,,,
,,,,,404693,586.45917,175,,,,,,,,
,,,,,404873,607.00635,180,,,,,,,,
621.8097,33.306732,702.53375,584.7532,188.5,405000,,,-243.11585998535156,-1.6237528324127197,11.36383056640625,241.56027221679688,241.84446716308594,0.0003,0.0003,0.1
,,,,,405056,611.4747,183,,,,,,,,
,,,,,405242,616.07825,186,,,,,,,,
,,,,,405421,571.27844,179,,,,,,,,
,,,,,405636,679.2066,215,,,,,,,,
,,,,,405832,639.9991,196,,,,,,,,
,,,,,406000,,,-238.29811096191406,-1.8982024192810059,14.452584266662598,236.19100952148438,235.97097778320312,0.0003,0.0003,0.1
,,,,,406008,577.71014,176,,,,,,,,
,,,,,406213,683.7396,205,,,,,,,,
,,,,,406382,571.9018,169,,,,,,,,
,,,,,406593,677.2811,211,,,,,,,,
,,,,,406793,678.9437,200,,,,,,,,
,,,,,406994,700.4288,201,,,,,,,,
,,,,,407000,,,-244.347900390625,-1.7140991687774658,7.626140594482422,242.49099731445312,242.71636962890625,0.0003,0.0003,0.1
,,,,,407035,72.119644,41,,,,,,,,
,,,,,407275,793.31635,240,,,,,,,,
,,,,,407459,623.5521,184,,,,,,,,
,,,,,407635,583.1577,176,,,,,,,,
,,,,,407812,604.535,177,,,,,,,,
,,,,,408000,,,-244.7277069091797,-1.3777849674224854,17.377544403076172,243.29025268554688,242.5904998779297,0.0003,0.0003,0.1
,,,,,408015,681.2415,203,,,,,,,,
,,,,,408200,609.2613,185,,,,,,,,
,,,,,408343,364.83817,143,,,,,,,,
,,,,,408541,636.581,198,,,,,,,,
,,,,,408716,571.6861,175,,,,,,,,
,,,,,408917,659.8307,201,,,,,,,,
,,,,,409000,,,-246.18826293945312,-1.274353265762329,6.616749286651611,245.42739868164062,245.27928161621094,0.0003,0.0003,0.1
,,,,,409128,663.32104,211,,,,,,,,
,,,,,409348,689.79236,220,,,,,,,,
,,,,,409546,671.9368,198,,,,,,,,
,,,,,409732,625.71844,186,,,,,,,,
,,,,,409940,659.1632,208,,,,,,,,
635.6754,22.530188,666.28107,586.4941,198.4,410000,,,-248.82522583007812,-1.598151683807373,4.142081260681152,247.51739501953125,247.5543975830078,0.0003,0.0003,0.1
,,,,,410150,672.7135,210,,,,,,,,
,,,,,410340,614.6219,190,,,,,,,,
,,,,,410536,653.2217,196,,,,,,,,
,,,,,410727,634.8406,191,,,,,,,,
,,,,,410927,619.9305,200,,,,,,,,
,,,,,411000,,,-233.58912658691406,-1.6922045946121216,6.635622501373291,232.196044921875,232.20571899414062,0.0003,0.0003,0.1
,,,,,411109,610.91895,182,,,,,,,,
,,,,,411304,602.1253,195,,,,,,,,
,,,,,411495,659.0199,191,,,,,,,,
,,,,,411699,673.0982,204,,,,,,,,
,,,,,411885,636.3728,186,,,,,,,,
,,,,,412000,,,-243.98550415039062,-1.6412606239318848,9.998846054077148,241.697509765625,241.69976806640625,0.0003,0.0003,0.1
,,,,,412081,626.49695,196,,,,,,,,
,,,,,412284,633.60065,203,,,,,,,,
,,,,,412485,615.1114,201,,,,,,,,
,,,,,412713,717.9404,228,,,,,,,,
,,,,,412758,75.71151,45,,,,,,,,
,,,,,412940,619.68414,182,,,,,,,,
,,,,,413000,,,-238.81607055664062,-1.4464479684829712,10.560561180114746,236.679443359375,236.91224670410156,0.0003,0.0003,0.1
,,,,,413120,517.9679,180,,,,,,,,
,,,,,413301,511.13025,181,,,,,,,,
,,,,,413487,568.6078,186,,,,,,,,
,,,,,413689,666.9848,202,,,,,,,,
,,,,,413884,664.24414,195,,,,,,,,
,,,,,414000,,,-241.0386199951172,-1.7106595039367676,4.994939804077148,240.16993713378906,239.97500610351562,0.0003,0.0003,0.1
,,,,,414074,636.70483,190,,,,,,,,
,,,,,414254,566.2523,180,,,,,,,,
,,,,,414443,543.58386,189,,,,,,,,
,,,,,414636,669.6644,193,,,,,,,,
,,,,,414832,670.8947,196,,,,,,,,
583.0911,177.70595,693.707,56.78107,180.1,415000,,,-250.3818359375,-1.545809268951416,11.734769821166992,248.20025634765625,248.2371368408203,0.0003,0.0003,0.1
,,,,,415029,635.82947,197,,,,,,,,
,,,,,415224,608.06226,195,,,,,,,,
,,,,,415395,495.36203,171,,,,,,,,
,,,,,415570,598.7164,175,,,,,,,,
,,,,,415751,596.1135,181,,,,,,,,
,,,,,415949,620.47577,198,,,,,,,,
,,,,,416000,,,-243.14378356933594,-1.8817138671875,6.805549144744873,242.0259552001953,242.17994689941406,0.0003,0.0003,0.1
,,,,,416141,650.4709,192,,,,,,,,
,,,,,416292,382.63474,151,,,,,,,,
,,,,,416469,598.6474,177,,,,,,,,
,,,,,416529,119.629814,60,,,,,,,,
,,,,,416728,584.9721,199,,,,,,,,
,,,,,416924,572.23016,196,,,,,,,,
,,,,,417000,,,-234.60726928710938,-1.6839399337768555,4.835687160491943,233.7686004638672,233.96365356445312,0.0003,0.0003,0.1
,,,,,417117,640.5122,193,,,,,,,,
,,,,,417304,639.59845,187,,,,,,,,
,,,,,417472,513.9806,168,,,,,,,,
,,,,,417664,549.2778,192,,,,,,,,
,,,,,417884,677.5588,220,,,,,,,,
,,,,,417990,271.67932,106,,,,,,,,
,,,,,418000,,,-241.30508422851562,-1.8198878765106201,4.473959445953369,240.27676391601562,239.956787109375,0.0003,0.0003,0.1
,,,,,418179,555.7485,189,,,,,,,,
,,,,,418386,673.94104,207,,,,,,,,
,,,,,418497,293.4662,111,,,,,,,,
,,,,,418648,407.12265,151,,,,,,,,
,,,,,418855,700.47,207,,,,,,,,
,,,,,419000,,,-239.9323272705078,-1.4576153755187988,7.030356407165527,239.11599731445312,239.58755493164062,0.0003,0.0003,0.1
,,,,,419052,674.581,197,,,,,,,,
,,,,,419254,612.27106,202,,,,,,,,
,,,,,419447,648.65045,193,,,,,,,,
,,,,,419597,468.70795,150,,,,,,,,
,,,,,419714,308.14996,117,,,,,,,,
,,,,,419909,637.344,195,,,,,,,,
,,,,,419976,136.73413,67,,,,,,,,
,,,,,419991,12.487989,15,,,,,,,,
212.6241,241.60121,636.29034,12.253576,78.3,420000,,,-241.43359375,-2.0929388999938965,9.27088737487793,240.483154296875,240.30517578125,0.0003,0.0003,0.1
,,,,,420099,281.06635,108,,,,,,,,
,,,,,420298,655.87946,199,,,,,,,,
,,,,,420412,301.25467,114,,,,,,,,
,,,,,420523,288.7743,111,,,,,,,,
,,,,,420645,328.54108,122,,,,,,,,
,,,,,420850,687.0967,205,,,,,,,,
,,,,,421000,,,-236.75534057617188,-1.544995903968811,6.056539535522461,234.81260681152344,235.07933044433594,0.0003,0.0003,0.1
,,,,,421035,624.073,185,,,,,,,,
,,,,,421242,642.5558,207,,,,,,,,
,,,,,421427,630.8074,185,,,,,,,,
,,,,,421597,529.7786,170,,,,,,,,
,,,,,421785,644.71265,188,,,,,,,,
,,,,,421968,588.4681,183,,,,,,,,
,,,,,422000,,,-233.65597534179688,-1.5978785753250122,17.76492691040039,232.89952087402344,232.32192993164062,0.0003,0.0003,0.1
,,,,,422171,660.7977,203,,,,,,,,
,,,,,422353,582.4208,182,,,,,,,,
,,,,,422548,661.62067,195,,,,,,,,
,,,,,422726,589.0934,178,,,,,,,,
,,,,,422921,673.6106,195,,,,,,,,
,,,,,423000,,,-250.67410278320312,-1.6581531763076782,8.141220092773438,248.75186157226562,248.5635986328125,0.0003,0.0003,0.1
,,,,,423106,617.9298,185,,,,,,,,
,,,,,423291,563.94977,185,,,,,,,,
,,,,,423485,615.2176,194,,,,,,,,
,,,,,423685,609.17804,200,,,,,,,,
,,,,,423848,524.86664,163,,,,,,,,
,,,,,424000,,,-242.05184936523438,-1.8085139989852905,71.5304946899414,240.8422088623047,240.63153076171875,0.0003,0.0003,0.1
,,,,,424055,636.6441,207,,,,,,,,
,,,,,424212,490.65298,157,,,,,,,,
,,,,,424344,320.33224,132,,,,,,,,
,,,,,424528,576.3533,184,,,,,,,,
,,,,,424733,651.39966,205,,,,,,,,
,,,,,424951,696.0801,218,,,,,,,,
652.6725,23.75308,698.48016,597.65704,196.8,425000,,,-243.0065155029297,-1.8019635677337646,9.153142929077148,239.63726806640625,239.7707977294922,0.0003,0.0003,0.1
,,,,,425143,659.0074,192,,,,,,,,
,,,,,425301,484.85294,158,,,,,,,,
,,,,,425475,576.3298,174,,,,,,,,
,,,,,425652,586.2208,177,,,,,,,,
,,,,,425826,600.0699,174,,,,,,,,
,,,,,426000,,,-235.40834045410156,-1.8367249965667725,6.600183963775635,234.31051635742188,234.49359130859375,0.0003,0.0003,0.1
,,,,,426027,656.01404,201,,,,,,,,
,,,,,426225,629.8775,198,,,,,,,,
,,,,,426377,429.77655,152,,,,,,,,
,,,,,426420,68.31137,43,,,,,,,,
,,,,,426591,556.68744,171,,,,,,,,
,,,,,426776,638.7452,185,,,,,,,,
,,,,,426968,604.56946,192,,,,,,,,
,,,,,427000,,,-238.53573608398438,-1.6957606077194214,4.67185115814209,237.68206787109375,237.49710083007812,0.0003,0.0003,0.1
,,,,,427167,659.1458,199,,,,,,,,
,,,,,427328,458.5892,161,,,,,,,,
,,,,,427528,621.5545,200,,,,,,,,
,,,,,427732,667.157,204,,,,,,,,
,,,,,427885,456.30597,153,,,,,,,,
,,,,,428000,,,-243.18038940429688,-2.0616660118103027,11.64480972290039,241.89407348632812,241.7858428955078,0.0003,0.0003,0.1
,,,,,428084,642.64764,199,,,,,,,,
,,,,,428280,676.7194,196,,,,,,,,
,,,,,428472,637.51154,192,,,,,,,,
,,,,,428669,679.88934,197,,,,,,,,
,,,,,428850,611.5491,181,,,,,,,,
,,,,,429000,,,-237.67135620117188,-1.7288943529129028,11.500543594360352,236.50161743164062,237.04345703125,0.0003,0.0003,0.1
,,,,,429044,638.0959,194,,,,,,,,
,,,,,429205,505.02603,161,,,,,,,,
,,,,,429394,578.9847,189,,,,,,,,
,,,,,429571,567.646,177,,,,,,,,
,,,,,429754,607.12506,183,,,,,,,,
,,,,,429943,646.32605,189,,,,,,,,
587.22943,153.50575,667.1151,134.07875,178.6,430000,,,-243.42404174804688,-1.7218866348266602,11.266581535339355,242.26385498046875,242.56350708007812,0.0003,0.0003,0.1
,,,,,430139,663.14233,196,,,,,,,,
,,,,,430328,614.7724,189,,,,,,,,
,,,,,430522,651.12604,194,,,,,,,,
,,,,,430706,613.8644,184,,,,,,,,
,,,,,430893,608.77795,187,,,,,,,,
,,,,,431000,,,-247.0560302734375,-1.6745880842208862,7.694582939147949,246.2576904296875,246.48568725585938,0.0003,0.0003,0.1
,,,,,431077,580.0929,184,,,,,,,,
,,,,,431271,630.69293,194,,,,,,,,
,,,,,431468,636.2794,197,,,,,,,,
,,,,,431656,619.93365,188,,,,,,,,
,,,,,431823,557.5045,167,,,,,,,,
,,,,,432000,,,-232.37646484375,-1.6611237525939941,7.537808418273926,231.10231018066406,231.05120849609375,0.0003,0.0003,0.1
,,,,,432021,649.2904,198,,,,,,,,
,,,,,432200,576.2836,179,,,,,,,,
,,,,,432393,638.5824,193,,,,,,,,
,,,,,432529,398.54965,136,,,,,,,,
,,,,,432707,539.15643,178,,,,,,,,
,,,,,432900,621.69556,193,,,,,,,,
,,,,,433000,,,-251.73675537109375,-1.6353347301483154,4.286118984222412,250.79759216308594,251.30162048339844,0.0003,0.0003,0.1
,,,,,433089,633.1725,189,,,,,,,,
,,,,,433284,600.1142,195,,,,,,,,
,,,,,433477,611.46326,193,,,,,,,,
,,,,,433666,601.3263,189,,,,,,,,
,,,,,433859,610.2486,193,,,,,,,,
,,,,,434000,,,-244.32958984375,-1.4744508266448975,9.023571014404297,243.33090209960938,243.12796020507812,0.0003,0.0003,0.1
,,,,,434050,671.9069,191,,,,,,,,
,,,,,434252,634.4154,202,,,,,,,,
,,,,,434457,642.68713,205,,,,,,,,
,,,,,434639,579.42267,182,,,,,,,,
,,,,,434832,612.17285,193,,,,,,,,
578.21704,79.34742,684.44,459.12283,183.3,435000,,,-236.2498321533203,-1.6257305145263672,9.68172550201416,235.2421875,234.7182159423828,0.0003,0.0003,0.1
,,,,,435048,696.5923,216,,,,,,,,
,,,,,435248,633.74603,200,,,,,,,,
,,,,,435448,682.6831,200,,,,,,,,
,,,,,435640,650.7963,192,,,,,,,,
,,,,,435800,479.18344,160,,,,,,,,
,,,,,436000,,,-240.45480346679688,-1.3520712852478027,5.26899528503418,239.75360107421875,239.572998046875,0.0003,0.0003,0.1
,,,,,436001,597.3068,201,,,,,,,,
,,,,,436152,451.6261,151,,,,,,,,
,,,,,436332,585.426,180,,,,,,,,
,,,,,436533,598.2092,201,,,,,,,,
,,,,,436722,605.68207,189,,,,,,,,
,,,,,436871,423.02725,149,,,,,,,,
,,,,,437000,,,-238.732177734375,-1.9357819557189941,10.857307434082031,237.40533447265625,237.2891082763672,0.0003,0.0003,0.1
,,,,,437081,666.2106,210,,,,,,,,
,,,,,437274,661.56323,193,,,,,,,,
,,,,,437391,317.6276,117,,,,,,,,
,,,,,437584,661.99207,193,,,,,,,,
,,,,,437763,611.8634,179,,,,,,,,
,,,,,437966,663.1136,203,,,,,,,,
,,,,,438000,,,-240.41921997070312,-1.5500683784484863,10.146989822387695,238.67974853515625,238.77972412109375,0.0003,0.0003,0.1
,,,,,438167,648.1294,201,,,,,,,,
,,,,,438362,646.5306,195,,,,,,,,
,,,,,438538,560.00446,176,,,,,,,,
,,,,,438742,644.6125,204,,,,,,,,
,,,,,438936,629.4379,194,,,,,,,,
,,,,,439000,,,-246.27731323242188,-1.5149668455123901,9.180694580078125,245.5096893310547,245.829345703125,0.0003,0.0003,0.1
,,,,,439128,662.6412,192,,,,,,,,
,,,,,439316,652.9823,188,,,,,,,,
,,,,,439517,627.9685,201,,,,,,,,
,,,,,439700,578.84656,183,,,,,,,,
,,,,,439869,560.22,169,,,,,,,,
530.3047,87.10782,621.219,311.75092,172.2,440000,,,-231.74725341796875,-1.770930290222168,9.130126953125,230.48309326171875,230.59365844726562,0.0003,0.0003,0.1
,,,,,440082,668.38806,213,,,,,,,,
,,,,,440267,591.17786,185,,,,,,,,
,,,,,440456,633.94794,189,,,,,,,,
,,,,,440647,625.673,191,,,,,,,,
,,,,,440826,589.25433,179,,,,,,,,
,,,,,441000,,,-251.28085327148438,-1.3196319341659546,5.799644470214844,249.53439331054688,249.45904541015625,0.0003,0.0003,0.1
,,,,,441016,654.18506,190,,,,,,,,
,,,,,441209,666.9328,193,,,,,,,,
,,,,,441387,598.0845,178,,,,,,,,
,,,,,441557,587.57043,170,,,,,,,,
,,,,,441732,534.37537,175,,,,,,,,
,,,,,441922,585.141,190,,,,,,,,
,,,,,442000,,,-242.0965118408203,-1.9770241975784302,6.847401142120361,241.32504272460938,241.0513916015625,0.0003,0.0003,0.1
,,,,,442124,671.50653,202,,,,,,,,
,,,,,442303,571.54474,179,,,,,,,,
,,,,,442507,679.30316,204,,,,,,,,
,,,,,442704,684.389,197,,,,,,,,
,,,,,442893,627.1697,189,,,,,,,,
,,,,,443000,,,-246.18270874023438,-1.3923113346099854,12.113632202148438,245.14617919921875,245.18701171875,0.0003,0.0003,0.1
,,,,,443079,607.4281,186,,,,,,,,
,,,,,443284,690.6198,205,,,,,,,,
,,,,,443463,577.28357,179,,,,,,,,
,,,,,443637,593.5236,174,,,,,,,,
,,,,,443729,210.203,92,,,,,,,,
,,,,,443916,645.0645,187,,,,,,,,
,,,,,444000,,,-239.74444580078125,-1.8062889575958252,11.987340927124023,238.99380493164062,239.09121704101562,0.0003,0.0003,0.1
,,,,,444118,688.38354,202,,,,,,,,
,,,,,444301,625.71387,183,,,,,,,,
,,,,,444455,489.582,154,,,,,,,,
,,,,,444656,668.5675,201,,,,,,,,
,,,,,444860,685.19965,204,,,,,,,,
498.39932,163.3731,669.3264,182.46352,159.9,445000,,,-239.1670379638672,-1.7656936645507812,41.0750732421875,237.47537231445312,237.55734252929688,0.0003,0.0003,0.1
,,,,,445038,579.6226,178,,,,,,,,
,,,,,445248,670.89276,210,,,,,,,,
,,,,,445465,714.2954,217,,,,,,,,
,,,,,445637,576.69525,172,,,,,,,,
,,,,,445823,632.5377,186,,,,,,,,
,,,,,446000,,,-241.21316528320312,-1.88997483253479,11.946657180786133,240.18551635742188,240.38729858398438,0.0003,0.0003,0.1
,,,,,446011,611.6003,188,,,,,,,,
,,,,,446198,613.01117,187,,,,,,,,
,,,,,446373,563.2619,175,,,,,,,,
,,,,,446523,422.2059,150,,,,,,,,
,,,,,446718,651.3376,195,,,,,,,,
,,,,,446922,674.0179,204,,,,,,,,
,,,,,447000,,,-245.29417419433594,-2.024962902069092,5.755436897277832,243.60586547851562,243.55593872070312,0.0003,0.0003,0.1
,,,,,447131,709.6963,209,,,,,,,,
,,,,,447327,667.64764,196,,,,,,,,
,,,,,447531,677.865,204,,,,,,,,
,,,,,447724,661.5967,193,,,,,,,,
,,,,,447791,136.75151,67,,,,,,,,
,,,,,447958,561.73694,167,,,,,,,,
,,,,,448000,,,-242.46144104003906,-1.6184499263763428,11.149848937988281,241.83184814453125,241.80502319335938,0.0003,0.0003,0.1
,,,,,448153,645.6676,195,,,,,,,,
,,,,,448355,615.6795,202,,,,,,,,
,,,,,448554,633.91846,199,,,,,,,,
,,,,,448724,573.61395,170,,,,,,,,
,,,,,448867,358.26865,143,,,,,,,,
,,,,,449000,,,-224.10440063476562,-2.4481005668640137,30.233009338378906,221.89114379882812,222.2645721435547,0.0003,0.0003,0.1
,,,,,449071,718.015,204,,,,,,,,
,,,,,449262,639.81445,191,,,,,,,,
,,,,,449433,575.3557,171,,,,,,,,
,,,,,449579,438.661,146,,,,,,,,
,,,,,449755,596.8864,176,,,,,,,,
,,,,,449929,594.43536,174,,,,,,,,
585.3876,131.38318,699.67334,328.6584,182.1,450000,,,-242.0501708984375,-1.548564076423645,8.523236274719238,240.94619750976562,241.11854553222656,0.0003,0.0003,0.1
,,,,,450124,659.8851,195,,,,,,,,
,,,,,450302,573.559,178,,,,,,,,
,,,,,450505,671.51227,203,,,,,,,,
,,,,,450678,558.79663,173,,,,,,,,
,,,,,450860,609.0782,182,,,,,,,,
,,,,,451000,,,-238.93896484375,-1.440382957458496,12.99066162109375,237.84677124023438,237.98159790039062,0.0003,0.0003,0.1
,,,,,451043,589.06036,183,,,,,,,,
,,,,,451214,565.68896,171,,,,,,,,
,,,,,451402,652.2082,188,,,,,,,,
,,,,,451594,649.64966,192,,,,,,,,
,,,,,451778,587.43567,184,,,,,,,,
,,,,,451978,657.48846,200,,,,,,,,
,,,,,452000,,,-245.09469604492188,-1.650816559791565,5.4201436042785645,244.32359313964844,244.0863037109375,0.0003,0.0003,0.1
,,,,,452175,637.84344,197,,,,,,,,
,,,,,452345,549.0463,170,,,,,,,,
,,,,,452538,652.3404,193,,,,,,,,
,,,,,452737,663.00604,199,,,,,,,,
,,,,,452916,563.37933,179,,,,,,,,
,,,,,453000,,,-239.88113403320312,-1.591247320175171,9.591365814208984,239.1958465576172,238.65182495117188,0.0003,0.0003,0.1
,,,,,453141,749.0551,225,,,,,,,,
,,,,,453319,567.1719,178,,,,,,,,
,,,,,453475,423.21503,156,,,,,,,,
,,,,,453680,628.448,205,,,,,,,,
,,,,,453865,624.0512,185,,,,,,,,
,,,,,454000,,,-246.84585571289062,-1.86128568649292,17.65670394897461,245.65408325195312,246.2769317626953,0.0003,0.0003,0.1
,,,,,454050,610.8674,185,,,,,,,,
,,,,,454238,639.94556,188,,,,,,,,
,,,,,454426,593.7934,188,,,,,,,,
,,,,,454595,542.90094,169,,,,,,,,
,,,,,454802,691.90424,207,,,,,,,,
617.20056,77.53594,717.35986,446.6111,185.3,455000,,,-243.4611053466797,-2.194169282913208,300.488525390625,242.64752197265625,241.0321044921875,0.0003,0.0003,0.1
,,,,,455002,664.4662,200,,,,,,,,
,,,,,455174,576.38385,172,,,,,,,,
,,,,,455359,614.4681,185,,,,,,,,
,,,,,455532,573.2967,173,,,,,,,,
,,,,,455735,705.67236,203,,,,,,,,
,,,,,455933,653.83386,198,,,,,,,,
,,,,,456000,,,-236.48667907714844,-2.008244514465332,13.11373519897461,235.33865356445312,235.42156982421875,0.0003,0.0003,0.1
,,,,,456142,688.21,209,,,,,,,,
,,,,,456327,582.1803,185,,,,,,,,
,,,,,456528,658.05615,201,,,,,,,,
,,,,,456731,690.8377,203,,,,,,,,
,,,,,456925,642.81903,194,,,,,,,,
,,,,,457000,,,-235.70004272460938,-2.3918838500976562,14.802450180053711,234.14306640625,234.4437713623047,0.0003,0.0003,0.1
,,,,,457123,664.92084,198,,,,,,,,
,,,,,457325,694.25714,202,,,,,,,,
,,,,,457499,546.29205,174,,,,,,,,
,,,,,457690,661.844,191,,,,,,,,
,,,,,457891,676.766,201,,,,,,,,
,,,,,458000,,,-245.79226684570312,-1.9651412963867188,24.922393798828125,244.6575927734375,245.23739624023438,0.0003,0.0003,0.1
,,,,,458090,655.9,199,,,,,,,,
,,,,,458265,590.18024,175,,,,,,,,
,,,,,458449,639.78357,184,,,,,,,,
,,,,,458618,555.6098,169,,,,,,,,
,,,,,458813,677.86145,195,,,,,,,,
,,,,,459000,,,-238.0740509033203,-1.7413966655731201,8.811698913574219,237.04531860351562,237.27395629882812,0.0003,0.0003,0.1
,,,,,459005,651.6866,192,,,,,,,,
,,,,,459212,679.4852,207,,,,,,,,
,,,,,459399,645.03906,187,,,,,,,,
,,,,,459600,627.0562,201,,,,,,,,
,,,,,459798,687.4883,198,,,,,,,,
,,,,,459992,632.51056,194,,,,,,,,
624.5324,36.232662,671.95355,562.5237,187.6,460000,,,-240.2545623779297,-1.5939571857452393,5.505472183227539,239.63815307617188,239.3952178955078,0.0003,0.0003,0.1
,,,,,460192,673.5694,200,,,,,,,,
,,,,,460394,677.56396,202,,,,,,,,
,,,,,460610,691.57556,216,,,,,,,,
,,,,,460829,719.68304,219,,,,,,,,
,,,,,460998,559.6605,169,,,,,,,,
,,,,,461000,,,-244.71006774902344,-1.7207850217819214,7.437486171722412,243.86886596679688,244.21092224121094,0.0003,0.0003,0.1
,,,,,461183,600.3,185,,,,,,,,
,,,,,461356,588.5622,173,,,,,,,,
,,,,,461530,566.8326,174,,,,,,,,
,,,,,461710,613.50214,180,,,,,,,,
,,,,,461905,683.30164,195,,,,,,,,
,,,,,462000,,,-244.22581481933594,-1.695501685142517,3.9592630863189697,243.56634521484375,243.59133911132812,0.0003,0.0003,0.1
,,,,,462112,668.0188,207,,,,,,,,
,,,,,462313,657.84564,201,,,,,,,,
,,,,,462509,664.5646,196,,,,,,,,
,,,,,462687,606.08905,178,,,,,,,,
,,,,,462870,627.1721,183,,,,,,,,
,,,,,463000,,,-245.04159545898438,-2.073044538497925,10.428325653076172,242.34820556640625,242.0685577392578,0.0003,0.0003,0.1
,,,,,463058,640.4991,188,,,,,,,,
,,,,,463251,637.1303,193,,,,,,,,
,,,,,463399,432.33698,148,,,,,,,,
,,,,,463604,682.3774,205,,,,,,,,
,,,,,463774,566.91254,170,,,,,,,,
,,,,,463950,575.81104,176,,,,,,,,
,,,,,464000,,,-233.20216369628906,-1.8756422996520996,113.36801147460938,232.13438415527344,231.29339599609375,0.0003,0.0003,0.1
,,,,,464143,664.3941,193,,,,,,,,
,,,,,464326,587.9965,183,,,,,,,,
,,,,,464533,703.75006,207,,,,,,,,
,,,,,464710,596.6979,177,,,,,,,,
,,,,,464898,626.54016,188,,,,,,,,
663.0845,91.36738,735.898,400.9811,204.4,465000,,,-242.11224365234375,-1.711160659790039,7.0465216636657715,240.9600067138672,240.98841857910156,0.0003,0.0003,0.1
,,,,,465098,662.9526,200,,,,,,,,
,,,,,465294,652.08234,196,,,,,,,,
,,,,,465498,680.15265,204,,,,,,,,
,,,,,465693,661.0227,195,,,,,,,,
,,,,,465894,622.00024,201,,,,,,,,
,,,,,466000,,,-241.13861083984375,-1.935359001159668,8.179482460021973,239.9964141845703,239.8959197998047,0.0003,0.0003,0.1
,,,,,466082,614.0653,188,,,,,,,,
,,,,,466240,424.05487,158,,,,,,,,
,,,,,466423,584.5928,183,,,,,,,,
,,,,,466619,658.65137,196,,,,,,,,
,,,,,466816,672.849,197,,,,,,,,
,,,,,467000,,,-249.0763702392578,-1.8952267169952393,5.39210319519043,248.13165283203125,248.02301025390625,0.0003,0.0003,0.1
,,,,,467009,639.7818,193,,,,,,,,
,,,,,467224,702.9732,215,,,,,,,,
,,,,,467420,646.292,196,,,,,,,,
,,,,,467586,519.5836,166,,,,,,,,
,,,,,467769,593.5464,183,,,,,,,,
,,,,,467964,664.1582,195,,,,,,,,
,,,,,468000,,,-248.52511596679688,-1.656571388244629,5.397904872894287,246.50485229492188,246.54132080078125,0.0003,0.0003,0.1
,,,,,468160,685.6069,196,,,,,,,,
,,,,,468355,673.23584,195,,,,,,,,
,,,,,468552,684.1001,197,,,,,,,,
,,,,,468754,692.8639,202,,,,,,,,
,,,,,468980,728.7225,226,,,,,,,,
,,,,,469000,,,-240.2288818359375,-1.7271728515625,9.991533279418945,239.16368103027344,239.18453979492188,0.0003,0.0003,0.1
,,,,,469173,646.1544,193,,,,,,,,
,,,,,469358,638.13666,185,,,,,,,,
,,,,,469552,656.5688,194,,,,,,,,
,,,,,469609,106.35994,57,,,,,,,,
,,,,,469824,690.8254,215,,,,,,,,
577.8613,153.86176,712.7598,342.4349,175.8,470000,,,-252.43179321289062,-1.3680908679962158,5.595855712890625,251.5573272705078,251.9515838623047,0.0003,0.0003,0.1
,,,,,470033,712.1121,209,,,,,,,,
,,,,,470212,585.9582,179,,,,,,,,
,,,,,470399,629.0962,187,,,,,,,,
,,,,,470592,661.7197,193,,,,,,,,
,,,,,470813,732.4929,221,,,,,,,,
,,,,,471000,,,-248.65130615234375,-1.8587381839752197,12.823952674865723,246.77703857421875,246.57080078125,0.0003,0.0003,0.1
,,,,,471002,646.4818,189,,,,,,,,
,,,,,471185,545.7221,183,,,,,,,,
,,,,,471355,517.70435,170,,,,,,,,
,,,,,471544,604.5514,189,,,,,,,,
,,,,,471745,693.5462,201,,,,,,,,
,,,,,471926,624.7178,181,,,,,,,,
,,,,,472000,,,-230.77078247070312,-1.514577865600586,8.033677101135254,229.49542236328125,229.94102478027344,0.0003,0.0003,0.1
,,,,,472125,667.69446,199,,,,,,,,
,,,,,472312,634.71405,187,,,,,,,,
,,,,,472502,647.2561,190,,,,,,,,
,,,,,472736,780.7852,234,,,,,,,,
,,,,,472921,600.54706,185,,,,,,,,
,,,,,473000,,,-242.59967041015625,-1.7231576442718506,11.563992500305176,241.65191650390625,241.27523803710938,0.0003,0.0003,0.1
,,,,,473099,580.0153,178,,,,,,,,
,,,,,473267,540.21875,168,,,,,,,,
,,,,,473454,608.0269,187,,,,,,,,
,,,,,473649,604.18384,195,,,,,,,,
,,,,,473783,354.6548,134,,,,,,,,
,,,,,473991,689.5392,208,,,,,,,,
,,,,,474000,,,-240.00631713867188,-1.8603488206863403,4.501797676086426,239.17440795898438,239.15220642089844,0.0003,0.0003,0.1
,,,,,474176,609.45416,185,,,,,,,,
,,,,,474388,715.948,212,,,,,,,,
,,,,,474620,748.5809,232,,,,,,,,
,,,,,474819,665.5331,199,,,,,,,,
670.0566,43.41578,714.76294,589.29456,197.6,475000,,,-242.2281036376953,-1.7467002868652344,11.766761779785156,240.7216796875,240.94271850585938,0.0003,0.0003,0.1
,,,,,475002,613.8696,183,,,,,,,,
,,,,,475170,530.9521,168,,,,,,,,
,,,,,475361,661.8402,191,,,,,,,,
,,,,,475565,684.59735,204,,,,,,,,
,,,,,475782,693.58405,217,,,,,,,,
,,,,,475987,708.8943,205,,,,,,,,
,,,,,476000,,,-238.49578857421875,-1.6347064971923828,8.567873001098633,237.70228576660156,237.73362731933594,0.0003,0.0003,0.1
,,,,,476192,696.7834,205,,,,,,,,
,,,,,476378,645.04785,186,,,,,,,,
,,,,,476563,624.70593,185,,,,,,,,
,,,,,476761,670.5962,198,,,,,,,,
,,,,,476946,612.70807,185,,,,,,,,
,,,,,477000,,,-244.5909423828125,-1.7234774827957153,9.156722068786621,243.60169982910156,243.40536499023438,0.0003,0.0003,0.1
,,,,,477129,589.8036,183,,,,,,,,
,,,,,477324,670.8143,195,,,,,,,,
,,,,,477532,676.3619,208,,,,,,,,
,,,,,477714,593.0667,182,,,,,,,,
,,,,,477899,613.5045,185,,,,,,,,
,,,,,478000,,,-241.674560546875,-1.635886549949646,9.497688293457031,239.5762939453125,240.170166015625,0.0003,0.0003,0.1
,,,,,478100,694.3693,201,,,,,,,,
,,,,,478293,675.63763,193,,,,,,,,
,,,,,478487,669.5158,194,,,,,,,,
,,,,,478653,535.73785,166,,,,,,,,
,,,,,478818,514.351,165,,,,,,,,
,,,,,479000,,,-241.39059448242188,-1.889704942703247,9.20200252532959,240.3692626953125,240.315185546875,0.0003,0.0003,0.1
,,,,,479003,646.2008,185,,,,,,,,
,,,,,479177,583.9994,174,,,,,,,,
,,,,,479362,631.62354,185,,,,,,,,
,,,,,479551,627.05554,189,,,,,,,,
,,,,,479751,708.3912,200,,,,,,,,
,,,,,479850,246.33325,99,,,,,,,,
670.28375,28.42358,718.333,616.2251,199.1,480000,,,-245.8189239501953,-1.4432034492492676,16.860654830932617,245.23680114746094,245.09420776367188,0.0003,0.0003,0.1
,,,,,480053,701.2051,203,,,,,,,,
,,,,,480253,666.5566,200,,,,,,,,
,,,,,480423,503.34354,170,,,,,,,,
,,,,,480625,690.6131,202,,,,,,,,
,,,,,480826,686.25916,201,,,,,,,,
,,,,,481000,,,-246.37655639648438,-1.7206231355667114,9.245771408081055,244.58311462402344,244.57318115234375,0.0003,0.0003,0.1
,,,,,481018,633.6532,192,,,,,,,,
,,,,,481213,682.16614,195,,,,,,,,
,,,,,481412,672.62256,199,,,,,,,,
,,,,,481600,633.4109,188,,,,,,,,
,,,,,481822,763.4029,222,,,,,,,,
,,,,,482000,,,-247.99481201171875,-1.8696343898773193,23.013683319091797,246.87408447265625,247.0345001220703,0.0003,0.0003,0.1
,,,,,482002,622.83527,180,,,,,,,,
,,,,,482219,710.8708,217,,,,,,,,
,,,,,482411,667.5761,192,,,,,,,,
,,,,,482613,692.5722,202,,,,,,,,
,,,,,482811,679.11536,198,,,,,,,,
,,,,,483000,,,-237.49676513671875,-1.622497320175171,7.733586311340332,236.67034912109375,237.2037353515625,0.0003,0.0003,0.1
,,,,,483004,666.8125,193,,,,,,,,
,,,,,483203,655.7215,199,,,,,,,,
,,,,,483393,617.4382,190,,,,,,,,
,,,,,483562,532.89996,169,,,,,,,,
,,,,,483774,715.48535,212,,,,,,,,
,,,,,483971,680.9735,197,,,,,,,,
,,,,,484000,,,-245.63577270507812,-2.0281381607055664,6.90445613861084,244.89276123046875,244.3753662109375,0.0003,0.0003,0.1
,,,,,484159,651.479,188,,,,,,,,
,,,,,484337,592.1278,178,,,,,,,,
,,,,,484524,632.3853,187,,,,,,,,
,,,,,484556,44.451332,32,,,,,,,,
,,,,,484750,652.1386,194,,,,,,,,
,,,,,484781,45.932434,31,,,,,,,,
,,,,,484979,686.17004,198,,,,,,,,
673.8317,27.30237,704.0867,623.91077,199.0,485000,,,-238.94386291503906,-1.6998127698898315,87.9913101196289,237.0502166748047,237.09268188476562,0.0003,0.0003,0.1
,,,,,485168,644.3463,189,,,,,,,,
,,,,,485364,683.61615,196,,,,,,,,
,,,,,485521,482.47656,157,,,,,,,,
,,,,,485728,693.18445,207,,,,,,,,
,,,,,485908,601.0635,180,,,,,,,,
,,,,,486000,,,-246.92633056640625,-1.5428180694580078,12.319698333740234,245.20718383789062,245.39588928222656,0.0003,0.0003,0.1
,,,,,486097,644.8686,189,,,,,,,,
,,,,,486272,588.4909,175,,,,,,,,
,,,,,486308,56.697407,36,,,,,,,,
,,,,,486341,51.119907,33,,,,,,,,
,,,,,486520,610.7391,179,,,,,,,,
,,,,,486714,628.31616,194,,,,,,,,
,,,,,486918,679.57666,204,,,,,,,,
,,,,,487000,,,-245.60333251953125,-1.5523016452789307,150.55735778808594,244.84652709960938,243.80995178222656,0.0003,0.0003,0.1
,,,,,487129,706.5699,211,,,,,,,,
,,,,,487336,706.83575,207,,,,,,,,
,,,,,487542,678.60815,206,,,,,,,,
,,,,,487730,630.10645,188,,,,,,,,
,,,,,487932,694.2721,202,,,,,,,,
,,,,,488000,,,-240.765869140625,-2.120131254196167,8.777655601501465,238.65615844726562,238.89727783203125,0.0003,0.0003,0.1
,,,,,488144,708.7284,212,,,,,,,,
,,,,,488336,663.17065,192,,,,,,,,
,,,,,488512,594.4273,176,,,,,,,,
,,,,,488708,678.60614,196,,,,,,,,
,,,,,488894,603.0417,186,,,,,,,,
,,,,,489000,,,-243.9719696044922,-1.6319937705993652,6.631598472595215,243.0371856689453,243.30030822753906,0.0003,0.0003,0.1
,,,,,489100,701.774,206,,,,,,,,
,,,,,489295,661.491,195,,,,,,,,
,,,,,489479,602.74023,184,,,,,,,,
,,,,,489664,619.6686,185,,,,,,,,
,,,,,489858,654.3573,194,,,,,,,,
636.8834,43.7412,741.6138,581.20795,187.8,490000,,,-256.69537353515625,-1.6908342838287354,4.540072917938232,255.7884521484375,256.0020446777344,0.0003,0.0003,0.1
,,,,,490040,609.4249,182,,,,,,,,
,,,,,490224,646.52795,184,,,,,,,,
,,,,,490424,687.9861,200,,,,,,,,
,,,,,490582,474.53378,158,,,,,,,,
,,,,,490782,690.6624,200,,,,,,,,
,,,,,490969,637.142,187,,,,,,,,
,,,,,491000,,,-239.24508666992188,-1.782137155532837,10.903945922851562,238.44497680664062,238.57823181152344,0.0003,0.0003,0.1
,,,,,491173,704.36584,204,,,,,,,,
,,,,,491357,634.63116,184,,,,,,,,
,,,,,491560,691.967,203,,,,,,,,
,,,,,491761,679.79596,201,,,,,,,,
,,,,,491958,657.4118,197,,,,,,,,
,,,,,492000,,,-238.09375,-1.554574966430664,7.985484600067139,236.93536376953125,237.80322265625,0.0003,0.0003,0.1
,,,,,492142,593.89465,184,,,,,,,,
,,,,,492313,584.175,171,,,,,,,,
,,,,,492490,574.80054,177,,,,,,,,
,,,,,492684,672.2132,194,,,,,,,,
,,,,,492875,649.1536,191,,,,,,,,
,,,,,493000,,,-240.64376831054688,-1.6799269914627075,7.869124889373779,239.46435546875,239.74176025390625,0.0003,0.0003,0.1
,,,,,493063,607.47797,188,,,,,,,,
,,,,,493267,680.2098,204,,,,,,,,
,,,,,493465,653.1817,198,,,,,,,,
,,,,,493653,656.642,188,,,,,,,,
,,,,,493838,596.7054,185,,,,,,,,
,,,,,494000,,,-247.0341796875,-1.7194124460220337,6.712953567504883,245.91012573242188,246.09341430664062,0.0003,0.0003,0.1
,,,,,494046,699.6928,208,,,,,,,,
,,,,,494223,613.69745,177,,,,,,,,
,,,,,494420,679.4709,197,,,,,,,,
,,,,,494621,699.7698,201,,,,,,,,
,,,,,494814,654.8661,193,,,,,,,,
673.6331,39.832073,720.623,601.2941,202.7,495000,,,-244.36642456054688,-1.425492763519287,9.588691711425781,241.57449340820312,241.44131469726562,0.0003,0.0003,0.1
,,,,,495022,683.5914,208,,,,,,,,
,,,,,495222,685.732,200,,,,,,,,
,,,,,495395,514.06525,173,,,,,,,,
,,,,,495592,661.13025,197,,,,,,,,
,,,,,495791,684.2781,199,,,,,,,,
,,,,,496000,702.16046,209,,,,,,,,
,,,,,496000,,,-240.8565673828125,-1.6499722003936768,44.16911697387695,239.4324951171875,239.06869506835938,0.0003,0.0003,0.1
,,,,,496251,854.57556,251,,,,,,,,
,,,,,496433,578.59937,182,,,,,,,,
,,,,,496621,630.29565,188,,,,,,,,
,,,,,496827,692.30396,206,,,,,,,,
,,,,,497000,,,-248.8538818359375,-1.9001529216766357,17.359893798828125,247.880126953125,247.91729736328125,0.0003,0.0003,0.1
,,,,,497024,657.64526,197,,,,,,,,
,,,,,497178,481.7817,154,,,,,,,,
,,,,,497390,677.05774,212,,,,,,,,
,,,,,497574,624.3433,184,,,,,,,,
,,,,,497764,627.30817,190,,,,,,,,
,,,,,497954,644.1159,190,,,,,,,,
,,,,,498000,,,-241.93096923828125,-1.582104206085205,4.9333295822143555,240.93917846679688,241.25750732421875,0.0003,0.0003,0.1
,,,,,498230,905.37634,276,,,,,,,,
,,,,,498454,734.61096,224,,,,,,,,
,,,,,498652,694.89716,198,,,,,,,,
,,,,,498831,601.66364,179,,,,,,,,
,,,,,499000,,,-235.97445678710938,-1.6667784452438354,16.01348304748535,233.99436950683594,233.54339599609375,0.0003,0.0003,0.1
,,,,,499012,621.72235,181,,,,,,,,
,,,,,499177,567.7373,165,,,,,,,,
,,,,,499372,668.9786,195,,,,,,,,
,,,,,499557,649.56,185,,,,,,,,
,,,,,499719,531.91034,162,,,,,,,,
,,,,,499920,678.9946,201,,,,,,,,
